file,layer,x,y,tile
"level_01.xml","Terrain","23","4","grass_top_left"
"level_01.xml","Terrain","24","4","grass_top_middle_1"
"level_01.xml","Terrain","25","4","grass_top_middle_1"
"level_01.xml","Terrain","26","4","grass_top_middle_1"
"level_01.xml","Terrain","27","4","grass_top_middle_1"
"level_01.xml","Terrain","28","4","grass_top_right"
"level_01.xml","Terrain","32","4","grass_top_left"
"level_01.xml","Terrain","33","4","grass_top_middle_2"
"level_01.xml","Terrain","34","4","grass_top_middle_2"
"level_01.xml","Terrain","35","4","grass_top_middle_2"
"level_01.xml","Terrain","36","4","grass_top_middle_2"
"level_01.xml","Terrain","37","4","grass_top_right"
"level_01.xml","Terrain","23","5","earth_edge_left"
"level_01.xml","Terrain","24","5","earth_edge_middle_1"
"level_01.xml","Terrain","25","5","earth_edge_middle_1"
"level_01.xml","Terrain","26","5","eartyh_bottom_middle"
"level_01.xml","Terrain","27","5","eartyh_bottom_middle"
"level_01.xml","Terrain","28","5","earth_bottom_left"
"level_01.xml","Terrain","32","5","earth_bottom_right"
"level_01.xml","Terrain","33","5","eartyh_bottom_middle"
"level_01.xml","Terrain","34","5","eartyh_bottom_middle"
"level_01.xml","Terrain","35","5","earth_edge_middle_1"
"level_01.xml","Terrain","36","5","earth_edge_middle_1"
"level_01.xml","Terrain","37","5","earth_edge_right"
"level_01.xml","Terrain","46","5","crows_nest_2"
"level_01.xml","Terrain","47","5","crows_nest_1"
"level_01.xml","Terrain","2","6","mast_end_left"
"level_01.xml","Terrain","3","6","mast_tile"
"level_01.xml","Terrain","4","6","mast_middle_2"
"level_01.xml","Terrain","5","6","mast_middle_1"
"level_01.xml","Terrain","6","6","mast_tile"
"level_01.xml","Terrain","7","6","mast_end_right"
"level_01.xml","Terrain","8","6","mast_end_left"
"level_01.xml","Terrain","9","6","mast_tile"
"level_01.xml","Terrain","10","6","mast_middle_2"
"level_01.xml","Terrain","11","6","mast_middle_1"
"level_01.xml","Terrain","12","6","mast_tile"
"level_01.xml","Terrain","13","6","mast_end_right"
"level_01.xml","Terrain","23","6","earth_bottom_right"
"level_01.xml","Terrain","24","6","eartyh_bottom_middle"
"level_01.xml","Terrain","25","6","earth_bottom_left"
"level_01.xml","Terrain","35","6","earth_edge_left"
"level_01.xml","Terrain","36","6","earth_edge_middle_1"
"level_01.xml","Terrain","37","6","earth_edge_right"
"level_01.xml","Terrain","35","7","earth_bottom_right"
"level_01.xml","Terrain","36","7","eartyh_bottom_middle"
"level_01.xml","Terrain","37","7","earth_bottom_left"
"level_01.xml","Terrain","44","7","mast_end_left"
"level_01.xml","Terrain","45","7","mast_tile"
"level_01.xml","Terrain","46","7","mast_middle_2"
"level_01.xml","Terrain","47","7","mast_middle_1"
"level_01.xml","Terrain","48","7","mast_tile"
"level_01.xml","Terrain","49","7","mast_end_right"
"level_01.xml","Terrain","29","8","shell_sand_top_left"
"level_01.xml","Terrain","30","8","shell_sand_middle_2"
"level_01.xml","Terrain","31","8","blank_sand_top_right"
"level_01.xml","Terrain","23","9","grass_top_left"
"level_01.xml","Terrain","24","9","grass_top_middle_2"
"level_01.xml","Terrain","25","9","grass_top_right"
"level_01.xml","Terrain","29","9","earth_bottom_right"
"level_01.xml","Terrain","30","9","eartyh_bottom_middle"
"level_01.xml","Terrain","31","9","earth_bottom_left"
"level_01.xml","Terrain","23","10","earth_edge_left"
"level_01.xml","Terrain","24","10","earth_edge_middle_1"
"level_01.xml","Terrain","25","10","earth_edge_right"
"level_01.xml","Terrain","0","11","ship_right_facing_1"
"level_01.xml","Terrain","1","11","ship_right_facing_4_1"
"level_01.xml","Terrain","14","11","ship_left_side_shaded_4"
"level_01.xml","Terrain","15","11","ship_right_facing_3"
"level_01.xml","Terrain","16","11","ship_end_3"
"level_01.xml","Terrain","17","11","ship_end_3"
"level_01.xml","Terrain","18","11","ship_end_2"
"level_01.xml","Terrain","23","11","earth_edge_left"
"level_01.xml","Terrain","24","11","earth_edge_middle_2"
"level_01.xml","Terrain","25","11","earth_edge_right"
"level_01.xml","Terrain","41","11","ship_end_1"
"level_01.xml","Terrain","42","11","ship_end_3"
"level_01.xml","Terrain","43","11","ship_left_facing_1"
"level_01.xml","Terrain","44","11","ship_right_facing_4_1"
"level_01.xml","Terrain","48","11","ship_left_side_shaded_4"
"level_01.xml","Terrain","49","11","ship_left_facing_5"
"level_01.xml","Terrain","0","12","ship_right_facing_2"
"level_01.xml","Terrain","1","12","cannon_port_3"
"level_01.xml","Terrain","2","12","ship_top_middle"
"level_01.xml","Terrain","3","12","cannon_port_2"
"level_01.xml","Terrain","4","12","ship_top_middle"
"level_01.xml","Terrain","5","12","cannon_port_2"
"level_01.xml","Terrain","6","12","ship_top_middle"
"level_01.xml","Terrain","7","12","cannon_port_2"
"level_01.xml","Terrain","8","12","ship_top_middle"
"level_01.xml","Terrain","9","12","cannon_port_2"
"level_01.xml","Terrain","10","12","ship_top_middle"
"level_01.xml","Terrain","11","12","cannon_port_2"
"level_01.xml","Terrain","12","12","ship_top_middle"
"level_01.xml","Terrain","13","12","cannon_port_2"
"level_01.xml","Terrain","14","12","ship_anchor_3"
"level_01.xml","Terrain","20","12","blank_sand_top_left"
"level_01.xml","Terrain","21","12","blank_sand_middle_2"
"level_01.xml","Terrain","22","12","blank_sand_middle_2"
"level_01.xml","Terrain","23","12","sand_overlap_left"
"level_01.xml","Terrain","24","12","earth_edge_middle_2"
"level_01.xml","Terrain","25","12","sand_overlap_right"
"level_01.xml","Terrain","26","12","blank_sand_middle_1"
"level_01.xml","Terrain","27","12","blank_sand_middle_1"
"level_01.xml","Terrain","28","12","shell_sand_middle_1"
"level_01.xml","Terrain","29","12","blank_sand_middle_1"
"level_01.xml","Terrain","30","12","shell_sand_middle_2"
"level_01.xml","Terrain","31","12","shell_sand_middle_1"
"level_01.xml","Terrain","32","12","blank_sand_middle_1"
"level_01.xml","Terrain","33","12","blank_sand_middle_1"
"level_01.xml","Terrain","34","12","shell_sand_middle_2"
"level_01.xml","Terrain","35","12","shell_sand_middle_1"
"level_01.xml","Terrain","36","12","blank_sand_middle_1"
"level_01.xml","Terrain","37","12","blank_sand_middle_1"
"level_01.xml","Terrain","38","12","shell_sand_middle_2"
"level_01.xml","Terrain","39","12","shell_sand_top_right"
"level_01.xml","Terrain","44","12","ship_anchor_1"
"level_01.xml","Terrain","45","12","cannon_port_2"
"level_01.xml","Terrain","46","12","cannon_port_2"
"level_01.xml","Terrain","47","12","cannon_port_2"
"level_01.xml","Terrain","48","12","cannon_port_1"
"level_01.xml","Terrain","49","12","ship_right_side_shaded_2"
"level_01.xml","Terrain","0","13","ship_right_facing_4"
"level_01.xml","Terrain","1","13","ship_tile_2"
"level_01.xml","Terrain","2","13","ship_tile_1"
"level_01.xml","Terrain","3","13","ship_tile_2"
"level_01.xml","Terrain","4","13","ship_tile_1"
"level_01.xml","Terrain","5","13","ship_tile_2"
"level_01.xml","Terrain","6","13","ship_tile_1"
"level_01.xml","Terrain","7","13","ship_tile_2"
"level_01.xml","Terrain","8","13","ship_tile_1"
"level_01.xml","Terrain","9","13","ship_tile_2"
"level_01.xml","Terrain","10","13","ship_tile_1"
"level_01.xml","Terrain","11","13","ship_tile_2"
"level_01.xml","Terrain","12","13","ship_tile_1"
"level_01.xml","Terrain","13","13","ship_tile_2"
"level_01.xml","Terrain","14","13","ship_anchor_4"
"level_01.xml","Terrain","20","13","earth_edge_left"
"level_01.xml","Terrain","21","13","earth_edge_middle_2"
"level_01.xml","Terrain","22","13","earth_edge_middle_2"
"level_01.xml","Terrain","23","13","earth_edge_middle_2"
"level_01.xml","Terrain","24","13","earth_edge_middle_2"
"level_01.xml","Terrain","25","13","earth_edge_middle_1"
"level_01.xml","Terrain","26","13","earth_edge_middle_2"
"level_01.xml","Terrain","27","13","earth_edge_middle_2"
"level_01.xml","Terrain","28","13","earth_edge_middle_2"
"level_01.xml","Terrain","29","13","earth_edge_middle_2"
"level_01.xml","Terrain","30","13","earth_edge_middle_1"
"level_01.xml","Terrain","31","13","earth_edge_middle_2"
"level_01.xml","Terrain","32","13","earth_edge_middle_1"
"level_01.xml","Terrain","33","13","earth_edge_middle_1"
"level_01.xml","Terrain","34","13","earth_edge_middle_2"
"level_01.xml","Terrain","35","13","earth_edge_middle_2"
"level_01.xml","Terrain","36","13","earth_edge_middle_2"
"level_01.xml","Terrain","37","13","earth_edge_middle_2"
"level_01.xml","Terrain","38","13","earth_edge_middle_2"
"level_01.xml","Terrain","39","13","earth_edge_right"
"level_01.xml","Terrain","44","13","ship_anchor_2"
"level_01.xml","Terrain","45","13","ship_tile_1"
"level_01.xml","Terrain","46","13","ship_tile_2"
"level_01.xml","Terrain","47","13","ship_tile_2"
"level_01.xml","Terrain","48","13","ship_tile_1"
"level_01.xml","Terrain","49","13","ship_left_facing_3"
"level_01.xml","Terrain","0","14","boat_ripple_1"
"level_01.xml","Terrain","1","14","boat_ripple_3"
"level_01.xml","Terrain","2","14","boat_ripple_2"
"level_01.xml","Terrain","3","14","boat_ripple_3"
"level_01.xml","Terrain","4","14","boat_ripple_2"
"level_01.xml","Terrain","5","14","boat_ripple_3"
"level_01.xml","Terrain","6","14","boat_ripple_2"
"level_01.xml","Terrain","7","14","boat_ripple_3"
"level_01.xml","Terrain","8","14","boat_ripple_2"
"level_01.xml","Terrain","9","14","boat_ripple_3"
"level_01.xml","Terrain","10","14","boat_ripple_2"
"level_01.xml","Terrain","11","14","boat_ripple_3"
"level_01.xml","Terrain","12","14","boat_ripple_2"
"level_01.xml","Terrain","13","14","boat_ripple_3"
"level_01.xml","Terrain","14","14","boat_ripple_4"
"level_01.xml","Terrain","20","14","tile_ripple_left"
"level_01.xml","Terrain","21","14","tile_ripple_middle"
"level_01.xml","Terrain","22","14","tile_ripple_middle"
"level_01.xml","Terrain","23","14","tile_ripple_middle"
"level_01.xml","Terrain","24","14","tile_ripple_middle"
"level_01.xml","Terrain","25","14","tile_ripple_middle"
"level_01.xml","Terrain","26","14","tile_ripple_middle"
"level_01.xml","Terrain","27","14","tile_ripple_middle"
"level_01.xml","Terrain","28","14","tile_ripple_middle"
"level_01.xml","Terrain","29","14","tile_ripple_middle"
"level_01.xml","Terrain","30","14","tile_ripple_middle"
"level_01.xml","Terrain","31","14","tile_ripple_middle"
"level_01.xml","Terrain","32","14","tile_ripple_middle"
"level_01.xml","Terrain","33","14","tile_ripple_middle"
"level_01.xml","Terrain","34","14","tile_ripple_middle"
"level_01.xml","Terrain","35","14","tile_ripple_middle"
"level_01.xml","Terrain","36","14","tile_ripple_middle"
"level_01.xml","Terrain","37","14","tile_ripple_middle"
"level_01.xml","Terrain","38","14","tile_ripple_middle"
"level_01.xml","Terrain","39","14","tile_ripple_right"
"level_01.xml","Terrain","44","14","boat_ripple_1"
"level_01.xml","Terrain","45","14","boat_ripple_3"
"level_01.xml","Terrain","46","14","boat_ripple_3"
"level_01.xml","Terrain","47","14","boat_ripple_2"
"level_01.xml","Terrain","48","14","boat_ripple_3"
"level_01.xml","Terrain","49","14","boat_ripple_4"
"level_01.xml","Terrain","20","15","tile_ripple_left"
"level_01.xml","Terrain","21","15","tile_ripple_middle"
"level_01.xml","Terrain","22","15","tile_ripple_middle"
"level_01.xml","Terrain","23","15","tile_ripple_middle"
"level_01.xml","Terrain","24","15","tile_ripple_middle"
"level_01.xml","Terrain","25","15","tile_ripple_middle"
"level_01.xml","Terrain","26","15","tile_ripple_middle"
"level_01.xml","Terrain","27","15","tile_ripple_middle"
"level_01.xml","Terrain","28","15","tile_ripple_middle"
"level_01.xml","Terrain","29","15","tile_ripple_middle"
"level_01.xml","Terrain","30","15","tile_ripple_middle"
"level_01.xml","Terrain","31","15","tile_ripple_middle"
"level_01.xml","Terrain","32","15","tile_ripple_middle"
"level_01.xml","Terrain","33","15","tile_ripple_middle"
"level_01.xml","Terrain","34","15","tile_ripple_middle"
"level_01.xml","Terrain","35","15","tile_ripple_middle"
"level_01.xml","Terrain","36","15","tile_ripple_middle"
"level_01.xml","Terrain","37","15","tile_ripple_middle"
"level_01.xml","Terrain","38","15","tile_ripple_middle"
"level_01.xml","Terrain","39","15","tile_ripple_right"
"level_01.xml","Terrain","20","16","tile_ripple_left"
"level_01.xml","Terrain","21","16","tile_ripple_middle"
"level_01.xml","Terrain","22","16","tile_ripple_middle"
"level_01.xml","Terrain","23","16","tile_ripple_middle"
"level_01.xml","Terrain","24","16","tile_ripple_middle"
"level_01.xml","Terrain","25","16","tile_ripple_middle"
"level_01.xml","Terrain","26","16","tile_ripple_middle"
"level_01.xml","Terrain","27","16","tile_ripple_middle"
"level_01.xml","Terrain","28","16","tile_ripple_middle"
"level_01.xml","Terrain","29","16","tile_ripple_middle"
"level_01.xml","Terrain","30","16","tile_ripple_middle"
"level_01.xml","Terrain","31","16","tile_ripple_middle"
"level_01.xml","Terrain","32","16","tile_ripple_middle"
"level_01.xml","Terrain","33","16","tile_ripple_middle"
"level_01.xml","Terrain","34","16","tile_ripple_middle"
"level_01.xml","Terrain","35","16","tile_ripple_middle"
"level_01.xml","Terrain","36","16","tile_ripple_middle"
"level_01.xml","Terrain","37","16","tile_ripple_middle"
"level_01.xml","Terrain","38","16","tile_ripple_middle"
"level_01.xml","Terrain","39","16","tile_ripple_right"
"level_01.xml","Background","0","1","antichest"
"level_01.xml","Background","1","1","antichest"
"level_01.xml","Background","2","1","antichest"
"level_01.xml","Background","3","1","antichest"
"level_01.xml","Background","4","1","antichest"
"level_01.xml","Background","5","1","antichest"
"level_01.xml","Background","6","1","antichest"
"level_01.xml","Background","7","1","antichest"
"level_01.xml","Background","8","1","antichest"
"level_01.xml","Background","9","1","antichest"
"level_01.xml","Background","10","1","antichest"
"level_01.xml","Background","11","1","antichest"
"level_01.xml","Background","12","1","antichest"
"level_01.xml","Background","13","1","antichest"
"level_01.xml","Background","14","1","antichest"
"level_01.xml","Background","15","1","antichest"
"level_01.xml","Background","16","1","antichest"
"level_01.xml","Background","17","1","antichest"
"level_01.xml","Background","18","1","antichest"
"level_01.xml","Background","19","1","antichest"
"level_01.xml","Background","23","1","antichest"
"level_01.xml","Background","24","1","antichest"
"level_01.xml","Background","25","1","antichest"
"level_01.xml","Background","26","1","antichest"
"level_01.xml","Background","27","1","antichest"
"level_01.xml","Background","28","1","antichest"
"level_01.xml","Background","29","1","antichest"
"level_01.xml","Background","31","1","antichest"
"level_01.xml","Background","32","1","antichest"
"level_01.xml","Background","33","1","antichest"
"level_01.xml","Background","34","1","antichest"
"level_01.xml","Background","35","1","antichest"
"level_01.xml","Background","36","1","antichest"
"level_01.xml","Background","37","1","antichest"
"level_01.xml","Background","38","1","antichest"
"level_01.xml","Background","39","1","antichest"
"level_01.xml","Background","40","1","antichest"
"level_01.xml","Background","41","1","antichest"
"level_01.xml","Background","42","1","antichest"
"level_01.xml","Background","43","1","antichest"
"level_01.xml","Background","44","1","antichest"
"level_01.xml","Background","45","1","antichest"
"level_01.xml","Background","46","1","antichest"
"level_01.xml","Background","47","1","antichest"
"level_01.xml","Background","48","1","antichest"
"level_01.xml","Background","49","1","antichest"
"level_01.xml","Background","24","3","grass"
"level_01.xml","Background","25","3","rock_2"
"level_01.xml","Background","26","3","small_tree"
"level_01.xml","Background","27","3","grass"
"level_01.xml","Background","33","3","grass"
"level_01.xml","Background","34","3","big_tree"
"level_01.xml","Background","35","3","small_tree"
"level_01.xml","Background","36","3","rock_3"
"level_01.xml","Background","37","3","grass"
"level_01.xml","Background","4","4","mast_top"
"level_01.xml","Background","10","4","mast_top"
"level_01.xml","Background","46","4","mast_top"
"level_01.xml","Background","4","5","mast_middle"
"level_01.xml","Background","10","5","mast_middle"
"level_01.xml","Background","26","5","cave_middle_1"
"level_01.xml","Background","27","5","cave_middle_1"
"level_01.xml","Background","28","5","cave_middle_1"
"level_01.xml","Background","29","5","cave_edge_top"
"level_01.xml","Background","30","5","cave_edge_top"
"level_01.xml","Background","31","5","cave_edge_top"
"level_01.xml","Background","32","5","cave_middle_1"
"level_01.xml","Background","33","5","cave_middle_1"
"level_01.xml","Background","34","5","cave_middle_1"
"level_01.xml","Background","46","5","mast_middle"
"level_01.xml","Background","4","6","mast_middle"
"level_01.xml","Background","10","6","mast_middle"
"level_01.xml","Background","24","6","cave_edge_left"
"level_01.xml","Background","25","6","cave_middle_2"
"level_01.xml","Background","26","6","cave_middle_2"
"level_01.xml","Background","27","6","cave_middle_3"
"level_01.xml","Background","28","6","cave_middle_2"
"level_01.xml","Background","29","6","cave_middle_2"
"level_01.xml","Background","30","6","cave_middle_2"
"level_01.xml","Background","31","6","cave_middle_2"
"level_01.xml","Background","32","6","cave_middle_2"
"level_01.xml","Background","33","6","cave_middle_2"
"level_01.xml","Background","34","6","cave_middle_2"
"level_01.xml","Background","46","6","mast_middle"
"level_01.xml","Background","4","7","mast_middle"
"level_01.xml","Background","10","7","mast_middle"
"level_01.xml","Background","24","7","cave_edge_left"
"level_01.xml","Background","25","7","cave_middle_2"
"level_01.xml","Background","26","7","cave_middle_2"
"level_01.xml","Background","27","7","cave_middle_2"
"level_01.xml","Background","28","7","cave_middle_2"
"level_01.xml","Background","29","7","cave_middle_2"
"level_01.xml","Background","30","7","cave_rock_1"
"level_01.xml","Background","31","7","cave_middle_2"
"level_01.xml","Background","32","7","cave_middle_3"
"level_01.xml","Background","33","7","cave_middle_3"
"level_01.xml","Background","34","7","cave_middle_2"
"level_01.xml","Background","35","7","cave_edge_right"
"level_01.xml","Background","46","7","mast_middle"
"level_01.xml","Background","4","8","mast_middle"
"level_01.xml","Background","10","8","mast_middle"
"level_01.xml","Background","23","8","grass"
"level_01.xml","Background","24","8","cave_edge_left"
"level_01.xml","Background","25","8","cave_grass"
"level_01.xml","Background","26","8","cave_middle_2"
"level_01.xml","Background","27","8","cave_middle_1"
"level_01.xml","Background","28","8","cave_middle_1"
"level_01.xml","Background","29","8","cave_middle_2"
"level_01.xml","Background","30","8","cave_middle_3"
"level_01.xml","Background","31","8","cave_middle_2"
"level_01.xml","Background","32","8","cave_middle_2"
"level_01.xml","Background","33","8","cave_middle_1"
"level_01.xml","Background","34","8","cave_middle_2"
"level_01.xml","Background","35","8","cave_edge_right"
"level_01.xml","Background","46","8","mast_middle"
"level_01.xml","Background","4","9","mast_middle"
"level_01.xml","Background","10","9","mast_middle"
"level_01.xml","Background","24","9","cave_edge_left"
"level_01.xml","Background","26","9","cave_middle_2"
"level_01.xml","Background","27","9","cave_torch"
"level_01.xml","Background","29","9","cave_middle_1"
"level_01.xml","Background","30","9","cave_middle_1"
"level_01.xml","Background","31","9","cave_middle_1"
"level_01.xml","Background","32","9","cave_torch"
"level_01.xml","Background","34","9","cave_middle_2"
"level_01.xml","Background","35","9","cave_edge_right"
"level_01.xml","Background","46","9","mast_middle"
"level_01.xml","Background","4","10","mast_middle"
"level_01.xml","Background","10","10","mast_middle"
"level_01.xml","Background","26","10","cave_middle_2"
"level_01.xml","Background","29","10","cave_middle_2"
"level_01.xml","Background","30","10","cave_middle_1"
"level_01.xml","Background","31","10","cave_middle_1"
"level_01.xml","Background","34","10","cave_middle_1"
"level_01.xml","Background","35","10","cave_edge_right"
"level_01.xml","Background","46","10","mast_middle"
"level_01.xml","Background","4","11","mast_bottom"
"level_01.xml","Background","10","11","mast_bottom"
"level_01.xml","Background","21","11","clam"
"level_01.xml","Background","22","11","rock_1"
"level_01.xml","Background","26","11","cave_middle_2"
"level_01.xml","Background","27","11","cave_rock_3"
"level_01.xml","Background","28","11","cave_middle_2"
"level_01.xml","Background","29","11","cave_middle_1"
"level_01.xml","Background","30","11","cave_middle_2"
"level_01.xml","Background","31","11","cave_middle_2"
"level_01.xml","Background","32","11","cave_rock_1"
"level_01.xml","Background","33","11","cave_rock_2"
"level_01.xml","Background","34","11","cave_middle_2"
"level_01.xml","Background","35","11","cave_edge_right"
"level_01.xml","Background","36","11","big_shell"
"level_01.xml","Background","37","11","rock_3"
"level_01.xml","Background","46","11","mast_middle"
"level_02.xml","Terrain","5","4","grass_row_left"
"level_02.xml","Terrain","6","4","grass_row_middle"
"level_02.xml","Terrain","7","4","grass_row_middle"
"level_02.xml","Terrain","8","4","grass_row_right"
"level_02.xml","Terrain","21","4","grass_row_left"
"level_02.xml","Terrain","22","4","grass_row_middle"
"level_02.xml","Terrain","23","4","grass_row_right"
"level_02.xml","Terrain","32","4","grass_top_left"
"level_02.xml","Terrain","33","4","grass_top_middle_1"
"level_02.xml","Terrain","34","4","grass_top_right"
"level_02.xml","Terrain","32","5","earth_bottom_right"
"level_02.xml","Terrain","33","5","eartyh_bottom_middle"
"level_02.xml","Terrain","34","5","earth_bottom_left"
"level_02.xml","Terrain","41","5","grass_row_left"
"level_02.xml","Terrain","42","5","grass_row_middle"
"level_02.xml","Terrain","43","5","grass_row_right"
"level_02.xml","Terrain","13","7","grass_top_left"
"level_02.xml","Terrain","14","7","grass_top_middle_1"
"level_02.xml","Terrain","15","7","grass_top_middle_1"
"level_02.xml","Terrain","16","7","grass_top_right"
"level_02.xml","Terrain","13","8","earth_bottom_right"
"level_02.xml","Terrain","14","8","eartyh_bottom_middle"
"level_02.xml","Terrain","15","8","eartyh_bottom_middle"
"level_02.xml","Terrain","16","8","earth_bottom_left"
"level_02.xml","Terrain","23","8","grass_row_left"
"level_02.xml","Terrain","24","8","grass_row_middle"
"level_02.xml","Terrain","25","8","grass_row_middle"
"level_02.xml","Terrain","26","8","grass_row_middle"
"level_02.xml","Terrain","27","8","grass_row_right"
"level_02.xml","Terrain","37","9","grass_top_left"
"level_02.xml","Terrain","38","9","grass_top_middle_2"
"level_02.xml","Terrain","39","9","grass_top_middle_2"
"level_02.xml","Terrain","40","9","grass_top_middle_2"
"level_02.xml","Terrain","41","9","grass_top_right"
"level_02.xml","Terrain","37","10","earth_bottom_right"
"level_02.xml","Terrain","38","10","eartyh_bottom_middle"
"level_02.xml","Terrain","39","10","eartyh_bottom_middle"
"level_02.xml","Terrain","40","10","eartyh_bottom_middle"
"level_02.xml","Terrain","41","10","earth_bottom_left"
"level_02.xml","Terrain","4","11","grass_top_left"
"level_02.xml","Terrain","5","11","grass_top_middle_2"
"level_02.xml","Terrain","6","11","grass_top_middle_2"
"level_02.xml","Terrain","7","11","grass_top_right"
"level_02.xml","Terrain","4","12","earth_bottom_right"
"level_02.xml","Terrain","5","12","eartyh_bottom_middle"
"level_02.xml","Terrain","6","12","eartyh_bottom_middle"
"level_02.xml","Terrain","7","12","earth_bottom_left"
"level_02.xml","Terrain","20","14","grass_row_left"
"level_02.xml","Terrain","21","14","grass_row_middle"
"level_02.xml","Terrain","22","14","grass_row_middle"
"level_02.xml","Terrain","23","14","grass_row_right"
"level_02.xml","Terrain","30","14","grass_top_left"
"level_02.xml","Terrain","31","14","grass_top_middle_1"
"level_02.xml","Terrain","32","14","grass_top_middle_1"
"level_02.xml","Terrain","33","14","grass_top_right"
"level_02.xml","Terrain","30","15","earth_bottom_right"
"level_02.xml","Terrain","31","15","eartyh_bottom_middle"
"level_02.xml","Terrain","32","15","eartyh_bottom_middle"
"level_02.xml","Terrain","33","15","earth_bottom_left"
"level_02.xml","Terrain","9","16","grass_row_left"
"level_02.xml","Terrain","10","16","grass_row_middle"
"level_02.xml","Terrain","11","16","grass_row_middle"
"level_02.xml","Terrain","12","16","grass_row_right"
"level_02.xml","Terrain","38","16","grass_top_left"
"level_02.xml","Terrain","39","16","grass_top_middle_1"
"level_02.xml","Terrain","40","16","grass_top_right"
"level_02.xml","Terrain","38","17","earth_bottom_right"
"level_02.xml","Terrain","39","17","eartyh_bottom_middle"
"level_02.xml","Terrain","40","17","earth_bottom_left"
"level_02.xml","Terrain","23","18","grass_top_left"
"level_02.xml","Terrain","24","18","grass_top_middle_1"
"level_02.xml","Terrain","25","18","grass_top_right"
"level_02.xml","Terrain","23","19","earth_bottom_right"
"level_02.xml","Terrain","24","19","eartyh_bottom_middle"
"level_02.xml","Terrain","25","19","earth_bottom_left"
"level_02.xml","Terrain","43","19","grass_top_left"
"level_02.xml","Terrain","44","19","grass_top_middle_1"
"level_02.xml","Terrain","45","19","grass_top_middle_1"
"level_02.xml","Terrain","46","19","grass_top_right"
"level_02.xml","Terrain","43","20","earth_edge_left"
"level_02.xml","Terrain","44","20","earth_edge_middle_1"
"level_02.xml","Terrain","45","20","earth_edge_middle_1"
"level_02.xml","Terrain","46","20","earth_edge_right"
"level_02.xml","Terrain","11","21","grass_top_left"
"level_02.xml","Terrain","12","21","grass_top_middle_1"
"level_02.xml","Terrain","13","21","grass_top_middle_1"
"level_02.xml","Terrain","14","21","grass_top_right"
"level_02.xml","Terrain","18","21","grass_row_left"
"level_02.xml","Terrain","19","21","grass_row_middle"
"level_02.xml","Terrain","20","21","grass_row_right"
"level_02.xml","Terrain","33","21","grass_top_left"
"level_02.xml","Terrain","34","21","grass_top_middle_1"
"level_02.xml","Terrain","35","21","grass_top_right"
"level_02.xml","Terrain","43","21","earth_bottom_right"
"level_02.xml","Terrain","44","21","eartyh_bottom_middle"
"level_02.xml","Terrain","45","21","eartyh_bottom_middle"
"level_02.xml","Terrain","46","21","earth_bottom_left"
"level_02.xml","Terrain","3","22","grass_row_left"
"level_02.xml","Terrain","4","22","grass_row_middle"
"level_02.xml","Terrain","5","22","grass_row_middle"
"level_02.xml","Terrain","6","22","grass_row_right"
"level_02.xml","Terrain","11","22","earth_bottom_right"
"level_02.xml","Terrain","12","22","eartyh_bottom_middle"
"level_02.xml","Terrain","13","22","eartyh_bottom_middle"
"level_02.xml","Terrain","14","22","earth_bottom_left"
"level_02.xml","Terrain","33","22","earth_bottom_right"
"level_02.xml","Terrain","34","22","eartyh_bottom_middle"
"level_02.xml","Terrain","35","22","earth_bottom_left"
"level_02.xml","Terrain","27","23","grass_row_left"
"level_02.xml","Terrain","28","23","grass_row_middle"
"level_02.xml","Terrain","29","23","grass_row_right"
"level_02.xml","Background","6","3","rock_3"
"level_02.xml","Background","7","3","small_tree"
"level_02.xml","Background","22","3","rock_1"
"level_02.xml","Background","33","3","rock_3"
"level_02.xml","Background","34","3","small_tree"
"level_02.xml","Background","43","4","grass"
"level_02.xml","Background","14","6","big_tree"
"level_02.xml","Background","15","6","small_tree"
"level_02.xml","Background","25","7","grass"
"level_02.xml","Background","26","7","rock_2"
"level_02.xml","Background","38","8","grass"
"level_02.xml","Background","39","8","rock_2"
"level_02.xml","Background","40","8","rock_3"
"level_02.xml","Background","5","10","grass"
"level_02.xml","Background","21","13","grass"
"level_02.xml","Background","22","13","small_tree"
"level_02.xml","Background","31","13","grass"
"level_02.xml","Background","10","15","grass"
"level_02.xml","Background","11","15","rock_1"
"level_02.xml","Background","39","15","small_tree"
"level_02.xml","Background","40","15","grass"
"level_02.xml","Background","43","18","rock_3"
"level_02.xml","Background","45","18","big_tree"
"level_02.xml","Background","46","18","grass"
"level_02.xml","Background","12","20","grass"
"level_02.xml","Background","14","20","rock_3"
"level_02.xml","Background","19","20","grass"
"level_02.xml","Background","34","20","grass"
"level_02.xml","Background","4","21","big_tree"
"level_02.xml","Background","5","21","small_tree"
"level_02.xml","Background","6","21","rock_2"
"level_02.xml","Background","29","22","rock_3"
"level_03.xml","Terrain","8","7","crows_nest_2"
"level_03.xml","Terrain","9","7","crows_nest_1"
"level_03.xml","Terrain","20","7","grass_top_single"
"level_03.xml","Terrain","31","7","crows_nest_2"
"level_03.xml","Terrain","32","7","crows_nest_1"
"level_03.xml","Terrain","20","8","earth_single_collum"
"level_03.xml","Terrain","6","9","mast_end_left"
"level_03.xml","Terrain","7","9","mast_tile"
"level_03.xml","Terrain","8","9","mast_middle_2"
"level_03.xml","Terrain","9","9","mast_middle_1"
"level_03.xml","Terrain","10","9","mast_tile"
"level_03.xml","Terrain","11","9","mast_end_right"
"level_03.xml","Terrain","18","9","grass_top_left"
"level_03.xml","Terrain","19","9","grass_top_middle_1"
"level_03.xml","Terrain","20","9","grass_overlap_both"
"level_03.xml","Terrain","21","9","grass_top_middle_1"
"level_03.xml","Terrain","22","9","grass_top_right"
"level_03.xml","Terrain","29","9","mast_end_left"
"level_03.xml","Terrain","30","9","mast_tile"
"level_03.xml","Terrain","31","9","mast_middle_2"
"level_03.xml","Terrain","32","9","mast_middle_1"
"level_03.xml","Terrain","33","9","mast_tile"
"level_03.xml","Terrain","34","9","mast_end_right"
"level_03.xml","Terrain","18","10","earth_edge_left"
"level_03.xml","Terrain","19","10","earth_edge_middle_2"
"level_03.xml","Terrain","20","10","earth_edge_middle_2"
"level_03.xml","Terrain","21","10","earth_edge_middle_2"
"level_03.xml","Terrain","22","10","earth_edge_right"
"level_03.xml","Terrain","18","11","earth_edge_left"
"level_03.xml","Terrain","19","11","earth_edge_middle_2"
"level_03.xml","Terrain","20","11","earth_edge_middle_2"
"level_03.xml","Terrain","21","11","earth_edge_middle_2"
"level_03.xml","Terrain","22","11","earth_edge_right"
"level_03.xml","Terrain","4","12","mast_end_left"
"level_03.xml","Terrain","5","12","mast_tile"
"level_03.xml","Terrain","6","12","mast_tile"
"level_03.xml","Terrain","7","12","mast_tile"
"level_03.xml","Terrain","8","12","mast_middle_2"
"level_03.xml","Terrain","9","12","mast_middle_1"
"level_03.xml","Terrain","10","12","mast_tile"
"level_03.xml","Terrain","11","12","mast_tile"
"level_03.xml","Terrain","12","12","mast_tile"
"level_03.xml","Terrain","13","12","mast_end_right"
"level_03.xml","Terrain","18","12","earth_edge_left"
"level_03.xml","Terrain","19","12","earth_edge_middle_2"
"level_03.xml","Terrain","20","12","earth_edge_middle_2"
"level_03.xml","Terrain","21","12","earth_edge_middle_2"
"level_03.xml","Terrain","22","12","earth_edge_right"
"level_03.xml","Terrain","27","12","mast_end_left"
"level_03.xml","Terrain","28","12","mast_tile"
"level_03.xml","Terrain","29","12","mast_tile"
"level_03.xml","Terrain","30","12","mast_tile"
"level_03.xml","Terrain","31","12","mast_middle_2"
"level_03.xml","Terrain","32","12","mast_middle_1"
"level_03.xml","Terrain","33","12","mast_tile"
"level_03.xml","Terrain","34","12","mast_tile"
"level_03.xml","Terrain","35","12","mast_tile"
"level_03.xml","Terrain","36","12","mast_end_right"
"level_03.xml","Terrain","18","13","earth_edge_left"
"level_03.xml","Terrain","19","13","earth_edge_middle_2"
"level_03.xml","Terrain","20","13","earth_edge_middle_2"
"level_03.xml","Terrain","21","13","earth_edge_middle_2"
"level_03.xml","Terrain","22","13","earth_edge_right"
"level_03.xml","Terrain","18","14","earth_edge_left"
"level_03.xml","Terrain","19","14","earth_edge_middle_2"
"level_03.xml","Terrain","20","14","earth_edge_middle_2"
"level_03.xml","Terrain","21","14","earth_edge_middle_2"
"level_03.xml","Terrain","22","14","earth_edge_right"
"level_03.xml","Terrain","16","15","grass_top_left"
"level_03.xml","Terrain","17","15","grass_top_middle_1"
"level_03.xml","Terrain","18","15","grass_overlap_left"
"level_03.xml","Terrain","19","15","earth_edge_middle_1"
"level_03.xml","Terrain","20","15","earth_edge_middle_1"
"level_03.xml","Terrain","21","15","earth_edge_middle_1"
"level_03.xml","Terrain","22","15","grass_overlap_right"
"level_03.xml","Terrain","23","15","grass_top_middle_1"
"level_03.xml","Terrain","24","15","grass_top_right"
"level_03.xml","Terrain","16","16","earth_edge_left"
"level_03.xml","Terrain","17","16","earth_edge_middle_1"
"level_03.xml","Terrain","18","16","earth_edge_middle_1"
"level_03.xml","Terrain","19","16","earth_edge_middle_1"
"level_03.xml","Terrain","20","16","earth_edge_middle_1"
"level_03.xml","Terrain","21","16","earth_edge_middle_1"
"level_03.xml","Terrain","22","16","earth_edge_middle_1"
"level_03.xml","Terrain","23","16","earth_edge_middle_2"
"level_03.xml","Terrain","24","16","earth_edge_right"
"level_03.xml","Terrain","1","17","ship_end_1"
"level_03.xml","Terrain","2","17","ship_end_3"
"level_03.xml","Terrain","3","17","ship_end_3"
"level_03.xml","Terrain","4","17","ship_left_facing_1"
"level_03.xml","Terrain","5","17","ship_left_facing_2"
"level_03.xml","Terrain","12","17","ship_left_side_shaded_4"
"level_03.xml","Terrain","13","17","ship_left_facing_5"
"level_03.xml","Terrain","16","17","earth_edge_left"
"level_03.xml","Terrain","17","17","earth_edge_middle_1"
"level_03.xml","Terrain","18","17","earth_edge_middle_1"
"level_03.xml","Terrain","19","17","earth_edge_middle_1"
"level_03.xml","Terrain","20","17","earth_edge_middle_1"
"level_03.xml","Terrain","21","17","earth_edge_middle_1"
"level_03.xml","Terrain","22","17","earth_edge_middle_1"
"level_03.xml","Terrain","23","17","earth_edge_middle_1"
"level_03.xml","Terrain","24","17","earth_edge_right"
"level_03.xml","Terrain","27","17","ship_right_facing_1"
"level_03.xml","Terrain","28","17","ship_right_facing_4_1"
"level_03.xml","Terrain","35","17","ship_right_facing_3_1"
"level_03.xml","Terrain","36","17","ship_right_facing_3"
"level_03.xml","Terrain","37","17","ship_end_3"
"level_03.xml","Terrain","38","17","ship_end_3"
"level_03.xml","Terrain","39","17","ship_end_2"
"level_03.xml","Terrain","5","18","ship_anchor_1"
"level_03.xml","Terrain","6","18","cannon_port_2"
"level_03.xml","Terrain","7","18","cannon_port_2"
"level_03.xml","Terrain","8","18","cannon_port_2"
"level_03.xml","Terrain","9","18","ship_top_middle"
"level_03.xml","Terrain","10","18","cannon_port_2"
"level_03.xml","Terrain","11","18","cannon_port_2"
"level_03.xml","Terrain","12","18","cannon_port_1"
"level_03.xml","Terrain","13","18","ship_right_side_shaded_2"
"level_03.xml","Terrain","16","18","earth_edge_left"
"level_03.xml","Terrain","17","18","earth_edge_middle_1"
"level_03.xml","Terrain","18","18","earth_edge_middle_1"
"level_03.xml","Terrain","19","18","earth_edge_middle_1"
"level_03.xml","Terrain","20","18","earth_edge_middle_1"
"level_03.xml","Terrain","21","18","earth_edge_middle_1"
"level_03.xml","Terrain","22","18","earth_edge_middle_1"
"level_03.xml","Terrain","23","18","earth_edge_middle_1"
"level_03.xml","Terrain","24","18","earth_edge_right"
"level_03.xml","Terrain","27","18","ship_right_facing_2"
"level_03.xml","Terrain","28","18","cannon_port_3"
"level_03.xml","Terrain","29","18","cannon_port_2"
"level_03.xml","Terrain","30","18","cannon_port_2"
"level_03.xml","Terrain","31","18","ship_top_middle"
"level_03.xml","Terrain","32","18","cannon_port_2"
"level_03.xml","Terrain","33","18","cannon_port_2"
"level_03.xml","Terrain","34","18","cannon_port_2"
"level_03.xml","Terrain","35","18","ship_anchor_3"
"level_03.xml","Terrain","5","19","ship_anchor_2"
"level_03.xml","Terrain","6","19","ship_tile_1"
"level_03.xml","Terrain","7","19","ship_tile_2"
"level_03.xml","Terrain","8","19","ship_tile_1"
"level_03.xml","Terrain","9","19","ship_tile_2"
"level_03.xml","Terrain","10","19","ship_tile_1"
"level_03.xml","Terrain","11","19","ship_tile_2"
"level_03.xml","Terrain","12","19","ship_tile_1"
"level_03.xml","Terrain","13","19","ship_left_facing_3"
"level_03.xml","Terrain","15","19","grass_top_left"
"level_03.xml","Terrain","16","19","grass_overlap_left"
"level_03.xml","Terrain","17","19","earth_edge_middle_1"
"level_03.xml","Terrain","18","19","earth_edge_middle_1"
"level_03.xml","Terrain","19","19","earth_edge_middle_1"
"level_03.xml","Terrain","20","19","earth_edge_middle_1"
"level_03.xml","Terrain","21","19","earth_edge_middle_1"
"level_03.xml","Terrain","22","19","earth_edge_middle_1"
"level_03.xml","Terrain","23","19","earth_edge_middle_1"
"level_03.xml","Terrain","24","19","grass_overlap_right"
"level_03.xml","Terrain","25","19","grass_top_right"
"level_03.xml","Terrain","27","19","ship_right_facing_4"
"level_03.xml","Terrain","28","19","ship_tile_1"
"level_03.xml","Terrain","29","19","ship_tile_2"
"level_03.xml","Terrain","30","19","ship_tile_1"
"level_03.xml","Terrain","31","19","ship_tile_2"
"level_03.xml","Terrain","32","19","ship_tile_1"
"level_03.xml","Terrain","33","19","ship_tile_2"
"level_03.xml","Terrain","34","19","ship_tile_1"
"level_03.xml","Terrain","35","19","ship_anchor_4"
"level_03.xml","Terrain","5","20","boat_ripple_1"
"level_03.xml","Terrain","6","20","boat_ripple_2"
"level_03.xml","Terrain","7","20","boat_ripple_3"
"level_03.xml","Terrain","8","20","boat_ripple_2"
"level_03.xml","Terrain","9","20","boat_ripple_3"
"level_03.xml","Terrain","10","20","boat_ripple_2"
"level_03.xml","Terrain","11","20","boat_ripple_3"
"level_03.xml","Terrain","12","20","boat_ripple_2"
"level_03.xml","Terrain","13","20","boat_ripple_4"
"level_03.xml","Terrain","15","20","tile_ripple_left"
"level_03.xml","Terrain","16","20","tile_ripple_middle"
"level_03.xml","Terrain","17","20","tile_ripple_middle"
"level_03.xml","Terrain","18","20","tile_ripple_middle"
"level_03.xml","Terrain","19","20","tile_ripple_middle"
"level_03.xml","Terrain","20","20","tile_ripple_middle"
"level_03.xml","Terrain","21","20","tile_ripple_middle"
"level_03.xml","Terrain","22","20","tile_ripple_middle"
"level_03.xml","Terrain","23","20","tile_ripple_middle"
"level_03.xml","Terrain","24","20","tile_ripple_middle"
"level_03.xml","Terrain","25","20","tile_ripple_right"
"level_03.xml","Terrain","27","20","boat_ripple_1"
"level_03.xml","Terrain","28","20","boat_ripple_2"
"level_03.xml","Terrain","29","20","boat_ripple_3"
"level_03.xml","Terrain","30","20","boat_ripple_2"
"level_03.xml","Terrain","31","20","boat_ripple_3"
"level_03.xml","Terrain","32","20","boat_ripple_2"
"level_03.xml","Terrain","33","20","boat_ripple_3"
"level_03.xml","Terrain","34","20","boat_ripple_2"
"level_03.xml","Terrain","35","20","boat_ripple_4"
"level_03.xml","Terrain","15","21","tile_ripple_left"
"level_03.xml","Terrain","16","21","tile_ripple_middle"
"level_03.xml","Terrain","17","21","tile_ripple_middle"
"level_03.xml","Terrain","18","21","tile_ripple_middle"
"level_03.xml","Terrain","19","21","tile_ripple_middle"
"level_03.xml","Terrain","20","21","tile_ripple_middle"
"level_03.xml","Terrain","21","21","tile_ripple_middle"
"level_03.xml","Terrain","22","21","tile_ripple_middle"
"level_03.xml","Terrain","23","21","tile_ripple_middle"
"level_03.xml","Terrain","24","21","tile_ripple_middle"
"level_03.xml","Terrain","25","21","tile_ripple_right"
"level_03.xml","Terrain","15","22","tile_ripple_left"
"level_03.xml","Terrain","16","22","tile_ripple_middle"
"level_03.xml","Terrain","17","22","tile_ripple_middle"
"level_03.xml","Terrain","18","22","tile_ripple_middle"
"level_03.xml","Terrain","19","22","tile_ripple_middle"
"level_03.xml","Terrain","20","22","tile_ripple_middle"
"level_03.xml","Terrain","21","22","tile_ripple_middle"
"level_03.xml","Terrain","22","22","tile_ripple_middle"
"level_03.xml","Terrain","23","22","tile_ripple_middle"
"level_03.xml","Terrain","24","22","tile_ripple_middle"
"level_03.xml","Terrain","25","22","tile_ripple_right"
"level_03.xml","Background","1","2","antichest"
"level_03.xml","Background","2","2","antichest"
"level_03.xml","Background","3","2","antichest"
"level_03.xml","Background","4","2","antichest"
"level_03.xml","Background","5","2","antichest"
"level_03.xml","Background","6","2","antichest"
"level_03.xml","Background","7","2","antichest"
"level_03.xml","Background","8","2","antichest"
"level_03.xml","Background","9","2","antichest"
"level_03.xml","Background","10","2","antichest"
"level_03.xml","Background","11","2","antichest"
"level_03.xml","Background","12","2","antichest"
"level_03.xml","Background","13","2","antichest"
"level_03.xml","Background","14","2","antichest"
"level_03.xml","Background","26","2","antichest"
"level_03.xml","Background","27","2","antichest"
"level_03.xml","Background","28","2","antichest"
"level_03.xml","Background","29","2","antichest"
"level_03.xml","Background","30","2","antichest"
"level_03.xml","Background","31","2","antichest"
"level_03.xml","Background","32","2","antichest"
"level_03.xml","Background","33","2","antichest"
"level_03.xml","Background","34","2","antichest"
"level_03.xml","Background","35","2","antichest"
"level_03.xml","Background","36","2","antichest"
"level_03.xml","Background","37","2","antichest"
"level_03.xml","Background","38","2","antichest"
"level_03.xml","Background","39","2","antichest"
"level_03.xml","Background","8","5","mast_top"
"level_03.xml","Background","31","5","mast_top"
"level_03.xml","Background","8","6","mast_bottom"
"level_03.xml","Background","20","6","grass"
"level_03.xml","Background","31","6","mast_middle"
"level_03.xml","Background","8","7","mast_middle"
"level_03.xml","Background","31","7","mast_middle"
"level_03.xml","Background","8","8","mast_middle"
"level_03.xml","Background","19","8","grass"
"level_03.xml","Background","21","8","rock_2"
"level_03.xml","Background","31","8","mast_middle"
"level_03.xml","Background","8","9","mast_middle"
"level_03.xml","Background","31","9","mast_middle"
"level_03.xml","Background","8","10","mast_middle"
"level_03.xml","Background","31","10","mast_middle"
"level_03.xml","Background","8","11","mast_middle"
"level_03.xml","Background","31","11","mast_middle"
"level_03.xml","Background","8","12","mast_middle"
"level_03.xml","Background","31","12","mast_middle"
"level_03.xml","Background","8","13","mast_middle"
"level_03.xml","Background","31","13","mast_middle"
"level_03.xml","Background","8","14","mast_middle"
"level_03.xml","Background","17","14","rock_3"
"level_03.xml","Background","23","14","grass"
"level_03.xml","Background","24","14","small_tree"
"level_03.xml","Background","31","14","mast_middle"
"level_03.xml","Background","8","15","mast_middle"
"level_03.xml","Background","31","15","mast_middle"
"level_03.xml","Background","8","16","mast_middle"
"level_03.xml","Background","31","16","mast_middle"
"level_03.xml","Background","8","17","mast_bottom"
"level_03.xml","Background","31","17","mast_middle"
"level_03.xml","Background","15","18","grass"
"level_04.xml","Terrain","6","5","crows_nest_2"
"level_04.xml","Terrain","7","5","crows_nest_1"
"level_04.xml","Terrain","48","5","crows_nest_2"
"level_04.xml","Terrain","49","5","crows_nest_1"
"level_04.xml","Terrain","5","6","mast_end_left"
"level_04.xml","Terrain","6","6","mast_middle_2"
"level_04.xml","Terrain","7","6","mast_middle_1"
"level_04.xml","Terrain","8","6","mast_end_right"
"level_04.xml","Terrain","47","6","mast_end_left"
"level_04.xml","Terrain","48","6","mast_tile"
"level_04.xml","Terrain","49","6","mast_tile"
"level_04.xml","Terrain","50","6","mast_end_right"
"level_04.xml","Terrain","15","9","crows_nest_2"
"level_04.xml","Terrain","16","9","crows_nest_1"
"level_04.xml","Terrain","39","9","crows_nest_2"
"level_04.xml","Terrain","40","9","crows_nest_1"
"level_04.xml","Terrain","3","10","mast_end_left"
"level_04.xml","Terrain","4","10","mast_tile"
"level_04.xml","Terrain","5","10","mast_tile"
"level_04.xml","Terrain","6","10","mast_middle_2"
"level_04.xml","Terrain","7","10","mast_middle_1"
"level_04.xml","Terrain","8","10","mast_tile"
"level_04.xml","Terrain","9","10","mast_tile"
"level_04.xml","Terrain","10","10","mast_end_right"
"level_04.xml","Terrain","13","10","mast_end_left"
"level_04.xml","Terrain","14","10","mast_tile"
"level_04.xml","Terrain","15","10","mast_middle_2"
"level_04.xml","Terrain","16","10","mast_middle_1"
"level_04.xml","Terrain","17","10","mast_tile"
"level_04.xml","Terrain","18","10","mast_end_right"
"level_04.xml","Terrain","37","10","mast_end_left"
"level_04.xml","Terrain","38","10","mast_tile"
"level_04.xml","Terrain","39","10","mast_tile"
"level_04.xml","Terrain","40","10","mast_tile"
"level_04.xml","Terrain","41","10","mast_tile"
"level_04.xml","Terrain","42","10","mast_end_right"
"level_04.xml","Terrain","45","10","mast_end_left"
"level_04.xml","Terrain","46","10","mast_tile"
"level_04.xml","Terrain","47","10","mast_tile"
"level_04.xml","Terrain","48","10","mast_tile"
"level_04.xml","Terrain","49","10","mast_tile"
"level_04.xml","Terrain","50","10","mast_tile"
"level_04.xml","Terrain","51","10","mast_tile"
"level_04.xml","Terrain","52","10","mast_end_right"
"level_04.xml","Terrain","0","14","ship_right_facing_1"
"level_04.xml","Terrain","1","14","ship_right_facing_4_1"
"level_04.xml","Terrain","18","14","ship_left_side_shaded_4"
"level_04.xml","Terrain","19","14","ship_right_facing_3"
"level_04.xml","Terrain","20","14","ship_end_3"
"level_04.xml","Terrain","21","14","ship_end_3"
"level_04.xml","Terrain","22","14","ship_end_2"
"level_04.xml","Terrain","33","14","ship_end_1"
"level_04.xml","Terrain","34","14","ship_end_3"
"level_04.xml","Terrain","35","14","ship_end_3"
"level_04.xml","Terrain","36","14","ship_left_facing_1"
"level_04.xml","Terrain","37","14","ship_left_facing_2"
"level_04.xml","Terrain","54","14","ship_left_side_shaded_4"
"level_04.xml","Terrain","55","14","ship_left_facing_5"
"level_04.xml","Terrain","0","15","ship_right_facing_2"
"level_04.xml","Terrain","1","15","cannon_port_3"
"level_04.xml","Terrain","2","15","cannon_port_2"
"level_04.xml","Terrain","3","15","cannon_port_2"
"level_04.xml","Terrain","4","15","cannon_port_2"
"level_04.xml","Terrain","5","15","ship_top_middle"
"level_04.xml","Terrain","6","15","cannon_port_2"
"level_04.xml","Terrain","7","15","cannon_port_2"
"level_04.xml","Terrain","8","15","cannon_port_2"
"level_04.xml","Terrain","9","15","ship_top_middle"
"level_04.xml","Terrain","10","15","cannon_port_2"
"level_04.xml","Terrain","11","15","cannon_port_2"
"level_04.xml","Terrain","12","15","cannon_port_2"
"level_04.xml","Terrain","13","15","ship_top_middle"
"level_04.xml","Terrain","14","15","cannon_port_2"
"level_04.xml","Terrain","15","15","cannon_port_2"
"level_04.xml","Terrain","16","15","cannon_port_2"
"level_04.xml","Terrain","17","15","ship_top_middle"
"level_04.xml","Terrain","18","15","ship_anchor_3"
"level_04.xml","Terrain","37","15","ship_anchor_1"
"level_04.xml","Terrain","38","15","ship_top_middle"
"level_04.xml","Terrain","39","15","cannon_port_2"
"level_04.xml","Terrain","40","15","cannon_port_2"
"level_04.xml","Terrain","41","15","cannon_port_2"
"level_04.xml","Terrain","42","15","ship_top_middle"
"level_04.xml","Terrain","43","15","cannon_port_2"
"level_04.xml","Terrain","44","15","cannon_port_2"
"level_04.xml","Terrain","45","15","cannon_port_2"
"level_04.xml","Terrain","46","15","ship_top_middle"
"level_04.xml","Terrain","47","15","cannon_port_2"
"level_04.xml","Terrain","48","15","cannon_port_2"
"level_04.xml","Terrain","49","15","cannon_port_2"
"level_04.xml","Terrain","50","15","ship_top_middle"
"level_04.xml","Terrain","51","15","cannon_port_2"
"level_04.xml","Terrain","52","15","cannon_port_2"
"level_04.xml","Terrain","53","15","cannon_port_2"
"level_04.xml","Terrain","54","15","cannon_port_1"
"level_04.xml","Terrain","55","15","ship_right_side_shaded_2"
"level_04.xml","Terrain","0","16","ship_right_facing_4"
"level_04.xml","Terrain","1","16","ship_tile_2"
"level_04.xml","Terrain","2","16","ship_tile_1"
"level_04.xml","Terrain","3","16","ship_tile_2"
"level_04.xml","Terrain","4","16","ship_tile_1"
"level_04.xml","Terrain","5","16","ship_tile_2"
"level_04.xml","Terrain","6","16","ship_tile_1"
"level_04.xml","Terrain","7","16","ship_tile_2"
"level_04.xml","Terrain","8","16","ship_tile_1"
"level_04.xml","Terrain","9","16","ship_tile_2"
"level_04.xml","Terrain","10","16","ship_tile_1"
"level_04.xml","Terrain","11","16","ship_tile_2"
"level_04.xml","Terrain","12","16","ship_tile_1"
"level_04.xml","Terrain","13","16","ship_tile_2"
"level_04.xml","Terrain","14","16","ship_tile_1"
"level_04.xml","Terrain","15","16","ship_tile_2"
"level_04.xml","Terrain","16","16","ship_tile_1"
"level_04.xml","Terrain","17","16","ship_tile_2"
"level_04.xml","Terrain","18","16","ship_anchor_4"
"level_04.xml","Terrain","37","16","ship_anchor_2"
"level_04.xml","Terrain","38","16","ship_tile_1"
"level_04.xml","Terrain","39","16","ship_tile_2"
"level_04.xml","Terrain","40","16","ship_tile_1"
"level_04.xml","Terrain","41","16","ship_tile_2"
"level_04.xml","Terrain","42","16","ship_tile_1"
"level_04.xml","Terrain","43","16","ship_tile_2"
"level_04.xml","Terrain","44","16","ship_tile_1"
"level_04.xml","Terrain","45","16","ship_tile_2"
"level_04.xml","Terrain","46","16","ship_tile_1"
"level_04.xml","Terrain","47","16","ship_tile_2"
"level_04.xml","Terrain","48","16","ship_tile_1"
"level_04.xml","Terrain","49","16","ship_tile_2"
"level_04.xml","Terrain","50","16","ship_tile_1"
"level_04.xml","Terrain","51","16","ship_tile_2"
"level_04.xml","Terrain","52","16","ship_tile_1"
"level_04.xml","Terrain","53","16","ship_tile_2"
"level_04.xml","Terrain","54","16","ship_tile_1"
"level_04.xml","Terrain","55","16","ship_left_facing_3"
"level_04.xml","Terrain","0","17","boat_ripple_1"
"level_04.xml","Terrain","1","17","boat_ripple_3"
"level_04.xml","Terrain","2","17","boat_ripple_3"
"level_04.xml","Terrain","3","17","boat_ripple_3"
"level_04.xml","Terrain","4","17","boat_ripple_3"
"level_04.xml","Terrain","5","17","boat_ripple_3"
"level_04.xml","Terrain","6","17","boat_ripple_3"
"level_04.xml","Terrain","7","17","boat_ripple_3"
"level_04.xml","Terrain","8","17","boat_ripple_3"
"level_04.xml","Terrain","9","17","boat_ripple_3"
"level_04.xml","Terrain","10","17","boat_ripple_3"
"level_04.xml","Terrain","11","17","boat_ripple_3"
"level_04.xml","Terrain","12","17","boat_ripple_2"
"level_04.xml","Terrain","13","17","boat_ripple_2"
"level_04.xml","Terrain","14","17","boat_ripple_3"
"level_04.xml","Terrain","15","17","boat_ripple_3"
"level_04.xml","Terrain","16","17","boat_ripple_3"
"level_04.xml","Terrain","17","17","boat_ripple_2"
"level_04.xml","Terrain","18","17","boat_ripple_4"
"level_04.xml","Terrain","37","17","boat_ripple_1"
"level_04.xml","Terrain","38","17","boat_ripple_2"
"level_04.xml","Terrain","39","17","boat_ripple_3"
"level_04.xml","Terrain","40","17","boat_ripple_2"
"level_04.xml","Terrain","41","17","boat_ripple_3"
"level_04.xml","Terrain","42","17","boat_ripple_2"
"level_04.xml","Terrain","43","17","boat_ripple_3"
"level_04.xml","Terrain","44","17","boat_ripple_3"
"level_04.xml","Terrain","45","17","boat_ripple_3"
"level_04.xml","Terrain","46","17","boat_ripple_2"
"level_04.xml","Terrain","47","17","boat_ripple_3"
"level_04.xml","Terrain","48","17","boat_ripple_2"
"level_04.xml","Terrain","49","17","boat_ripple_3"
"level_04.xml","Terrain","50","17","boat_ripple_3"
"level_04.xml","Terrain","51","17","boat_ripple_3"
"level_04.xml","Terrain","52","17","boat_ripple_3"
"level_04.xml","Terrain","53","17","boat_ripple_3"
"level_04.xml","Terrain","54","17","boat_ripple_3"
"level_04.xml","Terrain","55","17","boat_ripple_4"
"level_04.xml","Background","0","0","antichest"
"level_04.xml","Background","1","0","antichest"
"level_04.xml","Background","2","0","antichest"
"level_04.xml","Background","3","0","antichest"
"level_04.xml","Background","4","0","antichest"
"level_04.xml","Background","5","0","antichest"
"level_04.xml","Background","6","0","antichest"
"level_04.xml","Background","7","0","antichest"
"level_04.xml","Background","8","0","antichest"
"level_04.xml","Background","9","0","antichest"
"level_04.xml","Background","10","0","antichest"
"level_04.xml","Background","11","0","antichest"
"level_04.xml","Background","12","0","antichest"
"level_04.xml","Background","13","0","antichest"
"level_04.xml","Background","14","0","antichest"
"level_04.xml","Background","15","0","antichest"
"level_04.xml","Background","16","0","antichest"
"level_04.xml","Background","17","0","antichest"
"level_04.xml","Background","18","0","antichest"
"level_04.xml","Background","19","0","antichest"
"level_04.xml","Background","20","0","antichest"
"level_04.xml","Background","21","0","antichest"
"level_04.xml","Background","22","0","antichest"
"level_04.xml","Background","41","0","antichest"
"level_04.xml","Background","42","0","antichest"
"level_04.xml","Background","43","0","antichest"
"level_04.xml","Background","44","0","antichest"
"level_04.xml","Background","45","0","antichest"
"level_04.xml","Background","46","0","antichest"
"level_04.xml","Background","47","0","antichest"
"level_04.xml","Background","48","0","antichest"
"level_04.xml","Background","49","0","antichest"
"level_04.xml","Background","50","0","antichest"
"level_04.xml","Background","51","0","antichest"
"level_04.xml","Background","52","0","antichest"
"level_04.xml","Background","53","0","antichest"
"level_04.xml","Background","54","0","antichest"
"level_04.xml","Background","55","0","antichest"
"level_04.xml","Background","6","4","mast_top"
"level_04.xml","Background","48","4","mast_top"
"level_04.xml","Background","6","5","mast_middle"
"level_04.xml","Background","48","5","mast_middle"
"level_04.xml","Background","6","6","mast_middle"
"level_04.xml","Background","48","6","mast_middle"
"level_04.xml","Background","6","7","mast_middle"
"level_04.xml","Background","48","7","mast_middle"
"level_04.xml","Background","6","8","mast_middle"
"level_04.xml","Background","15","8","mast_top"
"level_04.xml","Background","39","8","mast_top"
"level_04.xml","Background","48","8","mast_middle"
"level_04.xml","Background","6","9","mast_middle"
"level_04.xml","Background","15","9","mast_middle"
"level_04.xml","Background","39","9","mast_middle"
"level_04.xml","Background","48","9","mast_middle"
"level_04.xml","Background","6","10","mast_middle"
"level_04.xml","Background","15","10","mast_middle"
"level_04.xml","Background","39","10","mast_middle"
"level_04.xml","Background","48","10","mast_middle"
"level_04.xml","Background","6","11","mast_middle"
"level_04.xml","Background","15","11","mast_middle"
"level_04.xml","Background","39","11","mast_middle"
"level_04.xml","Background","48","11","mast_middle"
"level_04.xml","Background","6","12","mast_middle"
"level_04.xml","Background","15","12","mast_middle"
"level_04.xml","Background","39","12","mast_middle"
"level_04.xml","Background","48","12","mast_middle"
"level_04.xml","Background","6","13","mast_middle"
"level_04.xml","Background","15","13","mast_middle"
"level_04.xml","Background","39","13","mast_middle"
"level_04.xml","Background","48","13","mast_middle"
"level_04.xml","Background","6","14","mast_bottom"
"level_04.xml","Background","15","14","mast_bottom"
"level_04.xml","Background","39","14","mast_bottom"
"level_04.xml","Background","48","14","mast_bottom"
"level_05.xml","Terrain","12","3","blank_sand_top_left"
"level_05.xml","Terrain","13","3","blank_sand_middle_2"
"level_05.xml","Terrain","14","3","blank_sand_middle_2"
"level_05.xml","Terrain","15","3","blank_sand_middle_2"
"level_05.xml","Terrain","16","3","blank_sand_top_right"
"level_05.xml","Terrain","12","4","earth_bottom_right"
"level_05.xml","Terrain","13","4","earth_bottom_middle_2"
"level_05.xml","Terrain","14","4","earth_edge_middle_1"
"level_05.xml","Terrain","15","4","earth_edge_middle_1"
"level_05.xml","Terrain","16","4","earth_bottom_left"
"level_05.xml","Terrain","14","5","earth_bottom_right"
"level_05.xml","Terrain","15","5","earth_bottom_left"
"level_05.xml","Terrain","21","7","blank_sand_top_left"
"level_05.xml","Terrain","22","7","blank_sand_middle_2"
"level_05.xml","Terrain","23","7","blank_sand_middle_2"
"level_05.xml","Terrain","24","7","blank_sand_middle_2"
"level_05.xml","Terrain","25","7","blank_sand_top_right"
"level_05.xml","Terrain","31","7","blank_sand_top_left"
"level_05.xml","Terrain","32","7","blank_sand_middle_2"
"level_05.xml","Terrain","33","7","blank_sand_middle_2"
"level_05.xml","Terrain","34","7","blank_sand_middle_2"
"level_05.xml","Terrain","35","7","blank_sand_middle_2"
"level_05.xml","Terrain","36","7","blank_sand_top_right"
"level_05.xml","Terrain","6","8","blank_sand_top_left"
"level_05.xml","Terrain","7","8","blank_sand_middle_2"
"level_05.xml","Terrain","8","8","blank_sand_middle_2"
"level_05.xml","Terrain","9","8","blank_sand_middle_2"
"level_05.xml","Terrain","10","8","blank_sand_middle_2"
"level_05.xml","Terrain","11","8","blank_sand_top_right"
"level_05.xml","Terrain","21","8","earth_bottom_right"
"level_05.xml","Terrain","22","8","earth_edge_middle_1"
"level_05.xml","Terrain","23","8","earth_edge_middle_1"
"level_05.xml","Terrain","24","8","earth_edge_middle_1"
"level_05.xml","Terrain","25","8","earth_bottom_left"
"level_05.xml","Terrain","31","8","earth_bottom_right"
"level_05.xml","Terrain","32","8","earth_bottom_middle_2"
"level_05.xml","Terrain","33","8","earth_edge_middle_1"
"level_05.xml","Terrain","34","8","earth_edge_middle_1"
"level_05.xml","Terrain","35","8","earth_bottom_middle_3"
"level_05.xml","Terrain","36","8","earth_bottom_left"
"level_05.xml","Terrain","6","9","earth_bottom_right"
"level_05.xml","Terrain","7","9","earth_bottom_middle_2"
"level_05.xml","Terrain","8","9","earth_edge_middle_1"
"level_05.xml","Terrain","9","9","earth_edge_middle_1"
"level_05.xml","Terrain","10","9","earth_bottom_middle_3"
"level_05.xml","Terrain","11","9","earth_bottom_left"
"level_05.xml","Terrain","22","9","earth_bottom_right"
"level_05.xml","Terrain","23","9","eartyh_bottom_middle"
"level_05.xml","Terrain","24","9","earth_bottom_left"
"level_05.xml","Terrain","33","9","earth_bottom_right"
"level_05.xml","Terrain","34","9","earth_bottom_left"
"level_05.xml","Terrain","8","10","earth_bottom_right"
"level_05.xml","Terrain","9","10","earth_bottom_left"
"level_05.xml","Terrain","29","12","shell_sand_top_left"
"level_05.xml","Terrain","30","12","blank_sand_top_right"
"level_05.xml","Terrain","39","12","blank_sand_top_left"
"level_05.xml","Terrain","40","12","blank_sand_top_right"
"level_05.xml","Terrain","2","13","blank_sand_top_left"
"level_05.xml","Terrain","3","13","blank_sand_middle_2"
"level_05.xml","Terrain","4","13","blank_sand_top_right"
"level_05.xml","Terrain","15","13","blank_sand_top_left"
"level_05.xml","Terrain","16","13","blank_sand_middle_2"
"level_05.xml","Terrain","17","13","blank_sand_middle_2"
"level_05.xml","Terrain","18","13","blank_sand_top_right"
"level_05.xml","Terrain","29","13","earth_edge_left"
"level_05.xml","Terrain","30","13","earth_edge_right"
"level_05.xml","Terrain","39","13","earth_edge_left"
"level_05.xml","Terrain","40","13","earth_edge_right"
"level_05.xml","Terrain","1","14","blank_sand_top_left"
"level_05.xml","Terrain","2","14","sand_overlap_left"
"level_05.xml","Terrain","3","14","earth_edge_middle_1"
"level_05.xml","Terrain","4","14","sand_overlap_right"
"level_05.xml","Terrain","5","14","blank_sand_top_right"
"level_05.xml","Terrain","10","14","blank_sand_top_left"
"level_05.xml","Terrain","11","14","blank_sand_middle_2"
"level_05.xml","Terrain","12","14","blank_sand_middle_2"
"level_05.xml","Terrain","13","14","blank_sand_middle_2"
"level_05.xml","Terrain","14","14","blank_sand_middle_2"
"level_05.xml","Terrain","15","14","sand_overlap_left"
"level_05.xml","Terrain","16","14","earth_edge_middle_1"
"level_05.xml","Terrain","17","14","earth_edge_middle_1"
"level_05.xml","Terrain","18","14","sand_overlap_right"
"level_05.xml","Terrain","19","14","blank_sand_middle_2"
"level_05.xml","Terrain","20","14","blank_sand_middle_2"
"level_05.xml","Terrain","21","14","blank_sand_middle_2"
"level_05.xml","Terrain","22","14","blank_sand_top_right"
"level_05.xml","Terrain","26","14","blank_sand_top_left"
"level_05.xml","Terrain","27","14","blank_sand_middle_2"
"level_05.xml","Terrain","28","14","blank_sand_middle_2"
"level_05.xml","Terrain","29","14","sand_overlap_left"
"level_05.xml","Terrain","30","14","sand_overlap_right"
"level_05.xml","Terrain","31","14","blank_sand_middle_2"
"level_05.xml","Terrain","32","14","blank_sand_middle_2"
"level_05.xml","Terrain","33","14","blank_sand_middle_2"
"level_05.xml","Terrain","34","14","blank_sand_top_right"
"level_05.xml","Terrain","38","14","blank_sand_top_left"
"level_05.xml","Terrain","39","14","sand_overlap_left"
"level_05.xml","Terrain","40","14","earth_edge_right"
"level_05.xml","Terrain","0","15","blank_sand_top_left"
"level_05.xml","Terrain","1","15","sand_overlap_left"
"level_05.xml","Terrain","2","15","earth_edge_middle_1"
"level_05.xml","Terrain","3","15","earth_edge_middle_1"
"level_05.xml","Terrain","4","15","earth_edge_middle_1"
"level_05.xml","Terrain","5","15","sand_overlap_right"
"level_05.xml","Terrain","6","15","blank_sand_middle_2"
"level_05.xml","Terrain","7","15","blank_sand_middle_2"
"level_05.xml","Terrain","8","15","blank_sand_middle_2"
"level_05.xml","Terrain","9","15","blank_sand_middle_2"
"level_05.xml","Terrain","10","15","sand_overlap_left"
"level_05.xml","Terrain","11","15","earth_edge_middle_1"
"level_05.xml","Terrain","12","15","earth_edge_middle_1"
"level_05.xml","Terrain","13","15","earth_edge_middle_1"
"level_05.xml","Terrain","14","15","earth_edge_middle_1"
"level_05.xml","Terrain","15","15","earth_edge_middle_1"
"level_05.xml","Terrain","16","15","earth_edge_middle_1"
"level_05.xml","Terrain","17","15","earth_edge_middle_1"
"level_05.xml","Terrain","18","15","earth_edge_middle_1"
"level_05.xml","Terrain","19","15","earth_edge_middle_1"
"level_05.xml","Terrain","20","15","earth_edge_middle_1"
"level_05.xml","Terrain","21","15","earth_edge_middle_1"
"level_05.xml","Terrain","22","15","sand_overlap_right"
"level_05.xml","Terrain","23","15","blank_sand_middle_2"
"level_05.xml","Terrain","24","15","blank_sand_middle_2"
"level_05.xml","Terrain","25","15","blank_sand_middle_2"
"level_05.xml","Terrain","26","15","sand_overlap_left"
"level_05.xml","Terrain","27","15","earth_edge_middle_1"
"level_05.xml","Terrain","28","15","earth_edge_middle_1"
"level_05.xml","Terrain","29","15","earth_edge_middle_1"
"level_05.xml","Terrain","30","15","earth_edge_middle_1"
"level_05.xml","Terrain","31","15","earth_edge_middle_1"
"level_05.xml","Terrain","32","15","earth_edge_middle_1"
"level_05.xml","Terrain","33","15","earth_edge_middle_1"
"level_05.xml","Terrain","34","15","sand_overlap_right"
"level_05.xml","Terrain","35","15","blank_sand_middle_2"
"level_05.xml","Terrain","36","15","blank_sand_middle_2"
"level_05.xml","Terrain","37","15","blank_sand_middle_2"
"level_05.xml","Terrain","38","15","sand_overlap_left"
"level_05.xml","Terrain","39","15","earth_edge_middle_1"
"level_05.xml","Terrain","40","15","sand_overlap_right"
"level_05.xml","Terrain","41","15","blank_sand_middle_2"
"level_05.xml","Terrain","42","15","blank_sand_middle_2"
"level_05.xml","Terrain","43","15","blank_sand_top_right"
"level_05.xml","Terrain","0","16","earth_edge_left"
"level_05.xml","Terrain","1","16","earth_edge_middle_1"
"level_05.xml","Terrain","2","16","earth_edge_middle_1"
"level_05.xml","Terrain","3","16","earth_edge_middle_1"
"level_05.xml","Terrain","4","16","earth_edge_middle_1"
"level_05.xml","Terrain","5","16","earth_edge_middle_1"
"level_05.xml","Terrain","6","16","earth_edge_middle_1"
"level_05.xml","Terrain","7","16","earth_edge_middle_1"
"level_05.xml","Terrain","8","16","earth_edge_middle_1"
"level_05.xml","Terrain","9","16","earth_edge_middle_1"
"level_05.xml","Terrain","10","16","earth_edge_middle_1"
"level_05.xml","Terrain","11","16","earth_edge_middle_1"
"level_05.xml","Terrain","12","16","earth_edge_middle_1"
"level_05.xml","Terrain","13","16","earth_edge_middle_1"
"level_05.xml","Terrain","14","16","earth_edge_middle_1"
"level_05.xml","Terrain","15","16","earth_edge_middle_1"
"level_05.xml","Terrain","16","16","earth_edge_middle_1"
"level_05.xml","Terrain","17","16","earth_edge_middle_1"
"level_05.xml","Terrain","18","16","earth_edge_middle_1"
"level_05.xml","Terrain","19","16","earth_edge_middle_1"
"level_05.xml","Terrain","20","16","earth_edge_middle_1"
"level_05.xml","Terrain","21","16","earth_edge_middle_1"
"level_05.xml","Terrain","22","16","earth_edge_middle_1"
"level_05.xml","Terrain","23","16","earth_edge_middle_1"
"level_05.xml","Terrain","24","16","earth_edge_middle_1"
"level_05.xml","Terrain","25","16","earth_edge_middle_1"
"level_05.xml","Terrain","26","16","earth_edge_middle_1"
"level_05.xml","Terrain","27","16","earth_edge_middle_1"
"level_05.xml","Terrain","28","16","earth_edge_middle_1"
"level_05.xml","Terrain","29","16","earth_edge_middle_1"
"level_05.xml","Terrain","30","16","earth_edge_middle_1"
"level_05.xml","Terrain","31","16","earth_edge_middle_1"
"level_05.xml","Terrain","32","16","earth_edge_middle_1"
"level_05.xml","Terrain","33","16","earth_edge_middle_1"
"level_05.xml","Terrain","34","16","earth_edge_middle_1"
"level_05.xml","Terrain","35","16","earth_edge_middle_1"
"level_05.xml","Terrain","36","16","earth_edge_middle_1"
"level_05.xml","Terrain","37","16","earth_edge_middle_1"
"level_05.xml","Terrain","38","16","earth_edge_middle_1"
"level_05.xml","Terrain","39","16","earth_edge_middle_1"
"level_05.xml","Terrain","40","16","earth_edge_middle_1"
"level_05.xml","Terrain","41","16","earth_edge_middle_1"
"level_05.xml","Terrain","42","16","earth_edge_middle_1"
"level_05.xml","Terrain","43","16","earth_edge_right"
"level_05.xml","Terrain","0","17","tile_ripple_left"
"level_05.xml","Terrain","1","17","tile_ripple_middle"
"level_05.xml","Terrain","2","17","tile_ripple_middle"
"level_05.xml","Terrain","3","17","tile_ripple_middle"
"level_05.xml","Terrain","4","17","tile_ripple_middle"
"level_05.xml","Terrain","5","17","tile_ripple_middle"
"level_05.xml","Terrain","6","17","tile_ripple_middle"
"level_05.xml","Terrain","7","17","tile_ripple_middle"
"level_05.xml","Terrain","8","17","tile_ripple_middle"
"level_05.xml","Terrain","9","17","tile_ripple_middle"
"level_05.xml","Terrain","10","17","tile_ripple_middle"
"level_05.xml","Terrain","11","17","tile_ripple_middle"
"level_05.xml","Terrain","12","17","tile_ripple_middle"
"level_05.xml","Terrain","13","17","tile_ripple_middle"
"level_05.xml","Terrain","14","17","tile_ripple_middle"
"level_05.xml","Terrain","15","17","tile_ripple_middle"
"level_05.xml","Terrain","16","17","tile_ripple_middle"
"level_05.xml","Terrain","17","17","tile_ripple_middle"
"level_05.xml","Terrain","18","17","tile_ripple_middle"
"level_05.xml","Terrain","19","17","tile_ripple_middle"
"level_05.xml","Terrain","20","17","tile_ripple_middle"
"level_05.xml","Terrain","21","17","tile_ripple_middle"
"level_05.xml","Terrain","22","17","tile_ripple_middle"
"level_05.xml","Terrain","23","17","tile_ripple_middle"
"level_05.xml","Terrain","24","17","tile_ripple_middle"
"level_05.xml","Terrain","25","17","tile_ripple_middle"
"level_05.xml","Terrain","26","17","tile_ripple_middle"
"level_05.xml","Terrain","27","17","tile_ripple_middle"
"level_05.xml","Terrain","28","17","tile_ripple_middle"
"level_05.xml","Terrain","29","17","tile_ripple_middle"
"level_05.xml","Terrain","30","17","tile_ripple_middle"
"level_05.xml","Terrain","31","17","tile_ripple_middle"
"level_05.xml","Terrain","32","17","tile_ripple_middle"
"level_05.xml","Terrain","33","17","tile_ripple_middle"
"level_05.xml","Terrain","34","17","tile_ripple_middle"
"level_05.xml","Terrain","35","17","tile_ripple_middle"
"level_05.xml","Terrain","36","17","tile_ripple_middle"
"level_05.xml","Terrain","37","17","tile_ripple_middle"
"level_05.xml","Terrain","38","17","tile_ripple_middle"
"level_05.xml","Terrain","39","17","tile_ripple_middle"
"level_05.xml","Terrain","40","17","tile_ripple_middle"
"level_05.xml","Terrain","41","17","tile_ripple_middle"
"level_05.xml","Terrain","42","17","tile_ripple_middle"
"level_05.xml","Terrain","43","17","tile_ripple_right"
"level_05.xml","Terrain","0","18","tile_ripple_left"
"level_05.xml","Terrain","1","18","tile_ripple_middle"
"level_05.xml","Terrain","2","18","tile_ripple_middle"
"level_05.xml","Terrain","3","18","tile_ripple_middle"
"level_05.xml","Terrain","4","18","tile_ripple_middle"
"level_05.xml","Terrain","5","18","tile_ripple_middle"
"level_05.xml","Terrain","6","18","tile_ripple_middle"
"level_05.xml","Terrain","7","18","tile_ripple_middle"
"level_05.xml","Terrain","8","18","tile_ripple_middle"
"level_05.xml","Terrain","9","18","tile_ripple_middle"
"level_05.xml","Terrain","10","18","tile_ripple_middle"
"level_05.xml","Terrain","11","18","tile_ripple_middle"
"level_05.xml","Terrain","12","18","tile_ripple_middle"
"level_05.xml","Terrain","13","18","tile_ripple_middle"
"level_05.xml","Terrain","14","18","tile_ripple_middle"
"level_05.xml","Terrain","15","18","tile_ripple_middle"
"level_05.xml","Terrain","16","18","tile_ripple_middle"
"level_05.xml","Terrain","17","18","tile_ripple_middle"
"level_05.xml","Terrain","18","18","tile_ripple_middle"
"level_05.xml","Terrain","19","18","tile_ripple_middle"
"level_05.xml","Terrain","20","18","tile_ripple_middle"
"level_05.xml","Terrain","21","18","tile_ripple_middle"
"level_05.xml","Terrain","22","18","tile_ripple_middle"
"level_05.xml","Terrain","23","18","tile_ripple_middle"
"level_05.xml","Terrain","24","18","tile_ripple_middle"
"level_05.xml","Terrain","25","18","tile_ripple_middle"
"level_05.xml","Terrain","26","18","tile_ripple_middle"
"level_05.xml","Terrain","27","18","tile_ripple_middle"
"level_05.xml","Terrain","28","18","tile_ripple_middle"
"level_05.xml","Terrain","29","18","tile_ripple_middle"
"level_05.xml","Terrain","30","18","tile_ripple_middle"
"level_05.xml","Terrain","31","18","tile_ripple_middle"
"level_05.xml","Terrain","32","18","tile_ripple_middle"
"level_05.xml","Terrain","33","18","tile_ripple_middle"
"level_05.xml","Terrain","34","18","tile_ripple_middle"
"level_05.xml","Terrain","35","18","tile_ripple_middle"
"level_05.xml","Terrain","36","18","tile_ripple_middle"
"level_05.xml","Terrain","37","18","tile_ripple_middle"
"level_05.xml","Terrain","38","18","tile_ripple_middle"
"level_05.xml","Terrain","39","18","tile_ripple_middle"
"level_05.xml","Terrain","40","18","tile_ripple_middle"
"level_05.xml","Terrain","41","18","tile_ripple_middle"
"level_05.xml","Terrain","42","18","tile_ripple_middle"
"level_05.xml","Terrain","43","18","tile_ripple_right"
"level_05.xml","Terrain","0","19","tile_ripple_left"
"level_05.xml","Terrain","1","19","tile_ripple_middle"
"level_05.xml","Terrain","2","19","tile_ripple_middle"
"level_05.xml","Terrain","3","19","tile_ripple_middle"
"level_05.xml","Terrain","4","19","tile_ripple_middle"
"level_05.xml","Terrain","5","19","tile_ripple_middle"
"level_05.xml","Terrain","6","19","tile_ripple_middle"
"level_05.xml","Terrain","7","19","tile_ripple_middle"
"level_05.xml","Terrain","8","19","tile_ripple_middle"
"level_05.xml","Terrain","9","19","tile_ripple_middle"
"level_05.xml","Terrain","10","19","tile_ripple_middle"
"level_05.xml","Terrain","11","19","tile_ripple_middle"
"level_05.xml","Terrain","12","19","tile_ripple_middle"
"level_05.xml","Terrain","13","19","tile_ripple_middle"
"level_05.xml","Terrain","14","19","tile_ripple_middle"
"level_05.xml","Terrain","15","19","tile_ripple_middle"
"level_05.xml","Terrain","16","19","tile_ripple_middle"
"level_05.xml","Terrain","17","19","tile_ripple_middle"
"level_05.xml","Terrain","18","19","tile_ripple_middle"
"level_05.xml","Terrain","19","19","tile_ripple_middle"
"level_05.xml","Terrain","20","19","tile_ripple_middle"
"level_05.xml","Terrain","21","19","tile_ripple_middle"
"level_05.xml","Terrain","22","19","tile_ripple_middle"
"level_05.xml","Terrain","23","19","tile_ripple_middle"
"level_05.xml","Terrain","24","19","tile_ripple_middle"
"level_05.xml","Terrain","25","19","tile_ripple_middle"
"level_05.xml","Terrain","26","19","tile_ripple_middle"
"level_05.xml","Terrain","27","19","tile_ripple_middle"
"level_05.xml","Terrain","28","19","tile_ripple_middle"
"level_05.xml","Terrain","29","19","tile_ripple_middle"
"level_05.xml","Terrain","30","19","tile_ripple_middle"
"level_05.xml","Terrain","31","19","tile_ripple_middle"
"level_05.xml","Terrain","32","19","tile_ripple_middle"
"level_05.xml","Terrain","33","19","tile_ripple_middle"
"level_05.xml","Terrain","34","19","tile_ripple_middle"
"level_05.xml","Terrain","35","19","tile_ripple_middle"
"level_05.xml","Terrain","36","19","tile_ripple_middle"
"level_05.xml","Terrain","37","19","tile_ripple_middle"
"level_05.xml","Terrain","38","19","tile_ripple_middle"
"level_05.xml","Terrain","39","19","tile_ripple_middle"
"level_05.xml","Terrain","40","19","tile_ripple_middle"
"level_05.xml","Terrain","41","19","tile_ripple_middle"
"level_05.xml","Terrain","42","19","tile_ripple_middle"
"level_05.xml","Terrain","43","19","tile_ripple_right"
"level_05.xml","Background","13","2","grass"
"level_05.xml","Background","14","2","grass"
"level_05.xml","Background","15","2","rock_3"
"level_05.xml","Background","16","2","small_tree"
"level_05.xml","Background","22","6","grass"
"level_05.xml","Background","23","6","grass"
"level_05.xml","Background","24","6","rock_3"
"level_05.xml","Background","25","6","big_tree"
"level_05.xml","Background","33","6","grass"
"level_05.xml","Background","34","6","small_tree"
"level_05.xml","Background","35","6","grass"
"level_05.xml","Background","36","6","grass"
"level_05.xml","Background","6","7","grass"
"level_05.xml","Background","7","7","big_tree"
"level_05.xml","Background","8","7","small_tree"
"level_05.xml","Background","9","7","grass"
"level_05.xml","Background","10","7","rock_1"
"level_05.xml","Background","4","12","rock_3"
"level_05.xml","Background","16","12","rock_2"
"level_05.xml","Background","17","12","small_tree"
"level_05.xml","Background","18","12","big_tree"
"level_05.xml","Background","29","12","grass"
"level_05.xml","Background","30","12","grass"
"level_05.xml","Background","11","13","grass"
"level_05.xml","Background","12","13","grass"
"level_05.xml","Background","14","13","rock_2"
"level_05.xml","Background","20","13","grass"
"level_05.xml","Background","21","13","grass"
"level_05.xml","Background","27","13","rock_2"
"level_05.xml","Background","32","13","grass"
"level_05.xml","Background","33","13","grass"
"level_05.xml","Background","38","13","grass"
"level_05.xml","Background","9","14","rock_1"
"level_05.xml","Background","35","14","rock_1"
"level_05.xml","Background","36","14","small_tree"
"level_05.xml","Background","41","14","grass"
"level_06.xml","Terrain","47","6","grass_top_left"
"level_06.xml","Terrain","48","6","grass_top_middle_1"
"level_06.xml","Terrain","49","6","grass_top_middle_1"
"level_06.xml","Terrain","50","6","grass_top_middle_1"
"level_06.xml","Terrain","51","6","grass_top_middle_1"
"level_06.xml","Terrain","52","6","grass_top_middle_1"
"level_06.xml","Terrain","53","6","grass_top_middle_1"
"level_06.xml","Terrain","54","6","grass_top_middle_1"
"level_06.xml","Terrain","55","6","grass_top_middle_1"
"level_06.xml","Terrain","56","6","grass_top_middle_1"
"level_06.xml","Terrain","57","6","grass_top_middle_1"
"level_06.xml","Terrain","58","6","grass_top_middle_1"
"level_06.xml","Terrain","59","6","grass_top_middle_1"
"level_06.xml","Terrain","60","6","grass_top_middle_1"
"level_06.xml","Terrain","61","6","grass_top_middle_1"
"level_06.xml","Terrain","62","6","grass_top_middle_1"
"level_06.xml","Terrain","63","6","grass_top_middle_1"
"level_06.xml","Terrain","64","6","grass_top_middle_1"
"level_06.xml","Terrain","65","6","grass_top_middle_1"
"level_06.xml","Terrain","66","6","grass_top_middle_1"
"level_06.xml","Terrain","67","6","grass_top_middle_1"
"level_06.xml","Terrain","68","6","grass_top_middle_1"
"level_06.xml","Terrain","69","6","grass_top_middle_1"
"level_06.xml","Terrain","70","6","grass_top_middle_1"
"level_06.xml","Terrain","71","6","grass_top_middle_1"
"level_06.xml","Terrain","72","6","grass_top_right"
"level_06.xml","Terrain","46","7","grass_top_left"
"level_06.xml","Terrain","47","7","grass_overlap_left"
"level_06.xml","Terrain","48","7","earth_edge_middle_2"
"level_06.xml","Terrain","49","7","earth_edge_middle_2"
"level_06.xml","Terrain","50","7","earth_edge_middle_1"
"level_06.xml","Terrain","51","7","earth_edge_middle_1"
"level_06.xml","Terrain","52","7","earth_bottom_middle_3"
"level_06.xml","Terrain","53","7","eartyh_bottom_middle"
"level_06.xml","Terrain","54","7","eartyh_bottom_middle"
"level_06.xml","Terrain","55","7","eartyh_bottom_middle"
"level_06.xml","Terrain","56","7","eartyh_bottom_middle"
"level_06.xml","Terrain","57","7","eartyh_bottom_middle"
"level_06.xml","Terrain","58","7","eartyh_bottom_middle"
"level_06.xml","Terrain","59","7","eartyh_bottom_middle"
"level_06.xml","Terrain","60","7","eartyh_bottom_middle"
"level_06.xml","Terrain","61","7","eartyh_bottom_middle"
"level_06.xml","Terrain","62","7","eartyh_bottom_middle"
"level_06.xml","Terrain","63","7","eartyh_bottom_middle"
"level_06.xml","Terrain","64","7","eartyh_bottom_middle"
"level_06.xml","Terrain","65","7","eartyh_bottom_middle"
"level_06.xml","Terrain","66","7","eartyh_bottom_middle"
"level_06.xml","Terrain","67","7","eartyh_bottom_middle"
"level_06.xml","Terrain","68","7","eartyh_bottom_middle"
"level_06.xml","Terrain","69","7","eartyh_bottom_middle"
"level_06.xml","Terrain","70","7","eartyh_bottom_middle"
"level_06.xml","Terrain","71","7","earth_edge_middle_2"
"level_06.xml","Terrain","72","7","grass_overlap_right"
"level_06.xml","Terrain","73","7","grass_top_right"
"level_06.xml","Terrain","45","8","grass_top_left"
"level_06.xml","Terrain","46","8","grass_overlap_left"
"level_06.xml","Terrain","47","8","earth_edge_middle_2"
"level_06.xml","Terrain","48","8","earth_edge_middle_2"
"level_06.xml","Terrain","49","8","earth_edge_middle_1"
"level_06.xml","Terrain","50","8","earth_bottom_middle_3"
"level_06.xml","Terrain","51","8","earth_bottom_left"
"level_06.xml","Terrain","71","8","earth_edge_left"
"level_06.xml","Terrain","72","8","earth_edge_middle_2"
"level_06.xml","Terrain","73","8","grass_overlap_right"
"level_06.xml","Terrain","74","8","grass_top_right"
"level_06.xml","Terrain","44","9","grass_top_left"
"level_06.xml","Terrain","45","9","grass_overlap_left"
"level_06.xml","Terrain","46","9","earth_edge_middle_2"
"level_06.xml","Terrain","47","9","earth_edge_middle_2"
"level_06.xml","Terrain","48","9","earth_edge_middle_2"
"level_06.xml","Terrain","49","9","earth_edge_right"
"level_06.xml","Terrain","71","9","earth_bottom_right"
"level_06.xml","Terrain","72","9","eartyh_bottom_middle"
"level_06.xml","Terrain","73","9","earth_edge_middle_2"
"level_06.xml","Terrain","74","9","grass_overlap_right"
"level_06.xml","Terrain","75","9","grass_top_right"
"level_06.xml","Terrain","43","10","grass_top_left"
"level_06.xml","Terrain","44","10","grass_overlap_left"
"level_06.xml","Terrain","45","10","earth_edge_middle_1"
"level_06.xml","Terrain","46","10","earth_edge_middle_2"
"level_06.xml","Terrain","47","10","earth_edge_middle_2"
"level_06.xml","Terrain","48","10","earth_edge_middle_2"
"level_06.xml","Terrain","49","10","earth_bottom_left"
"level_06.xml","Terrain","73","10","earth_bottom_right"
"level_06.xml","Terrain","74","10","earth_edge_middle_2"
"level_06.xml","Terrain","75","10","grass_overlap_right"
"level_06.xml","Terrain","76","10","grass_top_right"
"level_06.xml","Terrain","42","11","grass_top_left"
"level_06.xml","Terrain","43","11","grass_overlap_left"
"level_06.xml","Terrain","44","11","earth_edge_middle_1"
"level_06.xml","Terrain","45","11","earth_edge_middle_1"
"level_06.xml","Terrain","46","11","earth_edge_middle_2"
"level_06.xml","Terrain","47","11","earth_edge_middle_2"
"level_06.xml","Terrain","48","11","earth_edge_right"
"level_06.xml","Terrain","74","11","earth_bottom_right"
"level_06.xml","Terrain","75","11","earth_edge_middle_2"
"level_06.xml","Terrain","76","11","earth_edge_middle_2"
"level_06.xml","Terrain","77","11","grass_top_right"
"level_06.xml","Terrain","41","12","grass_top_left"
"level_06.xml","Terrain","42","12","grass_overlap_left"
"level_06.xml","Terrain","43","12","earth_edge_middle_1"
"level_06.xml","Terrain","44","12","earth_edge_middle_1"
"level_06.xml","Terrain","45","12","earth_edge_middle_1"
"level_06.xml","Terrain","46","12","earth_edge_middle_2"
"level_06.xml","Terrain","47","12","earth_edge_middle_2"
"level_06.xml","Terrain","48","12","earth_edge_right"
"level_06.xml","Terrain","55","12","grass_top_left"
"level_06.xml","Terrain","56","12","grass_top_middle_1"
"level_06.xml","Terrain","57","12","grass_top_middle_1"
"level_06.xml","Terrain","58","12","grass_top_middle_1"
"level_06.xml","Terrain","59","12","grass_top_middle_1"
"level_06.xml","Terrain","60","12","grass_top_middle_1"
"level_06.xml","Terrain","61","12","grass_top_middle_1"
"level_06.xml","Terrain","62","12","grass_top_middle_1"
"level_06.xml","Terrain","63","12","grass_top_middle_1"
"level_06.xml","Terrain","64","12","grass_top_middle_1"
"level_06.xml","Terrain","65","12","grass_top_middle_1"
"level_06.xml","Terrain","66","12","grass_top_right"
"level_06.xml","Terrain","75","12","earth_bottom_right"
"level_06.xml","Terrain","76","12","earth_edge_middle_2"
"level_06.xml","Terrain","77","12","grass_overlap_right"
"level_06.xml","Terrain","78","12","grass_top_right"
"level_06.xml","Terrain","40","13","grass_top_left"
"level_06.xml","Terrain","41","13","grass_overlap_left"
"level_06.xml","Terrain","42","13","earth_edge_middle_1"
"level_06.xml","Terrain","43","13","earth_edge_middle_1"
"level_06.xml","Terrain","44","13","earth_edge_middle_1"
"level_06.xml","Terrain","45","13","earth_edge_middle_1"
"level_06.xml","Terrain","46","13","earth_edge_middle_2"
"level_06.xml","Terrain","47","13","earth_edge_middle_2"
"level_06.xml","Terrain","48","13","earth_edge_right"
"level_06.xml","Terrain","55","13","earth_bottom_right"
"level_06.xml","Terrain","56","13","eartyh_bottom_middle"
"level_06.xml","Terrain","57","13","eartyh_bottom_middle"
"level_06.xml","Terrain","58","13","eartyh_bottom_middle"
"level_06.xml","Terrain","59","13","eartyh_bottom_middle"
"level_06.xml","Terrain","60","13","eartyh_bottom_middle"
"level_06.xml","Terrain","61","13","eartyh_bottom_middle"
"level_06.xml","Terrain","62","13","eartyh_bottom_middle"
"level_06.xml","Terrain","63","13","eartyh_bottom_middle"
"level_06.xml","Terrain","64","13","eartyh_bottom_middle"
"level_06.xml","Terrain","65","13","eartyh_bottom_middle"
"level_06.xml","Terrain","66","13","earth_bottom_left"
"level_06.xml","Terrain","76","13","earth_bottom_right"
"level_06.xml","Terrain","77","13","earth_edge_middle_2"
"level_06.xml","Terrain","78","13","grass_overlap_right"
"level_06.xml","Terrain","79","13","grass_top_right"
"level_06.xml","Terrain","39","14","grass_top_left"
"level_06.xml","Terrain","40","14","grass_overlap_left"
"level_06.xml","Terrain","41","14","earth_edge_middle_1"
"level_06.xml","Terrain","42","14","earth_edge_middle_1"
"level_06.xml","Terrain","43","14","earth_edge_middle_1"
"level_06.xml","Terrain","44","14","earth_edge_middle_1"
"level_06.xml","Terrain","45","14","earth_edge_middle_1"
"level_06.xml","Terrain","46","14","earth_edge_middle_1"
"level_06.xml","Terrain","47","14","earth_edge_middle_2"
"level_06.xml","Terrain","48","14","grass_overlap_right"
"level_06.xml","Terrain","49","14","grass_top_right"
"level_06.xml","Terrain","77","14","earth_bottom_right"
"level_06.xml","Terrain","78","14","earth_edge_middle_2"
"level_06.xml","Terrain","79","14","grass_overlap_right"
"level_06.xml","Terrain","80","14","grass_top_right"
"level_06.xml","Terrain","38","15","grass_top_left"
"level_06.xml","Terrain","39","15","grass_overlap_left"
"level_06.xml","Terrain","40","15","earth_edge_middle_1"
"level_06.xml","Terrain","41","15","earth_edge_middle_1"
"level_06.xml","Terrain","42","15","eartyh_bottom_middle"
"level_06.xml","Terrain","43","15","eartyh_bottom_middle"
"level_06.xml","Terrain","44","15","eartyh_bottom_middle"
"level_06.xml","Terrain","45","15","eartyh_bottom_middle"
"level_06.xml","Terrain","46","15","earth_bottom_middle_2"
"level_06.xml","Terrain","47","15","earth_edge_middle_2"
"level_06.xml","Terrain","48","15","earth_edge_middle_2"
"level_06.xml","Terrain","49","15","earth_edge_right"
"level_06.xml","Terrain","78","15","earth_bottom_right"
"level_06.xml","Terrain","79","15","earth_edge_middle_2"
"level_06.xml","Terrain","80","15","grass_overlap_right"
"level_06.xml","Terrain","81","15","grass_top_right"
"level_06.xml","Terrain","37","16","grass_top_left"
"level_06.xml","Terrain","38","16","grass_overlap_left"
"level_06.xml","Terrain","39","16","earth_edge_middle_1"
"level_06.xml","Terrain","40","16","earth_edge_middle_1"
"level_06.xml","Terrain","41","16","earth_bottom_left"
"level_06.xml","Terrain","47","16","earth_edge_left"
"level_06.xml","Terrain","48","16","earth_edge_middle_2"
"level_06.xml","Terrain","49","16","earth_edge_right"
"level_06.xml","Terrain","79","16","earth_bottom_right"
"level_06.xml","Terrain","80","16","earth_edge_middle_2"
"level_06.xml","Terrain","81","16","grass_overlap_right"
"level_06.xml","Terrain","82","16","grass_top_right"
"level_06.xml","Terrain","36","17","grass_top_left"
"level_06.xml","Terrain","37","17","grass_overlap_left"
"level_06.xml","Terrain","38","17","earth_edge_middle_1"
"level_06.xml","Terrain","39","17","earth_edge_middle_1"
"level_06.xml","Terrain","40","17","earth_edge_right"
"level_06.xml","Terrain","47","17","earth_edge_left"
"level_06.xml","Terrain","48","17","earth_edge_middle_2"
"level_06.xml","Terrain","49","17","earth_edge_right"
"level_06.xml","Terrain","80","17","earth_bottom_right"
"level_06.xml","Terrain","81","17","earth_edge_middle_2"
"level_06.xml","Terrain","82","17","grass_overlap_right"
"level_06.xml","Terrain","83","17","grass_top_right"
"level_06.xml","Terrain","35","18","grass_top_left"
"level_06.xml","Terrain","36","18","grass_overlap_left"
"level_06.xml","Terrain","37","18","earth_edge_middle_1"
"level_06.xml","Terrain","38","18","earth_edge_middle_1"
"level_06.xml","Terrain","39","18","earth_edge_middle_1"
"level_06.xml","Terrain","40","18","earth_edge_right"
"level_06.xml","Terrain","47","18","earth_edge_left"
"level_06.xml","Terrain","48","18","earth_edge_middle_2"
"level_06.xml","Terrain","49","18","earth_edge_middle_2"
"level_06.xml","Terrain","50","18","grass_top_middle_1"
"level_06.xml","Terrain","51","18","grass_top_middle_1"
"level_06.xml","Terrain","52","18","grass_top_middle_1"
"level_06.xml","Terrain","53","18","grass_top_middle_1"
"level_06.xml","Terrain","54","18","grass_top_middle_1"
"level_06.xml","Terrain","55","18","grass_top_middle_1"
"level_06.xml","Terrain","56","18","grass_top_middle_1"
"level_06.xml","Terrain","57","18","grass_top_middle_1"
"level_06.xml","Terrain","58","18","grass_top_middle_1"
"level_06.xml","Terrain","59","18","grass_top_right"
"level_06.xml","Terrain","63","18","grass_top_left"
"level_06.xml","Terrain","64","18","grass_top_middle_1"
"level_06.xml","Terrain","65","18","grass_top_middle_1"
"level_06.xml","Terrain","66","18","grass_top_middle_1"
"level_06.xml","Terrain","67","18","grass_top_middle_1"
"level_06.xml","Terrain","68","18","grass_top_middle_1"
"level_06.xml","Terrain","69","18","grass_top_middle_1"
"level_06.xml","Terrain","70","18","grass_top_right"
"level_06.xml","Terrain","81","18","earth_bottom_right"
"level_06.xml","Terrain","82","18","eartyh_bottom_middle"
"level_06.xml","Terrain","83","18","earth_bottom_left"
"level_06.xml","Terrain","34","19","grass_top_left"
"level_06.xml","Terrain","35","19","grass_overlap_left"
"level_06.xml","Terrain","36","19","earth_edge_middle_1"
"level_06.xml","Terrain","37","19","earth_edge_middle_1"
"level_06.xml","Terrain","38","19","earth_edge_middle_1"
"level_06.xml","Terrain","39","19","earth_edge_middle_1"
"level_06.xml","Terrain","40","19","earth_edge_right"
"level_06.xml","Terrain","45","19","grass_top_left"
"level_06.xml","Terrain","46","19","grass_top_middle_1"
"level_06.xml","Terrain","47","19","grass_overlap_left"
"level_06.xml","Terrain","48","19","earth_edge_middle_2"
"level_06.xml","Terrain","49","19","earth_edge_middle_2"
"level_06.xml","Terrain","50","19","earth_edge_middle_2"
"level_06.xml","Terrain","51","19","earth_edge_middle_2"
"level_06.xml","Terrain","52","19","earth_edge_middle_2"
"level_06.xml","Terrain","53","19","earth_edge_middle_2"
"level_06.xml","Terrain","54","19","earth_edge_middle_2"
"level_06.xml","Terrain","55","19","earth_edge_middle_1"
"level_06.xml","Terrain","56","19","earth_edge_middle_1"
"level_06.xml","Terrain","57","19","earth_edge_middle_1"
"level_06.xml","Terrain","58","19","earth_edge_middle_1"
"level_06.xml","Terrain","59","19","earth_edge_right"
"level_06.xml","Terrain","63","19","earth_edge_left"
"level_06.xml","Terrain","64","19","earth_edge_middle_1"
"level_06.xml","Terrain","65","19","earth_edge_middle_1"
"level_06.xml","Terrain","66","19","earth_edge_middle_1"
"level_06.xml","Terrain","67","19","earth_edge_middle_1"
"level_06.xml","Terrain","68","19","earth_edge_middle_1"
"level_06.xml","Terrain","69","19","earth_edge_middle_1"
"level_06.xml","Terrain","70","19","grass_overlap_right"
"level_06.xml","Terrain","71","19","grass_top_right"
"level_06.xml","Terrain","34","20","earth_bottom_right"
"level_06.xml","Terrain","35","20","eartyh_bottom_middle"
"level_06.xml","Terrain","36","20","eartyh_bottom_middle"
"level_06.xml","Terrain","37","20","eartyh_bottom_middle"
"level_06.xml","Terrain","38","20","eartyh_bottom_middle"
"level_06.xml","Terrain","39","20","eartyh_bottom_middle"
"level_06.xml","Terrain","40","20","earth_bottom_left"
"level_06.xml","Terrain","45","20","earth_bottom_right"
"level_06.xml","Terrain","46","20","eartyh_bottom_middle"
"level_06.xml","Terrain","47","20","eartyh_bottom_middle"
"level_06.xml","Terrain","48","20","eartyh_bottom_middle"
"level_06.xml","Terrain","49","20","eartyh_bottom_middle"
"level_06.xml","Terrain","50","20","eartyh_bottom_middle"
"level_06.xml","Terrain","51","20","eartyh_bottom_middle"
"level_06.xml","Terrain","52","20","eartyh_bottom_middle"
"level_06.xml","Terrain","53","20","eartyh_bottom_middle"
"level_06.xml","Terrain","54","20","eartyh_bottom_middle"
"level_06.xml","Terrain","55","20","eartyh_bottom_middle"
"level_06.xml","Terrain","56","20","eartyh_bottom_middle"
"level_06.xml","Terrain","57","20","eartyh_bottom_middle"
"level_06.xml","Terrain","58","20","eartyh_bottom_middle"
"level_06.xml","Terrain","59","20","earth_bottom_left"
"level_06.xml","Terrain","63","20","earth_bottom_right"
"level_06.xml","Terrain","64","20","eartyh_bottom_middle"
"level_06.xml","Terrain","65","20","earth_bottom_middle_2"
"level_06.xml","Terrain","66","20","earth_edge_middle_2"
"level_06.xml","Terrain","67","20","earth_edge_middle_2"
"level_06.xml","Terrain","68","20","earth_edge_middle_1"
"level_06.xml","Terrain","69","20","earth_edge_middle_1"
"level_06.xml","Terrain","70","20","earth_edge_middle_1"
"level_06.xml","Terrain","71","20","grass_overlap_right"
"level_06.xml","Terrain","72","20","grass_top_right"
"level_06.xml","Terrain","112","20","grass_top_left"
"level_06.xml","Terrain","113","20","grass_top_middle_1"
"level_06.xml","Terrain","114","20","grass_top_right"
"level_06.xml","Terrain","2","21","grass_top_left"
"level_06.xml","Terrain","3","21","grass_top_middle_1"
"level_06.xml","Terrain","4","21","grass_top_right"
"level_06.xml","Terrain","66","21","earth_edge_left"
"level_06.xml","Terrain","67","21","earth_edge_middle_2"
"level_06.xml","Terrain","68","21","earth_edge_middle_2"
"level_06.xml","Terrain","69","21","earth_edge_middle_2"
"level_06.xml","Terrain","70","21","earth_edge_middle_2"
"level_06.xml","Terrain","71","21","earth_edge_middle_2"
"level_06.xml","Terrain","72","21","grass_overlap_right"
"level_06.xml","Terrain","73","21","grass_top_right"
"level_06.xml","Terrain","112","21","earth_edge_left"
"level_06.xml","Terrain","113","21","earth_edge_middle_2"
"level_06.xml","Terrain","114","21","earth_edge_right"
"level_06.xml","Terrain","2","22","earth_edge_left"
"level_06.xml","Terrain","3","22","earth_edge_middle_2"
"level_06.xml","Terrain","4","22","earth_edge_right"
"level_06.xml","Terrain","66","22","earth_edge_left"
"level_06.xml","Terrain","67","22","earth_edge_middle_2"
"level_06.xml","Terrain","68","22","earth_edge_middle_2"
"level_06.xml","Terrain","69","22","earth_edge_middle_2"
"level_06.xml","Terrain","70","22","earth_edge_middle_2"
"level_06.xml","Terrain","71","22","earth_edge_middle_2"
"level_06.xml","Terrain","72","22","earth_edge_middle_2"
"level_06.xml","Terrain","73","22","sand_overlap_right"
"level_06.xml","Terrain","74","22","blank_sand_middle_2"
"level_06.xml","Terrain","75","22","shell_sand_middle_2"
"level_06.xml","Terrain","76","22","shell_sand_middle_1"
"level_06.xml","Terrain","77","22","blank_sand_middle_1"
"level_06.xml","Terrain","78","22","shell_sand_middle_1"
"level_06.xml","Terrain","79","22","blank_sand_middle_1"
"level_06.xml","Terrain","80","22","shell_sand_top_right"
"level_06.xml","Terrain","83","22","blank_sand_top_left"
"level_06.xml","Terrain","84","22","shell_sand_middle_2"
"level_06.xml","Terrain","85","22","blank_sand_middle_1"
"level_06.xml","Terrain","86","22","shell_sand_middle_1"
"level_06.xml","Terrain","87","22","blank_sand_middle_2"
"level_06.xml","Terrain","88","22","blank_sand_middle_1"
"level_06.xml","Terrain","89","22","shell_sand_middle_1"
"level_06.xml","Terrain","90","22","shell_sand_middle_1"
"level_06.xml","Terrain","91","22","blank_sand_middle_2"
"level_06.xml","Terrain","92","22","shell_sand_middle_2"
"level_06.xml","Terrain","93","22","blank_sand_middle_2"
"level_06.xml","Terrain","94","22","blank_sand_middle_1"
"level_06.xml","Terrain","95","22","blank_sand_middle_2"
"level_06.xml","Terrain","96","22","shell_sand_middle_1"
"level_06.xml","Terrain","97","22","blank_sand_middle_2"
"level_06.xml","Terrain","98","22","blank_sand_middle_1"
"level_06.xml","Terrain","99","22","shell_sand_middle_1"
"level_06.xml","Terrain","100","22","blank_sand_middle_2"
"level_06.xml","Terrain","101","22","blank_sand_middle_2"
"level_06.xml","Terrain","102","22","shell_sand_middle_2"
"level_06.xml","Terrain","103","22","blank_sand_top_right"
"level_06.xml","Terrain","106","22","blank_sand_top_left"
"level_06.xml","Terrain","107","22","shell_sand_middle_2"
"level_06.xml","Terrain","108","22","shell_sand_middle_2"
"level_06.xml","Terrain","109","22","shell_sand_middle_1"
"level_06.xml","Terrain","110","22","shell_sand_middle_2"
"level_06.xml","Terrain","111","22","blank_sand_middle_2"
"level_06.xml","Terrain","112","22","sand_overlap_left"
"level_06.xml","Terrain","113","22","earth_edge_middle_2"
"level_06.xml","Terrain","114","22","earth_edge_right"
"level_06.xml","Terrain","2","23","earth_edge_left"
"level_06.xml","Terrain","3","23","earth_edge_middle_2"
"level_06.xml","Terrain","4","23","grass_overlap_right"
"level_06.xml","Terrain","5","23","grass_top_right"
"level_06.xml","Terrain","7","23","blank_sand_top_left"
"level_06.xml","Terrain","8","23","shell_sand_middle_2"
"level_06.xml","Terrain","9","23","shell_sand_middle_1"
"level_06.xml","Terrain","10","23","blank_sand_middle_2"
"level_06.xml","Terrain","11","23","shell_sand_top_right"
"level_06.xml","Terrain","13","23","shell_sand_top_left"
"level_06.xml","Terrain","14","23","blank_sand_middle_1"
"level_06.xml","Terrain","15","23","shell_sand_middle_1"
"level_06.xml","Terrain","16","23","blank_sand_middle_2"
"level_06.xml","Terrain","17","23","shell_sand_top_right"
"level_06.xml","Terrain","19","23","shell_sand_top_left"
"level_06.xml","Terrain","20","23","blank_sand_middle_2"
"level_06.xml","Terrain","21","23","shell_sand_middle_2"
"level_06.xml","Terrain","22","23","shell_sand_middle_1"
"level_06.xml","Terrain","23","23","blank_sand_middle_2"
"level_06.xml","Terrain","24","23","blank_sand_middle_1"
"level_06.xml","Terrain","25","23","blank_sand_middle_2"
"level_06.xml","Terrain","26","23","shell_sand_middle_2"
"level_06.xml","Terrain","27","23","blank_sand_middle_2"
"level_06.xml","Terrain","28","23","shell_sand_middle_1"
"level_06.xml","Terrain","29","23","blank_sand_middle_2"
"level_06.xml","Terrain","30","23","shell_sand_middle_2"
"level_06.xml","Terrain","31","23","blank_sand_middle_2"
"level_06.xml","Terrain","32","23","shell_sand_top_right"
"level_06.xml","Terrain","35","23","blank_sand_top_left"
"level_06.xml","Terrain","36","23","shell_sand_top_right"
"level_06.xml","Terrain","40","23","blank_sand_top_left"
"level_06.xml","Terrain","41","23","shell_sand_middle_1"
"level_06.xml","Terrain","42","23","shell_sand_middle_2"
"level_06.xml","Terrain","43","23","blank_sand_middle_2"
"level_06.xml","Terrain","44","23","shell_sand_middle_2"
"level_06.xml","Terrain","45","23","blank_sand_top_right"
"level_06.xml","Terrain","66","23","earth_edge_left"
"level_06.xml","Terrain","67","23","earth_edge_middle_2"
"level_06.xml","Terrain","68","23","earth_edge_middle_2"
"level_06.xml","Terrain","69","23","earth_edge_middle_2"
"level_06.xml","Terrain","70","23","earth_edge_middle_2"
"level_06.xml","Terrain","71","23","earth_edge_middle_2"
"level_06.xml","Terrain","72","23","earth_edge_middle_2"
"level_06.xml","Terrain","73","23","earth_edge_middle_2"
"level_06.xml","Terrain","74","23","earth_edge_middle_2"
"level_06.xml","Terrain","75","23","earth_edge_middle_2"
"level_06.xml","Terrain","76","23","earth_edge_middle_2"
"level_06.xml","Terrain","77","23","earth_edge_middle_2"
"level_06.xml","Terrain","78","23","earth_edge_middle_2"
"level_06.xml","Terrain","79","23","earth_edge_middle_2"
"level_06.xml","Terrain","80","23","earth_edge_right"
"level_06.xml","Terrain","83","23","earth_edge_left"
"level_06.xml","Terrain","84","23","earth_edge_middle_2"
"level_06.xml","Terrain","85","23","earth_edge_middle_2"
"level_06.xml","Terrain","86","23","earth_edge_middle_2"
"level_06.xml","Terrain","87","23","earth_edge_middle_1"
"level_06.xml","Terrain","88","23","earth_edge_middle_1"
"level_06.xml","Terrain","89","23","earth_edge_middle_1"
"level_06.xml","Terrain","90","23","earth_edge_middle_1"
"level_06.xml","Terrain","91","23","earth_edge_middle_1"
"level_06.xml","Terrain","92","23","earth_edge_middle_2"
"level_06.xml","Terrain","93","23","earth_edge_middle_2"
"level_06.xml","Terrain","94","23","earth_edge_middle_2"
"level_06.xml","Terrain","95","23","earth_edge_middle_2"
"level_06.xml","Terrain","96","23","earth_edge_middle_2"
"level_06.xml","Terrain","97","23","earth_edge_middle_2"
"level_06.xml","Terrain","98","23","earth_edge_middle_2"
"level_06.xml","Terrain","99","23","earth_edge_middle_2"
"level_06.xml","Terrain","100","23","earth_edge_middle_2"
"level_06.xml","Terrain","101","23","earth_edge_middle_2"
"level_06.xml","Terrain","102","23","earth_edge_middle_2"
"level_06.xml","Terrain","103","23","earth_edge_right"
"level_06.xml","Terrain","106","23","earth_edge_left"
"level_06.xml","Terrain","107","23","earth_edge_middle_2"
"level_06.xml","Terrain","108","23","earth_edge_middle_2"
"level_06.xml","Terrain","109","23","earth_edge_middle_2"
"level_06.xml","Terrain","110","23","earth_edge_middle_2"
"level_06.xml","Terrain","111","23","earth_edge_middle_2"
"level_06.xml","Terrain","112","23","earth_edge_middle_2"
"level_06.xml","Terrain","113","23","earth_edge_middle_2"
"level_06.xml","Terrain","114","23","earth_edge_right"
"level_06.xml","Terrain","2","24","earth_edge_left"
"level_06.xml","Terrain","3","24","tile_ripple_middle"
"level_06.xml","Terrain","4","24","tile_ripple_middle"
"level_06.xml","Terrain","5","24","earth_edge_right"
"level_06.xml","Terrain","7","24","earth_edge_left"
"level_06.xml","Terrain","8","24","tile_ripple_middle"
"level_06.xml","Terrain","9","24","tile_ripple_middle"
"level_06.xml","Terrain","10","24","tile_ripple_middle"
"level_06.xml","Terrain","11","24","earth_edge_right"
"level_06.xml","Terrain","13","24","earth_edge_left"
"level_06.xml","Terrain","14","24","tile_ripple_middle"
"level_06.xml","Terrain","15","24","tile_ripple_middle"
"level_06.xml","Terrain","16","24","tile_ripple_middle"
"level_06.xml","Terrain","17","24","earth_edge_right"
"level_06.xml","Terrain","19","24","earth_edge_left"
"level_06.xml","Terrain","20","24","earth_edge_middle_2"
"level_06.xml","Terrain","21","24","earth_edge_middle_2"
"level_06.xml","Terrain","22","24","earth_edge_middle_2"
"level_06.xml","Terrain","23","24","earth_edge_middle_2"
"level_06.xml","Terrain","24","24","earth_edge_middle_2"
"level_06.xml","Terrain","25","24","earth_edge_middle_2"
"level_06.xml","Terrain","26","24","earth_edge_middle_2"
"level_06.xml","Terrain","27","24","earth_edge_middle_2"
"level_06.xml","Terrain","28","24","earth_edge_middle_2"
"level_06.xml","Terrain","29","24","earth_edge_middle_2"
"level_06.xml","Terrain","30","24","earth_edge_middle_2"
"level_06.xml","Terrain","31","24","earth_edge_middle_2"
"level_06.xml","Terrain","32","24","earth_edge_right"
"level_06.xml","Terrain","35","24","earth_edge_left"
"level_06.xml","Terrain","36","24","earth_edge_right"
"level_06.xml","Terrain","40","24","earth_edge_left"
"level_06.xml","Terrain","41","24","earth_edge_middle_2"
"level_06.xml","Terrain","42","24","earth_edge_middle_2"
"level_06.xml","Terrain","43","24","earth_edge_middle_2"
"level_06.xml","Terrain","44","24","earth_edge_middle_2"
"level_06.xml","Terrain","45","24","earth_edge_right"
"level_06.xml","Terrain","66","24","earth_edge_left"
"level_06.xml","Terrain","67","24","tile_ripple_middle"
"level_06.xml","Terrain","68","24","tile_ripple_middle"
"level_06.xml","Terrain","69","24","tile_ripple_middle"
"level_06.xml","Terrain","70","24","tile_ripple_middle"
"level_06.xml","Terrain","71","24","tile_ripple_middle"
"level_06.xml","Terrain","72","24","tile_ripple_middle"
"level_06.xml","Terrain","73","24","tile_ripple_middle"
"level_06.xml","Terrain","74","24","tile_ripple_middle"
"level_06.xml","Terrain","75","24","tile_ripple_middle"
"level_06.xml","Terrain","76","24","tile_ripple_middle"
"level_06.xml","Terrain","77","24","tile_ripple_middle"
"level_06.xml","Terrain","78","24","tile_ripple_middle"
"level_06.xml","Terrain","79","24","tile_ripple_middle"
"level_06.xml","Terrain","80","24","earth_edge_right"
"level_06.xml","Terrain","83","24","earth_edge_left"
"level_06.xml","Terrain","84","24","tile_ripple_middle"
"level_06.xml","Terrain","85","24","tile_ripple_middle"
"level_06.xml","Terrain","86","24","tile_ripple_middle"
"level_06.xml","Terrain","87","24","tile_ripple_middle"
"level_06.xml","Terrain","88","24","tile_ripple_middle"
"level_06.xml","Terrain","89","24","tile_ripple_middle"
"level_06.xml","Terrain","90","24","tile_ripple_middle"
"level_06.xml","Terrain","91","24","tile_ripple_middle"
"level_06.xml","Terrain","92","24","tile_ripple_middle"
"level_06.xml","Terrain","93","24","tile_ripple_middle"
"level_06.xml","Terrain","94","24","tile_ripple_middle"
"level_06.xml","Terrain","95","24","tile_ripple_middle"
"level_06.xml","Terrain","96","24","tile_ripple_middle"
"level_06.xml","Terrain","97","24","tile_ripple_middle"
"level_06.xml","Terrain","98","24","tile_ripple_middle"
"level_06.xml","Terrain","99","24","tile_ripple_middle"
"level_06.xml","Terrain","100","24","tile_ripple_middle"
"level_06.xml","Terrain","101","24","tile_ripple_middle"
"level_06.xml","Terrain","102","24","tile_ripple_middle"
"level_06.xml","Terrain","103","24","earth_edge_right"
"level_06.xml","Terrain","106","24","earth_edge_left"
"level_06.xml","Terrain","107","24","tile_ripple_middle"
"level_06.xml","Terrain","108","24","tile_ripple_middle"
"level_06.xml","Terrain","109","24","tile_ripple_middle"
"level_06.xml","Terrain","110","24","tile_ripple_middle"
"level_06.xml","Terrain","111","24","tile_ripple_middle"
"level_06.xml","Terrain","112","24","tile_ripple_middle"
"level_06.xml","Terrain","113","24","tile_ripple_middle"
"level_06.xml","Terrain","114","24","earth_edge_right"
"level_06.xml","Terrain","2","25","tile_ripple_left"
"level_06.xml","Terrain","3","25","tile_ripple_middle"
"level_06.xml","Terrain","4","25","tile_ripple_middle"
"level_06.xml","Terrain","5","25","tile_ripple_right"
"level_06.xml","Terrain","7","25","tile_ripple_left"
"level_06.xml","Terrain","8","25","tile_ripple_middle"
"level_06.xml","Terrain","9","25","tile_ripple_middle"
"level_06.xml","Terrain","10","25","tile_ripple_middle"
"level_06.xml","Terrain","11","25","tile_ripple_right"
"level_06.xml","Terrain","13","25","tile_ripple_left"
"level_06.xml","Terrain","14","25","tile_ripple_middle"
"level_06.xml","Terrain","15","25","tile_ripple_middle"
"level_06.xml","Terrain","16","25","tile_ripple_middle"
"level_06.xml","Terrain","17","25","tile_ripple_right"
"level_06.xml","Terrain","19","25","tile_ripple_left"
"level_06.xml","Terrain","20","25","tile_ripple_middle"
"level_06.xml","Terrain","21","25","tile_ripple_middle"
"level_06.xml","Terrain","22","25","tile_ripple_middle"
"level_06.xml","Terrain","23","25","tile_ripple_middle"
"level_06.xml","Terrain","24","25","tile_ripple_middle"
"level_06.xml","Terrain","25","25","tile_ripple_middle"
"level_06.xml","Terrain","26","25","tile_ripple_middle"
"level_06.xml","Terrain","27","25","tile_ripple_middle"
"level_06.xml","Terrain","28","25","tile_ripple_middle"
"level_06.xml","Terrain","29","25","tile_ripple_middle"
"level_06.xml","Terrain","30","25","tile_ripple_middle"
"level_06.xml","Terrain","31","25","tile_ripple_middle"
"level_06.xml","Terrain","32","25","tile_ripple_right"
"level_06.xml","Terrain","35","25","tile_ripple_left"
"level_06.xml","Terrain","36","25","tile_ripple_right"
"level_06.xml","Terrain","40","25","tile_ripple_left"
"level_06.xml","Terrain","41","25","tile_ripple_middle"
"level_06.xml","Terrain","42","25","tile_ripple_middle"
"level_06.xml","Terrain","43","25","tile_ripple_middle"
"level_06.xml","Terrain","44","25","tile_ripple_middle"
"level_06.xml","Terrain","45","25","tile_ripple_right"
"level_06.xml","Terrain","66","25","tile_ripple_left"
"level_06.xml","Terrain","67","25","tile_ripple_middle"
"level_06.xml","Terrain","68","25","tile_ripple_middle"
"level_06.xml","Terrain","69","25","tile_ripple_middle"
"level_06.xml","Terrain","70","25","tile_ripple_middle"
"level_06.xml","Terrain","71","25","tile_ripple_middle"
"level_06.xml","Terrain","72","25","tile_ripple_middle"
"level_06.xml","Terrain","73","25","tile_ripple_middle"
"level_06.xml","Terrain","74","25","tile_ripple_middle"
"level_06.xml","Terrain","75","25","tile_ripple_middle"
"level_06.xml","Terrain","76","25","tile_ripple_middle"
"level_06.xml","Terrain","77","25","tile_ripple_middle"
"level_06.xml","Terrain","78","25","tile_ripple_middle"
"level_06.xml","Terrain","79","25","tile_ripple_middle"
"level_06.xml","Terrain","80","25","tile_ripple_right"
"level_06.xml","Terrain","83","25","tile_ripple_left"
"level_06.xml","Terrain","84","25","tile_ripple_middle"
"level_06.xml","Terrain","85","25","tile_ripple_middle"
"level_06.xml","Terrain","86","25","tile_ripple_middle"
"level_06.xml","Terrain","87","25","tile_ripple_middle"
"level_06.xml","Terrain","88","25","tile_ripple_middle"
"level_06.xml","Terrain","89","25","tile_ripple_middle"
"level_06.xml","Terrain","90","25","tile_ripple_middle"
"level_06.xml","Terrain","91","25","tile_ripple_middle"
"level_06.xml","Terrain","92","25","tile_ripple_middle"
"level_06.xml","Terrain","93","25","tile_ripple_middle"
"level_06.xml","Terrain","94","25","tile_ripple_middle"
"level_06.xml","Terrain","95","25","tile_ripple_middle"
"level_06.xml","Terrain","96","25","tile_ripple_middle"
"level_06.xml","Terrain","97","25","tile_ripple_middle"
"level_06.xml","Terrain","98","25","tile_ripple_middle"
"level_06.xml","Terrain","99","25","tile_ripple_middle"
"level_06.xml","Terrain","100","25","tile_ripple_middle"
"level_06.xml","Terrain","101","25","tile_ripple_middle"
"level_06.xml","Terrain","102","25","tile_ripple_middle"
"level_06.xml","Terrain","103","25","tile_ripple_right"
"level_06.xml","Terrain","106","25","tile_ripple_left"
"level_06.xml","Terrain","107","25","tile_ripple_middle"
"level_06.xml","Terrain","108","25","tile_ripple_middle"
"level_06.xml","Terrain","109","25","tile_ripple_middle"
"level_06.xml","Terrain","110","25","tile_ripple_middle"
"level_06.xml","Terrain","111","25","tile_ripple_middle"
"level_06.xml","Terrain","112","25","tile_ripple_middle"
"level_06.xml","Terrain","113","25","tile_ripple_middle"
"level_06.xml","Terrain","114","25","tile_ripple_right"
"level_06.xml","Terrain","2","26","tile_ripple_left"
"level_06.xml","Terrain","3","26","tile_ripple_middle"
"level_06.xml","Terrain","4","26","tile_ripple_middle"
"level_06.xml","Terrain","5","26","tile_ripple_right"
"level_06.xml","Terrain","7","26","tile_ripple_left"
"level_06.xml","Terrain","8","26","tile_ripple_middle"
"level_06.xml","Terrain","9","26","tile_ripple_middle"
"level_06.xml","Terrain","10","26","tile_ripple_middle"
"level_06.xml","Terrain","11","26","tile_ripple_right"
"level_06.xml","Terrain","13","26","tile_ripple_left"
"level_06.xml","Terrain","14","26","tile_ripple_middle"
"level_06.xml","Terrain","15","26","tile_ripple_middle"
"level_06.xml","Terrain","16","26","tile_ripple_middle"
"level_06.xml","Terrain","17","26","tile_ripple_right"
"level_06.xml","Terrain","19","26","tile_ripple_left"
"level_06.xml","Terrain","20","26","tile_ripple_middle"
"level_06.xml","Terrain","21","26","tile_ripple_middle"
"level_06.xml","Terrain","22","26","tile_ripple_middle"
"level_06.xml","Terrain","23","26","tile_ripple_middle"
"level_06.xml","Terrain","24","26","tile_ripple_middle"
"level_06.xml","Terrain","25","26","tile_ripple_middle"
"level_06.xml","Terrain","26","26","tile_ripple_middle"
"level_06.xml","Terrain","27","26","tile_ripple_middle"
"level_06.xml","Terrain","28","26","tile_ripple_middle"
"level_06.xml","Terrain","29","26","tile_ripple_middle"
"level_06.xml","Terrain","30","26","tile_ripple_middle"
"level_06.xml","Terrain","31","26","tile_ripple_middle"
"level_06.xml","Terrain","32","26","tile_ripple_right"
"level_06.xml","Terrain","35","26","tile_ripple_left"
"level_06.xml","Terrain","36","26","tile_ripple_right"
"level_06.xml","Terrain","40","26","tile_ripple_left"
"level_06.xml","Terrain","41","26","tile_ripple_middle"
"level_06.xml","Terrain","42","26","tile_ripple_middle"
"level_06.xml","Terrain","43","26","tile_ripple_middle"
"level_06.xml","Terrain","44","26","tile_ripple_middle"
"level_06.xml","Terrain","45","26","tile_ripple_right"
"level_06.xml","Terrain","66","26","tile_ripple_left"
"level_06.xml","Terrain","67","26","tile_ripple_middle"
"level_06.xml","Terrain","68","26","tile_ripple_middle"
"level_06.xml","Terrain","69","26","tile_ripple_middle"
"level_06.xml","Terrain","70","26","tile_ripple_middle"
"level_06.xml","Terrain","71","26","tile_ripple_middle"
"level_06.xml","Terrain","72","26","tile_ripple_middle"
"level_06.xml","Terrain","73","26","tile_ripple_middle"
"level_06.xml","Terrain","74","26","tile_ripple_middle"
"level_06.xml","Terrain","75","26","tile_ripple_middle"
"level_06.xml","Terrain","76","26","tile_ripple_middle"
"level_06.xml","Terrain","77","26","tile_ripple_middle"
"level_06.xml","Terrain","78","26","tile_ripple_middle"
"level_06.xml","Terrain","79","26","tile_ripple_middle"
"level_06.xml","Terrain","80","26","tile_ripple_right"
"level_06.xml","Terrain","83","26","tile_ripple_left"
"level_06.xml","Terrain","84","26","tile_ripple_middle"
"level_06.xml","Terrain","85","26","tile_ripple_middle"
"level_06.xml","Terrain","86","26","tile_ripple_middle"
"level_06.xml","Terrain","87","26","tile_ripple_middle"
"level_06.xml","Terrain","88","26","tile_ripple_middle"
"level_06.xml","Terrain","89","26","tile_ripple_middle"
"level_06.xml","Terrain","90","26","tile_ripple_middle"
"level_06.xml","Terrain","91","26","tile_ripple_middle"
"level_06.xml","Terrain","92","26","tile_ripple_middle"
"level_06.xml","Terrain","93","26","tile_ripple_middle"
"level_06.xml","Terrain","94","26","tile_ripple_middle"
"level_06.xml","Terrain","95","26","tile_ripple_middle"
"level_06.xml","Terrain","96","26","tile_ripple_middle"
"level_06.xml","Terrain","97","26","tile_ripple_middle"
"level_06.xml","Terrain","98","26","tile_ripple_middle"
"level_06.xml","Terrain","99","26","tile_ripple_middle"
"level_06.xml","Terrain","100","26","tile_ripple_middle"
"level_06.xml","Terrain","101","26","tile_ripple_middle"
"level_06.xml","Terrain","102","26","tile_ripple_middle"
"level_06.xml","Terrain","103","26","tile_ripple_right"
"level_06.xml","Terrain","106","26","tile_ripple_left"
"level_06.xml","Terrain","107","26","tile_ripple_middle"
"level_06.xml","Terrain","108","26","tile_ripple_middle"
"level_06.xml","Terrain","109","26","tile_ripple_middle"
"level_06.xml","Terrain","110","26","tile_ripple_middle"
"level_06.xml","Terrain","111","26","tile_ripple_middle"
"level_06.xml","Terrain","112","26","tile_ripple_middle"
"level_06.xml","Terrain","113","26","tile_ripple_middle"
"level_06.xml","Terrain","114","26","tile_ripple_right"
"level_06.xml","Terrain","2","27","tile_ripple_left"
"level_06.xml","Terrain","3","27","tile_ripple_middle"
"level_06.xml","Terrain","4","27","tile_ripple_middle"
"level_06.xml","Terrain","5","27","tile_ripple_right"
"level_06.xml","Terrain","7","27","tile_ripple_left"
"level_06.xml","Terrain","8","27","tile_ripple_middle"
"level_06.xml","Terrain","9","27","tile_ripple_middle"
"level_06.xml","Terrain","10","27","tile_ripple_middle"
"level_06.xml","Terrain","11","27","tile_ripple_right"
"level_06.xml","Terrain","13","27","tile_ripple_left"
"level_06.xml","Terrain","14","27","tile_ripple_middle"
"level_06.xml","Terrain","15","27","tile_ripple_middle"
"level_06.xml","Terrain","16","27","tile_ripple_middle"
"level_06.xml","Terrain","17","27","tile_ripple_right"
"level_06.xml","Terrain","19","27","tile_ripple_left"
"level_06.xml","Terrain","20","27","tile_ripple_middle"
"level_06.xml","Terrain","21","27","tile_ripple_middle"
"level_06.xml","Terrain","22","27","tile_ripple_middle"
"level_06.xml","Terrain","23","27","tile_ripple_middle"
"level_06.xml","Terrain","24","27","tile_ripple_middle"
"level_06.xml","Terrain","25","27","tile_ripple_middle"
"level_06.xml","Terrain","26","27","tile_ripple_middle"
"level_06.xml","Terrain","27","27","tile_ripple_middle"
"level_06.xml","Terrain","28","27","tile_ripple_middle"
"level_06.xml","Terrain","29","27","tile_ripple_middle"
"level_06.xml","Terrain","30","27","tile_ripple_middle"
"level_06.xml","Terrain","31","27","tile_ripple_middle"
"level_06.xml","Terrain","32","27","tile_ripple_right"
"level_06.xml","Terrain","35","27","tile_ripple_left"
"level_06.xml","Terrain","36","27","tile_ripple_right"
"level_06.xml","Terrain","40","27","tile_ripple_left"
"level_06.xml","Terrain","41","27","tile_ripple_middle"
"level_06.xml","Terrain","42","27","tile_ripple_middle"
"level_06.xml","Terrain","43","27","tile_ripple_middle"
"level_06.xml","Terrain","44","27","tile_ripple_middle"
"level_06.xml","Terrain","45","27","tile_ripple_right"
"level_06.xml","Terrain","66","27","tile_ripple_left"
"level_06.xml","Terrain","67","27","tile_ripple_middle"
"level_06.xml","Terrain","68","27","tile_ripple_middle"
"level_06.xml","Terrain","69","27","tile_ripple_middle"
"level_06.xml","Terrain","70","27","tile_ripple_middle"
"level_06.xml","Terrain","71","27","tile_ripple_middle"
"level_06.xml","Terrain","72","27","tile_ripple_middle"
"level_06.xml","Terrain","73","27","tile_ripple_middle"
"level_06.xml","Terrain","74","27","tile_ripple_middle"
"level_06.xml","Terrain","75","27","tile_ripple_middle"
"level_06.xml","Terrain","76","27","tile_ripple_middle"
"level_06.xml","Terrain","77","27","tile_ripple_middle"
"level_06.xml","Terrain","78","27","tile_ripple_middle"
"level_06.xml","Terrain","79","27","tile_ripple_middle"
"level_06.xml","Terrain","80","27","tile_ripple_right"
"level_06.xml","Terrain","83","27","tile_ripple_left"
"level_06.xml","Terrain","84","27","tile_ripple_middle"
"level_06.xml","Terrain","85","27","tile_ripple_middle"
"level_06.xml","Terrain","86","27","tile_ripple_middle"
"level_06.xml","Terrain","87","27","tile_ripple_middle"
"level_06.xml","Terrain","88","27","tile_ripple_middle"
"level_06.xml","Terrain","89","27","tile_ripple_middle"
"level_06.xml","Terrain","90","27","tile_ripple_middle"
"level_06.xml","Terrain","91","27","tile_ripple_middle"
"level_06.xml","Terrain","92","27","tile_ripple_middle"
"level_06.xml","Terrain","93","27","tile_ripple_middle"
"level_06.xml","Terrain","94","27","tile_ripple_middle"
"level_06.xml","Terrain","95","27","tile_ripple_middle"
"level_06.xml","Terrain","96","27","tile_ripple_middle"
"level_06.xml","Terrain","97","27","tile_ripple_middle"
"level_06.xml","Terrain","98","27","tile_ripple_middle"
"level_06.xml","Terrain","99","27","tile_ripple_middle"
"level_06.xml","Terrain","100","27","tile_ripple_middle"
"level_06.xml","Terrain","101","27","tile_ripple_middle"
"level_06.xml","Terrain","102","27","tile_ripple_middle"
"level_06.xml","Terrain","103","27","tile_ripple_right"
"level_06.xml","Terrain","106","27","tile_ripple_left"
"level_06.xml","Terrain","107","27","tile_ripple_middle"
"level_06.xml","Terrain","108","27","tile_ripple_middle"
"level_06.xml","Terrain","109","27","tile_ripple_middle"
"level_06.xml","Terrain","110","27","tile_ripple_middle"
"level_06.xml","Terrain","111","27","tile_ripple_middle"
"level_06.xml","Terrain","112","27","tile_ripple_middle"
"level_06.xml","Terrain","113","27","tile_ripple_middle"
"level_06.xml","Terrain","114","27","tile_ripple_right"
"level_06.xml","Background","2","0","antichest"
"level_06.xml","Background","3","0","antichest"
"level_06.xml","Background","4","0","antichest"
"level_06.xml","Background","5","0","antichest"
"level_06.xml","Background","6","0","antichest"
"level_06.xml","Background","7","0","antichest"
"level_06.xml","Background","8","0","antichest"
"level_06.xml","Background","9","0","antichest"
"level_06.xml","Background","10","0","antichest"
"level_06.xml","Background","11","0","antichest"
"level_06.xml","Background","12","0","antichest"
"level_06.xml","Background","13","0","antichest"
"level_06.xml","Background","14","0","antichest"
"level_06.xml","Background","15","0","antichest"
"level_06.xml","Background","16","0","antichest"
"level_06.xml","Background","17","0","antichest"
"level_06.xml","Background","18","0","antichest"
"level_06.xml","Background","19","0","antichest"
"level_06.xml","Background","20","0","antichest"
"level_06.xml","Background","21","0","antichest"
"level_06.xml","Background","22","0","antichest"
"level_06.xml","Background","23","0","antichest"
"level_06.xml","Background","24","0","antichest"
"level_06.xml","Background","25","0","antichest"
"level_06.xml","Background","26","0","antichest"
"level_06.xml","Background","27","0","antichest"
"level_06.xml","Background","28","0","antichest"
"level_06.xml","Background","29","0","antichest"
"level_06.xml","Background","30","0","antichest"
"level_06.xml","Background","31","0","antichest"
"level_06.xml","Background","32","0","antichest"
"level_06.xml","Background","33","0","antichest"
"level_06.xml","Background","84","0","antichest"
"level_06.xml","Background","85","0","antichest"
"level_06.xml","Background","86","0","antichest"
"level_06.xml","Background","87","0","antichest"
"level_06.xml","Background","88","0","antichest"
"level_06.xml","Background","89","0","antichest"
"level_06.xml","Background","90","0","antichest"
"level_06.xml","Background","91","0","antichest"
"level_06.xml","Background","92","0","antichest"
"level_06.xml","Background","93","0","antichest"
"level_06.xml","Background","94","0","antichest"
"level_06.xml","Background","95","0","antichest"
"level_06.xml","Background","96","0","antichest"
"level_06.xml","Background","97","0","antichest"
"level_06.xml","Background","98","0","antichest"
"level_06.xml","Background","99","0","antichest"
"level_06.xml","Background","100","0","antichest"
"level_06.xml","Background","101","0","antichest"
"level_06.xml","Background","102","0","antichest"
"level_06.xml","Background","103","0","antichest"
"level_06.xml","Background","104","0","antichest"
"level_06.xml","Background","105","0","antichest"
"level_06.xml","Background","106","0","antichest"
"level_06.xml","Background","107","0","antichest"
"level_06.xml","Background","108","0","antichest"
"level_06.xml","Background","109","0","antichest"
"level_06.xml","Background","110","0","antichest"
"level_06.xml","Background","111","0","antichest"
"level_06.xml","Background","112","0","antichest"
"level_06.xml","Background","113","0","antichest"
"level_06.xml","Background","114","0","antichest"
"level_06.xml","Background","48","5","rock_1"
"level_06.xml","Background","55","5","small_tree"
"level_06.xml","Background","56","5","big_tree"
"level_06.xml","Background","57","5","rock_3"
"level_06.xml","Background","61","5","small_tree"
"level_06.xml","Background","65","5","grass"
"level_06.xml","Background","70","5","small_tree"
"level_06.xml","Background","51","7","cave_middle_2"
"level_06.xml","Background","52","7","cave_middle_2"
"level_06.xml","Background","53","7","cave_middle_2"
"level_06.xml","Background","54","7","cave_middle_2"
"level_06.xml","Background","55","7","cave_middle_2"
"level_06.xml","Background","56","7","cave_middle_2"
"level_06.xml","Background","57","7","cave_middle_2"
"level_06.xml","Background","58","7","cave_middle_2"
"level_06.xml","Background","59","7","cave_middle_2"
"level_06.xml","Background","60","7","cave_middle_2"
"level_06.xml","Background","61","7","cave_middle_2"
"level_06.xml","Background","62","7","cave_middle_2"
"level_06.xml","Background","63","7","cave_middle_2"
"level_06.xml","Background","64","7","cave_middle_2"
"level_06.xml","Background","65","7","cave_middle_2"
"level_06.xml","Background","66","7","cave_middle_2"
"level_06.xml","Background","67","7","cave_middle_2"
"level_06.xml","Background","68","7","cave_middle_2"
"level_06.xml","Background","69","7","cave_middle_2"
"level_06.xml","Background","70","7","cave_middle_2"
"level_06.xml","Background","71","7","cave_middle_2"
"level_06.xml","Background","49","8","cave_middle_2"
"level_06.xml","Background","50","8","cave_middle_2"
"level_06.xml","Background","51","8","cave_middle_2"
"level_06.xml","Background","52","8","cave_middle_2"
"level_06.xml","Background","53","8","cave_middle_1"
"level_06.xml","Background","54","8","cave_inside_corner_bottom_right"
"level_06.xml","Background","55","8","cave_edge_bottom"
"level_06.xml","Background","56","8","cave_inside_corner_bottom_left"
"level_06.xml","Background","57","8","cave_middle_2"
"level_06.xml","Background","58","8","cave_middle_2"
"level_06.xml","Background","59","8","cave_middle_2"
"level_06.xml","Background","60","8","cave_middle_2"
"level_06.xml","Background","61","8","cave_middle_2"
"level_06.xml","Background","62","8","cave_middle_2"
"level_06.xml","Background","63","8","cave_middle_2"
"level_06.xml","Background","64","8","cave_middle_2"
"level_06.xml","Background","65","8","cave_middle_2"
"level_06.xml","Background","66","8","cave_middle_2"
"level_06.xml","Background","67","8","cave_middle_2"
"level_06.xml","Background","68","8","cave_middle_2"
"level_06.xml","Background","69","8","cave_middle_2"
"level_06.xml","Background","70","8","cave_middle_2"
"level_06.xml","Background","71","8","cave_middle_2"
"level_06.xml","Background","72","8","cave_middle_2"
"level_06.xml","Background","75","8","grass"
"level_06.xml","Background","43","9","grass"
"level_06.xml","Background","49","9","cave_middle_2"
"level_06.xml","Background","50","9","cave_middle_1"
"level_06.xml","Background","51","9","cave_middle_2"
"level_06.xml","Background","52","9","cave_middle_2"
"level_06.xml","Background","53","9","cave_middle_2"
"level_06.xml","Background","54","9","cave_edge_right"
"level_06.xml","Background","56","9","cave_edge_left"
"level_06.xml","Background","57","9","cave_inside_corner_bottom_right"
"level_06.xml","Background","58","9","cave_inside_corner_bottom_left"
"level_06.xml","Background","59","9","cave_middle_1"
"level_06.xml","Background","60","9","cave_middle_1"
"level_06.xml","Background","61","9","cave_middle_2"
"level_06.xml","Background","62","9","cave_middle_2"
"level_06.xml","Background","63","9","cave_middle_3"
"level_06.xml","Background","64","9","cave_middle_3"
"level_06.xml","Background","65","9","cave_middle_2"
"level_06.xml","Background","66","9","cave_middle_2"
"level_06.xml","Background","67","9","cave_inside_corner_bottom_right"
"level_06.xml","Background","68","9","cave_inside_corner_bottom_left"
"level_06.xml","Background","69","9","cave_middle_2"
"level_06.xml","Background","70","9","cave_middle_2"
"level_06.xml","Background","71","9","cave_middle_2"
"level_06.xml","Background","72","9","cave_middle_2"
"level_06.xml","Background","49","10","cave_middle_2"
"level_06.xml","Background","50","10","cave_middle_2"
"level_06.xml","Background","51","10","cave_middle_2"
"level_06.xml","Background","52","10","cave_middle_1"
"level_06.xml","Background","53","10","cave_middle_2"
"level_06.xml","Background","54","10","cave_inside_corner_top_right"
"level_06.xml","Background","55","10","cave_edge_top"
"level_06.xml","Background","56","10","cave_inside_corner_top_left"
"level_06.xml","Background","57","10","cave_inside_corner_top_right"
"level_06.xml","Background","58","10","cave_inside_corner_top_left"
"level_06.xml","Background","59","10","cave_middle_2"
"level_06.xml","Background","60","10","cave_middle_2"
"level_06.xml","Background","61","10","cave_middle_2"
"level_06.xml","Background","62","10","cave_middle_2"
"level_06.xml","Background","63","10","cave_middle_2"
"level_06.xml","Background","64","10","cave_middle_2"
"level_06.xml","Background","65","10","cave_middle_2"
"level_06.xml","Background","66","10","cave_middle_2"
"level_06.xml","Background","67","10","cave_inside_corner_top_right"
"level_06.xml","Background","68","10","cave_inside_corner_top_left"
"level_06.xml","Background","69","10","cave_middle_2"
"level_06.xml","Background","70","10","cave_middle_2"
"level_06.xml","Background","71","10","cave_middle_2"
"level_06.xml","Background","72","10","cave_middle_2"
"level_06.xml","Background","73","10","cave_middle_2"
"level_06.xml","Background","49","11","cave_middle_2"
"level_06.xml","Background","50","11","cave_middle_2"
"level_06.xml","Background","51","11","cave_middle_2"
"level_06.xml","Background","52","11","cave_middle_2"
"level_06.xml","Background","53","11","cave_middle_2"
"level_06.xml","Background","54","11","cave_middle_2"
"level_06.xml","Background","55","11","cave_middle_2"
"level_06.xml","Background","56","11","cave_middle_2"
"level_06.xml","Background","57","11","cave_middle_2"
"level_06.xml","Background","58","11","cave_middle_1"
"level_06.xml","Background","59","11","cave_middle_2"
"level_06.xml","Background","60","11","cave_grass"
"level_06.xml","Background","61","11","cave_middle_2"
"level_06.xml","Background","62","11","cave_middle_1"
"level_06.xml","Background","63","11","cave_middle_2"
"level_06.xml","Background","64","11","cave_rock_1"
"level_06.xml","Background","65","11","cave_middle_2"
"level_06.xml","Background","66","11","cave_middle_2"
"level_06.xml","Background","67","11","cave_middle_2"
"level_06.xml","Background","68","11","cave_middle_1"
"level_06.xml","Background","69","11","cave_middle_2"
"level_06.xml","Background","70","11","cave_middle_2"
"level_06.xml","Background","71","11","cave_middle_2"
"level_06.xml","Background","72","11","cave_middle_2"
"level_06.xml","Background","73","11","cave_middle_2"
"level_06.xml","Background","74","11","cave_middle_2"
"level_06.xml","Background","78","11","rock_2"
"level_06.xml","Background","49","12","cave_middle_2"
"level_06.xml","Background","50","12","cave_middle_2"
"level_06.xml","Background","51","12","cave_torch"
"level_06.xml","Background","53","12","cave_middle_2"
"level_06.xml","Background","54","12","cave_middle_2"
"level_06.xml","Background","55","12","cave_middle_2"
"level_06.xml","Background","63","12","cave_middle_2"
"level_06.xml","Background","64","12","cave_middle_2"
"level_06.xml","Background","65","12","cave_middle_2"
"level_06.xml","Background","66","12","cave_middle_2"
"level_06.xml","Background","67","12","cave_middle_2"
"level_06.xml","Background","68","12","cave_middle_2"
"level_06.xml","Background","69","12","cave_middle_2"
"level_06.xml","Background","70","12","cave_torch"
"level_06.xml","Background","72","12","cave_middle_2"
"level_06.xml","Background","73","12","cave_middle_2"
"level_06.xml","Background","74","12","cave_middle_2"
"level_06.xml","Background","75","12","cave_middle_2"
"level_06.xml","Background","49","13","cave_middle_2"
"level_06.xml","Background","50","13","cave_middle_2"
"level_06.xml","Background","53","13","cave_middle_2"
"level_06.xml","Background","54","13","cave_middle_2"
"level_06.xml","Background","55","13","cave_middle_2"
"level_06.xml","Background","56","13","cave_middle_2"
"level_06.xml","Background","57","13","cave_middle_2"
"level_06.xml","Background","58","13","cave_middle_2"
"level_06.xml","Background","59","13","cave_middle_2"
"level_06.xml","Background","60","13","cave_middle_2"
"level_06.xml","Background","61","13","cave_middle_2"
"level_06.xml","Background","62","13","cave_middle_2"
"level_06.xml","Background","63","13","cave_middle_1"
"level_06.xml","Background","64","13","cave_middle_2"
"level_06.xml","Background","65","13","cave_middle_2"
"level_06.xml","Background","66","13","cave_middle_2"
"level_06.xml","Background","67","13","cave_middle_2"
"level_06.xml","Background","68","13","cave_middle_2"
"level_06.xml","Background","69","13","cave_middle_1"
"level_06.xml","Background","72","13","cave_middle_2"
"level_06.xml","Background","73","13","cave_middle_2"
"level_06.xml","Background","74","13","cave_middle_3"
"level_06.xml","Background","75","13","cave_middle_2"
"level_06.xml","Background","76","13","cave_middle_2"
"level_06.xml","Background","77","13","cave_middle_2"
"level_06.xml","Background","80","13","grass"
"level_06.xml","Background","38","14","grass"
"level_06.xml","Background","50","14","cave_middle_2"
"level_06.xml","Background","51","14","cave_middle_2"
"level_06.xml","Background","52","14","cave_inside_corner_bottom_right"
"level_06.xml","Background","53","14","cave_inside_corner_bottom_left"
"level_06.xml","Background","54","14","cave_middle_1"
"level_06.xml","Background","55","14","cave_middle_1"
"level_06.xml","Background","56","14","cave_middle_2"
"level_06.xml","Background","57","14","cave_middle_2"
"level_06.xml","Background","58","14","cave_middle_2"
"level_06.xml","Background","59","14","cave_middle_2"
"level_06.xml","Background","60","14","cave_middle_1"
"level_06.xml","Background","61","14","cave_middle_2"
"level_06.xml","Background","62","14","cave_middle_2"
"level_06.xml","Background","63","14","cave_middle_1"
"level_06.xml","Background","64","14","cave_middle_2"
"level_06.xml","Background","65","14","cave_middle_1"
"level_06.xml","Background","66","14","cave_middle_2"
"level_06.xml","Background","67","14","cave_middle_2"
"level_06.xml","Background","68","14","cave_middle_2"
"level_06.xml","Background","69","14","cave_middle_2"
"level_06.xml","Background","70","14","cave_middle_2"
"level_06.xml","Background","71","14","cave_inside_corner_bottom_right"
"level_06.xml","Background","72","14","cave_edge_bottom"
"level_06.xml","Background","73","14","cave_edge_bottom"
"level_06.xml","Background","74","14","cave_inside_corner_bottom_left"
"level_06.xml","Background","75","14","cave_middle_2"
"level_06.xml","Background","76","14","cave_middle_2"
"level_06.xml","Background","77","14","cave_middle_2"
"level_06.xml","Background","37","15","rock_2"
"level_06.xml","Background","41","15","cave_middle_2"
"level_06.xml","Background","42","15","cave_middle_2"
"level_06.xml","Background","43","15","cave_middle_2"
"level_06.xml","Background","44","15","cave_middle_2"
"level_06.xml","Background","45","15","cave_middle_2"
"level_06.xml","Background","46","15","cave_middle_2"
"level_06.xml","Background","47","15","cave_middle_2"
"level_06.xml","Background","50","15","cave_middle_2"
"level_06.xml","Background","51","15","cave_middle_2"
"level_06.xml","Background","52","15","cave_inside_corner_top_right"
"level_06.xml","Background","53","15","cave_inside_corner_top_left"
"level_06.xml","Background","54","15","cave_middle_2"
"level_06.xml","Background","55","15","cave_middle_2"
"level_06.xml","Background","56","15","cave_middle_2"
"level_06.xml","Background","57","15","cave_middle_2"
"level_06.xml","Background","58","15","cave_middle_1"
"level_06.xml","Background","59","15","cave_middle_2"
"level_06.xml","Background","60","15","cave_inside_corner_bottom_right"
"level_06.xml","Background","61","15","cave_edge_bottom"
"level_06.xml","Background","62","15","cave_inside_corner_bottom_left"
"level_06.xml","Background","63","15","cave_middle_2"
"level_06.xml","Background","64","15","cave_middle_2"
"level_06.xml","Background","65","15","cave_middle_2"
"level_06.xml","Background","66","15","cave_middle_2"
"level_06.xml","Background","67","15","cave_middle_2"
"level_06.xml","Background","68","15","cave_middle_2"
"level_06.xml","Background","69","15","cave_middle_2"
"level_06.xml","Background","70","15","cave_middle_2"
"level_06.xml","Background","71","15","cave_edge_right"
"level_06.xml","Background","74","15","cave_edge_left"
"level_06.xml","Background","75","15","cave_middle_2"
"level_06.xml","Background","76","15","cave_middle_3"
"level_06.xml","Background","77","15","cave_middle_2"
"level_06.xml","Background","78","15","cave_middle_2"
"level_06.xml","Background","40","16","cave_middle_2"
"level_06.xml","Background","41","16","cave_middle_2"
"level_06.xml","Background","42","16","cave_middle_1"
"level_06.xml","Background","43","16","cave_middle_2"
"level_06.xml","Background","44","16","cave_inside_corner_bottom_right"
"level_06.xml","Background","45","16","cave_inside_corner_bottom_left"
"level_06.xml","Background","46","16","cave_middle_2"
"level_06.xml","Background","47","16","cave_middle_2"
"level_06.xml","Background","50","16","cave_middle_2"
"level_06.xml","Background","51","16","cave_middle_2"
"level_06.xml","Background","52","16","cave_middle_1"
"level_06.xml","Background","53","16","cave_middle_2"
"level_06.xml","Background","54","16","cave_middle_2"
"level_06.xml","Background","55","16","cave_middle_2"
"level_06.xml","Background","56","16","cave_middle_2"
"level_06.xml","Background","57","16","cave_middle_2"
"level_06.xml","Background","58","16","cave_middle_2"
"level_06.xml","Background","59","16","cave_middle_2"
"level_06.xml","Background","60","16","cave_edge_right"
"level_06.xml","Background","62","16","cave_edge_left"
"level_06.xml","Background","63","16","cave_middle_2"
"level_06.xml","Background","64","16","cave_middle_2"
"level_06.xml","Background","65","16","cave_middle_3"
"level_06.xml","Background","66","16","cave_middle_2"
"level_06.xml","Background","67","16","cave_middle_2"
"level_06.xml","Background","68","16","cave_middle_1"
"level_06.xml","Background","69","16","cave_middle_2"
"level_06.xml","Background","70","16","cave_middle_2"
"level_06.xml","Background","71","16","cave_edge_right"
"level_06.xml","Background","74","16","cave_edge_left"
"level_06.xml","Background","75","16","cave_middle_2"
"level_06.xml","Background","76","16","cave_middle_2"
"level_06.xml","Background","77","16","cave_middle_2"
"level_06.xml","Background","78","16","cave_middle_2"
"level_06.xml","Background","79","16","cave_middle_2"
"level_06.xml","Background","80","16","cave_middle_2"
"level_06.xml","Background","39","17","cave_middle_2"
"level_06.xml","Background","40","17","cave_middle_2"
"level_06.xml","Background","41","17","cave_middle_2"
"level_06.xml","Background","42","17","cave_torch"
"level_06.xml","Background","44","17","cave_inside_corner_top_right"
"level_06.xml","Background","45","17","cave_inside_corner_top_left"
"level_06.xml","Background","46","17","cave_middle_2"
"level_06.xml","Background","47","17","cave_middle_2"
"level_06.xml","Background","50","17","cave_middle_2"
"level_06.xml","Background","51","17","cave_middle_2"
"level_06.xml","Background","52","17","cave_rock_2"
"level_06.xml","Background","53","17","cave_middle_2"
"level_06.xml","Background","54","17","cave_middle_1"
"level_06.xml","Background","55","17","cave_grass"
"level_06.xml","Background","56","17","cave_rock_3"
"level_06.xml","Background","57","17","cave_middle_2"
"level_06.xml","Background","58","17","cave_middle_2"
"level_06.xml","Background","59","17","cave_middle_2"
"level_06.xml","Background","60","17","cave_inside_corner_top_right"
"level_06.xml","Background","61","17","cave_edge_top"
"level_06.xml","Background","62","17","cave_inside_corner_top_left"
"level_06.xml","Background","63","17","cave_middle_2"
"level_06.xml","Background","64","17","cave_middle_2"
"level_06.xml","Background","65","17","cave_middle_3"
"level_06.xml","Background","66","17","cave_middle_2"
"level_06.xml","Background","67","17","cave_middle_2"
"level_06.xml","Background","68","17","cave_rock_3"
"level_06.xml","Background","69","17","cave_grass"
"level_06.xml","Background","70","17","cave_middle_2"
"level_06.xml","Background","71","17","cave_inside_corner_top_right"
"level_06.xml","Background","72","17","cave_edge_top"
"level_06.xml","Background","73","17","cave_edge_top"
"level_06.xml","Background","74","17","cave_inside_corner_top_left"
"level_06.xml","Background","75","17","cave_torch"
"level_06.xml","Background","77","17","cave_middle_2"
"level_06.xml","Background","78","17","cave_middle_3"
"level_06.xml","Background","79","17","cave_middle_2"
"level_06.xml","Background","80","17","cave_middle_2"
"level_06.xml","Background","81","17","cave_middle_2"
"level_06.xml","Background","39","18","cave_middle_2"
"level_06.xml","Background","40","18","cave_middle_2"
"level_06.xml","Background","41","18","cave_middle_2"
"level_06.xml","Background","44","18","cave_middle_2"
"level_06.xml","Background","45","18","cave_rock_2"
"level_06.xml","Background","46","18","cave_grass"
"level_06.xml","Background","57","18","cave_middle_2"
"level_06.xml","Background","58","18","cave_middle_2"
"level_06.xml","Background","59","18","cave_middle_2"
"level_06.xml","Background","60","18","cave_middle_2"
"level_06.xml","Background","61","18","cave_middle_2"
"level_06.xml","Background","62","18","cave_middle_2"
"level_06.xml","Background","63","18","cave_middle_2"
"level_06.xml","Background","64","18","cave_middle_2"
"level_06.xml","Background","70","18","cave_middle_2"
"level_06.xml","Background","71","18","cave_middle_2"
"level_06.xml","Background","72","18","cave_middle_2"
"level_06.xml","Background","73","18","cave_middle_2"
"level_06.xml","Background","74","18","cave_middle_2"
"level_06.xml","Background","77","18","cave_middle_2"
"level_06.xml","Background","78","18","cave_middle_2"
"level_06.xml","Background","79","18","cave_middle_2"
"level_06.xml","Background","80","18","cave_middle_2"
"level_06.xml","Background","81","18","cave_middle_2"
"level_06.xml","Background","82","18","cave_middle_2"
"level_06.xml","Background","83","18","cave_edge_right"
"level_06.xml","Background","40","19","cave_middle_2"
"level_06.xml","Background","41","19","cave_edge_bottom"
"level_06.xml","Background","42","19","cave_inside_corner_bottom_left"
"level_06.xml","Background","43","19","cave_middle_1"
"level_06.xml","Background","44","19","cave_middle_2"
"level_06.xml","Background","45","19","cave_middle_2"
"level_06.xml","Background","59","19","cave_middle_2"
"level_06.xml","Background","60","19","cave_middle_2"
"level_06.xml","Background","61","19","cave_inside_corner_bottom_right"
"level_06.xml","Background","62","19","cave_edge_bottom"
"level_06.xml","Background","63","19","cave_middle_2"
"level_06.xml","Background","71","19","cave_middle_2"
"level_06.xml","Background","72","19","cave_middle_2"
"level_06.xml","Background","73","19","cave_middle_2"
"level_06.xml","Background","74","19","cave_middle_3"
"level_06.xml","Background","75","19","cave_middle_2"
"level_06.xml","Background","76","19","cave_middle_2"
"level_06.xml","Background","77","19","cave_middle_2"
"level_06.xml","Background","78","19","cave_inside_corner_bottom_right"
"level_06.xml","Background","79","19","cave_inside_corner_bottom_left"
"level_06.xml","Background","80","19","cave_middle_2"
"level_06.xml","Background","81","19","cave_inside_corner_bottom_right"
"level_06.xml","Background","82","19","cave_edge_bottom"
"level_06.xml","Background","83","19","cave_outside_corner_bottom_right"
"level_06.xml","Background","112","19","rock_2"
"level_06.xml","Background","113","19","big_tree"
"level_06.xml","Background","114","19","small_tree"
"level_06.xml","Background","3","20","small_tree"
"level_06.xml","Background","4","20","big_tree"
"level_06.xml","Background","42","20","cave_outside_corner_bottom_left"
"level_06.xml","Background","43","20","cave_edge_bottom"
"level_06.xml","Background","44","20","cave_edge_bottom"
"level_06.xml","Background","60","20","cave_edge_bottom"
"level_06.xml","Background","61","20","cave_outside_corner_bottom_right"
"level_06.xml","Background","63","20","cave_edge_bottom"
"level_06.xml","Background","72","20","cave_middle_2"
"level_06.xml","Background","73","20","cave_middle_2"
"level_06.xml","Background","74","20","cave_middle_2"
"level_06.xml","Background","75","20","cave_middle_2"
"level_06.xml","Background","76","20","cave_middle_3"
"level_06.xml","Background","77","20","cave_middle_2"
"level_06.xml","Background","78","20","cave_inside_corner_top_right"
"level_06.xml","Background","79","20","cave_inside_corner_top_left"
"level_06.xml","Background","80","20","cave_middle_2"
"level_06.xml","Background","81","20","cave_edge_right"
"level_06.xml","Background","73","21","cave_middle_2"
"level_06.xml","Background","74","21","cave_middle_3"
"level_06.xml","Background","75","21","cave_middle_2"
"level_06.xml","Background","76","21","cave_middle_2"
"level_06.xml","Background","77","21","cave_middle_2"
"level_06.xml","Background","78","21","cave_rock_1"
"level_06.xml","Background","79","21","cave_middle_2"
"level_06.xml","Background","80","21","cave_inside_corner_bottom_right"
"level_06.xml","Background","81","21","cave_outside_corner_bottom_right"
"level_06.xml","Background","86","21","rock_3"
"level_06.xml","Background","94","21","rock_1"
"level_06.xml","Background","95","21","rock_2"
"level_06.xml","Background","101","21","big_shell"
"level_06.xml","Background","5","22","rock_3"
"level_06.xml","Background","14","22","big_shell"
"level_06.xml","Background","16","22","rock_2"
"level_06.xml","Background","23","22","rock_2"
"level_06.xml","Background","30","22","rock_1"
"level_06.xml","Background","36","22","big_shell"
"level_06.xml","Background","43","22","clam"
"level_06.xml","Background","44","22","rock_2"
"level_06.xml","Background","80","22","cave_edge_right"
"level_06.xml","Background","3","25","big_tree"
"level_06.xml","Background","4","25","big_tree"
"level_06.xml","Background","7","25","big_tree"
"level_06.xml","Background","9","25","big_tree"
"level_06.xml","Background","10","25","big_tree"
"level_06.xml","Background","11","25","big_tree"
"level_07.xml","Terrain","10","2","blank_sand_top_left"
"level_07.xml","Terrain","11","2","shell_sand_middle_2"
"level_07.xml","Terrain","12","2","blank_sand_middle_1"
"level_07.xml","Terrain","13","2","shell_sand_middle_1"
"level_07.xml","Terrain","14","2","blank_sand_top_right"
"level_07.xml","Terrain","10","3","earth_edge_left"
"level_07.xml","Terrain","11","3","earth_edge_middle_2"
"level_07.xml","Terrain","12","3","earth_edge_middle_2"
"level_07.xml","Terrain","13","3","earth_edge_middle_2"
"level_07.xml","Terrain","14","3","earth_edge_right"
"level_07.xml","Terrain","7","4","blank_sand_top_left"
"level_07.xml","Terrain","8","4","shell_sand_middle_1"
"level_07.xml","Terrain","9","4","shell_sand_middle_2"
"level_07.xml","Terrain","10","4","sand_overlap_left"
"level_07.xml","Terrain","11","4","earth_edge_middle_2"
"level_07.xml","Terrain","12","4","earth_edge_middle_2"
"level_07.xml","Terrain","13","4","earth_edge_middle_2"
"level_07.xml","Terrain","14","4","sand_overlap_right"
"level_07.xml","Terrain","15","4","shell_sand_middle_2"
"level_07.xml","Terrain","16","4","blank_sand_middle_1"
"level_07.xml","Terrain","17","4","shell_sand_top_right"
"level_07.xml","Terrain","7","5","earth_edge_left"
"level_07.xml","Terrain","8","5","earth_edge_middle_2"
"level_07.xml","Terrain","9","5","earth_edge_middle_1"
"level_07.xml","Terrain","10","5","earth_edge_middle_1"
"level_07.xml","Terrain","11","5","earth_edge_middle_2"
"level_07.xml","Terrain","12","5","earth_edge_middle_1"
"level_07.xml","Terrain","13","5","earth_edge_middle_1"
"level_07.xml","Terrain","14","5","earth_edge_middle_1"
"level_07.xml","Terrain","15","5","earth_edge_middle_1"
"level_07.xml","Terrain","16","5","earth_edge_middle_1"
"level_07.xml","Terrain","17","5","earth_edge_right"
"level_07.xml","Terrain","7","6","earth_edge_left"
"level_07.xml","Terrain","8","6","earth_edge_middle_2"
"level_07.xml","Terrain","9","6","earth_edge_middle_1"
"level_07.xml","Terrain","10","6","earth_edge_middle_2"
"level_07.xml","Terrain","11","6","earth_edge_middle_2"
"level_07.xml","Terrain","12","6","earth_edge_middle_1"
"level_07.xml","Terrain","13","6","earth_edge_middle_2"
"level_07.xml","Terrain","14","6","earth_edge_middle_1"
"level_07.xml","Terrain","15","6","earth_edge_middle_2"
"level_07.xml","Terrain","16","6","earth_edge_middle_1"
"level_07.xml","Terrain","17","6","earth_edge_right"
"level_07.xml","Terrain","0","7","blank_sand_top_left"
"level_07.xml","Terrain","1","7","shell_sand_middle_1"
"level_07.xml","Terrain","2","7","blank_sand_middle_1"
"level_07.xml","Terrain","3","7","blank_sand_middle_2"
"level_07.xml","Terrain","4","7","shell_sand_middle_2"
"level_07.xml","Terrain","5","7","blank_sand_middle_1"
"level_07.xml","Terrain","6","7","shell_sand_middle_1"
"level_07.xml","Terrain","7","7","sand_overlap_left"
"level_07.xml","Terrain","8","7","earth_edge_middle_1"
"level_07.xml","Terrain","9","7","earth_edge_middle_1"
"level_07.xml","Terrain","10","7","earth_edge_middle_1"
"level_07.xml","Terrain","11","7","earth_edge_middle_2"
"level_07.xml","Terrain","12","7","earth_edge_middle_2"
"level_07.xml","Terrain","13","7","earth_edge_middle_2"
"level_07.xml","Terrain","14","7","earth_edge_middle_1"
"level_07.xml","Terrain","15","7","earth_edge_middle_1"
"level_07.xml","Terrain","16","7","earth_edge_middle_1"
"level_07.xml","Terrain","17","7","sand_overlap_right"
"level_07.xml","Terrain","18","7","blank_sand_middle_2"
"level_07.xml","Terrain","19","7","shell_sand_middle_1"
"level_07.xml","Terrain","20","7","blank_sand_middle_1"
"level_07.xml","Terrain","21","7","shell_sand_middle_1"
"level_07.xml","Terrain","22","7","blank_sand_middle_2"
"level_07.xml","Terrain","23","7","blank_sand_top_right"
"level_07.xml","Terrain","0","8","earth_edge_left"
"level_07.xml","Terrain","1","8","earth_edge_middle_2"
"level_07.xml","Terrain","2","8","earth_edge_middle_2"
"level_07.xml","Terrain","3","8","earth_edge_middle_2"
"level_07.xml","Terrain","4","8","earth_edge_middle_1"
"level_07.xml","Terrain","5","8","earth_edge_middle_2"
"level_07.xml","Terrain","6","8","earth_edge_middle_2"
"level_07.xml","Terrain","7","8","earth_edge_middle_1"
"level_07.xml","Terrain","8","8","earth_edge_middle_1"
"level_07.xml","Terrain","9","8","earth_edge_middle_2"
"level_07.xml","Terrain","10","8","earth_edge_middle_1"
"level_07.xml","Terrain","11","8","earth_edge_middle_2"
"level_07.xml","Terrain","12","8","earth_edge_middle_1"
"level_07.xml","Terrain","13","8","earth_edge_middle_2"
"level_07.xml","Terrain","14","8","earth_edge_middle_1"
"level_07.xml","Terrain","15","8","earth_edge_middle_1"
"level_07.xml","Terrain","16","8","earth_edge_middle_2"
"level_07.xml","Terrain","17","8","earth_edge_middle_1"
"level_07.xml","Terrain","18","8","earth_edge_middle_1"
"level_07.xml","Terrain","19","8","earth_edge_middle_1"
"level_07.xml","Terrain","20","8","earth_edge_middle_1"
"level_07.xml","Terrain","21","8","earth_edge_middle_2"
"level_07.xml","Terrain","22","8","earth_edge_middle_2"
"level_07.xml","Terrain","23","8","earth_edge_right"
"level_07.xml","Terrain","0","9","tile_ripple_left"
"level_07.xml","Terrain","1","9","tile_ripple_middle"
"level_07.xml","Terrain","2","9","tile_ripple_middle"
"level_07.xml","Terrain","3","9","tile_ripple_middle"
"level_07.xml","Terrain","4","9","tile_ripple_middle"
"level_07.xml","Terrain","5","9","tile_ripple_middle"
"level_07.xml","Terrain","6","9","tile_ripple_middle"
"level_07.xml","Terrain","7","9","tile_ripple_middle"
"level_07.xml","Terrain","8","9","tile_ripple_middle"
"level_07.xml","Terrain","9","9","tile_ripple_middle"
"level_07.xml","Terrain","10","9","tile_ripple_middle"
"level_07.xml","Terrain","11","9","tile_ripple_middle"
"level_07.xml","Terrain","12","9","tile_ripple_middle"
"level_07.xml","Terrain","13","9","tile_ripple_middle"
"level_07.xml","Terrain","14","9","tile_ripple_middle"
"level_07.xml","Terrain","15","9","tile_ripple_middle"
"level_07.xml","Terrain","16","9","tile_ripple_middle"
"level_07.xml","Terrain","17","9","tile_ripple_middle"
"level_07.xml","Terrain","18","9","tile_ripple_middle"
"level_07.xml","Terrain","19","9","tile_ripple_middle"
"level_07.xml","Terrain","20","9","tile_ripple_middle"
"level_07.xml","Terrain","21","9","tile_ripple_middle"
"level_07.xml","Terrain","22","9","tile_ripple_middle"
"level_07.xml","Terrain","23","9","tile_ripple_right"
"level_07.xml","Terrain","0","10","tile_ripple_left"
"level_07.xml","Terrain","1","10","tile_ripple_middle"
"level_07.xml","Terrain","2","10","tile_ripple_middle"
"level_07.xml","Terrain","3","10","tile_ripple_middle"
"level_07.xml","Terrain","4","10","tile_ripple_middle"
"level_07.xml","Terrain","5","10","tile_ripple_middle"
"level_07.xml","Terrain","6","10","tile_ripple_middle"
"level_07.xml","Terrain","7","10","tile_ripple_middle"
"level_07.xml","Terrain","8","10","tile_ripple_middle"
"level_07.xml","Terrain","9","10","tile_ripple_middle"
"level_07.xml","Terrain","10","10","tile_ripple_middle"
"level_07.xml","Terrain","11","10","tile_ripple_middle"
"level_07.xml","Terrain","12","10","tile_ripple_middle"
"level_07.xml","Terrain","13","10","tile_ripple_middle"
"level_07.xml","Terrain","14","10","tile_ripple_middle"
"level_07.xml","Terrain","15","10","tile_ripple_middle"
"level_07.xml","Terrain","16","10","tile_ripple_middle"
"level_07.xml","Terrain","17","10","tile_ripple_middle"
"level_07.xml","Terrain","18","10","tile_ripple_middle"
"level_07.xml","Terrain","19","10","tile_ripple_middle"
"level_07.xml","Terrain","20","10","tile_ripple_middle"
"level_07.xml","Terrain","21","10","tile_ripple_middle"
"level_07.xml","Terrain","22","10","tile_ripple_middle"
"level_07.xml","Terrain","23","10","tile_ripple_right"
"level_07.xml","Terrain","0","11","tile_ripple_left"
"level_07.xml","Terrain","1","11","tile_ripple_middle"
"level_07.xml","Terrain","2","11","tile_ripple_middle"
"level_07.xml","Terrain","3","11","tile_ripple_middle"
"level_07.xml","Terrain","4","11","tile_ripple_middle"
"level_07.xml","Terrain","5","11","tile_ripple_middle"
"level_07.xml","Terrain","6","11","tile_ripple_middle"
"level_07.xml","Terrain","7","11","tile_ripple_middle"
"level_07.xml","Terrain","8","11","tile_ripple_middle"
"level_07.xml","Terrain","9","11","tile_ripple_middle"
"level_07.xml","Terrain","10","11","tile_ripple_middle"
"level_07.xml","Terrain","11","11","tile_ripple_middle"
"level_07.xml","Terrain","12","11","tile_ripple_middle"
"level_07.xml","Terrain","13","11","tile_ripple_middle"
"level_07.xml","Terrain","14","11","tile_ripple_middle"
"level_07.xml","Terrain","15","11","tile_ripple_middle"
"level_07.xml","Terrain","16","11","tile_ripple_middle"
"level_07.xml","Terrain","17","11","tile_ripple_middle"
"level_07.xml","Terrain","18","11","tile_ripple_middle"
"level_07.xml","Terrain","19","11","tile_ripple_middle"
"level_07.xml","Terrain","20","11","tile_ripple_middle"
"level_07.xml","Terrain","21","11","tile_ripple_middle"
"level_07.xml","Terrain","22","11","tile_ripple_middle"
"level_07.xml","Terrain","23","11","tile_ripple_right"
"level_07.xml","Background","0","0","antichest"
"level_07.xml","Background","1","0","antichest"
"level_07.xml","Background","2","0","antichest"
"level_07.xml","Background","3","0","antichest"
"level_07.xml","Background","4","0","antichest"
"level_07.xml","Background","5","0","antichest"
"level_07.xml","Background","6","0","antichest"
"level_07.xml","Background","7","0","antichest"
"level_07.xml","Background","8","0","antichest"
"level_07.xml","Background","9","0","antichest"
"level_07.xml","Background","10","0","antichest"
"level_07.xml","Background","11","0","antichest"
"level_07.xml","Background","13","0","antichest"
"level_07.xml","Background","14","0","antichest"
"level_07.xml","Background","15","0","antichest"
"level_07.xml","Background","16","0","antichest"
"level_07.xml","Background","17","0","antichest"
"level_07.xml","Background","18","0","antichest"
"level_07.xml","Background","19","0","antichest"
"level_07.xml","Background","20","0","antichest"
"level_07.xml","Background","21","0","antichest"
"level_07.xml","Background","22","0","antichest"
"level_07.xml","Background","23","0","antichest"
"level_07.xml","Background","12","1","rock_1"
"level_07.xml","Background","16","3","rock_3"
"level_07.xml","Background","2","6","small_tree"
"level_07.xml","Background","3","6","big_tree"
"level_07.xml","Background","5","6","rock_3"
"level_07.xml","Background","20","6","small_tree"
"level_07.xml","Background","22","6","big_shell"
"level_08.xml","Terrain","3","4","grass_top_single"
"level_08.xml","Terrain","15","4","grass_top_single"
"level_08.xml","Terrain","3","5","earth_single_collum"
"level_08.xml","Terrain","15","5","earth_single_collum"
"level_08.xml","Terrain","3","6","earth_single_collum"
"level_08.xml","Terrain","15","6","earth_single_collum"
"level_08.xml","Terrain","3","7","earth_single_collum"
"level_08.xml","Terrain","15","7","earth_single_collum"
"level_08.xml","Terrain","2","8","grass_top_left"
"level_08.xml","Terrain","3","8","grass_overlap_left_edge"
"level_08.xml","Terrain","15","8","earth_single_collum"
"level_08.xml","Terrain","2","9","earth_edge_left"
"level_08.xml","Terrain","3","9","earth_edge_right"
"level_08.xml","Terrain","15","9","earth_single_collum"
"level_08.xml","Terrain","2","10","earth_edge_left"
"level_08.xml","Terrain","3","10","earth_edge_right"
"level_08.xml","Terrain","7","10","grass_row_left"
"level_08.xml","Terrain","8","10","grass_top_middle_1"
"level_08.xml","Terrain","9","10","grass_top_middle_1"
"level_08.xml","Terrain","10","10","grass_top_middle_1"
"level_08.xml","Terrain","11","10","grass_row_right"
"level_08.xml","Terrain","15","10","grass_overlap_right_edge"
"level_08.xml","Terrain","16","10","grass_top_right"
"level_08.xml","Terrain","2","11","earth_edge_left"
"level_08.xml","Terrain","3","11","earth_edge_right"
"level_08.xml","Terrain","8","11","earth_bottom_right"
"level_08.xml","Terrain","9","11","eartyh_bottom_middle"
"level_08.xml","Terrain","10","11","earth_bottom_left"
"level_08.xml","Terrain","15","11","earth_edge_left"
"level_08.xml","Terrain","16","11","earth_edge_right"
"level_08.xml","Terrain","2","12","earth_edge_left"
"level_08.xml","Terrain","3","12","earth_edge_right"
"level_08.xml","Terrain","15","12","earth_edge_left"
"level_08.xml","Terrain","16","12","earth_edge_right"
"level_08.xml","Terrain","2","13","earth_edge_left"
"level_08.xml","Terrain","3","13","earth_edge_right"
"level_08.xml","Terrain","15","13","earth_edge_left"
"level_08.xml","Terrain","16","13","earth_edge_right"
"level_08.xml","Terrain","2","14","earth_edge_left"
"level_08.xml","Terrain","3","14","grass_overlap_right"
"level_08.xml","Terrain","4","14","grass_top_right"
"level_08.xml","Terrain","7","14","grass_row_left"
"level_08.xml","Terrain","8","14","grass_top_middle_1"
"level_08.xml","Terrain","9","14","grass_top_middle_1"
"level_08.xml","Terrain","10","14","grass_top_middle_1"
"level_08.xml","Terrain","11","14","grass_row_right"
"level_08.xml","Terrain","15","14","earth_edge_left"
"level_08.xml","Terrain","16","14","earth_edge_right"
"level_08.xml","Terrain","2","15","earth_edge_left"
"level_08.xml","Terrain","3","15","earth_edge_middle_1"
"level_08.xml","Terrain","4","15","earth_edge_right"
"level_08.xml","Terrain","8","15","earth_bottom_right"
"level_08.xml","Terrain","9","15","eartyh_bottom_middle"
"level_08.xml","Terrain","10","15","earth_bottom_left"
"level_08.xml","Terrain","15","15","earth_edge_left"
"level_08.xml","Terrain","16","15","earth_edge_right"
"level_08.xml","Terrain","2","16","earth_edge_left"
"level_08.xml","Terrain","3","16","earth_edge_middle_1"
"level_08.xml","Terrain","4","16","earth_bottom_left"
"level_08.xml","Terrain","15","16","earth_edge_left"
"level_08.xml","Terrain","16","16","earth_edge_right"
"level_08.xml","Terrain","2","17","earth_edge_left"
"level_08.xml","Terrain","3","17","earth_edge_right"
"level_08.xml","Terrain","15","17","earth_edge_left"
"level_08.xml","Terrain","16","17","earth_edge_right"
"level_08.xml","Terrain","1","18","grass_top_left"
"level_08.xml","Terrain","2","18","grass_overlap_left"
"level_08.xml","Terrain","3","18","earth_edge_right"
"level_08.xml","Terrain","7","18","grass_row_left"
"level_08.xml","Terrain","8","18","grass_top_middle_1"
"level_08.xml","Terrain","9","18","grass_top_middle_1"
"level_08.xml","Terrain","10","18","grass_top_middle_1"
"level_08.xml","Terrain","11","18","grass_row_right"
"level_08.xml","Terrain","14","18","grass_top_left"
"level_08.xml","Terrain","15","18","grass_overlap_left"
"level_08.xml","Terrain","16","18","earth_edge_right"
"level_08.xml","Terrain","1","19","earth_edge_left"
"level_08.xml","Terrain","2","19","earth_edge_middle_2"
"level_08.xml","Terrain","3","19","earth_edge_right"
"level_08.xml","Terrain","8","19","earth_bottom_right"
"level_08.xml","Terrain","9","19","eartyh_bottom_middle"
"level_08.xml","Terrain","10","19","earth_bottom_left"
"level_08.xml","Terrain","14","19","earth_edge_left"
"level_08.xml","Terrain","15","19","earth_edge_middle_2"
"level_08.xml","Terrain","16","19","earth_edge_right"
"level_08.xml","Terrain","1","20","earth_edge_left"
"level_08.xml","Terrain","2","20","earth_edge_middle_2"
"level_08.xml","Terrain","3","20","earth_edge_right"
"level_08.xml","Terrain","14","20","earth_bottom_right"
"level_08.xml","Terrain","15","20","earth_edge_middle_2"
"level_08.xml","Terrain","16","20","earth_edge_right"
"level_08.xml","Terrain","1","21","earth_edge_left"
"level_08.xml","Terrain","2","21","earth_edge_middle_2"
"level_08.xml","Terrain","3","21","earth_edge_right"
"level_08.xml","Terrain","15","21","earth_edge_left"
"level_08.xml","Terrain","16","21","grass_overlap_right"
"level_08.xml","Terrain","17","21","grass_top_right"
"level_08.xml","Terrain","1","22","earth_edge_left"
"level_08.xml","Terrain","2","22","earth_edge_middle_2"
"level_08.xml","Terrain","3","22","grass_overlap_right"
"level_08.xml","Terrain","4","22","grass_top_right"
"level_08.xml","Terrain","7","22","grass_row_left"
"level_08.xml","Terrain","8","22","grass_top_middle_1"
"level_08.xml","Terrain","9","22","grass_top_middle_1"
"level_08.xml","Terrain","10","22","grass_top_middle_1"
"level_08.xml","Terrain","11","22","grass_row_right"
"level_08.xml","Terrain","15","22","earth_edge_left"
"level_08.xml","Terrain","16","22","earth_edge_middle_2"
"level_08.xml","Terrain","17","22","earth_edge_right"
"level_08.xml","Terrain","1","23","earth_edge_left"
"level_08.xml","Terrain","2","23","earth_edge_middle_2"
"level_08.xml","Terrain","3","23","earth_edge_middle_2"
"level_08.xml","Terrain","4","23","earth_edge_right"
"level_08.xml","Terrain","8","23","earth_bottom_right"
"level_08.xml","Terrain","9","23","eartyh_bottom_middle"
"level_08.xml","Terrain","10","23","earth_bottom_left"
"level_08.xml","Terrain","15","23","earth_edge_left"
"level_08.xml","Terrain","16","23","earth_edge_middle_2"
"level_08.xml","Terrain","17","23","earth_edge_right"
"level_08.xml","Terrain","1","24","earth_edge_left"
"level_08.xml","Terrain","2","24","earth_edge_middle_2"
"level_08.xml","Terrain","3","24","earth_edge_middle_2"
"level_08.xml","Terrain","4","24","earth_edge_right"
"level_08.xml","Terrain","15","24","earth_edge_left"
"level_08.xml","Terrain","16","24","earth_edge_middle_2"
"level_08.xml","Terrain","17","24","earth_edge_right"
"level_08.xml","Terrain","0","25","grass_top_left"
"level_08.xml","Terrain","1","25","grass_overlap_left"
"level_08.xml","Terrain","2","25","earth_edge_middle_2"
"level_08.xml","Terrain","3","25","earth_edge_middle_2"
"level_08.xml","Terrain","4","25","earth_edge_right"
"level_08.xml","Terrain","15","25","earth_edge_left"
"level_08.xml","Terrain","16","25","earth_edge_middle_2"
"level_08.xml","Terrain","17","25","grass_overlap_right"
"level_08.xml","Terrain","18","25","grass_top_right"
"level_08.xml","Terrain","0","26","earth_edge_left"
"level_08.xml","Terrain","1","26","earth_edge_middle_2"
"level_08.xml","Terrain","2","26","earth_edge_middle_2"
"level_08.xml","Terrain","3","26","earth_edge_middle_2"
"level_08.xml","Terrain","4","26","earth_edge_right"
"level_08.xml","Terrain","7","26","grass_top_left"
"level_08.xml","Terrain","8","26","grass_top_middle_1"
"level_08.xml","Terrain","9","26","grass_top_middle_1"
"level_08.xml","Terrain","10","26","grass_top_middle_1"
"level_08.xml","Terrain","11","26","grass_top_right"
"level_08.xml","Terrain","14","26","grass_top_left"
"level_08.xml","Terrain","15","26","grass_overlap_left"
"level_08.xml","Terrain","16","26","earth_edge_middle_2"
"level_08.xml","Terrain","17","26","earth_edge_middle_2"
"level_08.xml","Terrain","18","26","earth_edge_right"
"level_08.xml","Terrain","0","27","earth_edge_left"
"level_08.xml","Terrain","1","27","earth_edge_middle_2"
"level_08.xml","Terrain","2","27","earth_edge_middle_2"
"level_08.xml","Terrain","3","27","earth_edge_middle_2"
"level_08.xml","Terrain","4","27","earth_edge_right"
"level_08.xml","Terrain","7","27","earth_edge_left"
"level_08.xml","Terrain","8","27","earth_edge_middle_1"
"level_08.xml","Terrain","9","27","earth_edge_middle_1"
"level_08.xml","Terrain","10","27","earth_edge_middle_1"
"level_08.xml","Terrain","11","27","earth_edge_right"
"level_08.xml","Terrain","14","27","earth_edge_left"
"level_08.xml","Terrain","15","27","earth_edge_middle_1"
"level_08.xml","Terrain","16","27","earth_edge_middle_2"
"level_08.xml","Terrain","17","27","earth_edge_middle_2"
"level_08.xml","Terrain","18","27","earth_edge_right"
"level_08.xml","Terrain","0","28","earth_edge_left"
"level_08.xml","Terrain","1","28","earth_edge_middle_2"
"level_08.xml","Terrain","2","28","earth_edge_middle_2"
"level_08.xml","Terrain","3","28","earth_edge_middle_2"
"level_08.xml","Terrain","4","28","earth_edge_right"
"level_08.xml","Terrain","7","28","earth_edge_left"
"level_08.xml","Terrain","8","28","earth_edge_middle_1"
"level_08.xml","Terrain","9","28","earth_edge_middle_1"
"level_08.xml","Terrain","10","28","earth_edge_middle_1"
"level_08.xml","Terrain","11","28","earth_edge_right"
"level_08.xml","Terrain","14","28","earth_edge_left"
"level_08.xml","Terrain","15","28","earth_edge_middle_1"
"level_08.xml","Terrain","16","28","earth_edge_middle_2"
"level_08.xml","Terrain","17","28","earth_edge_middle_2"
"level_08.xml","Terrain","18","28","earth_edge_right"
"level_08.xml","Terrain","0","29","earth_edge_left"
"level_08.xml","Terrain","1","29","earth_edge_middle_2"
"level_08.xml","Terrain","2","29","earth_edge_middle_2"
"level_08.xml","Terrain","3","29","earth_edge_middle_2"
"level_08.xml","Terrain","4","29","earth_edge_right"
"level_08.xml","Terrain","7","29","earth_edge_left"
"level_08.xml","Terrain","8","29","earth_edge_middle_1"
"level_08.xml","Terrain","9","29","earth_edge_middle_1"
"level_08.xml","Terrain","10","29","earth_edge_middle_1"
"level_08.xml","Terrain","11","29","earth_edge_right"
"level_08.xml","Terrain","14","29","earth_edge_left"
"level_08.xml","Terrain","15","29","earth_edge_middle_1"
"level_08.xml","Terrain","16","29","earth_edge_middle_2"
"level_08.xml","Terrain","17","29","earth_edge_middle_2"
"level_08.xml","Terrain","18","29","grass_overlap_right"
"level_08.xml","Terrain","19","29","grass_top_right"
"level_08.xml","Terrain","0","30","earth_edge_left"
"level_08.xml","Terrain","1","30","earth_edge_middle_2"
"level_08.xml","Terrain","2","30","earth_edge_middle_2"
"level_08.xml","Terrain","3","30","earth_edge_middle_2"
"level_08.xml","Terrain","4","30","earth_edge_right"
"level_08.xml","Terrain","7","30","earth_edge_left"
"level_08.xml","Terrain","8","30","earth_edge_middle_1"
"level_08.xml","Terrain","9","30","earth_edge_middle_1"
"level_08.xml","Terrain","10","30","earth_edge_middle_1"
"level_08.xml","Terrain","11","30","earth_edge_right"
"level_08.xml","Terrain","14","30","earth_edge_left"
"level_08.xml","Terrain","15","30","earth_edge_middle_1"
"level_08.xml","Terrain","16","30","earth_edge_middle_2"
"level_08.xml","Terrain","17","30","earth_edge_middle_2"
"level_08.xml","Terrain","18","30","earth_edge_middle_2"
"level_08.xml","Terrain","19","30","earth_edge_right"
"level_08.xml","Terrain","0","31","tile_ripple_left"
"level_08.xml","Terrain","1","31","tile_ripple_middle"
"level_08.xml","Terrain","2","31","tile_ripple_middle"
"level_08.xml","Terrain","3","31","tile_ripple_middle"
"level_08.xml","Terrain","4","31","tile_ripple_right"
"level_08.xml","Terrain","7","31","tile_ripple_left"
"level_08.xml","Terrain","8","31","tile_ripple_middle"
"level_08.xml","Terrain","9","31","tile_ripple_middle"
"level_08.xml","Terrain","10","31","tile_ripple_middle"
"level_08.xml","Terrain","11","31","tile_ripple_right"
"level_08.xml","Terrain","14","31","tile_ripple_left"
"level_08.xml","Terrain","15","31","tile_ripple_middle"
"level_08.xml","Terrain","16","31","tile_ripple_middle"
"level_08.xml","Terrain","17","31","tile_ripple_middle"
"level_08.xml","Terrain","18","31","tile_ripple_middle"
"level_08.xml","Terrain","19","31","tile_ripple_right"
"level_08.xml","Terrain","0","32","tile_ripple_left"
"level_08.xml","Terrain","1","32","tile_ripple_middle"
"level_08.xml","Terrain","2","32","tile_ripple_middle"
"level_08.xml","Terrain","3","32","tile_ripple_middle"
"level_08.xml","Terrain","4","32","tile_ripple_right"
"level_08.xml","Terrain","7","32","tile_ripple_left"
"level_08.xml","Terrain","8","32","tile_ripple_middle"
"level_08.xml","Terrain","9","32","tile_ripple_middle"
"level_08.xml","Terrain","10","32","tile_ripple_middle"
"level_08.xml","Terrain","11","32","tile_ripple_right"
"level_08.xml","Terrain","14","32","tile_ripple_left"
"level_08.xml","Terrain","15","32","tile_ripple_middle"
"level_08.xml","Terrain","16","32","tile_ripple_middle"
"level_08.xml","Terrain","17","32","tile_ripple_middle"
"level_08.xml","Terrain","18","32","tile_ripple_middle"
"level_08.xml","Terrain","19","32","tile_ripple_right"
"level_08.xml","Terrain","0","33","tile_ripple_left"
"level_08.xml","Terrain","1","33","tile_ripple_middle"
"level_08.xml","Terrain","2","33","tile_ripple_middle"
"level_08.xml","Terrain","3","33","tile_ripple_middle"
"level_08.xml","Terrain","4","33","tile_ripple_right"
"level_08.xml","Terrain","7","33","tile_ripple_left"
"level_08.xml","Terrain","8","33","tile_ripple_middle"
"level_08.xml","Terrain","9","33","tile_ripple_middle"
"level_08.xml","Terrain","10","33","tile_ripple_middle"
"level_08.xml","Terrain","11","33","tile_ripple_right"
"level_08.xml","Terrain","14","33","tile_ripple_left"
"level_08.xml","Terrain","15","33","tile_ripple_middle"
"level_08.xml","Terrain","16","33","tile_ripple_middle"
"level_08.xml","Terrain","17","33","tile_ripple_middle"
"level_08.xml","Terrain","18","33","tile_ripple_middle"
"level_08.xml","Terrain","19","33","tile_ripple_right"
"level_08.xml","Terrain","0","34","tile_ripple_left"
"level_08.xml","Terrain","1","34","tile_ripple_middle"
"level_08.xml","Terrain","2","34","tile_ripple_middle"
"level_08.xml","Terrain","3","34","tile_ripple_middle"
"level_08.xml","Terrain","4","34","tile_ripple_right"
"level_08.xml","Terrain","7","34","tile_ripple_left"
"level_08.xml","Terrain","8","34","tile_ripple_middle"
"level_08.xml","Terrain","9","34","tile_ripple_middle"
"level_08.xml","Terrain","10","34","tile_ripple_middle"
"level_08.xml","Terrain","11","34","tile_ripple_right"
"level_08.xml","Terrain","14","34","tile_ripple_left"
"level_08.xml","Terrain","15","34","tile_ripple_middle"
"level_08.xml","Terrain","16","34","tile_ripple_middle"
"level_08.xml","Terrain","17","34","tile_ripple_middle"
"level_08.xml","Terrain","18","34","tile_ripple_middle"
"level_08.xml","Terrain","19","34","tile_ripple_right"
"level_08.xml","Background","0","0","antichest"
"level_08.xml","Background","1","0","antichest"
"level_08.xml","Background","2","0","antichest"
"level_08.xml","Background","3","0","antichest"
"level_08.xml","Background","15","0","antichest"
"level_08.xml","Background","16","0","antichest"
"level_08.xml","Background","17","0","antichest"
"level_08.xml","Background","18","0","antichest"
"level_08.xml","Background","19","0","antichest"
"level_08.xml","Background","4","5","cave_edge_top"
"level_08.xml","Background","5","5","cave_edge_top"
"level_08.xml","Background","6","5","cave_outside_corner_top_right"
"level_08.xml","Background","4","6","cave_middle_2"
"level_08.xml","Background","5","6","cave_middle_2"
"level_08.xml","Background","6","6","cave_edge_right"
"level_08.xml","Background","9","6","cave_outside_corner_top_left"
"level_08.xml","Background","10","6","cave_edge_top"
"level_08.xml","Background","11","6","cave_edge_top"
"level_08.xml","Background","12","6","cave_outside_corner_top_right"
"level_08.xml","Background","4","7","cave_middle_2"
"level_08.xml","Background","5","7","cave_middle_2"
"level_08.xml","Background","6","7","cave_inside_corner_top_right"
"level_08.xml","Background","7","7","cave_edge_top"
"level_08.xml","Background","8","7","cave_edge_top"
"level_08.xml","Background","9","7","cave_inside_corner_top_left"
"level_08.xml","Background","10","7","cave_middle_2"
"level_08.xml","Background","11","7","cave_middle_2"
"level_08.xml","Background","12","7","cave_inside_corner_top_right"
"level_08.xml","Background","13","7","cave_edge_top"
"level_08.xml","Background","14","7","cave_edge_top"
"level_08.xml","Background","4","8","cave_middle_1"
"level_08.xml","Background","5","8","cave_middle_1"
"level_08.xml","Background","6","8","cave_middle_1"
"level_08.xml","Background","7","8","cave_middle_1"
"level_08.xml","Background","8","8","cave_middle_1"
"level_08.xml","Background","9","8","cave_middle_1"
"level_08.xml","Background","10","8","cave_middle_1"
"level_08.xml","Background","11","8","cave_middle_1"
"level_08.xml","Background","12","8","cave_middle_1"
"level_08.xml","Background","13","8","cave_middle_1"
"level_08.xml","Background","14","8","cave_middle_1"
"level_08.xml","Background","3","9","cave_middle_1"
"level_08.xml","Background","4","9","cave_middle_2"
"level_08.xml","Background","5","9","cave_middle_2"
"level_08.xml","Background","6","9","cave_middle_1"
"level_08.xml","Background","7","9","cave_middle_1"
"level_08.xml","Background","8","9","cave_grass"
"level_08.xml","Background","9","9","cave_rock_1"
"level_08.xml","Background","10","9","cave_middle_1"
"level_08.xml","Background","11","9","cave_middle_1"
"level_08.xml","Background","12","9","cave_middle_1"
"level_08.xml","Background","13","9","cave_middle_2"
"level_08.xml","Background","14","9","cave_middle_1"
"level_08.xml","Background","4","10","cave_middle_1"
"level_08.xml","Background","5","10","cave_middle_1"
"level_08.xml","Background","6","10","cave_middle_1"
"level_08.xml","Background","7","10","cave_middle_1"
"level_08.xml","Background","9","10","cave_middle_1"
"level_08.xml","Background","10","10","cave_middle_1"
"level_08.xml","Background","11","10","cave_middle_1"
"level_08.xml","Background","12","10","cave_middle_2"
"level_08.xml","Background","13","10","cave_middle_2"
"level_08.xml","Background","14","10","cave_middle_2"
"level_08.xml","Background","3","11","cave_middle_1"
"level_08.xml","Background","4","11","cave_middle_1"
"level_08.xml","Background","5","11","cave_torch"
"level_08.xml","Background","7","11","cave_middle_1"
"level_08.xml","Background","8","11","cave_middle_1"
"level_08.xml","Background","9","11","cave_middle_1"
"level_08.xml","Background","10","11","cave_middle_2"
"level_08.xml","Background","11","11","cave_middle_2"
"level_08.xml","Background","12","11","cave_middle_2"
"level_08.xml","Background","13","11","cave_middle_2"
"level_08.xml","Background","14","11","cave_middle_2"
"level_08.xml","Background","3","12","cave_middle_1"
"level_08.xml","Background","4","12","cave_middle_1"
"level_08.xml","Background","7","12","cave_middle_1"
"level_08.xml","Background","8","12","cave_middle_1"
"level_08.xml","Background","9","12","cave_middle_2"
"level_08.xml","Background","10","12","cave_middle_2"
"level_08.xml","Background","11","12","cave_middle_2"
"level_08.xml","Background","12","12","cave_middle_2"
"level_08.xml","Background","13","12","cave_middle_1"
"level_08.xml","Background","14","12","cave_middle_1"
"level_08.xml","Background","3","13","cave_middle_1"
"level_08.xml","Background","4","13","cave_grass"
"level_08.xml","Background","5","13","cave_middle_1"
"level_08.xml","Background","6","13","cave_middle_1"
"level_08.xml","Background","7","13","cave_middle_1"
"level_08.xml","Background","8","13","cave_rock_3"
"level_08.xml","Background","9","13","cave_rock_2"
"level_08.xml","Background","10","13","cave_middle_2"
"level_08.xml","Background","11","13","cave_middle_2"
"level_08.xml","Background","12","13","cave_middle_2"
"level_08.xml","Background","13","13","cave_middle_1"
"level_08.xml","Background","14","13","cave_middle_1"
"level_08.xml","Background","5","14","cave_middle_1"
"level_08.xml","Background","6","14","cave_middle_1"
"level_08.xml","Background","7","14","cave_middle_1"
"level_08.xml","Background","8","14","cave_middle_1"
"level_08.xml","Background","9","14","cave_middle_2"
"level_08.xml","Background","10","14","cave_middle_1"
"level_08.xml","Background","11","14","cave_middle_1"
"level_08.xml","Background","12","14","cave_middle_1"
"level_08.xml","Background","13","14","cave_middle_1"
"level_08.xml","Background","14","14","cave_middle_1"
"level_08.xml","Background","4","15","cave_middle_1"
"level_08.xml","Background","5","15","cave_middle_1"
"level_08.xml","Background","6","15","cave_middle_2"
"level_08.xml","Background","7","15","cave_middle_2"
"level_08.xml","Background","8","15","cave_middle_2"
"level_08.xml","Background","9","15","cave_middle_1"
"level_08.xml","Background","10","15","cave_middle_1"
"level_08.xml","Background","11","15","cave_middle_1"
"level_08.xml","Background","12","15","cave_torch"
"level_08.xml","Background","14","15","cave_middle_1"
"level_08.xml","Background","4","16","cave_middle_1"
"level_08.xml","Background","5","16","cave_middle_1"
"level_08.xml","Background","6","16","cave_middle_2"
"level_08.xml","Background","7","16","cave_middle_2"
"level_08.xml","Background","8","16","cave_middle_2"
"level_08.xml","Background","9","16","cave_middle_2"
"level_08.xml","Background","10","16","cave_middle_1"
"level_08.xml","Background","11","16","cave_middle_1"
"level_08.xml","Background","14","16","cave_middle_1"
"level_08.xml","Background","4","17","cave_middle_1"
"level_08.xml","Background","5","17","cave_middle_1"
"level_08.xml","Background","6","17","cave_middle_1"
"level_08.xml","Background","7","17","cave_middle_1"
"level_08.xml","Background","8","17","cave_grass"
"level_08.xml","Background","9","17","cave_middle_1"
"level_08.xml","Background","10","17","cave_middle_1"
"level_08.xml","Background","11","17","cave_middle_1"
"level_08.xml","Background","12","17","cave_middle_1"
"level_08.xml","Background","13","17","cave_middle_1"
"level_08.xml","Background","14","17","cave_grass"
"level_08.xml","Background","4","18","cave_middle_1"
"level_08.xml","Background","5","18","cave_middle_1"
"level_08.xml","Background","6","18","cave_middle_1"
"level_08.xml","Background","7","18","cave_middle_1"
"level_08.xml","Background","8","18","cave_middle_1"
"level_08.xml","Background","9","18","cave_middle_1"
"level_08.xml","Background","10","18","cave_middle_1"
"level_08.xml","Background","11","18","cave_middle_1"
"level_08.xml","Background","12","18","cave_middle_1"
"level_08.xml","Background","13","18","cave_middle_1"
"level_08.xml","Background","14","18","cave_middle_1"
"level_08.xml","Background","4","19","cave_middle_1"
"level_08.xml","Background","5","19","cave_torch"
"level_08.xml","Background","7","19","cave_middle_1"
"level_08.xml","Background","8","19","cave_middle_1"
"level_08.xml","Background","9","19","cave_middle_1"
"level_08.xml","Background","10","19","cave_middle_1"
"level_08.xml","Background","11","19","cave_middle_2"
"level_08.xml","Background","12","19","cave_middle_2"
"level_08.xml","Background","13","19","cave_middle_2"
"level_08.xml","Background","14","19","cave_middle_2"
"level_08.xml","Background","4","20","cave_middle_1"
"level_08.xml","Background","7","20","cave_middle_1"
"level_08.xml","Background","8","20","cave_middle_1"
"level_08.xml","Background","9","20","cave_middle_1"
"level_08.xml","Background","10","20","cave_middle_2"
"level_08.xml","Background","11","20","cave_middle_2"
"level_08.xml","Background","12","20","cave_middle_2"
"level_08.xml","Background","13","20","cave_middle_2"
"level_08.xml","Background","14","20","cave_middle_2"
"level_08.xml","Background","15","20","cave_middle_1"
"level_08.xml","Background","3","21","cave_middle_1"
"level_08.xml","Background","4","21","cave_middle_1"
"level_08.xml","Background","5","21","cave_middle_1"
"level_08.xml","Background","6","21","cave_middle_1"
"level_08.xml","Background","7","21","cave_middle_1"
"level_08.xml","Background","8","21","cave_rock_1"
"level_08.xml","Background","9","21","cave_rock_3"
"level_08.xml","Background","10","21","cave_middle_2"
"level_08.xml","Background","11","21","cave_middle_2"
"level_08.xml","Background","12","21","cave_middle_2"
"level_08.xml","Background","13","21","cave_middle_1"
"level_08.xml","Background","14","21","cave_middle_2"
"level_08.xml","Background","15","21","cave_middle_1"
"level_08.xml","Background","3","22","cave_middle_1"
"level_08.xml","Background","4","22","cave_middle_1"
"level_08.xml","Background","5","22","cave_middle_1"
"level_08.xml","Background","6","22","cave_middle_1"
"level_08.xml","Background","7","22","cave_middle_1"
"level_08.xml","Background","8","22","cave_middle_1"
"level_08.xml","Background","9","22","cave_middle_2"
"level_08.xml","Background","10","22","cave_middle_2"
"level_08.xml","Background","11","22","cave_middle_1"
"level_08.xml","Background","12","22","cave_middle_1"
"level_08.xml","Background","13","22","cave_middle_1"
"level_08.xml","Background","14","22","cave_middle_1"
"level_08.xml","Background","15","22","cave_middle_1"
"level_08.xml","Background","4","23","cave_middle_1"
"level_08.xml","Background","5","23","cave_middle_2"
"level_08.xml","Background","6","23","cave_middle_2"
"level_08.xml","Background","7","23","cave_middle_1"
"level_08.xml","Background","8","23","cave_middle_1"
"level_08.xml","Background","9","23","cave_middle_1"
"level_08.xml","Background","10","23","cave_middle_1"
"level_08.xml","Background","11","23","cave_middle_1"
"level_08.xml","Background","12","23","cave_torch"
"level_08.xml","Background","14","23","cave_middle_1"
"level_08.xml","Background","15","23","cave_middle_1"
"level_08.xml","Background","4","24","cave_middle_1"
"level_08.xml","Background","5","24","cave_middle_2"
"level_08.xml","Background","6","24","cave_middle_2"
"level_08.xml","Background","7","24","cave_middle_2"
"level_08.xml","Background","8","24","cave_middle_2"
"level_08.xml","Background","9","24","cave_middle_2"
"level_08.xml","Background","10","24","cave_middle_2"
"level_08.xml","Background","11","24","cave_middle_1"
"level_08.xml","Background","14","24","cave_middle_1"
"level_08.xml","Background","3","25","cave_middle_1"
"level_08.xml","Background","4","25","cave_middle_1"
"level_08.xml","Background","5","25","cave_middle_2"
"level_08.xml","Background","6","25","cave_middle_2"
"level_08.xml","Background","7","25","cave_middle_1"
"level_08.xml","Background","8","25","cave_rock_2"
"level_08.xml","Background","9","25","cave_middle_2"
"level_08.xml","Background","10","25","cave_middle_2"
"level_08.xml","Background","11","25","cave_middle_1"
"level_08.xml","Background","12","25","cave_middle_1"
"level_08.xml","Background","13","25","cave_middle_1"
"level_08.xml","Background","14","25","cave_rock_3"
"level_08.xml","Background","3","26","cave_middle_1"
"level_08.xml","Background","4","26","cave_middle_1"
"level_08.xml","Background","5","26","cave_middle_2"
"level_08.xml","Background","6","26","cave_middle_1"
"level_08.xml","Background","7","26","cave_middle_1"
"level_08.xml","Background","9","26","cave_middle_1"
"level_08.xml","Background","11","26","cave_middle_1"
"level_08.xml","Background","12","26","cave_middle_1"
"level_08.xml","Background","13","26","cave_middle_1"
"level_08.xml","Background","14","26","cave_middle_1"
"level_08.xml","Background","15","26","cave_middle_1"
"level_08.xml","Background","4","27","cave_middle_1"
"level_08.xml","Background","5","27","cave_middle_2"
"level_08.xml","Background","6","27","cave_middle_1"
"level_08.xml","Background","7","27","cave_middle_1"
"level_08.xml","Background","8","27","cave_middle_1"
"level_08.xml","Background","9","27","cave_middle_1"
"level_08.xml","Background","10","27","cave_middle_1"
"level_08.xml","Background","11","27","cave_middle_1"
"level_08.xml","Background","12","27","cave_middle_2"
"level_08.xml","Background","13","27","cave_middle_2"
"level_08.xml","Background","14","27","cave_middle_1"
"level_08.xml","Background","4","28","cave_middle_1"
"level_08.xml","Background","5","28","cave_middle_2"
"level_08.xml","Background","6","28","cave_middle_2"
"level_08.xml","Background","7","28","cave_middle_1"
"level_08.xml","Background","8","28","cave_middle_1"
"level_08.xml","Background","9","28","cave_middle_1"
"level_08.xml","Background","10","28","cave_middle_1"
"level_08.xml","Background","11","28","cave_middle_2"
"level_08.xml","Background","12","28","cave_middle_2"
"level_08.xml","Background","13","28","cave_middle_2"
"level_08.xml","Background","4","29","cave_middle_1"
"level_08.xml","Background","5","29","cave_middle_1"
"level_08.xml","Background","6","29","cave_middle_1"
"level_08.xml","Background","8","29","cave_middle_1"
"level_08.xml","Background","9","29","cave_middle_1"
"level_08.xml","Background","10","29","cave_middle_1"
"level_08.xml","Background","11","29","cave_middle_1"
"level_08.xml","Background","12","29","cave_middle_1"
"level_08.xml","Background","13","29","cave_middle_1"
"level_08.xml","Background","14","29","cave_middle_1"
"level_08.xml","Background","4","30","cave_middle_1"
"level_08.xml","Background","5","30","cave_middle_1"
"level_08.xml","Background","6","30","cave_middle_1"
"level_08.xml","Background","7","30","cave_middle_1"
"level_08.xml","Background","8","30","cave_middle_1"
"level_08.xml","Background","9","30","cave_middle_1"
"level_08.xml","Background","10","30","cave_middle_1"
"level_08.xml","Background","11","30","cave_middle_1"
"level_08.xml","Background","12","30","cave_middle_1"
"level_08.xml","Background","13","30","cave_middle_1"
"level_08.xml","Background","14","30","cave_middle_1"
"level_08.xml","Background","4","31","cave_middle_1"
"level_08.xml","Background","5","31","cave_middle_1"
"level_08.xml","Background","6","31","cave_middle_1"
"level_08.xml","Background","7","31","cave_middle_1"
"level_08.xml","Background","11","31","cave_middle_1"
"level_08.xml","Background","12","31","cave_middle_1"
"level_08.xml","Background","13","31","cave_middle_1"
"level_08.xml","Background","14","31","cave_middle_1"
"level_08.xml","Background","4","32","cave_middle_1"
"level_08.xml","Background","5","32","cave_middle_1"
"level_08.xml","Background","6","32","cave_middle_1"
"level_08.xml","Background","7","32","cave_middle_1"
"level_08.xml","Background","11","32","cave_middle_1"
"level_08.xml","Background","12","32","cave_middle_1"
"level_08.xml","Background","13","32","cave_middle_1"
"level_08.xml","Background","14","32","cave_middle_1"
"level_08.xml","Background","4","33","cave_middle_1"
"level_08.xml","Background","5","33","cave_middle_1"
"level_08.xml","Background","6","33","cave_middle_1"
"level_08.xml","Background","7","33","cave_middle_1"
"level_08.xml","Background","9","33","cave_middle_1"
"level_08.xml","Background","10","33","cave_middle_1"
"level_08.xml","Background","11","33","cave_middle_1"
"level_08.xml","Background","12","33","cave_middle_1"
"level_08.xml","Background","13","33","cave_middle_1"
"level_08.xml","Background","14","33","cave_middle_1"
"level_08.xml","Background","4","34","cave_middle_1"
"level_08.xml","Background","5","34","cave_middle_1"
"level_08.xml","Background","6","34","cave_middle_1"
"level_08.xml","Background","7","34","cave_middle_1"
"level_08.xml","Background","8","34","cave_middle_1"
"level_08.xml","Background","9","34","cave_middle_1"
"level_08.xml","Background","10","34","cave_middle_1"
"level_08.xml","Background","11","34","cave_middle_1"
"level_08.xml","Background","12","34","cave_middle_1"
"level_08.xml","Background","13","34","cave_middle_1"
"level_08.xml","Background","14","34","cave_middle_1"
"level_09.xml","Terrain","24","2","crows_nest_2"
"level_09.xml","Terrain","25","2","crows_nest_1"
"level_09.xml","Terrain","24","5","crows_nest_2"
"level_09.xml","Terrain","25","5","crows_nest_1"
"level_09.xml","Terrain","22","7","mast_end_left"
"level_09.xml","Terrain","23","7","mast_tile"
"level_09.xml","Terrain","24","7","mast_middle_2"
"level_09.xml","Terrain","25","7","mast_middle_1"
"level_09.xml","Terrain","26","7","mast_tile"
"level_09.xml","Terrain","27","7","mast_end_right"
"level_09.xml","Terrain","9","11","crows_nest_2"
"level_09.xml","Terrain","10","11","crows_nest_1"
"level_09.xml","Terrain","19","11","mast_end_left"
"level_09.xml","Terrain","20","11","mast_tile"
"level_09.xml","Terrain","21","11","mast_tile"
"level_09.xml","Terrain","22","11","mast_tile"
"level_09.xml","Terrain","23","11","mast_tile"
"level_09.xml","Terrain","24","11","mast_middle_2"
"level_09.xml","Terrain","25","11","mast_middle_1"
"level_09.xml","Terrain","26","11","mast_tile"
"level_09.xml","Terrain","27","11","mast_tile"
"level_09.xml","Terrain","28","11","mast_tile"
"level_09.xml","Terrain","29","11","mast_tile"
"level_09.xml","Terrain","30","11","mast_end_right"
"level_09.xml","Terrain","39","11","crows_nest_2"
"level_09.xml","Terrain","40","11","crows_nest_1"
"level_09.xml","Terrain","7","13","mast_end_left"
"level_09.xml","Terrain","8","13","mast_tile"
"level_09.xml","Terrain","9","13","mast_middle_2"
"level_09.xml","Terrain","10","13","mast_middle_1"
"level_09.xml","Terrain","11","13","mast_tile"
"level_09.xml","Terrain","12","13","mast_end_right"
"level_09.xml","Terrain","37","13","mast_end_left"
"level_09.xml","Terrain","38","13","mast_tile"
"level_09.xml","Terrain","39","13","mast_middle_2"
"level_09.xml","Terrain","40","13","mast_middle_1"
"level_09.xml","Terrain","41","13","mast_tile"
"level_09.xml","Terrain","42","13","mast_end_right"
"level_09.xml","Terrain","17","16","mast_end_left"
"level_09.xml","Terrain","18","16","mast_tile"
"level_09.xml","Terrain","19","16","mast_tile"
"level_09.xml","Terrain","20","16","mast_tile"
"level_09.xml","Terrain","21","16","mast_tile"
"level_09.xml","Terrain","22","16","mast_tile"
"level_09.xml","Terrain","23","16","mast_tile"
"level_09.xml","Terrain","24","16","mast_middle_2"
"level_09.xml","Terrain","25","16","mast_middle_1"
"level_09.xml","Terrain","26","16","mast_tile"
"level_09.xml","Terrain","27","16","mast_tile"
"level_09.xml","Terrain","28","16","mast_tile"
"level_09.xml","Terrain","29","16","mast_tile"
"level_09.xml","Terrain","30","16","mast_tile"
"level_09.xml","Terrain","31","16","mast_tile"
"level_09.xml","Terrain","32","16","mast_end_right"
"level_09.xml","Terrain","6","17","mast_end_left"
"level_09.xml","Terrain","7","17","mast_tile"
"level_09.xml","Terrain","8","17","mast_tile"
"level_09.xml","Terrain","9","17","mast_middle_2"
"level_09.xml","Terrain","10","17","mast_middle_1"
"level_09.xml","Terrain","11","17","mast_tile"
"level_09.xml","Terrain","12","17","mast_tile"
"level_09.xml","Terrain","13","17","mast_end_right"
"level_09.xml","Terrain","16","17","mast_end_left"
"level_09.xml","Terrain","17","17","mast_tile"
"level_09.xml","Terrain","18","17","mast_tile"
"level_09.xml","Terrain","19","17","mast_tile"
"level_09.xml","Terrain","20","17","mast_tile"
"level_09.xml","Terrain","21","17","mast_tile"
"level_09.xml","Terrain","22","17","mast_tile"
"level_09.xml","Terrain","23","17","mast_tile"
"level_09.xml","Terrain","24","17","mast_middle_2"
"level_09.xml","Terrain","25","17","mast_middle_1"
"level_09.xml","Terrain","26","17","mast_tile"
"level_09.xml","Terrain","27","17","mast_tile"
"level_09.xml","Terrain","28","17","mast_tile"
"level_09.xml","Terrain","29","17","mast_tile"
"level_09.xml","Terrain","30","17","mast_tile"
"level_09.xml","Terrain","31","17","mast_tile"
"level_09.xml","Terrain","32","17","mast_tile"
"level_09.xml","Terrain","33","17","mast_end_right"
"level_09.xml","Terrain","36","17","mast_end_left"
"level_09.xml","Terrain","37","17","mast_tile"
"level_09.xml","Terrain","38","17","mast_tile"
"level_09.xml","Terrain","39","17","mast_middle_2"
"level_09.xml","Terrain","40","17","mast_middle_1"
"level_09.xml","Terrain","41","17","mast_tile"
"level_09.xml","Terrain","42","17","mast_tile"
"level_09.xml","Terrain","43","17","mast_end_right"
"level_09.xml","Terrain","4","21","ship_right_facing_1"
"level_09.xml","Terrain","5","21","ship_right_facing_4_1"
"level_09.xml","Terrain","45","21","ship_left_side_shaded_4"
"level_09.xml","Terrain","46","21","ship_right_facing_3"
"level_09.xml","Terrain","47","21","ship_end_3"
"level_09.xml","Terrain","48","21","ship_end_3"
"level_09.xml","Terrain","49","21","ship_end_3"
"level_09.xml","Terrain","50","21","ship_end_3"
"level_09.xml","Terrain","51","21","ship_end_3"
"level_09.xml","Terrain","52","21","ship_end_3"
"level_09.xml","Terrain","53","21","ship_end_3"
"level_09.xml","Terrain","54","21","ship_end_3"
"level_09.xml","Terrain","55","21","ship_end_3"
"level_09.xml","Terrain","56","21","ship_end_3"
"level_09.xml","Terrain","57","21","ship_end_3"
"level_09.xml","Terrain","58","21","ship_end_2"
"level_09.xml","Terrain","0","22","ship_end_1"
"level_09.xml","Terrain","1","22","ship_end_3"
"level_09.xml","Terrain","2","22","ship_end_3"
"level_09.xml","Terrain","3","22","ship_end_3"
"level_09.xml","Terrain","4","22","ship_right_facing_2"
"level_09.xml","Terrain","5","22","cannon_port_3"
"level_09.xml","Terrain","6","22","cannon_port_2"
"level_09.xml","Terrain","7","22","cannon_port_2"
"level_09.xml","Terrain","8","22","cannon_port_2"
"level_09.xml","Terrain","9","22","ship_top_middle"
"level_09.xml","Terrain","10","22","ship_top_middle"
"level_09.xml","Terrain","11","22","cannon_port_2"
"level_09.xml","Terrain","12","22","cannon_port_2"
"level_09.xml","Terrain","13","22","cannon_port_2"
"level_09.xml","Terrain","14","22","cannon_port_2"
"level_09.xml","Terrain","15","22","ship_top_middle"
"level_09.xml","Terrain","16","22","ship_top_middle"
"level_09.xml","Terrain","17","22","cannon_port_2"
"level_09.xml","Terrain","18","22","cannon_port_2"
"level_09.xml","Terrain","19","22","cannon_port_2"
"level_09.xml","Terrain","20","22","cannon_port_2"
"level_09.xml","Terrain","21","22","ship_top_middle"
"level_09.xml","Terrain","22","22","ship_top_middle"
"level_09.xml","Terrain","23","22","cannon_port_2"
"level_09.xml","Terrain","24","22","cannon_port_2"
"level_09.xml","Terrain","25","22","cannon_port_2"
"level_09.xml","Terrain","26","22","cannon_port_2"
"level_09.xml","Terrain","27","22","ship_top_middle"
"level_09.xml","Terrain","28","22","ship_top_middle"
"level_09.xml","Terrain","29","22","cannon_port_2"
"level_09.xml","Terrain","30","22","cannon_port_2"
"level_09.xml","Terrain","31","22","cannon_port_2"
"level_09.xml","Terrain","32","22","cannon_port_2"
"level_09.xml","Terrain","33","22","ship_top_middle"
"level_09.xml","Terrain","34","22","ship_top_middle"
"level_09.xml","Terrain","35","22","cannon_port_2"
"level_09.xml","Terrain","36","22","cannon_port_2"
"level_09.xml","Terrain","37","22","cannon_port_2"
"level_09.xml","Terrain","38","22","cannon_port_2"
"level_09.xml","Terrain","39","22","ship_top_middle"
"level_09.xml","Terrain","40","22","ship_top_middle"
"level_09.xml","Terrain","41","22","cannon_port_2"
"level_09.xml","Terrain","42","22","cannon_port_2"
"level_09.xml","Terrain","43","22","cannon_port_2"
"level_09.xml","Terrain","44","22","cannon_port_2"
"level_09.xml","Terrain","45","22","ship_anchor_3"
"level_09.xml","Terrain","4","23","ship_right_facing_4"
"level_09.xml","Terrain","5","23","ship_tile_1"
"level_09.xml","Terrain","6","23","ship_tile_2"
"level_09.xml","Terrain","7","23","ship_tile_1"
"level_09.xml","Terrain","8","23","ship_tile_2"
"level_09.xml","Terrain","9","23","ship_tile_1"
"level_09.xml","Terrain","10","23","ship_tile_2"
"level_09.xml","Terrain","11","23","ship_tile_1"
"level_09.xml","Terrain","12","23","ship_tile_2"
"level_09.xml","Terrain","13","23","ship_tile_1"
"level_09.xml","Terrain","14","23","ship_tile_2"
"level_09.xml","Terrain","15","23","ship_tile_1"
"level_09.xml","Terrain","16","23","ship_tile_2"
"level_09.xml","Terrain","17","23","ship_tile_1"
"level_09.xml","Terrain","18","23","ship_tile_2"
"level_09.xml","Terrain","19","23","ship_tile_1"
"level_09.xml","Terrain","20","23","ship_tile_2"
"level_09.xml","Terrain","21","23","ship_tile_1"
"level_09.xml","Terrain","22","23","ship_tile_2"
"level_09.xml","Terrain","23","23","ship_tile_1"
"level_09.xml","Terrain","24","23","ship_tile_2"
"level_09.xml","Terrain","25","23","ship_tile_1"
"level_09.xml","Terrain","26","23","ship_tile_2"
"level_09.xml","Terrain","27","23","ship_tile_1"
"level_09.xml","Terrain","28","23","ship_tile_2"
"level_09.xml","Terrain","29","23","ship_tile_1"
"level_09.xml","Terrain","30","23","ship_tile_2"
"level_09.xml","Terrain","31","23","ship_tile_1"
"level_09.xml","Terrain","32","23","ship_tile_2"
"level_09.xml","Terrain","33","23","ship_tile_1"
"level_09.xml","Terrain","34","23","ship_tile_2"
"level_09.xml","Terrain","35","23","ship_tile_2"
"level_09.xml","Terrain","36","23","ship_tile_1"
"level_09.xml","Terrain","37","23","ship_tile_2"
"level_09.xml","Terrain","38","23","ship_tile_1"
"level_09.xml","Terrain","39","23","ship_tile_2"
"level_09.xml","Terrain","40","23","ship_tile_1"
"level_09.xml","Terrain","41","23","ship_tile_2"
"level_09.xml","Terrain","42","23","ship_tile_1"
"level_09.xml","Terrain","43","23","ship_tile_2"
"level_09.xml","Terrain","44","23","ship_tile_1"
"level_09.xml","Terrain","45","23","ship_anchor_4"
"level_09.xml","Terrain","4","24","boat_ripple_1"
"level_09.xml","Terrain","5","24","boat_ripple_2"
"level_09.xml","Terrain","6","24","boat_ripple_3"
"level_09.xml","Terrain","7","24","boat_ripple_2"
"level_09.xml","Terrain","8","24","boat_ripple_3"
"level_09.xml","Terrain","9","24","boat_ripple_2"
"level_09.xml","Terrain","10","24","boat_ripple_3"
"level_09.xml","Terrain","11","24","boat_ripple_2"
"level_09.xml","Terrain","12","24","boat_ripple_3"
"level_09.xml","Terrain","13","24","boat_ripple_2"
"level_09.xml","Terrain","14","24","boat_ripple_3"
"level_09.xml","Terrain","15","24","boat_ripple_2"
"level_09.xml","Terrain","16","24","boat_ripple_3"
"level_09.xml","Terrain","17","24","boat_ripple_2"
"level_09.xml","Terrain","18","24","boat_ripple_3"
"level_09.xml","Terrain","19","24","boat_ripple_2"
"level_09.xml","Terrain","20","24","boat_ripple_3"
"level_09.xml","Terrain","21","24","boat_ripple_2"
"level_09.xml","Terrain","22","24","boat_ripple_3"
"level_09.xml","Terrain","23","24","boat_ripple_2"
"level_09.xml","Terrain","24","24","boat_ripple_3"
"level_09.xml","Terrain","25","24","boat_ripple_2"
"level_09.xml","Terrain","26","24","boat_ripple_3"
"level_09.xml","Terrain","27","24","boat_ripple_2"
"level_09.xml","Terrain","28","24","boat_ripple_3"
"level_09.xml","Terrain","29","24","boat_ripple_2"
"level_09.xml","Terrain","30","24","boat_ripple_3"
"level_09.xml","Terrain","31","24","boat_ripple_2"
"level_09.xml","Terrain","32","24","boat_ripple_3"
"level_09.xml","Terrain","33","24","boat_ripple_2"
"level_09.xml","Terrain","34","24","boat_ripple_3"
"level_09.xml","Terrain","35","24","boat_ripple_2"
"level_09.xml","Terrain","36","24","boat_ripple_3"
"level_09.xml","Terrain","37","24","boat_ripple_3"
"level_09.xml","Terrain","38","24","boat_ripple_2"
"level_09.xml","Terrain","39","24","boat_ripple_3"
"level_09.xml","Terrain","40","24","boat_ripple_2"
"level_09.xml","Terrain","41","24","boat_ripple_3"
"level_09.xml","Terrain","42","24","boat_ripple_2"
"level_09.xml","Terrain","43","24","boat_ripple_3"
"level_09.xml","Terrain","44","24","boat_ripple_2"
"level_09.xml","Terrain","45","24","boat_ripple_4"
"level_09.xml","Background","24","0","mast_top"
"level_09.xml","Background","24","1","mast_bottom"
"level_09.xml","Background","24","2","mast_bottom"
"level_09.xml","Background","4","3","antichest"
"level_09.xml","Background","5","3","antichest"
"level_09.xml","Background","6","3","antichest"
"level_09.xml","Background","13","3","antichest"
"level_09.xml","Background","14","3","antichest"
"level_09.xml","Background","15","3","antichest"
"level_09.xml","Background","16","3","antichest"
"level_09.xml","Background","17","3","antichest"
"level_09.xml","Background","18","3","antichest"
"level_09.xml","Background","24","3","mast_middle"
"level_09.xml","Background","31","3","antichest"
"level_09.xml","Background","32","3","antichest"
"level_09.xml","Background","33","3","antichest"
"level_09.xml","Background","34","3","antichest"
"level_09.xml","Background","35","3","antichest"
"level_09.xml","Background","36","3","antichest"
"level_09.xml","Background","43","3","antichest"
"level_09.xml","Background","44","3","antichest"
"level_09.xml","Background","45","3","antichest"
"level_09.xml","Background","46","3","antichest"
"level_09.xml","Background","24","4","mast_middle"
"level_09.xml","Background","24","5","mast_middle"
"level_09.xml","Background","24","6","mast_middle"
"level_09.xml","Background","24","7","mast_middle"
"level_09.xml","Background","24","8","mast_middle"
"level_09.xml","Background","24","9","mast_middle"
"level_09.xml","Background","9","10","mast_top"
"level_09.xml","Background","24","10","mast_middle"
"level_09.xml","Background","39","10","mast_top"
"level_09.xml","Background","9","11","mast_middle"
"level_09.xml","Background","24","11","mast_middle"
"level_09.xml","Background","39","11","mast_middle"
"level_09.xml","Background","9","12","mast_middle"
"level_09.xml","Background","24","12","mast_middle"
"level_09.xml","Background","39","12","mast_middle"
"level_09.xml","Background","9","13","mast_middle"
"level_09.xml","Background","24","13","mast_middle"
"level_09.xml","Background","39","13","mast_middle"
"level_09.xml","Background","9","14","mast_middle"
"level_09.xml","Background","24","14","mast_middle"
"level_09.xml","Background","39","14","mast_middle"
"level_09.xml","Background","9","15","mast_middle"
"level_09.xml","Background","24","15","mast_middle"
"level_09.xml","Background","39","15","mast_middle"
"level_09.xml","Background","9","16","mast_middle"
"level_09.xml","Background","24","16","mast_middle"
"level_09.xml","Background","39","16","mast_middle"
"level_09.xml","Background","9","17","mast_middle"
"level_09.xml","Background","24","17","mast_middle"
"level_09.xml","Background","39","17","mast_middle"
"level_09.xml","Background","9","18","mast_middle"
"level_09.xml","Background","24","18","mast_middle"
"level_09.xml","Background","39","18","mast_middle"
"level_09.xml","Background","9","19","mast_middle"
"level_09.xml","Background","24","19","mast_middle"
"level_09.xml","Background","39","19","mast_middle"
"level_09.xml","Background","9","20","mast_middle"
"level_09.xml","Background","24","20","mast_middle"
"level_09.xml","Background","39","20","mast_middle"
"level_09.xml","Background","9","21","mast_middle"
"level_09.xml","Background","24","21","mast_bottom"
"level_09.xml","Background","39","21","mast_middle"
"level_09.xml","Background","20","22","cave_middle_1"
"level_10.xml","Terrain","37","6","grass_top_left"
"level_10.xml","Terrain","38","6","grass_top_right"
"level_10.xml","Terrain","37","7","earth_edge_left"
"level_10.xml","Terrain","38","7","earth_edge_right"
"level_10.xml","Terrain","36","8","grass_top_left"
"level_10.xml","Terrain","37","8","grass_overlap_left"
"level_10.xml","Terrain","38","8","earth_edge_right"
"level_10.xml","Terrain","35","9","grass_top_left"
"level_10.xml","Terrain","36","9","grass_overlap_left"
"level_10.xml","Terrain","37","9","earth_edge_middle_2"
"level_10.xml","Terrain","38","9","grass_overlap_right"
"level_10.xml","Terrain","39","9","grass_top_right"
"level_10.xml","Terrain","35","10","earth_edge_left"
"level_10.xml","Terrain","36","10","earth_edge_middle_2"
"level_10.xml","Terrain","37","10","earth_edge_middle_2"
"level_10.xml","Terrain","38","10","earth_edge_middle_2"
"level_10.xml","Terrain","39","10","grass_overlap_right"
"level_10.xml","Terrain","40","10","grass_top_right"
"level_10.xml","Terrain","67","10","grass_top_left"
"level_10.xml","Terrain","68","10","grass_top_right"
"level_10.xml","Terrain","35","11","earth_edge_left"
"level_10.xml","Terrain","36","11","earth_edge_middle_2"
"level_10.xml","Terrain","37","11","earth_edge_middle_2"
"level_10.xml","Terrain","38","11","earth_edge_middle_2"
"level_10.xml","Terrain","39","11","earth_edge_middle_2"
"level_10.xml","Terrain","40","11","earth_edge_right"
"level_10.xml","Terrain","67","11","earth_edge_left"
"level_10.xml","Terrain","68","11","earth_edge_right"
"level_10.xml","Terrain","9","12","grass_top_left"
"level_10.xml","Terrain","10","12","grass_top_middle_1"
"level_10.xml","Terrain","11","12","grass_top_right"
"level_10.xml","Terrain","34","12","grass_top_left"
"level_10.xml","Terrain","35","12","grass_overlap_left"
"level_10.xml","Terrain","36","12","earth_edge_middle_2"
"level_10.xml","Terrain","37","12","earth_edge_middle_1"
"level_10.xml","Terrain","38","12","earth_edge_middle_2"
"level_10.xml","Terrain","39","12","earth_edge_middle_2"
"level_10.xml","Terrain","40","12","grass_overlap_right"
"level_10.xml","Terrain","41","12","grass_top_middle_1"
"level_10.xml","Terrain","42","12","grass_top_right"
"level_10.xml","Terrain","66","12","grass_top_left"
"level_10.xml","Terrain","67","12","grass_overlap_left"
"level_10.xml","Terrain","68","12","grass_overlap_right"
"level_10.xml","Terrain","69","12","grass_top_right"
"level_10.xml","Terrain","9","13","earth_edge_left"
"level_10.xml","Terrain","10","13","earth_edge_middle_2"
"level_10.xml","Terrain","11","13","earth_edge_right"
"level_10.xml","Terrain","34","13","earth_edge_left"
"level_10.xml","Terrain","35","13","earth_edge_middle_2"
"level_10.xml","Terrain","36","13","earth_edge_middle_1"
"level_10.xml","Terrain","37","13","earth_edge_middle_2"
"level_10.xml","Terrain","38","13","earth_edge_middle_2"
"level_10.xml","Terrain","39","13","earth_edge_middle_2"
"level_10.xml","Terrain","40","13","earth_edge_middle_2"
"level_10.xml","Terrain","41","13","earth_edge_middle_2"
"level_10.xml","Terrain","42","13","earth_edge_right"
"level_10.xml","Terrain","66","13","earth_edge_left"
"level_10.xml","Terrain","67","13","earth_edge_middle_2"
"level_10.xml","Terrain","68","13","earth_edge_middle_2"
"level_10.xml","Terrain","69","13","earth_edge_right"
"level_10.xml","Terrain","8","14","grass_top_left"
"level_10.xml","Terrain","9","14","grass_overlap_left"
"level_10.xml","Terrain","10","14","earth_edge_middle_2"
"level_10.xml","Terrain","11","14","earth_edge_right"
"level_10.xml","Terrain","34","14","earth_edge_left"
"level_10.xml","Terrain","35","14","earth_edge_middle_2"
"level_10.xml","Terrain","36","14","earth_edge_middle_1"
"level_10.xml","Terrain","37","14","earth_edge_middle_2"
"level_10.xml","Terrain","38","14","earth_edge_middle_2"
"level_10.xml","Terrain","39","14","earth_edge_middle_2"
"level_10.xml","Terrain","40","14","earth_edge_middle_2"
"level_10.xml","Terrain","41","14","earth_edge_middle_2"
"level_10.xml","Terrain","42","14","grass_overlap_right"
"level_10.xml","Terrain","43","14","grass_top_right"
"level_10.xml","Terrain","65","14","grass_top_left"
"level_10.xml","Terrain","66","14","grass_overlap_left"
"level_10.xml","Terrain","67","14","earth_edge_middle_2"
"level_10.xml","Terrain","68","14","earth_edge_middle_2"
"level_10.xml","Terrain","69","14","grass_overlap_right"
"level_10.xml","Terrain","70","14","grass_top_middle_2"
"level_10.xml","Terrain","71","14","grass_top_right"
"level_10.xml","Terrain","7","15","grass_top_left"
"level_10.xml","Terrain","8","15","grass_overlap_left"
"level_10.xml","Terrain","9","15","earth_edge_middle_2"
"level_10.xml","Terrain","10","15","earth_edge_middle_2"
"level_10.xml","Terrain","11","15","grass_overlap_right"
"level_10.xml","Terrain","12","15","grass_top_right"
"level_10.xml","Terrain","33","15","grass_top_left"
"level_10.xml","Terrain","34","15","grass_overlap_left"
"level_10.xml","Terrain","35","15","earth_edge_middle_2"
"level_10.xml","Terrain","36","15","earth_edge_middle_1"
"level_10.xml","Terrain","37","15","earth_edge_middle_2"
"level_10.xml","Terrain","38","15","earth_bottom_middle_3"
"level_10.xml","Terrain","39","15","earth_bottom_middle_2"
"level_10.xml","Terrain","40","15","earth_edge_middle_2"
"level_10.xml","Terrain","41","15","earth_edge_middle_2"
"level_10.xml","Terrain","42","15","earth_edge_middle_2"
"level_10.xml","Terrain","43","15","earth_edge_right"
"level_10.xml","Terrain","65","15","earth_edge_left"
"level_10.xml","Terrain","66","15","earth_edge_middle_2"
"level_10.xml","Terrain","67","15","earth_edge_middle_2"
"level_10.xml","Terrain","68","15","earth_edge_middle_2"
"level_10.xml","Terrain","69","15","earth_edge_middle_2"
"level_10.xml","Terrain","70","15","earth_edge_middle_2"
"level_10.xml","Terrain","71","15","earth_edge_right"
"level_10.xml","Terrain","7","16","earth_edge_left"
"level_10.xml","Terrain","8","16","earth_edge_middle_2"
"level_10.xml","Terrain","9","16","earth_edge_middle_2"
"level_10.xml","Terrain","10","16","earth_edge_middle_2"
"level_10.xml","Terrain","11","16","earth_edge_middle_2"
"level_10.xml","Terrain","12","16","earth_edge_right"
"level_10.xml","Terrain","33","16","earth_edge_left"
"level_10.xml","Terrain","34","16","earth_edge_middle_2"
"level_10.xml","Terrain","35","16","earth_edge_middle_2"
"level_10.xml","Terrain","36","16","earth_edge_middle_1"
"level_10.xml","Terrain","37","16","earth_edge_right"
"level_10.xml","Terrain","40","16","earth_edge_left"
"level_10.xml","Terrain","41","16","earth_edge_middle_2"
"level_10.xml","Terrain","42","16","earth_edge_middle_2"
"level_10.xml","Terrain","43","16","earth_edge_right"
"level_10.xml","Terrain","64","16","grass_top_left"
"level_10.xml","Terrain","65","16","grass_overlap_left"
"level_10.xml","Terrain","66","16","earth_edge_middle_2"
"level_10.xml","Terrain","67","16","earth_edge_middle_2"
"level_10.xml","Terrain","68","16","earth_edge_middle_2"
"level_10.xml","Terrain","69","16","earth_edge_middle_2"
"level_10.xml","Terrain","70","16","earth_edge_middle_2"
"level_10.xml","Terrain","71","16","earth_edge_right"
"level_10.xml","Terrain","6","17","grass_top_left"
"level_10.xml","Terrain","7","17","grass_overlap_left"
"level_10.xml","Terrain","8","17","earth_edge_middle_2"
"level_10.xml","Terrain","9","17","earth_edge_middle_2"
"level_10.xml","Terrain","10","17","earth_edge_middle_2"
"level_10.xml","Terrain","11","17","earth_edge_middle_2"
"level_10.xml","Terrain","12","17","earth_edge_right"
"level_10.xml","Terrain","33","17","earth_edge_left"
"level_10.xml","Terrain","34","17","earth_edge_middle_2"
"level_10.xml","Terrain","35","17","earth_edge_middle_2"
"level_10.xml","Terrain","36","17","earth_edge_middle_1"
"level_10.xml","Terrain","37","17","earth_edge_right"
"level_10.xml","Terrain","40","17","earth_edge_left"
"level_10.xml","Terrain","41","17","earth_edge_middle_2"
"level_10.xml","Terrain","42","17","earth_edge_middle_2"
"level_10.xml","Terrain","43","17","earth_edge_right"
"level_10.xml","Terrain","64","17","earth_edge_left"
"level_10.xml","Terrain","65","17","earth_edge_middle_2"
"level_10.xml","Terrain","66","17","earth_edge_middle_2"
"level_10.xml","Terrain","67","17","earth_bottom_middle_3"
"level_10.xml","Terrain","68","17","earth_bottom_middle_2"
"level_10.xml","Terrain","69","17","earth_edge_middle_2"
"level_10.xml","Terrain","70","17","earth_edge_middle_2"
"level_10.xml","Terrain","71","17","grass_overlap_right"
"level_10.xml","Terrain","72","17","grass_top_right"
"level_10.xml","Terrain","6","18","earth_edge_left"
"level_10.xml","Terrain","7","18","earth_edge_middle_2"
"level_10.xml","Terrain","8","18","earth_edge_middle_2"
"level_10.xml","Terrain","9","18","earth_bottom_middle_3"
"level_10.xml","Terrain","10","18","earth_bottom_middle_2"
"level_10.xml","Terrain","11","18","earth_edge_middle_2"
"level_10.xml","Terrain","12","18","grass_overlap_right"
"level_10.xml","Terrain","13","18","grass_top_middle_1"
"level_10.xml","Terrain","14","18","grass_top_right"
"level_10.xml","Terrain","32","18","grass_top_left"
"level_10.xml","Terrain","33","18","grass_overlap_left"
"level_10.xml","Terrain","34","18","earth_edge_middle_2"
"level_10.xml","Terrain","35","18","earth_edge_middle_2"
"level_10.xml","Terrain","36","18","earth_edge_middle_1"
"level_10.xml","Terrain","37","18","grass_overlap_right"
"level_10.xml","Terrain","38","18","grass_top_middle_2"
"level_10.xml","Terrain","39","18","grass_top_middle_2"
"level_10.xml","Terrain","40","18","grass_overlap_left"
"level_10.xml","Terrain","41","18","earth_edge_middle_2"
"level_10.xml","Terrain","42","18","earth_edge_middle_2"
"level_10.xml","Terrain","43","18","grass_overlap_right"
"level_10.xml","Terrain","44","18","grass_top_right"
"level_10.xml","Terrain","64","18","earth_edge_left"
"level_10.xml","Terrain","65","18","earth_edge_middle_2"
"level_10.xml","Terrain","66","18","earth_edge_right"
"level_10.xml","Terrain","69","18","earth_edge_left"
"level_10.xml","Terrain","70","18","earth_edge_middle_2"
"level_10.xml","Terrain","71","18","earth_edge_middle_2"
"level_10.xml","Terrain","72","18","earth_edge_right"
"level_10.xml","Terrain","5","19","grass_top_left"
"level_10.xml","Terrain","6","19","grass_overlap_left"
"level_10.xml","Terrain","7","19","earth_edge_middle_2"
"level_10.xml","Terrain","8","19","earth_edge_right"
"level_10.xml","Terrain","11","19","earth_edge_left"
"level_10.xml","Terrain","12","19","earth_edge_middle_2"
"level_10.xml","Terrain","13","19","earth_edge_middle_2"
"level_10.xml","Terrain","14","19","earth_edge_right"
"level_10.xml","Terrain","32","19","earth_edge_left"
"level_10.xml","Terrain","33","19","earth_edge_middle_2"
"level_10.xml","Terrain","34","19","earth_edge_middle_2"
"level_10.xml","Terrain","35","19","earth_edge_middle_2"
"level_10.xml","Terrain","36","19","earth_edge_middle_1"
"level_10.xml","Terrain","37","19","earth_edge_middle_2"
"level_10.xml","Terrain","38","19","earth_edge_middle_2"
"level_10.xml","Terrain","39","19","earth_edge_middle_2"
"level_10.xml","Terrain","40","19","earth_edge_middle_2"
"level_10.xml","Terrain","41","19","earth_edge_middle_2"
"level_10.xml","Terrain","42","19","earth_edge_middle_1"
"level_10.xml","Terrain","43","19","earth_edge_middle_1"
"level_10.xml","Terrain","44","19","earth_edge_right"
"level_10.xml","Terrain","63","19","grass_top_left"
"level_10.xml","Terrain","64","19","grass_overlap_left"
"level_10.xml","Terrain","65","19","earth_edge_middle_2"
"level_10.xml","Terrain","66","19","earth_edge_right"
"level_10.xml","Terrain","69","19","earth_edge_left"
"level_10.xml","Terrain","70","19","earth_edge_middle_2"
"level_10.xml","Terrain","71","19","earth_edge_middle_2"
"level_10.xml","Terrain","72","19","earth_edge_right"
"level_10.xml","Terrain","5","20","earth_edge_left"
"level_10.xml","Terrain","6","20","earth_edge_middle_2"
"level_10.xml","Terrain","7","20","earth_edge_middle_2"
"level_10.xml","Terrain","8","20","earth_edge_right"
"level_10.xml","Terrain","11","20","earth_edge_left"
"level_10.xml","Terrain","12","20","earth_edge_middle_2"
"level_10.xml","Terrain","13","20","earth_edge_middle_2"
"level_10.xml","Terrain","14","20","earth_edge_right"
"level_10.xml","Terrain","32","20","earth_edge_left"
"level_10.xml","Terrain","33","20","earth_edge_middle_2"
"level_10.xml","Terrain","34","20","earth_edge_middle_2"
"level_10.xml","Terrain","35","20","earth_edge_middle_2"
"level_10.xml","Terrain","36","20","earth_edge_middle_1"
"level_10.xml","Terrain","37","20","earth_edge_middle_1"
"level_10.xml","Terrain","38","20","earth_edge_middle_1"
"level_10.xml","Terrain","39","20","earth_edge_middle_1"
"level_10.xml","Terrain","40","20","earth_edge_middle_2"
"level_10.xml","Terrain","41","20","earth_edge_middle_1"
"level_10.xml","Terrain","42","20","earth_edge_middle_1"
"level_10.xml","Terrain","43","20","earth_edge_middle_1"
"level_10.xml","Terrain","44","20","earth_edge_right"
"level_10.xml","Terrain","63","20","earth_edge_left"
"level_10.xml","Terrain","64","20","earth_edge_middle_2"
"level_10.xml","Terrain","65","20","earth_edge_middle_2"
"level_10.xml","Terrain","66","20","grass_overlap_right"
"level_10.xml","Terrain","67","20","grass_top_middle_1"
"level_10.xml","Terrain","68","20","grass_top_middle_1"
"level_10.xml","Terrain","69","20","grass_overlap_left"
"level_10.xml","Terrain","70","20","earth_edge_middle_2"
"level_10.xml","Terrain","71","20","earth_edge_middle_2"
"level_10.xml","Terrain","72","20","earth_edge_right"
"level_10.xml","Terrain","4","21","grass_top_left"
"level_10.xml","Terrain","5","21","grass_overlap_left"
"level_10.xml","Terrain","6","21","earth_edge_middle_2"
"level_10.xml","Terrain","7","21","earth_edge_middle_2"
"level_10.xml","Terrain","8","21","grass_overlap_right"
"level_10.xml","Terrain","9","21","grass_top_middle_1"
"level_10.xml","Terrain","10","21","grass_top_middle_1"
"level_10.xml","Terrain","11","21","grass_overlap_left"
"level_10.xml","Terrain","12","21","earth_edge_middle_2"
"level_10.xml","Terrain","13","21","earth_edge_middle_2"
"level_10.xml","Terrain","14","21","grass_overlap_right"
"level_10.xml","Terrain","15","21","grass_top_right"
"level_10.xml","Terrain","30","21","grass_top_left"
"level_10.xml","Terrain","31","21","grass_top_middle_1"
"level_10.xml","Terrain","32","21","grass_overlap_left"
"level_10.xml","Terrain","33","21","earth_edge_middle_2"
"level_10.xml","Terrain","34","21","earth_edge_middle_2"
"level_10.xml","Terrain","35","21","earth_edge_middle_2"
"level_10.xml","Terrain","36","21","earth_edge_middle_2"
"level_10.xml","Terrain","37","21","earth_edge_middle_2"
"level_10.xml","Terrain","38","21","eartyh_bottom_middle"
"level_10.xml","Terrain","39","21","eartyh_bottom_middle"
"level_10.xml","Terrain","40","21","earth_edge_middle_2"
"level_10.xml","Terrain","41","21","earth_edge_middle_1"
"level_10.xml","Terrain","42","21","earth_edge_middle_1"
"level_10.xml","Terrain","43","21","earth_edge_middle_1"
"level_10.xml","Terrain","44","21","grass_overlap_right"
"level_10.xml","Terrain","45","21","grass_top_right"
"level_10.xml","Terrain","62","21","grass_top_left"
"level_10.xml","Terrain","63","21","grass_overlap_left"
"level_10.xml","Terrain","64","21","earth_edge_middle_2"
"level_10.xml","Terrain","65","21","earth_edge_middle_2"
"level_10.xml","Terrain","66","21","earth_edge_middle_1"
"level_10.xml","Terrain","67","21","earth_edge_middle_1"
"level_10.xml","Terrain","68","21","earth_edge_middle_1"
"level_10.xml","Terrain","69","21","earth_edge_middle_1"
"level_10.xml","Terrain","70","21","earth_edge_middle_2"
"level_10.xml","Terrain","71","21","earth_edge_middle_2"
"level_10.xml","Terrain","72","21","grass_overlap_right"
"level_10.xml","Terrain","73","21","grass_top_right"
"level_10.xml","Terrain","4","22","earth_edge_left"
"level_10.xml","Terrain","5","22","earth_edge_middle_2"
"level_10.xml","Terrain","6","22","earth_edge_middle_2"
"level_10.xml","Terrain","7","22","earth_edge_middle_2"
"level_10.xml","Terrain","8","22","earth_edge_middle_2"
"level_10.xml","Terrain","9","22","earth_edge_middle_2"
"level_10.xml","Terrain","10","22","earth_edge_middle_2"
"level_10.xml","Terrain","11","22","earth_edge_middle_2"
"level_10.xml","Terrain","12","22","earth_edge_middle_2"
"level_10.xml","Terrain","13","22","earth_edge_middle_2"
"level_10.xml","Terrain","14","22","earth_edge_middle_2"
"level_10.xml","Terrain","15","22","earth_edge_right"
"level_10.xml","Terrain","30","22","earth_edge_left"
"level_10.xml","Terrain","31","22","earth_edge_middle_2"
"level_10.xml","Terrain","32","22","earth_edge_middle_2"
"level_10.xml","Terrain","33","22","earth_edge_middle_2"
"level_10.xml","Terrain","34","22","earth_edge_middle_2"
"level_10.xml","Terrain","35","22","earth_edge_middle_2"
"level_10.xml","Terrain","36","22","earth_edge_middle_2"
"level_10.xml","Terrain","37","22","earth_bottom_left"
"level_10.xml","Terrain","40","22","earth_bottom_right"
"level_10.xml","Terrain","41","22","earth_edge_middle_2"
"level_10.xml","Terrain","42","22","earth_edge_middle_1"
"level_10.xml","Terrain","43","22","earth_edge_middle_1"
"level_10.xml","Terrain","44","22","earth_edge_middle_1"
"level_10.xml","Terrain","45","22","earth_edge_right"
"level_10.xml","Terrain","62","22","earth_edge_left"
"level_10.xml","Terrain","63","22","earth_edge_middle_2"
"level_10.xml","Terrain","64","22","earth_edge_middle_2"
"level_10.xml","Terrain","65","22","earth_edge_middle_2"
"level_10.xml","Terrain","66","22","earth_edge_middle_1"
"level_10.xml","Terrain","67","22","earth_edge_middle_1"
"level_10.xml","Terrain","68","22","earth_edge_middle_1"
"level_10.xml","Terrain","69","22","earth_edge_middle_1"
"level_10.xml","Terrain","70","22","earth_edge_middle_2"
"level_10.xml","Terrain","71","22","earth_edge_middle_2"
"level_10.xml","Terrain","72","22","earth_edge_middle_2"
"level_10.xml","Terrain","73","22","earth_edge_right"
"level_10.xml","Terrain","4","23","earth_edge_left"
"level_10.xml","Terrain","5","23","earth_edge_middle_2"
"level_10.xml","Terrain","6","23","earth_edge_middle_2"
"level_10.xml","Terrain","7","23","earth_edge_middle_2"
"level_10.xml","Terrain","8","23","earth_edge_middle_2"
"level_10.xml","Terrain","9","23","earth_bottom_middle_3"
"level_10.xml","Terrain","10","23","earth_bottom_middle_2"
"level_10.xml","Terrain","11","23","earth_edge_middle_2"
"level_10.xml","Terrain","12","23","earth_edge_middle_2"
"level_10.xml","Terrain","13","23","earth_edge_middle_2"
"level_10.xml","Terrain","14","23","earth_edge_middle_2"
"level_10.xml","Terrain","15","23","earth_edge_right"
"level_10.xml","Terrain","30","23","earth_edge_left"
"level_10.xml","Terrain","31","23","earth_edge_middle_2"
"level_10.xml","Terrain","32","23","earth_edge_middle_2"
"level_10.xml","Terrain","33","23","earth_edge_middle_2"
"level_10.xml","Terrain","34","23","earth_edge_middle_2"
"level_10.xml","Terrain","35","23","earth_edge_middle_2"
"level_10.xml","Terrain","36","23","earth_edge_right"
"level_10.xml","Terrain","41","23","earth_edge_left"
"level_10.xml","Terrain","42","23","earth_edge_middle_1"
"level_10.xml","Terrain","43","23","earth_edge_middle_1"
"level_10.xml","Terrain","44","23","earth_edge_middle_1"
"level_10.xml","Terrain","45","23","earth_edge_right"
"level_10.xml","Terrain","62","23","earth_edge_left"
"level_10.xml","Terrain","63","23","earth_edge_middle_2"
"level_10.xml","Terrain","64","23","earth_edge_middle_2"
"level_10.xml","Terrain","65","23","earth_edge_middle_1"
"level_10.xml","Terrain","66","23","earth_edge_middle_1"
"level_10.xml","Terrain","67","23","eartyh_bottom_middle"
"level_10.xml","Terrain","68","23","eartyh_bottom_middle"
"level_10.xml","Terrain","69","23","earth_edge_middle_1"
"level_10.xml","Terrain","70","23","earth_edge_middle_2"
"level_10.xml","Terrain","71","23","earth_edge_middle_2"
"level_10.xml","Terrain","72","23","earth_edge_middle_2"
"level_10.xml","Terrain","73","23","earth_edge_right"
"level_10.xml","Terrain","3","24","grass_top_left"
"level_10.xml","Terrain","4","24","grass_overlap_left"
"level_10.xml","Terrain","5","24","earth_edge_middle_2"
"level_10.xml","Terrain","6","24","earth_edge_middle_2"
"level_10.xml","Terrain","7","24","earth_edge_middle_2"
"level_10.xml","Terrain","8","24","earth_edge_right"
"level_10.xml","Terrain","11","24","earth_edge_left"
"level_10.xml","Terrain","12","24","earth_edge_middle_2"
"level_10.xml","Terrain","13","24","earth_edge_middle_2"
"level_10.xml","Terrain","14","24","earth_edge_middle_2"
"level_10.xml","Terrain","15","24","grass_overlap_right"
"level_10.xml","Terrain","16","24","grass_top_right"
"level_10.xml","Terrain","30","24","earth_edge_left"
"level_10.xml","Terrain","31","24","earth_edge_middle_2"
"level_10.xml","Terrain","32","24","earth_edge_middle_2"
"level_10.xml","Terrain","33","24","earth_edge_middle_2"
"level_10.xml","Terrain","34","24","earth_edge_middle_2"
"level_10.xml","Terrain","35","24","earth_edge_middle_2"
"level_10.xml","Terrain","36","24","earth_edge_right"
"level_10.xml","Terrain","41","24","earth_edge_left"
"level_10.xml","Terrain","42","24","earth_edge_middle_1"
"level_10.xml","Terrain","43","24","earth_edge_middle_1"
"level_10.xml","Terrain","44","24","earth_edge_middle_1"
"level_10.xml","Terrain","45","24","grass_overlap_right"
"level_10.xml","Terrain","46","24","grass_top_right"
"level_10.xml","Terrain","61","24","grass_top_left"
"level_10.xml","Terrain","62","24","grass_overlap_left"
"level_10.xml","Terrain","63","24","earth_edge_middle_2"
"level_10.xml","Terrain","64","24","earth_edge_middle_2"
"level_10.xml","Terrain","65","24","earth_edge_middle_1"
"level_10.xml","Terrain","66","24","earth_edge_right"
"level_10.xml","Terrain","69","24","earth_edge_middle_1"
"level_10.xml","Terrain","70","24","earth_edge_middle_2"
"level_10.xml","Terrain","71","24","earth_edge_middle_2"
"level_10.xml","Terrain","72","24","earth_edge_middle_2"
"level_10.xml","Terrain","73","24","grass_overlap_right"
"level_10.xml","Terrain","74","24","grass_top_right"
"level_10.xml","Terrain","3","25","earth_edge_left"
"level_10.xml","Terrain","4","25","earth_edge_middle_2"
"level_10.xml","Terrain","5","25","earth_edge_middle_2"
"level_10.xml","Terrain","6","25","earth_edge_middle_2"
"level_10.xml","Terrain","7","25","earth_edge_middle_2"
"level_10.xml","Terrain","8","25","earth_edge_right"
"level_10.xml","Terrain","11","25","earth_edge_left"
"level_10.xml","Terrain","12","25","earth_edge_middle_2"
"level_10.xml","Terrain","13","25","earth_edge_middle_2"
"level_10.xml","Terrain","14","25","earth_edge_middle_2"
"level_10.xml","Terrain","15","25","earth_edge_middle_2"
"level_10.xml","Terrain","16","25","earth_edge_right"
"level_10.xml","Terrain","28","25","shell_sand_top_left"
"level_10.xml","Terrain","29","25","shell_sand_middle_1"
"level_10.xml","Terrain","30","25","sand_overlap_left"
"level_10.xml","Terrain","31","25","earth_edge_middle_2"
"level_10.xml","Terrain","32","25","earth_edge_middle_2"
"level_10.xml","Terrain","33","25","earth_edge_middle_2"
"level_10.xml","Terrain","34","25","earth_edge_middle_2"
"level_10.xml","Terrain","35","25","earth_edge_middle_2"
"level_10.xml","Terrain","36","25","earth_edge_right"
"level_10.xml","Terrain","41","25","earth_edge_left"
"level_10.xml","Terrain","42","25","earth_edge_middle_1"
"level_10.xml","Terrain","43","25","earth_edge_middle_1"
"level_10.xml","Terrain","44","25","earth_edge_middle_1"
"level_10.xml","Terrain","45","25","earth_edge_middle_2"
"level_10.xml","Terrain","46","25","earth_edge_right"
"level_10.xml","Terrain","61","25","earth_edge_left"
"level_10.xml","Terrain","62","25","earth_edge_middle_2"
"level_10.xml","Terrain","63","25","earth_edge_middle_2"
"level_10.xml","Terrain","64","25","earth_edge_middle_2"
"level_10.xml","Terrain","65","25","earth_edge_middle_1"
"level_10.xml","Terrain","66","25","earth_edge_right"
"level_10.xml","Terrain","69","25","earth_edge_middle_1"
"level_10.xml","Terrain","70","25","earth_edge_middle_2"
"level_10.xml","Terrain","71","25","earth_edge_middle_2"
"level_10.xml","Terrain","72","25","earth_edge_middle_1"
"level_10.xml","Terrain","73","25","earth_edge_middle_1"
"level_10.xml","Terrain","74","25","earth_edge_right"
"level_10.xml","Terrain","1","26","grass_top_left"
"level_10.xml","Terrain","2","26","grass_top_middle_2"
"level_10.xml","Terrain","3","26","grass_overlap_left"
"level_10.xml","Terrain","4","26","earth_edge_middle_2"
"level_10.xml","Terrain","5","26","earth_edge_middle_2"
"level_10.xml","Terrain","6","26","earth_edge_middle_2"
"level_10.xml","Terrain","7","26","earth_edge_middle_2"
"level_10.xml","Terrain","8","26","grass_overlap_right"
"level_10.xml","Terrain","9","26","grass_top_middle_1"
"level_10.xml","Terrain","10","26","grass_top_middle_1"
"level_10.xml","Terrain","11","26","grass_overlap_left"
"level_10.xml","Terrain","12","26","earth_edge_middle_2"
"level_10.xml","Terrain","13","26","earth_edge_middle_2"
"level_10.xml","Terrain","14","26","earth_edge_middle_2"
"level_10.xml","Terrain","15","26","earth_edge_middle_2"
"level_10.xml","Terrain","16","26","sand_overlap_right"
"level_10.xml","Terrain","17","26","blank_sand_middle_2"
"level_10.xml","Terrain","18","26","shell_sand_top_right"
"level_10.xml","Terrain","28","26","earth_edge_left"
"level_10.xml","Terrain","29","26","earth_edge_middle_2"
"level_10.xml","Terrain","30","26","earth_edge_middle_2"
"level_10.xml","Terrain","31","26","earth_edge_middle_2"
"level_10.xml","Terrain","32","26","earth_edge_middle_2"
"level_10.xml","Terrain","33","26","earth_edge_middle_2"
"level_10.xml","Terrain","34","26","earth_edge_middle_2"
"level_10.xml","Terrain","35","26","earth_edge_middle_2"
"level_10.xml","Terrain","36","26","grass_overlap_right"
"level_10.xml","Terrain","37","26","grass_top_middle_1"
"level_10.xml","Terrain","38","26","grass_top_middle_2"
"level_10.xml","Terrain","39","26","grass_top_middle_2"
"level_10.xml","Terrain","40","26","grass_top_middle_1"
"level_10.xml","Terrain","41","26","grass_overlap_left"
"level_10.xml","Terrain","42","26","earth_edge_middle_1"
"level_10.xml","Terrain","43","26","earth_edge_middle_1"
"level_10.xml","Terrain","44","26","earth_edge_middle_1"
"level_10.xml","Terrain","45","26","earth_edge_middle_2"
"level_10.xml","Terrain","46","26","sand_overlap_right"
"level_10.xml","Terrain","47","26","shell_sand_middle_1"
"level_10.xml","Terrain","48","26","shell_sand_top_right"
"level_10.xml","Terrain","59","26","shell_sand_top_left"
"level_10.xml","Terrain","60","26","shell_sand_middle_2"
"level_10.xml","Terrain","61","26","sand_overlap_left"
"level_10.xml","Terrain","62","26","earth_edge_middle_2"
"level_10.xml","Terrain","63","26","earth_edge_middle_2"
"level_10.xml","Terrain","64","26","earth_edge_middle_2"
"level_10.xml","Terrain","65","26","earth_edge_middle_1"
"level_10.xml","Terrain","66","26","grass_overlap_right"
"level_10.xml","Terrain","67","26","grass_top_middle_1"
"level_10.xml","Terrain","68","26","grass_top_middle_1"
"level_10.xml","Terrain","69","26","grass_overlap_left"
"level_10.xml","Terrain","70","26","earth_edge_middle_2"
"level_10.xml","Terrain","71","26","earth_edge_middle_2"
"level_10.xml","Terrain","72","26","earth_edge_middle_1"
"level_10.xml","Terrain","73","26","earth_edge_middle_1"
"level_10.xml","Terrain","74","26","grass_overlap_right"
"level_10.xml","Terrain","75","26","grass_top_middle_1"
"level_10.xml","Terrain","76","26","grass_top_right"
"level_10.xml","Terrain","0","27","shell_sand_top_left"
"level_10.xml","Terrain","1","27","sand_overlap_left"
"level_10.xml","Terrain","2","27","earth_edge_middle_2"
"level_10.xml","Terrain","3","27","earth_edge_middle_2"
"level_10.xml","Terrain","4","27","earth_edge_middle_2"
"level_10.xml","Terrain","5","27","earth_edge_middle_2"
"level_10.xml","Terrain","6","27","earth_edge_middle_2"
"level_10.xml","Terrain","7","27","earth_edge_middle_2"
"level_10.xml","Terrain","8","27","earth_edge_middle_2"
"level_10.xml","Terrain","9","27","earth_edge_middle_2"
"level_10.xml","Terrain","10","27","earth_edge_middle_2"
"level_10.xml","Terrain","11","27","earth_edge_middle_2"
"level_10.xml","Terrain","12","27","earth_edge_middle_2"
"level_10.xml","Terrain","13","27","earth_edge_middle_2"
"level_10.xml","Terrain","14","27","earth_edge_middle_2"
"level_10.xml","Terrain","15","27","earth_edge_middle_2"
"level_10.xml","Terrain","16","27","earth_edge_middle_2"
"level_10.xml","Terrain","17","27","earth_edge_middle_2"
"level_10.xml","Terrain","18","27","earth_edge_right"
"level_10.xml","Terrain","26","27","shell_sand_top_left"
"level_10.xml","Terrain","27","27","blank_sand_middle_2"
"level_10.xml","Terrain","28","27","sand_overlap_left"
"level_10.xml","Terrain","29","27","earth_edge_middle_2"
"level_10.xml","Terrain","30","27","earth_edge_middle_2"
"level_10.xml","Terrain","31","27","earth_edge_middle_2"
"level_10.xml","Terrain","32","27","earth_edge_middle_2"
"level_10.xml","Terrain","33","27","earth_edge_middle_2"
"level_10.xml","Terrain","34","27","earth_edge_middle_2"
"level_10.xml","Terrain","35","27","earth_edge_middle_2"
"level_10.xml","Terrain","36","27","earth_edge_middle_2"
"level_10.xml","Terrain","37","27","earth_edge_middle_2"
"level_10.xml","Terrain","38","27","earth_edge_middle_1"
"level_10.xml","Terrain","39","27","earth_edge_middle_1"
"level_10.xml","Terrain","40","27","earth_edge_middle_1"
"level_10.xml","Terrain","41","27","earth_edge_middle_1"
"level_10.xml","Terrain","42","27","earth_edge_middle_1"
"level_10.xml","Terrain","43","27","earth_edge_middle_1"
"level_10.xml","Terrain","44","27","earth_edge_middle_1"
"level_10.xml","Terrain","45","27","earth_edge_middle_2"
"level_10.xml","Terrain","46","27","earth_edge_middle_2"
"level_10.xml","Terrain","47","27","earth_edge_middle_2"
"level_10.xml","Terrain","48","27","earth_edge_right"
"level_10.xml","Terrain","59","27","earth_edge_left"
"level_10.xml","Terrain","60","27","earth_edge_middle_2"
"level_10.xml","Terrain","61","27","earth_edge_middle_2"
"level_10.xml","Terrain","62","27","earth_edge_middle_2"
"level_10.xml","Terrain","63","27","earth_edge_middle_2"
"level_10.xml","Terrain","64","27","earth_edge_middle_2"
"level_10.xml","Terrain","65","27","earth_edge_middle_1"
"level_10.xml","Terrain","66","27","earth_edge_middle_1"
"level_10.xml","Terrain","67","27","earth_edge_middle_1"
"level_10.xml","Terrain","68","27","earth_edge_middle_1"
"level_10.xml","Terrain","69","27","earth_edge_middle_1"
"level_10.xml","Terrain","70","27","earth_edge_middle_2"
"level_10.xml","Terrain","71","27","earth_edge_middle_2"
"level_10.xml","Terrain","72","27","earth_edge_middle_2"
"level_10.xml","Terrain","73","27","earth_edge_middle_1"
"level_10.xml","Terrain","74","27","earth_edge_middle_1"
"level_10.xml","Terrain","75","27","earth_edge_middle_1"
"level_10.xml","Terrain","76","27","earth_edge_right"
"level_10.xml","Terrain","0","28","tile_ripple_left"
"level_10.xml","Terrain","1","28","tile_ripple_middle"
"level_10.xml","Terrain","2","28","tile_ripple_middle"
"level_10.xml","Terrain","3","28","tile_ripple_middle"
"level_10.xml","Terrain","4","28","tile_ripple_middle"
"level_10.xml","Terrain","5","28","tile_ripple_middle"
"level_10.xml","Terrain","6","28","tile_ripple_middle"
"level_10.xml","Terrain","7","28","tile_ripple_middle"
"level_10.xml","Terrain","8","28","tile_ripple_middle"
"level_10.xml","Terrain","9","28","tile_ripple_middle"
"level_10.xml","Terrain","10","28","tile_ripple_middle"
"level_10.xml","Terrain","11","28","tile_ripple_middle"
"level_10.xml","Terrain","12","28","tile_ripple_middle"
"level_10.xml","Terrain","13","28","tile_ripple_middle"
"level_10.xml","Terrain","14","28","tile_ripple_middle"
"level_10.xml","Terrain","15","28","tile_ripple_middle"
"level_10.xml","Terrain","16","28","tile_ripple_middle"
"level_10.xml","Terrain","17","28","tile_ripple_middle"
"level_10.xml","Terrain","18","28","tile_ripple_right"
"level_10.xml","Terrain","26","28","earth_edge_left"
"level_10.xml","Terrain","27","28","earth_edge_middle_2"
"level_10.xml","Terrain","28","28","earth_edge_middle_2"
"level_10.xml","Terrain","29","28","earth_edge_middle_2"
"level_10.xml","Terrain","30","28","earth_edge_middle_2"
"level_10.xml","Terrain","31","28","earth_edge_middle_2"
"level_10.xml","Terrain","32","28","earth_edge_middle_2"
"level_10.xml","Terrain","33","28","earth_edge_middle_2"
"level_10.xml","Terrain","34","28","earth_edge_middle_2"
"level_10.xml","Terrain","35","28","earth_edge_middle_2"
"level_10.xml","Terrain","36","28","earth_edge_middle_2"
"level_10.xml","Terrain","37","28","earth_edge_middle_2"
"level_10.xml","Terrain","38","28","earth_edge_middle_2"
"level_10.xml","Terrain","39","28","earth_edge_middle_2"
"level_10.xml","Terrain","40","28","earth_edge_middle_2"
"level_10.xml","Terrain","41","28","earth_edge_middle_2"
"level_10.xml","Terrain","42","28","earth_edge_middle_2"
"level_10.xml","Terrain","43","28","earth_edge_middle_2"
"level_10.xml","Terrain","44","28","earth_edge_middle_2"
"level_10.xml","Terrain","45","28","earth_edge_middle_2"
"level_10.xml","Terrain","46","28","earth_edge_middle_2"
"level_10.xml","Terrain","47","28","earth_edge_middle_2"
"level_10.xml","Terrain","48","28","earth_edge_right"
"level_10.xml","Terrain","59","28","earth_edge_left"
"level_10.xml","Terrain","60","28","earth_edge_middle_2"
"level_10.xml","Terrain","61","28","earth_edge_middle_2"
"level_10.xml","Terrain","62","28","earth_edge_middle_2"
"level_10.xml","Terrain","63","28","earth_edge_middle_2"
"level_10.xml","Terrain","64","28","earth_edge_middle_2"
"level_10.xml","Terrain","65","28","earth_edge_middle_2"
"level_10.xml","Terrain","66","28","earth_edge_middle_2"
"level_10.xml","Terrain","67","28","earth_edge_middle_2"
"level_10.xml","Terrain","68","28","earth_edge_middle_2"
"level_10.xml","Terrain","69","28","earth_edge_middle_2"
"level_10.xml","Terrain","70","28","earth_edge_middle_2"
"level_10.xml","Terrain","71","28","earth_edge_middle_2"
"level_10.xml","Terrain","72","28","earth_edge_middle_2"
"level_10.xml","Terrain","73","28","earth_edge_middle_2"
"level_10.xml","Terrain","74","28","earth_edge_middle_2"
"level_10.xml","Terrain","75","28","earth_edge_middle_2"
"level_10.xml","Terrain","76","28","earth_edge_right"
"level_10.xml","Terrain","0","29","tile_ripple_left"
"level_10.xml","Terrain","1","29","tile_ripple_middle"
"level_10.xml","Terrain","2","29","tile_ripple_middle"
"level_10.xml","Terrain","3","29","tile_ripple_middle"
"level_10.xml","Terrain","4","29","tile_ripple_middle"
"level_10.xml","Terrain","5","29","tile_ripple_middle"
"level_10.xml","Terrain","6","29","tile_ripple_middle"
"level_10.xml","Terrain","7","29","tile_ripple_middle"
"level_10.xml","Terrain","8","29","tile_ripple_middle"
"level_10.xml","Terrain","9","29","tile_ripple_middle"
"level_10.xml","Terrain","10","29","tile_ripple_middle"
"level_10.xml","Terrain","11","29","tile_ripple_middle"
"level_10.xml","Terrain","12","29","tile_ripple_middle"
"level_10.xml","Terrain","13","29","tile_ripple_middle"
"level_10.xml","Terrain","14","29","tile_ripple_middle"
"level_10.xml","Terrain","15","29","tile_ripple_middle"
"level_10.xml","Terrain","16","29","tile_ripple_middle"
"level_10.xml","Terrain","17","29","tile_ripple_middle"
"level_10.xml","Terrain","18","29","tile_ripple_right"
"level_10.xml","Terrain","26","29","tile_ripple_left"
"level_10.xml","Terrain","27","29","tile_ripple_middle"
"level_10.xml","Terrain","28","29","tile_ripple_middle"
"level_10.xml","Terrain","29","29","tile_ripple_middle"
"level_10.xml","Terrain","30","29","tile_ripple_middle"
"level_10.xml","Terrain","31","29","tile_ripple_middle"
"level_10.xml","Terrain","32","29","tile_ripple_middle"
"level_10.xml","Terrain","33","29","tile_ripple_middle"
"level_10.xml","Terrain","34","29","tile_ripple_middle"
"level_10.xml","Terrain","35","29","tile_ripple_middle"
"level_10.xml","Terrain","36","29","tile_ripple_middle"
"level_10.xml","Terrain","37","29","tile_ripple_middle"
"level_10.xml","Terrain","38","29","tile_ripple_middle"
"level_10.xml","Terrain","39","29","tile_ripple_middle"
"level_10.xml","Terrain","40","29","tile_ripple_middle"
"level_10.xml","Terrain","41","29","tile_ripple_middle"
"level_10.xml","Terrain","42","29","tile_ripple_middle"
"level_10.xml","Terrain","43","29","tile_ripple_middle"
"level_10.xml","Terrain","44","29","tile_ripple_middle"
"level_10.xml","Terrain","45","29","tile_ripple_middle"
"level_10.xml","Terrain","46","29","tile_ripple_middle"
"level_10.xml","Terrain","47","29","tile_ripple_middle"
"level_10.xml","Terrain","48","29","tile_ripple_right"
"level_10.xml","Terrain","59","29","tile_ripple_left"
"level_10.xml","Terrain","60","29","tile_ripple_middle"
"level_10.xml","Terrain","61","29","tile_ripple_middle"
"level_10.xml","Terrain","62","29","tile_ripple_middle"
"level_10.xml","Terrain","63","29","tile_ripple_middle"
"level_10.xml","Terrain","64","29","tile_ripple_middle"
"level_10.xml","Terrain","65","29","tile_ripple_middle"
"level_10.xml","Terrain","66","29","tile_ripple_middle"
"level_10.xml","Terrain","67","29","tile_ripple_middle"
"level_10.xml","Terrain","68","29","tile_ripple_middle"
"level_10.xml","Terrain","69","29","tile_ripple_middle"
"level_10.xml","Terrain","70","29","tile_ripple_middle"
"level_10.xml","Terrain","71","29","tile_ripple_middle"
"level_10.xml","Terrain","72","29","tile_ripple_middle"
"level_10.xml","Terrain","73","29","tile_ripple_middle"
"level_10.xml","Terrain","74","29","tile_ripple_middle"
"level_10.xml","Terrain","75","29","tile_ripple_middle"
"level_10.xml","Terrain","76","29","tile_ripple_right"
"level_10.xml","Terrain","0","30","tile_ripple_left"
"level_10.xml","Terrain","1","30","tile_ripple_middle"
"level_10.xml","Terrain","2","30","tile_ripple_middle"
"level_10.xml","Terrain","3","30","tile_ripple_middle"
"level_10.xml","Terrain","4","30","tile_ripple_middle"
"level_10.xml","Terrain","5","30","tile_ripple_middle"
"level_10.xml","Terrain","6","30","tile_ripple_middle"
"level_10.xml","Terrain","7","30","tile_ripple_middle"
"level_10.xml","Terrain","8","30","tile_ripple_middle"
"level_10.xml","Terrain","9","30","tile_ripple_middle"
"level_10.xml","Terrain","10","30","tile_ripple_middle"
"level_10.xml","Terrain","11","30","tile_ripple_middle"
"level_10.xml","Terrain","12","30","tile_ripple_middle"
"level_10.xml","Terrain","13","30","tile_ripple_middle"
"level_10.xml","Terrain","14","30","tile_ripple_middle"
"level_10.xml","Terrain","15","30","tile_ripple_middle"
"level_10.xml","Terrain","16","30","tile_ripple_middle"
"level_10.xml","Terrain","17","30","tile_ripple_middle"
"level_10.xml","Terrain","18","30","tile_ripple_right"
"level_10.xml","Terrain","26","30","tile_ripple_left"
"level_10.xml","Terrain","27","30","tile_ripple_middle"
"level_10.xml","Terrain","28","30","tile_ripple_middle"
"level_10.xml","Terrain","29","30","tile_ripple_middle"
"level_10.xml","Terrain","30","30","tile_ripple_middle"
"level_10.xml","Terrain","31","30","tile_ripple_middle"
"level_10.xml","Terrain","32","30","tile_ripple_middle"
"level_10.xml","Terrain","33","30","tile_ripple_middle"
"level_10.xml","Terrain","34","30","tile_ripple_middle"
"level_10.xml","Terrain","35","30","tile_ripple_middle"
"level_10.xml","Terrain","36","30","tile_ripple_middle"
"level_10.xml","Terrain","37","30","tile_ripple_middle"
"level_10.xml","Terrain","38","30","tile_ripple_middle"
"level_10.xml","Terrain","39","30","tile_ripple_middle"
"level_10.xml","Terrain","40","30","tile_ripple_middle"
"level_10.xml","Terrain","41","30","tile_ripple_middle"
"level_10.xml","Terrain","42","30","tile_ripple_middle"
"level_10.xml","Terrain","43","30","tile_ripple_middle"
"level_10.xml","Terrain","44","30","tile_ripple_middle"
"level_10.xml","Terrain","45","30","tile_ripple_middle"
"level_10.xml","Terrain","46","30","tile_ripple_middle"
"level_10.xml","Terrain","47","30","tile_ripple_middle"
"level_10.xml","Terrain","48","30","tile_ripple_right"
"level_10.xml","Terrain","59","30","tile_ripple_left"
"level_10.xml","Terrain","60","30","tile_ripple_middle"
"level_10.xml","Terrain","61","30","tile_ripple_middle"
"level_10.xml","Terrain","62","30","tile_ripple_middle"
"level_10.xml","Terrain","63","30","tile_ripple_middle"
"level_10.xml","Terrain","64","30","tile_ripple_middle"
"level_10.xml","Terrain","65","30","tile_ripple_middle"
"level_10.xml","Terrain","66","30","tile_ripple_middle"
"level_10.xml","Terrain","67","30","tile_ripple_middle"
"level_10.xml","Terrain","68","30","tile_ripple_middle"
"level_10.xml","Terrain","69","30","tile_ripple_middle"
"level_10.xml","Terrain","70","30","tile_ripple_middle"
"level_10.xml","Terrain","71","30","tile_ripple_middle"
"level_10.xml","Terrain","72","30","tile_ripple_middle"
"level_10.xml","Terrain","73","30","tile_ripple_middle"
"level_10.xml","Terrain","74","30","tile_ripple_middle"
"level_10.xml","Terrain","75","30","tile_ripple_middle"
"level_10.xml","Terrain","76","30","tile_ripple_right"
"level_10.xml","Terrain","0","31","tile_ripple_left"
"level_10.xml","Terrain","1","31","tile_ripple_middle"
"level_10.xml","Terrain","2","31","tile_ripple_middle"
"level_10.xml","Terrain","3","31","tile_ripple_middle"
"level_10.xml","Terrain","4","31","tile_ripple_middle"
"level_10.xml","Terrain","5","31","tile_ripple_middle"
"level_10.xml","Terrain","6","31","tile_ripple_middle"
"level_10.xml","Terrain","7","31","tile_ripple_middle"
"level_10.xml","Terrain","8","31","tile_ripple_middle"
"level_10.xml","Terrain","9","31","tile_ripple_middle"
"level_10.xml","Terrain","10","31","tile_ripple_middle"
"level_10.xml","Terrain","11","31","tile_ripple_middle"
"level_10.xml","Terrain","12","31","tile_ripple_middle"
"level_10.xml","Terrain","13","31","tile_ripple_middle"
"level_10.xml","Terrain","14","31","tile_ripple_middle"
"level_10.xml","Terrain","15","31","tile_ripple_middle"
"level_10.xml","Terrain","16","31","tile_ripple_middle"
"level_10.xml","Terrain","17","31","tile_ripple_middle"
"level_10.xml","Terrain","18","31","tile_ripple_right"
"level_10.xml","Terrain","26","31","tile_ripple_left"
"level_10.xml","Terrain","27","31","tile_ripple_middle"
"level_10.xml","Terrain","28","31","tile_ripple_middle"
"level_10.xml","Terrain","29","31","tile_ripple_middle"
"level_10.xml","Terrain","30","31","tile_ripple_middle"
"level_10.xml","Terrain","31","31","tile_ripple_middle"
"level_10.xml","Terrain","32","31","tile_ripple_middle"
"level_10.xml","Terrain","33","31","tile_ripple_middle"
"level_10.xml","Terrain","34","31","tile_ripple_middle"
"level_10.xml","Terrain","35","31","tile_ripple_middle"
"level_10.xml","Terrain","36","31","tile_ripple_middle"
"level_10.xml","Terrain","37","31","tile_ripple_middle"
"level_10.xml","Terrain","38","31","tile_ripple_middle"
"level_10.xml","Terrain","39","31","tile_ripple_middle"
"level_10.xml","Terrain","40","31","tile_ripple_middle"
"level_10.xml","Terrain","41","31","tile_ripple_middle"
"level_10.xml","Terrain","42","31","tile_ripple_middle"
"level_10.xml","Terrain","43","31","tile_ripple_middle"
"level_10.xml","Terrain","44","31","tile_ripple_middle"
"level_10.xml","Terrain","45","31","tile_ripple_middle"
"level_10.xml","Terrain","46","31","tile_ripple_middle"
"level_10.xml","Terrain","47","31","tile_ripple_middle"
"level_10.xml","Terrain","48","31","tile_ripple_right"
"level_10.xml","Terrain","59","31","tile_ripple_left"
"level_10.xml","Terrain","60","31","tile_ripple_middle"
"level_10.xml","Terrain","61","31","tile_ripple_middle"
"level_10.xml","Terrain","62","31","tile_ripple_middle"
"level_10.xml","Terrain","63","31","tile_ripple_middle"
"level_10.xml","Terrain","64","31","tile_ripple_middle"
"level_10.xml","Terrain","65","31","tile_ripple_middle"
"level_10.xml","Terrain","66","31","tile_ripple_middle"
"level_10.xml","Terrain","67","31","tile_ripple_middle"
"level_10.xml","Terrain","68","31","tile_ripple_middle"
"level_10.xml","Terrain","69","31","tile_ripple_middle"
"level_10.xml","Terrain","70","31","tile_ripple_middle"
"level_10.xml","Terrain","71","31","tile_ripple_middle"
"level_10.xml","Terrain","72","31","tile_ripple_middle"
"level_10.xml","Terrain","73","31","tile_ripple_middle"
"level_10.xml","Terrain","74","31","tile_ripple_middle"
"level_10.xml","Terrain","75","31","tile_ripple_middle"
"level_10.xml","Terrain","76","31","tile_ripple_right"
"level_10.xml","Background","0","0","antichest"
"level_10.xml","Background","1","0","antichest"
"level_10.xml","Background","2","0","antichest"
"level_10.xml","Background","3","0","antichest"
"level_10.xml","Background","4","0","antichest"
"level_10.xml","Background","15","0","antichest"
"level_10.xml","Background","16","0","antichest"
"level_10.xml","Background","17","0","antichest"
"level_10.xml","Background","18","0","antichest"
"level_10.xml","Background","19","0","antichest"
"level_10.xml","Background","20","0","antichest"
"level_10.xml","Background","21","0","antichest"
"level_10.xml","Background","22","0","antichest"
"level_10.xml","Background","23","0","antichest"
"level_10.xml","Background","24","0","antichest"
"level_10.xml","Background","25","0","antichest"
"level_10.xml","Background","26","0","antichest"
"level_10.xml","Background","27","0","antichest"
"level_10.xml","Background","28","0","antichest"
"level_10.xml","Background","29","0","antichest"
"level_10.xml","Background","30","0","antichest"
"level_10.xml","Background","31","0","antichest"
"level_10.xml","Background","32","0","antichest"
"level_10.xml","Background","33","0","antichest"
"level_10.xml","Background","44","0","antichest"
"level_10.xml","Background","45","0","antichest"
"level_10.xml","Background","46","0","antichest"
"level_10.xml","Background","47","0","antichest"
"level_10.xml","Background","48","0","antichest"
"level_10.xml","Background","49","0","antichest"
"level_10.xml","Background","50","0","antichest"
"level_10.xml","Background","51","0","antichest"
"level_10.xml","Background","52","0","antichest"
"level_10.xml","Background","53","0","antichest"
"level_10.xml","Background","54","0","antichest"
"level_10.xml","Background","55","0","antichest"
"level_10.xml","Background","56","0","antichest"
"level_10.xml","Background","57","0","antichest"
"level_10.xml","Background","58","0","antichest"
"level_10.xml","Background","59","0","antichest"
"level_10.xml","Background","60","0","antichest"
"level_10.xml","Background","61","0","antichest"
"level_10.xml","Background","62","0","antichest"
"level_10.xml","Background","63","0","antichest"
"level_10.xml","Background","73","0","antichest"
"level_10.xml","Background","74","0","antichest"
"level_10.xml","Background","75","0","antichest"
"level_10.xml","Background","76","0","antichest"
"level_10.xml","Background","67","9","grass"
"level_10.xml","Background","10","11","big_tree"
"level_10.xml","Background","11","11","grass"
"level_10.xml","Background","34","11","grass"
"level_10.xml","Background","41","11","small_tree"
"level_10.xml","Background","42","11","rock_2"
"level_10.xml","Background","8","13","rock_3"
"level_10.xml","Background","65","13","grass"
"level_10.xml","Background","71","13","small_tree"
"level_10.xml","Background","38","15","cave_middle_2"
"level_10.xml","Background","39","15","cave_middle_2"
"level_10.xml","Background","38","16","cave_torch"
"level_10.xml","Background","13","17","rock_2"
"level_10.xml","Background","32","17","rock_1"
"level_10.xml","Background","67","17","cave_middle_1"
"level_10.xml","Background","68","17","cave_middle_1"
"level_10.xml","Background","5","18","grass"
"level_10.xml","Background","9","18","cave_middle_2"
"level_10.xml","Background","10","18","cave_middle_2"
"level_10.xml","Background","63","18","rock_3"
"level_10.xml","Background","67","18","cave_torch"
"level_10.xml","Background","9","19","cave_torch"
"level_10.xml","Background","31","20","grass"
"level_10.xml","Background","73","20","grass"
"level_10.xml","Background","37","21","cave_middle_2"
"level_10.xml","Background","38","21","cave_middle_2"
"level_10.xml","Background","39","21","cave_middle_2"
"level_10.xml","Background","40","21","cave_middle_2"
"level_10.xml","Background","37","22","cave_middle_2"
"level_10.xml","Background","38","22","cave_middle_2"
"level_10.xml","Background","39","22","cave_middle_2"
"level_10.xml","Background","40","22","cave_middle_2"
"level_10.xml","Background","9","23","cave_middle_2"
"level_10.xml","Background","10","23","cave_middle_2"
"level_10.xml","Background","16","23","grass"
"level_10.xml","Background","37","23","cave_middle_2"
"level_10.xml","Background","38","23","cave_torch"
"level_10.xml","Background","40","23","cave_middle_2"
"level_10.xml","Background","67","23","cave_middle_2"
"level_10.xml","Background","68","23","cave_middle_2"
"level_10.xml","Background","9","24","cave_torch"
"level_10.xml","Background","37","24","cave_middle_2"
"level_10.xml","Background","40","24","cave_middle_2"
"level_10.xml","Background","67","24","cave_torch"
"level_10.xml","Background","2","25","small_tree"
"level_10.xml","Background","37","25","cave_grass"
"level_10.xml","Background","38","25","cave_middle_2"
"level_10.xml","Background","39","25","cave_middle_2"
"level_10.xml","Background","40","25","cave_rock_2"
"level_10.xml","Background","60","25","big_shell"
"level_10.xml","Background","75","25","rock_2"
"level_10.xml","Background","76","25","grass"
"level_10.xml","Background","27","26","big_shell"
"level_11.xml","Terrain","10","2","grass_top_left"
"level_11.xml","Terrain","11","2","grass_top_middle_1"
"level_11.xml","Terrain","12","2","grass_top_right"
"level_11.xml","Terrain","15","2","grass_top_left"
"level_11.xml","Terrain","16","2","grass_top_middle_1"
"level_11.xml","Terrain","17","2","grass_top_right"
"level_11.xml","Terrain","27","2","grass_top_left"
"level_11.xml","Terrain","28","2","grass_top_middle_1"
"level_11.xml","Terrain","29","2","grass_top_right"
"level_11.xml","Terrain","32","2","grass_top_left"
"level_11.xml","Terrain","33","2","grass_top_middle_2"
"level_11.xml","Terrain","34","2","grass_top_right"
"level_11.xml","Terrain","10","3","earth_edge_left"
"level_11.xml","Terrain","11","3","earth_edge_middle_2"
"level_11.xml","Terrain","12","3","earth_edge_right"
"level_11.xml","Terrain","15","3","earth_edge_left"
"level_11.xml","Terrain","16","3","earth_edge_middle_2"
"level_11.xml","Terrain","17","3","earth_edge_right"
"level_11.xml","Terrain","27","3","earth_edge_left"
"level_11.xml","Terrain","28","3","earth_edge_middle_2"
"level_11.xml","Terrain","29","3","earth_edge_right"
"level_11.xml","Terrain","32","3","earth_edge_left"
"level_11.xml","Terrain","33","3","earth_edge_middle_2"
"level_11.xml","Terrain","34","3","earth_edge_right"
"level_11.xml","Terrain","10","4","earth_bottom_right"
"level_11.xml","Terrain","11","4","eartyh_bottom_middle"
"level_11.xml","Terrain","12","4","earth_bottom_left"
"level_11.xml","Terrain","15","4","earth_bottom_right"
"level_11.xml","Terrain","16","4","eartyh_bottom_middle"
"level_11.xml","Terrain","17","4","earth_bottom_left"
"level_11.xml","Terrain","27","4","earth_bottom_right"
"level_11.xml","Terrain","28","4","eartyh_bottom_middle"
"level_11.xml","Terrain","29","4","earth_bottom_left"
"level_11.xml","Terrain","32","4","earth_bottom_right"
"level_11.xml","Terrain","33","4","eartyh_bottom_middle"
"level_11.xml","Terrain","34","4","earth_bottom_left"
"level_11.xml","Terrain","4","6","grass_top_left"
"level_11.xml","Terrain","5","6","grass_top_middle_1"
"level_11.xml","Terrain","6","6","grass_top_right"
"level_11.xml","Terrain","21","6","grass_top_left"
"level_11.xml","Terrain","22","6","grass_top_middle_1"
"level_11.xml","Terrain","23","6","grass_top_right"
"level_11.xml","Terrain","37","6","grass_top_left"
"level_11.xml","Terrain","38","6","grass_top_middle_2"
"level_11.xml","Terrain","39","6","grass_top_right"
"level_11.xml","Terrain","4","7","earth_bottom_right"
"level_11.xml","Terrain","5","7","eartyh_bottom_middle"
"level_11.xml","Terrain","6","7","earth_bottom_left"
"level_11.xml","Terrain","21","7","earth_bottom_right"
"level_11.xml","Terrain","22","7","eartyh_bottom_middle"
"level_11.xml","Terrain","23","7","earth_bottom_left"
"level_11.xml","Terrain","37","7","earth_bottom_right"
"level_11.xml","Terrain","38","7","eartyh_bottom_middle"
"level_11.xml","Terrain","39","7","earth_bottom_left"
"level_11.xml","Terrain","0","11","blank_sand_top_left"
"level_11.xml","Terrain","1","11","blank_sand_middle_2"
"level_11.xml","Terrain","2","11","blank_sand_middle_1"
"level_11.xml","Terrain","3","11","blank_sand_middle_2"
"level_11.xml","Terrain","4","11","blank_sand_middle_1"
"level_11.xml","Terrain","5","11","blank_sand_middle_1"
"level_11.xml","Terrain","6","11","blank_sand_middle_1"
"level_11.xml","Terrain","7","11","blank_sand_middle_1"
"level_11.xml","Terrain","8","11","blank_sand_middle_1"
"level_11.xml","Terrain","9","11","blank_sand_middle_1"
"level_11.xml","Terrain","10","11","shell_sand_middle_2"
"level_11.xml","Terrain","11","11","shell_sand_middle_1"
"level_11.xml","Terrain","12","11","blank_sand_middle_1"
"level_11.xml","Terrain","13","11","blank_sand_middle_1"
"level_11.xml","Terrain","14","11","blank_sand_middle_2"
"level_11.xml","Terrain","15","11","blank_sand_middle_2"
"level_11.xml","Terrain","16","11","blank_sand_middle_2"
"level_11.xml","Terrain","17","11","blank_sand_middle_1"
"level_11.xml","Terrain","18","11","blank_sand_middle_2"
"level_11.xml","Terrain","19","11","blank_sand_middle_1"
"level_11.xml","Terrain","20","11","shell_sand_middle_1"
"level_11.xml","Terrain","21","11","blank_sand_middle_2"
"level_11.xml","Terrain","22","11","blank_sand_middle_2"
"level_11.xml","Terrain","23","11","blank_sand_middle_1"
"level_11.xml","Terrain","24","11","shell_sand_middle_2"
"level_11.xml","Terrain","25","11","shell_sand_middle_2"
"level_11.xml","Terrain","26","11","blank_sand_middle_1"
"level_11.xml","Terrain","27","11","shell_sand_middle_1"
"level_11.xml","Terrain","28","11","blank_sand_middle_1"
"level_11.xml","Terrain","29","11","blank_sand_middle_1"
"level_11.xml","Terrain","30","11","blank_sand_middle_2"
"level_11.xml","Terrain","31","11","blank_sand_middle_1"
"level_11.xml","Terrain","32","11","blank_sand_middle_2"
"level_11.xml","Terrain","33","11","shell_sand_middle_2"
"level_11.xml","Terrain","34","11","shell_sand_middle_1"
"level_11.xml","Terrain","35","11","blank_sand_middle_1"
"level_11.xml","Terrain","36","11","blank_sand_middle_2"
"level_11.xml","Terrain","37","11","blank_sand_middle_1"
"level_11.xml","Terrain","38","11","blank_sand_middle_1"
"level_11.xml","Terrain","39","11","blank_sand_middle_1"
"level_11.xml","Terrain","40","11","blank_sand_middle_1"
"level_11.xml","Terrain","41","11","blank_sand_middle_1"
"level_11.xml","Terrain","42","11","blank_sand_middle_2"
"level_11.xml","Terrain","43","11","shell_sand_top_right"
"level_11.xml","Terrain","0","12","earth_edge_left"
"level_11.xml","Terrain","1","12","earth_edge_middle_1"
"level_11.xml","Terrain","2","12","earth_edge_middle_1"
"level_11.xml","Terrain","3","12","earth_edge_middle_1"
"level_11.xml","Terrain","4","12","earth_edge_middle_1"
"level_11.xml","Terrain","5","12","earth_edge_middle_1"
"level_11.xml","Terrain","6","12","earth_edge_middle_1"
"level_11.xml","Terrain","7","12","earth_edge_middle_1"
"level_11.xml","Terrain","8","12","earth_edge_middle_1"
"level_11.xml","Terrain","9","12","earth_edge_middle_1"
"level_11.xml","Terrain","10","12","earth_edge_middle_1"
"level_11.xml","Terrain","11","12","earth_edge_middle_1"
"level_11.xml","Terrain","12","12","earth_edge_middle_1"
"level_11.xml","Terrain","13","12","earth_edge_middle_1"
"level_11.xml","Terrain","14","12","earth_edge_middle_1"
"level_11.xml","Terrain","15","12","earth_edge_middle_1"
"level_11.xml","Terrain","16","12","earth_edge_middle_1"
"level_11.xml","Terrain","17","12","earth_edge_middle_1"
"level_11.xml","Terrain","18","12","earth_edge_middle_1"
"level_11.xml","Terrain","19","12","earth_edge_middle_1"
"level_11.xml","Terrain","20","12","earth_edge_middle_1"
"level_11.xml","Terrain","21","12","earth_edge_middle_1"
"level_11.xml","Terrain","22","12","earth_edge_middle_1"
"level_11.xml","Terrain","23","12","earth_edge_middle_1"
"level_11.xml","Terrain","24","12","earth_edge_middle_1"
"level_11.xml","Terrain","25","12","earth_edge_middle_1"
"level_11.xml","Terrain","26","12","earth_edge_middle_1"
"level_11.xml","Terrain","27","12","earth_edge_middle_1"
"level_11.xml","Terrain","28","12","earth_edge_middle_1"
"level_11.xml","Terrain","29","12","earth_edge_middle_1"
"level_11.xml","Terrain","30","12","earth_edge_middle_1"
"level_11.xml","Terrain","31","12","earth_edge_middle_1"
"level_11.xml","Terrain","32","12","earth_edge_middle_1"
"level_11.xml","Terrain","33","12","earth_edge_middle_1"
"level_11.xml","Terrain","34","12","earth_edge_middle_1"
"level_11.xml","Terrain","35","12","earth_edge_middle_1"
"level_11.xml","Terrain","36","12","earth_edge_middle_1"
"level_11.xml","Terrain","37","12","earth_edge_middle_1"
"level_11.xml","Terrain","38","12","earth_edge_middle_1"
"level_11.xml","Terrain","39","12","earth_edge_middle_1"
"level_11.xml","Terrain","40","12","earth_edge_middle_1"
"level_11.xml","Terrain","41","12","earth_edge_middle_1"
"level_11.xml","Terrain","42","12","earth_edge_middle_1"
"level_11.xml","Terrain","43","12","earth_edge_right"
"level_11.xml","Terrain","0","13","tile_ripple_left"
"level_11.xml","Terrain","1","13","tile_ripple_middle"
"level_11.xml","Terrain","2","13","tile_ripple_middle"
"level_11.xml","Terrain","3","13","tile_ripple_middle"
"level_11.xml","Terrain","4","13","tile_ripple_middle"
"level_11.xml","Terrain","5","13","tile_ripple_middle"
"level_11.xml","Terrain","6","13","tile_ripple_middle"
"level_11.xml","Terrain","7","13","tile_ripple_middle"
"level_11.xml","Terrain","8","13","tile_ripple_middle"
"level_11.xml","Terrain","9","13","tile_ripple_middle"
"level_11.xml","Terrain","10","13","tile_ripple_middle"
"level_11.xml","Terrain","11","13","tile_ripple_middle"
"level_11.xml","Terrain","12","13","tile_ripple_middle"
"level_11.xml","Terrain","13","13","tile_ripple_middle"
"level_11.xml","Terrain","14","13","tile_ripple_middle"
"level_11.xml","Terrain","15","13","tile_ripple_middle"
"level_11.xml","Terrain","16","13","tile_ripple_middle"
"level_11.xml","Terrain","17","13","tile_ripple_middle"
"level_11.xml","Terrain","18","13","tile_ripple_middle"
"level_11.xml","Terrain","19","13","tile_ripple_middle"
"level_11.xml","Terrain","20","13","tile_ripple_middle"
"level_11.xml","Terrain","21","13","tile_ripple_middle"
"level_11.xml","Terrain","22","13","tile_ripple_middle"
"level_11.xml","Terrain","23","13","tile_ripple_middle"
"level_11.xml","Terrain","24","13","tile_ripple_middle"
"level_11.xml","Terrain","25","13","tile_ripple_middle"
"level_11.xml","Terrain","26","13","tile_ripple_middle"
"level_11.xml","Terrain","27","13","tile_ripple_middle"
"level_11.xml","Terrain","28","13","tile_ripple_middle"
"level_11.xml","Terrain","29","13","tile_ripple_middle"
"level_11.xml","Terrain","30","13","tile_ripple_middle"
"level_11.xml","Terrain","31","13","tile_ripple_middle"
"level_11.xml","Terrain","32","13","tile_ripple_middle"
"level_11.xml","Terrain","33","13","tile_ripple_middle"
"level_11.xml","Terrain","34","13","tile_ripple_middle"
"level_11.xml","Terrain","35","13","tile_ripple_middle"
"level_11.xml","Terrain","36","13","tile_ripple_middle"
"level_11.xml","Terrain","37","13","tile_ripple_middle"
"level_11.xml","Terrain","38","13","tile_ripple_middle"
"level_11.xml","Terrain","39","13","tile_ripple_middle"
"level_11.xml","Terrain","40","13","tile_ripple_middle"
"level_11.xml","Terrain","41","13","tile_ripple_middle"
"level_11.xml","Terrain","42","13","tile_ripple_middle"
"level_11.xml","Terrain","43","13","tile_ripple_right"
"level_11.xml","Terrain","0","14","tile_ripple_left"
"level_11.xml","Terrain","1","14","tile_ripple_middle"
"level_11.xml","Terrain","2","14","tile_ripple_middle"
"level_11.xml","Terrain","3","14","tile_ripple_middle"
"level_11.xml","Terrain","4","14","tile_ripple_middle"
"level_11.xml","Terrain","5","14","tile_ripple_middle"
"level_11.xml","Terrain","6","14","tile_ripple_middle"
"level_11.xml","Terrain","7","14","tile_ripple_middle"
"level_11.xml","Terrain","8","14","tile_ripple_middle"
"level_11.xml","Terrain","9","14","tile_ripple_middle"
"level_11.xml","Terrain","10","14","tile_ripple_middle"
"level_11.xml","Terrain","11","14","tile_ripple_middle"
"level_11.xml","Terrain","12","14","tile_ripple_middle"
"level_11.xml","Terrain","13","14","tile_ripple_middle"
"level_11.xml","Terrain","14","14","tile_ripple_middle"
"level_11.xml","Terrain","15","14","tile_ripple_middle"
"level_11.xml","Terrain","16","14","tile_ripple_middle"
"level_11.xml","Terrain","17","14","tile_ripple_middle"
"level_11.xml","Terrain","18","14","tile_ripple_middle"
"level_11.xml","Terrain","19","14","tile_ripple_middle"
"level_11.xml","Terrain","20","14","tile_ripple_middle"
"level_11.xml","Terrain","21","14","tile_ripple_middle"
"level_11.xml","Terrain","22","14","tile_ripple_middle"
"level_11.xml","Terrain","23","14","tile_ripple_middle"
"level_11.xml","Terrain","24","14","tile_ripple_middle"
"level_11.xml","Terrain","25","14","tile_ripple_middle"
"level_11.xml","Terrain","26","14","tile_ripple_middle"
"level_11.xml","Terrain","27","14","tile_ripple_middle"
"level_11.xml","Terrain","28","14","tile_ripple_middle"
"level_11.xml","Terrain","29","14","tile_ripple_middle"
"level_11.xml","Terrain","30","14","tile_ripple_middle"
"level_11.xml","Terrain","31","14","tile_ripple_middle"
"level_11.xml","Terrain","32","14","tile_ripple_middle"
"level_11.xml","Terrain","33","14","tile_ripple_middle"
"level_11.xml","Terrain","34","14","tile_ripple_middle"
"level_11.xml","Terrain","35","14","tile_ripple_middle"
"level_11.xml","Terrain","36","14","tile_ripple_middle"
"level_11.xml","Terrain","37","14","tile_ripple_middle"
"level_11.xml","Terrain","38","14","tile_ripple_middle"
"level_11.xml","Terrain","39","14","tile_ripple_middle"
"level_11.xml","Terrain","40","14","tile_ripple_middle"
"level_11.xml","Terrain","41","14","tile_ripple_middle"
"level_11.xml","Terrain","42","14","tile_ripple_middle"
"level_11.xml","Terrain","43","14","tile_ripple_right"
"level_11.xml","Terrain","0","15","tile_ripple_left"
"level_11.xml","Terrain","1","15","tile_ripple_middle"
"level_11.xml","Terrain","2","15","tile_ripple_middle"
"level_11.xml","Terrain","3","15","tile_ripple_middle"
"level_11.xml","Terrain","4","15","tile_ripple_middle"
"level_11.xml","Terrain","5","15","tile_ripple_middle"
"level_11.xml","Terrain","6","15","tile_ripple_middle"
"level_11.xml","Terrain","7","15","tile_ripple_middle"
"level_11.xml","Terrain","8","15","tile_ripple_middle"
"level_11.xml","Terrain","9","15","tile_ripple_middle"
"level_11.xml","Terrain","10","15","tile_ripple_middle"
"level_11.xml","Terrain","11","15","tile_ripple_middle"
"level_11.xml","Terrain","12","15","tile_ripple_middle"
"level_11.xml","Terrain","13","15","tile_ripple_middle"
"level_11.xml","Terrain","14","15","tile_ripple_middle"
"level_11.xml","Terrain","15","15","tile_ripple_middle"
"level_11.xml","Terrain","16","15","tile_ripple_middle"
"level_11.xml","Terrain","17","15","tile_ripple_middle"
"level_11.xml","Terrain","18","15","tile_ripple_middle"
"level_11.xml","Terrain","19","15","tile_ripple_middle"
"level_11.xml","Terrain","20","15","tile_ripple_middle"
"level_11.xml","Terrain","21","15","tile_ripple_middle"
"level_11.xml","Terrain","22","15","tile_ripple_middle"
"level_11.xml","Terrain","23","15","tile_ripple_middle"
"level_11.xml","Terrain","24","15","tile_ripple_middle"
"level_11.xml","Terrain","25","15","tile_ripple_middle"
"level_11.xml","Terrain","26","15","tile_ripple_middle"
"level_11.xml","Terrain","27","15","tile_ripple_middle"
"level_11.xml","Terrain","28","15","tile_ripple_middle"
"level_11.xml","Terrain","29","15","tile_ripple_middle"
"level_11.xml","Terrain","30","15","tile_ripple_middle"
"level_11.xml","Terrain","31","15","tile_ripple_middle"
"level_11.xml","Terrain","32","15","tile_ripple_middle"
"level_11.xml","Terrain","33","15","tile_ripple_middle"
"level_11.xml","Terrain","34","15","tile_ripple_middle"
"level_11.xml","Terrain","35","15","tile_ripple_middle"
"level_11.xml","Terrain","36","15","tile_ripple_middle"
"level_11.xml","Terrain","37","15","tile_ripple_middle"
"level_11.xml","Terrain","38","15","tile_ripple_middle"
"level_11.xml","Terrain","39","15","tile_ripple_middle"
"level_11.xml","Terrain","40","15","tile_ripple_middle"
"level_11.xml","Terrain","41","15","tile_ripple_middle"
"level_11.xml","Terrain","42","15","tile_ripple_middle"
"level_11.xml","Terrain","43","15","tile_ripple_right"
"level_11.xml","Background","0","0","antichest"
"level_11.xml","Background","1","0","antichest"
"level_11.xml","Background","2","0","antichest"
"level_11.xml","Background","3","0","antichest"
"level_11.xml","Background","7","0","antichest"
"level_11.xml","Background","8","0","antichest"
"level_11.xml","Background","9","0","antichest"
"level_11.xml","Background","13","0","antichest"
"level_11.xml","Background","14","0","antichest"
"level_11.xml","Background","18","0","antichest"
"level_11.xml","Background","19","0","antichest"
"level_11.xml","Background","20","0","antichest"
"level_11.xml","Background","24","0","antichest"
"level_11.xml","Background","25","0","antichest"
"level_11.xml","Background","26","0","antichest"
"level_11.xml","Background","30","0","antichest"
"level_11.xml","Background","31","0","antichest"
"level_11.xml","Background","35","0","antichest"
"level_11.xml","Background","36","0","antichest"
"level_11.xml","Background","40","0","antichest"
"level_11.xml","Background","41","0","antichest"
"level_11.xml","Background","42","0","antichest"
"level_11.xml","Background","43","0","antichest"
"level_11.xml","Background","11","1","big_tree"
"level_11.xml","Background","12","1","grass"
"level_11.xml","Background","16","1","rock_2"
"level_11.xml","Background","17","1","grass"
"level_11.xml","Background","28","1","grass"
"level_11.xml","Background","29","1","small_tree"
"level_11.xml","Background","32","1","grass"
"level_11.xml","Background","33","1","rock_2"
"level_11.xml","Background","34","1","grass"
"level_11.xml","Background","5","5","rock_1"
"level_11.xml","Background","6","5","big_tree"
"level_11.xml","Background","21","5","grass"
"level_11.xml","Background","22","5","big_tree"
"level_11.xml","Background","23","5","small_tree"
"level_11.xml","Background","37","5","grass"
"level_11.xml","Background","38","5","rock_1"
"level_11.xml","Background","1","10","small_tree"
"level_11.xml","Background","3","10","clam"
"level_11.xml","Background","11","10","grass"
"level_11.xml","Background","12","10","grass"
"level_11.xml","Background","15","10","small_tree"
"level_11.xml","Background","16","10","big_tree"
"level_11.xml","Background","17","10","big_shell"
"level_11.xml","Background","18","10","rock_3"
"level_11.xml","Background","28","10","rock_2"
"level_11.xml","Background","29","10","clam"
"level_11.xml","Background","30","10","rock_3"
"level_11.xml","Background","33","10","grass"
"level_11.xml","Background","34","10","big_shell"
"level_11.xml","Background","35","10","grass"
"level_11.xml","Background","36","10","big_tree"
"level_11.xml","Background","39","10","rock_2"
"level_11.xml","Background","40","10","grass"
"level_12.xml","Terrain","34","1","grass_top_left"
"level_12.xml","Terrain","35","1","grass_top_middle_1"
"level_12.xml","Terrain","36","1","grass_top_middle_1"
"level_12.xml","Terrain","37","1","grass_top_right"
"level_12.xml","Terrain","18","2","grass_top_left"
"level_12.xml","Terrain","19","2","grass_top_middle_1"
"level_12.xml","Terrain","20","2","grass_top_right"
"level_12.xml","Terrain","34","2","earth_bottom_right"
"level_12.xml","Terrain","35","2","eartyh_bottom_middle"
"level_12.xml","Terrain","36","2","eartyh_bottom_middle"
"level_12.xml","Terrain","37","2","earth_bottom_left"
"level_12.xml","Terrain","18","3","earth_bottom_right"
"level_12.xml","Terrain","19","3","eartyh_bottom_middle"
"level_12.xml","Terrain","20","3","earth_bottom_left"
"level_12.xml","Terrain","5","4","single_grass_2"
"level_12.xml","Terrain","30","4","single_grass_2"
"level_12.xml","Terrain","41","4","grass_top_left"
"level_12.xml","Terrain","42","4","grass_top_right"
"level_12.xml","Terrain","41","5","earth_bottom_right"
"level_12.xml","Terrain","42","5","earth_bottom_left"
"level_12.xml","Terrain","11","6","single_grass_1"
"level_12.xml","Terrain","0","7","grass_top_left"
"level_12.xml","Terrain","1","7","grass_top_middle_1"
"level_12.xml","Terrain","2","7","grass_top_middle_1"
"level_12.xml","Terrain","3","7","grass_top_right"
"level_12.xml","Terrain","17","7","grass_top_left"
"level_12.xml","Terrain","18","7","grass_top_middle_2"
"level_12.xml","Terrain","19","7","grass_top_middle_1"
"level_12.xml","Terrain","20","7","grass_top_middle_1"
"level_12.xml","Terrain","21","7","grass_top_middle_2"
"level_12.xml","Terrain","22","7","grass_top_middle_2"
"level_12.xml","Terrain","23","7","grass_top_middle_1"
"level_12.xml","Terrain","24","7","grass_top_middle_2"
"level_12.xml","Terrain","25","7","grass_top_middle_1"
"level_12.xml","Terrain","26","7","grass_top_middle_1"
"level_12.xml","Terrain","27","7","grass_top_right"
"level_12.xml","Terrain","0","8","earth_bottom_right"
"level_12.xml","Terrain","1","8","eartyh_bottom_middle"
"level_12.xml","Terrain","2","8","eartyh_bottom_middle"
"level_12.xml","Terrain","3","8","earth_bottom_left"
"level_12.xml","Terrain","16","8","grass_top_left"
"level_12.xml","Terrain","17","8","grass_overlap_left"
"level_12.xml","Terrain","18","8","earth_edge_middle_1"
"level_12.xml","Terrain","19","8","earth_edge_middle_2"
"level_12.xml","Terrain","20","8","earth_edge_middle_2"
"level_12.xml","Terrain","21","8","earth_edge_middle_2"
"level_12.xml","Terrain","22","8","earth_edge_middle_1"
"level_12.xml","Terrain","23","8","earth_edge_middle_2"
"level_12.xml","Terrain","24","8","earth_edge_middle_2"
"level_12.xml","Terrain","25","8","earth_edge_middle_1"
"level_12.xml","Terrain","26","8","earth_edge_middle_2"
"level_12.xml","Terrain","27","8","grass_overlap_right"
"level_12.xml","Terrain","28","8","grass_top_right"
"level_12.xml","Terrain","16","9","earth_edge_left"
"level_12.xml","Terrain","17","9","earth_edge_middle_2"
"level_12.xml","Terrain","18","9","earth_edge_middle_1"
"level_12.xml","Terrain","19","9","earth_bottom_middle_3"
"level_12.xml","Terrain","20","9","earth_bottom_middle_2"
"level_12.xml","Terrain","21","9","earth_edge_middle_1"
"level_12.xml","Terrain","22","9","earth_edge_middle_1"
"level_12.xml","Terrain","23","9","earth_edge_middle_1"
"level_12.xml","Terrain","24","9","earth_bottom_middle_3"
"level_12.xml","Terrain","25","9","earth_bottom_middle_2"
"level_12.xml","Terrain","26","9","earth_edge_middle_1"
"level_12.xml","Terrain","27","9","earth_edge_middle_2"
"level_12.xml","Terrain","28","9","earth_edge_right"
"level_12.xml","Terrain","38","9","grass_top_left"
"level_12.xml","Terrain","39","9","grass_top_middle_2"
"level_12.xml","Terrain","40","9","grass_top_middle_2"
"level_12.xml","Terrain","41","9","grass_top_right"
"level_12.xml","Terrain","16","10","earth_edge_left"
"level_12.xml","Terrain","17","10","earth_edge_middle_1"
"level_12.xml","Terrain","18","10","earth_edge_right"
"level_12.xml","Terrain","21","10","earth_edge_left"
"level_12.xml","Terrain","22","10","earth_edge_middle_2"
"level_12.xml","Terrain","23","10","earth_edge_right"
"level_12.xml","Terrain","26","10","earth_edge_left"
"level_12.xml","Terrain","27","10","earth_edge_middle_2"
"level_12.xml","Terrain","28","10","earth_edge_right"
"level_12.xml","Terrain","38","10","earth_bottom_right"
"level_12.xml","Terrain","39","10","eartyh_bottom_middle"
"level_12.xml","Terrain","40","10","eartyh_bottom_middle"
"level_12.xml","Terrain","41","10","earth_bottom_left"
"level_12.xml","Terrain","11","11","grass_top_left"
"level_12.xml","Terrain","12","11","grass_top_middle_1"
"level_12.xml","Terrain","13","11","grass_top_right"
"level_12.xml","Terrain","16","11","earth_edge_left"
"level_12.xml","Terrain","17","11","earth_edge_middle_1"
"level_12.xml","Terrain","18","11","earth_edge_right"
"level_12.xml","Terrain","21","11","earth_edge_left"
"level_12.xml","Terrain","22","11","earth_edge_middle_2"
"level_12.xml","Terrain","23","11","earth_edge_right"
"level_12.xml","Terrain","26","11","earth_edge_left"
"level_12.xml","Terrain","27","11","earth_edge_middle_2"
"level_12.xml","Terrain","28","11","earth_edge_right"
"level_12.xml","Terrain","31","11","grass_top_left"
"level_12.xml","Terrain","32","11","grass_top_right"
"level_12.xml","Terrain","11","12","earth_bottom_right"
"level_12.xml","Terrain","12","12","eartyh_bottom_middle"
"level_12.xml","Terrain","13","12","earth_bottom_left"
"level_12.xml","Terrain","16","12","earth_bottom_right"
"level_12.xml","Terrain","17","12","earth_edge_middle_1"
"level_12.xml","Terrain","18","12","grass_overlap_right"
"level_12.xml","Terrain","19","12","grass_top_middle_1"
"level_12.xml","Terrain","20","12","grass_top_middle_1"
"level_12.xml","Terrain","21","12","grass_overlap_left"
"level_12.xml","Terrain","22","12","earth_edge_middle_1"
"level_12.xml","Terrain","23","12","grass_overlap_right"
"level_12.xml","Terrain","24","12","grass_top_middle_1"
"level_12.xml","Terrain","25","12","grass_top_middle_1"
"level_12.xml","Terrain","26","12","grass_overlap_left"
"level_12.xml","Terrain","27","12","earth_edge_middle_1"
"level_12.xml","Terrain","28","12","earth_bottom_left"
"level_12.xml","Terrain","31","12","earth_edge_left"
"level_12.xml","Terrain","32","12","grass_overlap_right"
"level_12.xml","Terrain","33","12","grass_top_right"
"level_12.xml","Terrain","17","13","earth_bottom_right"
"level_12.xml","Terrain","18","13","earth_bottom_middle_2"
"level_12.xml","Terrain","19","13","earth_edge_middle_1"
"level_12.xml","Terrain","20","13","eartyh_bottom_middle"
"level_12.xml","Terrain","21","13","earth_bottom_middle_2"
"level_12.xml","Terrain","22","13","earth_edge_middle_1"
"level_12.xml","Terrain","23","13","earth_bottom_middle_3"
"level_12.xml","Terrain","24","13","earth_bottom_middle_2"
"level_12.xml","Terrain","25","13","earth_edge_middle_1"
"level_12.xml","Terrain","26","13","earth_bottom_middle_3"
"level_12.xml","Terrain","27","13","earth_bottom_left"
"level_12.xml","Terrain","31","13","earth_bottom_right"
"level_12.xml","Terrain","32","13","eartyh_bottom_middle"
"level_12.xml","Terrain","33","13","earth_bottom_left"
"level_12.xml","Terrain","19","14","earth_bottom_single"
"level_12.xml","Terrain","22","14","earth_bottom_single"
"level_12.xml","Terrain","25","14","earth_bottom_single"
"level_12.xml","Terrain","6","15","grass_top_single"
"level_12.xml","Terrain","37","15","grass_top_single"
"level_12.xml","Terrain","43","15","single_grass_2"
"level_12.xml","Terrain","5","16","grass_top_left"
"level_12.xml","Terrain","6","16","grass_overlap_both"
"level_12.xml","Terrain","7","16","grass_top_middle_1"
"level_12.xml","Terrain","8","16","grass_top_middle_1"
"level_12.xml","Terrain","9","16","grass_top_right"
"level_12.xml","Terrain","19","16","grass_top_left"
"level_12.xml","Terrain","20","16","grass_top_middle_2"
"level_12.xml","Terrain","21","16","grass_top_middle_1"
"level_12.xml","Terrain","22","16","grass_top_middle_1"
"level_12.xml","Terrain","23","16","grass_top_middle_2"
"level_12.xml","Terrain","24","16","grass_top_middle_1"
"level_12.xml","Terrain","25","16","grass_top_right"
"level_12.xml","Terrain","34","16","grass_top_left"
"level_12.xml","Terrain","35","16","grass_top_middle_1"
"level_12.xml","Terrain","36","16","grass_top_middle_1"
"level_12.xml","Terrain","37","16","grass_overlap_both"
"level_12.xml","Terrain","38","16","grass_top_right"
"level_12.xml","Terrain","5","17","earth_bottom_right"
"level_12.xml","Terrain","6","17","eartyh_bottom_middle"
"level_12.xml","Terrain","7","17","eartyh_bottom_middle"
"level_12.xml","Terrain","8","17","eartyh_bottom_middle"
"level_12.xml","Terrain","9","17","earth_bottom_left"
"level_12.xml","Terrain","19","17","earth_bottom_right"
"level_12.xml","Terrain","20","17","earth_edge_middle_2"
"level_12.xml","Terrain","21","17","earth_edge_middle_1"
"level_12.xml","Terrain","22","17","earth_edge_middle_2"
"level_12.xml","Terrain","23","17","earth_edge_middle_1"
"level_12.xml","Terrain","24","17","earth_edge_middle_2"
"level_12.xml","Terrain","25","17","earth_bottom_left"
"level_12.xml","Terrain","34","17","earth_bottom_right"
"level_12.xml","Terrain","35","17","eartyh_bottom_middle"
"level_12.xml","Terrain","36","17","eartyh_bottom_middle"
"level_12.xml","Terrain","37","17","eartyh_bottom_middle"
"level_12.xml","Terrain","38","17","earth_bottom_left"
"level_12.xml","Terrain","15","18","grass_top_left"
"level_12.xml","Terrain","16","18","grass_top_middle_1"
"level_12.xml","Terrain","17","18","grass_top_right"
"level_12.xml","Terrain","20","18","earth_bottom_right"
"level_12.xml","Terrain","21","18","eartyh_bottom_middle"
"level_12.xml","Terrain","22","18","eartyh_bottom_middle"
"level_12.xml","Terrain","23","18","eartyh_bottom_middle"
"level_12.xml","Terrain","24","18","earth_bottom_left"
"level_12.xml","Terrain","27","18","grass_top_left"
"level_12.xml","Terrain","28","18","grass_top_middle_2"
"level_12.xml","Terrain","29","18","grass_top_right"
"level_12.xml","Terrain","0","19","single_grass_2"
"level_12.xml","Terrain","15","19","earth_bottom_right"
"level_12.xml","Terrain","16","19","eartyh_bottom_middle"
"level_12.xml","Terrain","17","19","earth_bottom_left"
"level_12.xml","Terrain","27","19","earth_bottom_right"
"level_12.xml","Terrain","28","19","eartyh_bottom_middle"
"level_12.xml","Terrain","29","19","earth_bottom_left"
"level_12.xml","Terrain","10","22","shell_sand_top_left"
"level_12.xml","Terrain","11","22","shell_sand_top_right"
"level_12.xml","Terrain","19","22","shell_sand_top_left"
"level_12.xml","Terrain","20","22","blank_sand_middle_2"
"level_12.xml","Terrain","21","22","blank_sand_middle_1"
"level_12.xml","Terrain","22","22","shell_sand_middle_1"
"level_12.xml","Terrain","23","22","shell_sand_middle_2"
"level_12.xml","Terrain","24","22","blank_sand_middle_2"
"level_12.xml","Terrain","25","22","shell_sand_top_right"
"level_12.xml","Terrain","34","22","shell_sand_top_left"
"level_12.xml","Terrain","35","22","blank_sand_top_right"
"level_12.xml","Terrain","10","23","tile_ripple_left"
"level_12.xml","Terrain","11","23","tile_ripple_right"
"level_12.xml","Terrain","19","23","tile_ripple_left"
"level_12.xml","Terrain","20","23","tile_ripple_middle"
"level_12.xml","Terrain","21","23","tile_ripple_middle"
"level_12.xml","Terrain","22","23","tile_ripple_middle"
"level_12.xml","Terrain","23","23","tile_ripple_middle"
"level_12.xml","Terrain","24","23","tile_ripple_middle"
"level_12.xml","Terrain","25","23","tile_ripple_right"
"level_12.xml","Terrain","34","23","tile_ripple_left"
"level_12.xml","Terrain","35","23","tile_ripple_right"
"level_12.xml","Terrain","10","24","tile_ripple_left"
"level_12.xml","Terrain","11","24","tile_ripple_right"
"level_12.xml","Terrain","19","24","tile_ripple_left"
"level_12.xml","Terrain","20","24","tile_ripple_middle"
"level_12.xml","Terrain","21","24","tile_ripple_middle"
"level_12.xml","Terrain","22","24","tile_ripple_middle"
"level_12.xml","Terrain","23","24","tile_ripple_middle"
"level_12.xml","Terrain","24","24","tile_ripple_middle"
"level_12.xml","Terrain","25","24","tile_ripple_right"
"level_12.xml","Terrain","34","24","tile_ripple_left"
"level_12.xml","Terrain","35","24","tile_ripple_right"
"level_12.xml","Terrain","10","25","tile_ripple_left"
"level_12.xml","Terrain","11","25","tile_ripple_right"
"level_12.xml","Terrain","19","25","tile_ripple_left"
"level_12.xml","Terrain","20","25","tile_ripple_middle"
"level_12.xml","Terrain","21","25","tile_ripple_middle"
"level_12.xml","Terrain","22","25","tile_ripple_middle"
"level_12.xml","Terrain","23","25","tile_ripple_middle"
"level_12.xml","Terrain","24","25","tile_ripple_middle"
"level_12.xml","Terrain","25","25","tile_ripple_right"
"level_12.xml","Terrain","34","25","tile_ripple_left"
"level_12.xml","Terrain","35","25","tile_ripple_right"
"level_12.xml","Background","35","0","rock_2"
"level_12.xml","Background","36","0","small_tree"
"level_12.xml","Background","19","1","rock_1"
"level_12.xml","Background","30","3","grass"
"level_12.xml","Background","42","3","grass"
"level_12.xml","Background","11","5","grass"
"level_12.xml","Background","0","6","grass"
"level_12.xml","Background","1","6","small_tree"
"level_12.xml","Background","19","6","grass"
"level_12.xml","Background","20","6","big_tree"
"level_12.xml","Background","21","6","small_tree"
"level_12.xml","Background","25","6","small_tree"
"level_12.xml","Background","28","7","grass"
"level_12.xml","Background","40","8","rock_3"
"level_12.xml","Background","41","8","grass"
"level_12.xml","Background","19","9","cave_middle_2"
"level_12.xml","Background","20","9","cave_middle_2"
"level_12.xml","Background","24","9","cave_middle_2"
"level_12.xml","Background","25","9","cave_middle_2"
"level_12.xml","Background","11","10","rock_2"
"level_12.xml","Background","19","10","cave_torch"
"level_12.xml","Background","24","10","cave_torch"
"level_12.xml","Background","33","11","grass"
"level_12.xml","Background","20","13","cave_middle_1"
"level_12.xml","Background","21","13","cave_middle_1"
"level_12.xml","Background","23","13","cave_middle_1"
"level_12.xml","Background","24","13","cave_middle_1"
"level_12.xml","Background","6","14","grass"
"level_12.xml","Background","19","14","cave_edge_left"
"level_12.xml","Background","20","14","cave_middle_1"
"level_12.xml","Background","21","14","cave_middle_2"
"level_12.xml","Background","22","14","cave_middle_1"
"level_12.xml","Background","23","14","cave_middle_1"
"level_12.xml","Background","24","14","cave_middle_2"
"level_12.xml","Background","25","14","cave_edge_right"
"level_12.xml","Background","37","14","grass"
"level_12.xml","Background","8","15","big_tree"
"level_12.xml","Background","9","15","small_tree"
"level_12.xml","Background","19","15","cave_edge_left"
"level_12.xml","Background","20","15","cave_middle_2"
"level_12.xml","Background","21","15","cave_rock_3"
"level_12.xml","Background","22","15","cave_middle_1"
"level_12.xml","Background","23","15","cave_middle_2"
"level_12.xml","Background","24","15","cave_middle_3"
"level_12.xml","Background","25","15","cave_edge_right"
"level_12.xml","Background","35","15","small_tree"
"level_12.xml","Background","15","17","grass"
"level_12.xml","Background","16","17","rock_3"
"level_12.xml","Background","28","17","grass"
"level_12.xml","Background","11","21","rock_2"
"level_12.xml","Background","21","21","big_shell"
"level_12.xml","Background","24","21","rock_1"
"level_12.xml","Background","35","21","rock_2"
"level_13.xml","Terrain","0","3","grass_top_left"
"level_13.xml","Terrain","1","3","grass_top_middle_1"
"level_13.xml","Terrain","2","3","grass_top_middle_1"
"level_13.xml","Terrain","3","3","grass_top_middle_1"
"level_13.xml","Terrain","4","3","grass_top_middle_1"
"level_13.xml","Terrain","5","3","grass_top_right"
"level_13.xml","Terrain","9","3","grass_top_left"
"level_13.xml","Terrain","10","3","grass_top_right"
"level_13.xml","Terrain","13","3","grass_top_left"
"level_13.xml","Terrain","14","3","grass_top_middle_1"
"level_13.xml","Terrain","15","3","grass_top_middle_1"
"level_13.xml","Terrain","16","3","grass_top_right"
"level_13.xml","Terrain","22","3","grass_top_left"
"level_13.xml","Terrain","23","3","grass_top_right"
"level_13.xml","Terrain","28","3","shell_sand_top_left"
"level_13.xml","Terrain","29","3","blank_sand_middle_1"
"level_13.xml","Terrain","30","3","blank_sand_top_right"
"level_13.xml","Terrain","32","3","grass_top_left"
"level_13.xml","Terrain","33","3","grass_top_right"
"level_13.xml","Terrain","36","3","grass_top_left"
"level_13.xml","Terrain","37","3","grass_top_right"
"level_13.xml","Terrain","41","3","blank_sand_top_left"
"level_13.xml","Terrain","42","3","blank_sand_middle_1"
"level_13.xml","Terrain","43","3","shell_sand_top_right"
"level_13.xml","Terrain","49","3","grass_top_left"
"level_13.xml","Terrain","50","3","grass_top_middle_1"
"level_13.xml","Terrain","51","3","grass_top_right"
"level_13.xml","Terrain","54","3","shell_sand_top_left"
"level_13.xml","Terrain","55","3","shell_sand_middle_2"
"level_13.xml","Terrain","56","3","shell_sand_middle_2"
"level_13.xml","Terrain","57","3","blank_sand_top_right"
"level_13.xml","Terrain","59","3","blank_sand_top_left"
"level_13.xml","Terrain","60","3","blank_sand_top_right"
"level_13.xml","Terrain","66","3","grass_top_left"
"level_13.xml","Terrain","67","3","grass_top_middle_1"
"level_13.xml","Terrain","68","3","grass_top_middle_1"
"level_13.xml","Terrain","69","3","grass_top_right"
"level_13.xml","Terrain","73","3","grass_top_left"
"level_13.xml","Terrain","74","3","grass_top_middle_1"
"level_13.xml","Terrain","75","3","grass_top_middle_1"
"level_13.xml","Terrain","76","3","grass_top_right"
"level_13.xml","Terrain","79","3","shell_sand_top_left"
"level_13.xml","Terrain","80","3","blank_sand_middle_2"
"level_13.xml","Terrain","81","3","shell_sand_middle_1"
"level_13.xml","Terrain","82","3","shell_sand_top_right"
"level_13.xml","Terrain","86","3","grass_top_left"
"level_13.xml","Terrain","87","3","grass_top_middle_2"
"level_13.xml","Terrain","88","3","grass_top_middle_2"
"level_13.xml","Terrain","89","3","grass_top_right"
"level_13.xml","Terrain","0","4","tile_ripple_left"
"level_13.xml","Terrain","1","4","tile_ripple_middle"
"level_13.xml","Terrain","2","4","tile_ripple_middle"
"level_13.xml","Terrain","3","4","tile_ripple_middle"
"level_13.xml","Terrain","4","4","tile_ripple_middle"
"level_13.xml","Terrain","5","4","tile_ripple_right"
"level_13.xml","Terrain","9","4","tile_ripple_left"
"level_13.xml","Terrain","10","4","tile_ripple_right"
"level_13.xml","Terrain","13","4","tile_ripple_left"
"level_13.xml","Terrain","14","4","tile_ripple_middle"
"level_13.xml","Terrain","15","4","tile_ripple_middle"
"level_13.xml","Terrain","16","4","tile_ripple_right"
"level_13.xml","Terrain","22","4","tile_ripple_left"
"level_13.xml","Terrain","23","4","tile_ripple_right"
"level_13.xml","Terrain","28","4","tile_ripple_left"
"level_13.xml","Terrain","29","4","tile_ripple_middle"
"level_13.xml","Terrain","30","4","tile_ripple_right"
"level_13.xml","Terrain","32","4","tile_ripple_left"
"level_13.xml","Terrain","33","4","tile_ripple_right"
"level_13.xml","Terrain","36","4","tile_ripple_left"
"level_13.xml","Terrain","37","4","tile_ripple_right"
"level_13.xml","Terrain","41","4","tile_ripple_left"
"level_13.xml","Terrain","42","4","tile_ripple_middle"
"level_13.xml","Terrain","43","4","tile_ripple_right"
"level_13.xml","Terrain","49","4","tile_ripple_left"
"level_13.xml","Terrain","50","4","tile_ripple_middle"
"level_13.xml","Terrain","51","4","tile_ripple_right"
"level_13.xml","Terrain","54","4","tile_ripple_left"
"level_13.xml","Terrain","55","4","tile_ripple_middle"
"level_13.xml","Terrain","56","4","tile_ripple_middle"
"level_13.xml","Terrain","57","4","tile_ripple_right"
"level_13.xml","Terrain","59","4","tile_ripple_left"
"level_13.xml","Terrain","60","4","tile_ripple_right"
"level_13.xml","Terrain","66","4","tile_ripple_left"
"level_13.xml","Terrain","67","4","tile_ripple_middle"
"level_13.xml","Terrain","68","4","tile_ripple_middle"
"level_13.xml","Terrain","69","4","tile_ripple_right"
"level_13.xml","Terrain","73","4","tile_ripple_left"
"level_13.xml","Terrain","74","4","tile_ripple_middle"
"level_13.xml","Terrain","75","4","tile_ripple_middle"
"level_13.xml","Terrain","76","4","tile_ripple_right"
"level_13.xml","Terrain","79","4","tile_ripple_left"
"level_13.xml","Terrain","80","4","tile_ripple_middle"
"level_13.xml","Terrain","81","4","tile_ripple_middle"
"level_13.xml","Terrain","82","4","tile_ripple_right"
"level_13.xml","Terrain","86","4","tile_ripple_left"
"level_13.xml","Terrain","87","4","tile_ripple_middle"
"level_13.xml","Terrain","88","4","tile_ripple_middle"
"level_13.xml","Terrain","89","4","tile_ripple_right"
"level_13.xml","Terrain","0","5","tile_ripple_left"
"level_13.xml","Terrain","1","5","tile_ripple_middle"
"level_13.xml","Terrain","2","5","tile_ripple_middle"
"level_13.xml","Terrain","3","5","tile_ripple_middle"
"level_13.xml","Terrain","4","5","tile_ripple_middle"
"level_13.xml","Terrain","5","5","tile_ripple_right"
"level_13.xml","Terrain","9","5","tile_ripple_left"
"level_13.xml","Terrain","10","5","tile_ripple_right"
"level_13.xml","Terrain","13","5","tile_ripple_left"
"level_13.xml","Terrain","14","5","tile_ripple_middle"
"level_13.xml","Terrain","15","5","tile_ripple_middle"
"level_13.xml","Terrain","16","5","tile_ripple_right"
"level_13.xml","Terrain","22","5","tile_ripple_left"
"level_13.xml","Terrain","23","5","tile_ripple_right"
"level_13.xml","Terrain","28","5","tile_ripple_left"
"level_13.xml","Terrain","29","5","tile_ripple_middle"
"level_13.xml","Terrain","30","5","tile_ripple_right"
"level_13.xml","Terrain","32","5","tile_ripple_left"
"level_13.xml","Terrain","33","5","tile_ripple_right"
"level_13.xml","Terrain","36","5","tile_ripple_left"
"level_13.xml","Terrain","37","5","tile_ripple_right"
"level_13.xml","Terrain","41","5","tile_ripple_left"
"level_13.xml","Terrain","42","5","tile_ripple_middle"
"level_13.xml","Terrain","43","5","tile_ripple_right"
"level_13.xml","Terrain","49","5","tile_ripple_left"
"level_13.xml","Terrain","50","5","tile_ripple_middle"
"level_13.xml","Terrain","51","5","tile_ripple_right"
"level_13.xml","Terrain","54","5","tile_ripple_left"
"level_13.xml","Terrain","55","5","tile_ripple_middle"
"level_13.xml","Terrain","56","5","tile_ripple_middle"
"level_13.xml","Terrain","57","5","tile_ripple_right"
"level_13.xml","Terrain","59","5","tile_ripple_left"
"level_13.xml","Terrain","60","5","tile_ripple_right"
"level_13.xml","Terrain","66","5","tile_ripple_left"
"level_13.xml","Terrain","67","5","tile_ripple_middle"
"level_13.xml","Terrain","68","5","tile_ripple_middle"
"level_13.xml","Terrain","69","5","tile_ripple_right"
"level_13.xml","Terrain","73","5","tile_ripple_left"
"level_13.xml","Terrain","74","5","tile_ripple_middle"
"level_13.xml","Terrain","75","5","tile_ripple_middle"
"level_13.xml","Terrain","76","5","tile_ripple_right"
"level_13.xml","Terrain","79","5","tile_ripple_left"
"level_13.xml","Terrain","80","5","tile_ripple_middle"
"level_13.xml","Terrain","81","5","tile_ripple_middle"
"level_13.xml","Terrain","82","5","tile_ripple_right"
"level_13.xml","Terrain","86","5","tile_ripple_left"
"level_13.xml","Terrain","87","5","tile_ripple_middle"
"level_13.xml","Terrain","88","5","tile_ripple_middle"
"level_13.xml","Terrain","89","5","tile_ripple_right"
"level_13.xml","Terrain","0","6","tile_ripple_left"
"level_13.xml","Terrain","1","6","tile_ripple_middle"
"level_13.xml","Terrain","2","6","tile_ripple_middle"
"level_13.xml","Terrain","3","6","tile_ripple_middle"
"level_13.xml","Terrain","4","6","tile_ripple_middle"
"level_13.xml","Terrain","5","6","tile_ripple_right"
"level_13.xml","Terrain","9","6","tile_ripple_left"
"level_13.xml","Terrain","10","6","tile_ripple_right"
"level_13.xml","Terrain","13","6","tile_ripple_left"
"level_13.xml","Terrain","14","6","tile_ripple_middle"
"level_13.xml","Terrain","15","6","tile_ripple_middle"
"level_13.xml","Terrain","16","6","tile_ripple_right"
"level_13.xml","Terrain","22","6","tile_ripple_left"
"level_13.xml","Terrain","23","6","tile_ripple_right"
"level_13.xml","Terrain","28","6","tile_ripple_left"
"level_13.xml","Terrain","29","6","tile_ripple_middle"
"level_13.xml","Terrain","30","6","tile_ripple_right"
"level_13.xml","Terrain","32","6","tile_ripple_left"
"level_13.xml","Terrain","33","6","tile_ripple_right"
"level_13.xml","Terrain","36","6","tile_ripple_left"
"level_13.xml","Terrain","37","6","tile_ripple_right"
"level_13.xml","Terrain","41","6","tile_ripple_left"
"level_13.xml","Terrain","42","6","tile_ripple_middle"
"level_13.xml","Terrain","43","6","tile_ripple_right"
"level_13.xml","Terrain","49","6","tile_ripple_left"
"level_13.xml","Terrain","50","6","tile_ripple_middle"
"level_13.xml","Terrain","51","6","tile_ripple_right"
"level_13.xml","Terrain","54","6","tile_ripple_left"
"level_13.xml","Terrain","55","6","tile_ripple_middle"
"level_13.xml","Terrain","56","6","tile_ripple_middle"
"level_13.xml","Terrain","57","6","tile_ripple_right"
"level_13.xml","Terrain","59","6","tile_ripple_left"
"level_13.xml","Terrain","60","6","tile_ripple_right"
"level_13.xml","Terrain","66","6","tile_ripple_left"
"level_13.xml","Terrain","67","6","tile_ripple_middle"
"level_13.xml","Terrain","68","6","tile_ripple_middle"
"level_13.xml","Terrain","69","6","tile_ripple_right"
"level_13.xml","Terrain","73","6","tile_ripple_left"
"level_13.xml","Terrain","74","6","tile_ripple_middle"
"level_13.xml","Terrain","75","6","tile_ripple_middle"
"level_13.xml","Terrain","76","6","tile_ripple_right"
"level_13.xml","Terrain","79","6","tile_ripple_left"
"level_13.xml","Terrain","80","6","tile_ripple_middle"
"level_13.xml","Terrain","81","6","tile_ripple_middle"
"level_13.xml","Terrain","82","6","tile_ripple_right"
"level_13.xml","Terrain","86","6","tile_ripple_left"
"level_13.xml","Terrain","87","6","tile_ripple_middle"
"level_13.xml","Terrain","88","6","tile_ripple_middle"
"level_13.xml","Terrain","89","6","tile_ripple_right"
"level_13.xml","Background","0","2","grass"
"level_13.xml","Background","1","2","grass"
"level_13.xml","Background","2","2","big_shell"
"level_13.xml","Background","3","2","grass"
"level_13.xml","Background","4","2","big_tree"
"level_13.xml","Background","5","2","small_tree"
"level_13.xml","Background","9","2","grass"
"level_13.xml","Background","14","2","rock_1"
"level_13.xml","Background","15","2","rock_3"
"level_13.xml","Background","16","2","grass"
"level_13.xml","Background","22","2","big_tree"
"level_13.xml","Background","23","2","grass"
"level_13.xml","Background","29","2","rock_3"
"level_13.xml","Background","30","2","big_shell"
"level_13.xml","Background","32","2","rock_2"
"level_13.xml","Background","33","2","grass"
"level_13.xml","Background","36","2","grass"
"level_13.xml","Background","37","2","big_tree"
"level_13.xml","Background","42","2","clam"
"level_13.xml","Background","49","2","grass"
"level_13.xml","Background","50","2","rock_1"
"level_13.xml","Background","55","2","rock_3"
"level_13.xml","Background","56","2","big_shell"
"level_13.xml","Background","60","2","grass"
"level_13.xml","Background","66","2","grass"
"level_13.xml","Background","67","2","small_tree"
"level_13.xml","Background","68","2","big_tree"
"level_13.xml","Background","69","2","rock_2"
"level_13.xml","Background","73","2","rock_2"
"level_13.xml","Background","74","2","grass"
"level_13.xml","Background","75","2","small_tree"
"level_13.xml","Background","80","2","big_shell"
"level_13.xml","Background","81","2","rock_3"
"level_13.xml","Background","87","2","grass"
"level_13.xml","Background","88","2","big_tree"
"level_13.xml","Background","89","2","rock_3"
"level_14.xml","Terrain","5","5","grass_top_left"
"level_14.xml","Terrain","6","5","grass_top_middle_2"
"level_14.xml","Terrain","7","5","grass_top_middle_2"
"level_14.xml","Terrain","8","5","grass_top_right"
"level_14.xml","Terrain","39","5","grass_top_left"
"level_14.xml","Terrain","40","5","grass_top_middle_2"
"level_14.xml","Terrain","41","5","grass_top_middle_2"
"level_14.xml","Terrain","42","5","grass_top_right"
"level_14.xml","Terrain","5","6","earth_edge_left"
"level_14.xml","Terrain","6","6","earth_edge_middle_2"
"level_14.xml","Terrain","7","6","earth_edge_middle_2"
"level_14.xml","Terrain","8","6","earth_edge_right"
"level_14.xml","Terrain","39","6","earth_edge_left"
"level_14.xml","Terrain","40","6","earth_edge_middle_1"
"level_14.xml","Terrain","41","6","earth_edge_middle_1"
"level_14.xml","Terrain","42","6","earth_edge_right"
"level_14.xml","Terrain","5","7","earth_edge_left"
"level_14.xml","Terrain","6","7","earth_edge_middle_2"
"level_14.xml","Terrain","7","7","earth_edge_middle_2"
"level_14.xml","Terrain","8","7","earth_edge_right"
"level_14.xml","Terrain","21","7","grass_top_left"
"level_14.xml","Terrain","22","7","grass_top_middle_1"
"level_14.xml","Terrain","23","7","grass_top_middle_1"
"level_14.xml","Terrain","24","7","grass_top_right"
"level_14.xml","Terrain","39","7","earth_edge_left"
"level_14.xml","Terrain","40","7","earth_edge_middle_1"
"level_14.xml","Terrain","41","7","earth_edge_middle_1"
"level_14.xml","Terrain","42","7","earth_edge_right"
"level_14.xml","Terrain","5","8","earth_edge_left"
"level_14.xml","Terrain","6","8","earth_edge_middle_2"
"level_14.xml","Terrain","7","8","earth_edge_middle_2"
"level_14.xml","Terrain","8","8","earth_edge_right"
"level_14.xml","Terrain","20","8","grass_top_left"
"level_14.xml","Terrain","21","8","grass_overlap_left"
"level_14.xml","Terrain","22","8","earth_edge_middle_2"
"level_14.xml","Terrain","23","8","earth_edge_middle_2"
"level_14.xml","Terrain","24","8","earth_edge_right"
"level_14.xml","Terrain","39","8","earth_edge_left"
"level_14.xml","Terrain","40","8","earth_edge_middle_1"
"level_14.xml","Terrain","41","8","earth_edge_middle_1"
"level_14.xml","Terrain","42","8","earth_edge_right"
"level_14.xml","Terrain","5","9","earth_edge_left"
"level_14.xml","Terrain","6","9","earth_edge_middle_2"
"level_14.xml","Terrain","7","9","earth_edge_middle_2"
"level_14.xml","Terrain","8","9","earth_edge_right"
"level_14.xml","Terrain","13","9","grass_top_left"
"level_14.xml","Terrain","14","9","grass_top_middle_1"
"level_14.xml","Terrain","15","9","grass_top_right"
"level_14.xml","Terrain","20","9","earth_bottom_right"
"level_14.xml","Terrain","21","9","eartyh_bottom_middle"
"level_14.xml","Terrain","22","9","eartyh_bottom_middle"
"level_14.xml","Terrain","23","9","eartyh_bottom_middle"
"level_14.xml","Terrain","24","9","earth_bottom_left"
"level_14.xml","Terrain","32","9","grass_top_left"
"level_14.xml","Terrain","33","9","grass_top_middle_1"
"level_14.xml","Terrain","34","9","grass_top_right"
"level_14.xml","Terrain","39","9","earth_edge_left"
"level_14.xml","Terrain","40","9","earth_edge_middle_1"
"level_14.xml","Terrain","41","9","earth_edge_middle_1"
"level_14.xml","Terrain","42","9","earth_edge_right"
"level_14.xml","Terrain","5","10","earth_edge_left"
"level_14.xml","Terrain","6","10","earth_edge_middle_2"
"level_14.xml","Terrain","7","10","earth_edge_middle_2"
"level_14.xml","Terrain","8","10","earth_edge_right"
"level_14.xml","Terrain","13","10","earth_edge_left"
"level_14.xml","Terrain","14","10","earth_edge_middle_2"
"level_14.xml","Terrain","15","10","grass_overlap_right"
"level_14.xml","Terrain","16","10","grass_top_right"
"level_14.xml","Terrain","31","10","grass_top_left"
"level_14.xml","Terrain","32","10","grass_overlap_left"
"level_14.xml","Terrain","33","10","earth_edge_middle_2"
"level_14.xml","Terrain","34","10","earth_edge_right"
"level_14.xml","Terrain","39","10","earth_edge_left"
"level_14.xml","Terrain","40","10","earth_edge_middle_1"
"level_14.xml","Terrain","41","10","earth_edge_middle_1"
"level_14.xml","Terrain","42","10","earth_edge_right"
"level_14.xml","Terrain","5","11","earth_edge_left"
"level_14.xml","Terrain","6","11","earth_edge_middle_2"
"level_14.xml","Terrain","7","11","earth_edge_middle_2"
"level_14.xml","Terrain","8","11","earth_edge_right"
"level_14.xml","Terrain","12","11","grass_top_left"
"level_14.xml","Terrain","13","11","grass_overlap_left"
"level_14.xml","Terrain","14","11","earth_edge_middle_1"
"level_14.xml","Terrain","15","11","earth_edge_middle_1"
"level_14.xml","Terrain","16","11","earth_edge_right"
"level_14.xml","Terrain","31","11","earth_edge_left"
"level_14.xml","Terrain","32","11","earth_edge_middle_1"
"level_14.xml","Terrain","33","11","earth_edge_middle_1"
"level_14.xml","Terrain","34","11","earth_edge_right"
"level_14.xml","Terrain","39","11","earth_edge_left"
"level_14.xml","Terrain","40","11","earth_edge_middle_1"
"level_14.xml","Terrain","41","11","earth_edge_middle_1"
"level_14.xml","Terrain","42","11","earth_edge_right"
"level_14.xml","Terrain","4","12","grass_top_left"
"level_14.xml","Terrain","5","12","grass_overlap_left"
"level_14.xml","Terrain","6","12","earth_edge_middle_2"
"level_14.xml","Terrain","7","12","earth_edge_middle_2"
"level_14.xml","Terrain","8","12","earth_edge_right"
"level_14.xml","Terrain","12","12","earth_bottom_right"
"level_14.xml","Terrain","13","12","eartyh_bottom_middle"
"level_14.xml","Terrain","14","12","eartyh_bottom_middle"
"level_14.xml","Terrain","15","12","earth_edge_middle_1"
"level_14.xml","Terrain","16","12","grass_overlap_right"
"level_14.xml","Terrain","17","12","grass_top_middle_1"
"level_14.xml","Terrain","18","12","grass_top_right"
"level_14.xml","Terrain","31","12","earth_bottom_right"
"level_14.xml","Terrain","32","12","eartyh_bottom_middle"
"level_14.xml","Terrain","33","12","eartyh_bottom_middle"
"level_14.xml","Terrain","34","12","earth_bottom_left"
"level_14.xml","Terrain","39","12","earth_edge_left"
"level_14.xml","Terrain","40","12","earth_edge_middle_1"
"level_14.xml","Terrain","41","12","earth_edge_middle_1"
"level_14.xml","Terrain","42","12","earth_edge_right"
"level_14.xml","Terrain","4","13","earth_edge_left"
"level_14.xml","Terrain","5","13","earth_edge_middle_2"
"level_14.xml","Terrain","6","13","earth_edge_middle_2"
"level_14.xml","Terrain","7","13","earth_edge_middle_2"
"level_14.xml","Terrain","8","13","earth_edge_right"
"level_14.xml","Terrain","15","13","earth_bottom_right"
"level_14.xml","Terrain","16","13","eartyh_bottom_middle"
"level_14.xml","Terrain","17","13","eartyh_bottom_middle"
"level_14.xml","Terrain","18","13","earth_bottom_left"
"level_14.xml","Terrain","26","13","grass_top_left"
"level_14.xml","Terrain","27","13","grass_top_right"
"level_14.xml","Terrain","39","13","earth_edge_left"
"level_14.xml","Terrain","40","13","earth_edge_middle_1"
"level_14.xml","Terrain","41","13","earth_edge_middle_1"
"level_14.xml","Terrain","42","13","earth_edge_right"
"level_14.xml","Terrain","4","14","earth_edge_left"
"level_14.xml","Terrain","5","14","earth_edge_middle_2"
"level_14.xml","Terrain","6","14","earth_edge_middle_2"
"level_14.xml","Terrain","7","14","earth_edge_middle_2"
"level_14.xml","Terrain","8","14","earth_edge_right"
"level_14.xml","Terrain","23","14","grass_top_left"
"level_14.xml","Terrain","24","14","grass_top_middle_1"
"level_14.xml","Terrain","25","14","grass_top_middle_1"
"level_14.xml","Terrain","26","14","grass_overlap_left"
"level_14.xml","Terrain","27","14","earth_edge_right"
"level_14.xml","Terrain","39","14","earth_edge_left"
"level_14.xml","Terrain","40","14","earth_edge_middle_1"
"level_14.xml","Terrain","41","14","earth_edge_middle_1"
"level_14.xml","Terrain","42","14","earth_edge_right"
"level_14.xml","Terrain","4","15","earth_edge_left"
"level_14.xml","Terrain","5","15","earth_edge_middle_2"
"level_14.xml","Terrain","6","15","earth_edge_middle_2"
"level_14.xml","Terrain","7","15","earth_edge_middle_2"
"level_14.xml","Terrain","8","15","grass_overlap_right"
"level_14.xml","Terrain","9","15","grass_top_right"
"level_14.xml","Terrain","23","15","earth_bottom_right"
"level_14.xml","Terrain","24","15","eartyh_bottom_middle"
"level_14.xml","Terrain","25","15","eartyh_bottom_middle"
"level_14.xml","Terrain","26","15","eartyh_bottom_middle"
"level_14.xml","Terrain","27","15","earth_bottom_left"
"level_14.xml","Terrain","38","15","grass_top_left"
"level_14.xml","Terrain","39","15","grass_overlap_left"
"level_14.xml","Terrain","40","15","earth_edge_middle_1"
"level_14.xml","Terrain","41","15","earth_edge_middle_1"
"level_14.xml","Terrain","42","15","earth_edge_right"
"level_14.xml","Terrain","4","16","earth_edge_left"
"level_14.xml","Terrain","5","16","earth_edge_middle_2"
"level_14.xml","Terrain","6","16","earth_edge_middle_2"
"level_14.xml","Terrain","7","16","earth_edge_middle_2"
"level_14.xml","Terrain","8","16","earth_edge_middle_2"
"level_14.xml","Terrain","9","16","earth_edge_right"
"level_14.xml","Terrain","38","16","earth_edge_left"
"level_14.xml","Terrain","39","16","earth_edge_middle_2"
"level_14.xml","Terrain","40","16","earth_edge_middle_1"
"level_14.xml","Terrain","41","16","earth_edge_middle_1"
"level_14.xml","Terrain","42","16","earth_edge_right"
"level_14.xml","Terrain","4","17","earth_edge_left"
"level_14.xml","Terrain","5","17","earth_edge_middle_2"
"level_14.xml","Terrain","6","17","earth_edge_middle_2"
"level_14.xml","Terrain","7","17","earth_edge_middle_2"
"level_14.xml","Terrain","8","17","earth_edge_middle_2"
"level_14.xml","Terrain","9","17","earth_edge_right"
"level_14.xml","Terrain","16","17","grass_top_left"
"level_14.xml","Terrain","17","17","grass_top_right"
"level_14.xml","Terrain","38","17","earth_edge_left"
"level_14.xml","Terrain","39","17","earth_edge_middle_2"
"level_14.xml","Terrain","40","17","earth_edge_middle_1"
"level_14.xml","Terrain","41","17","earth_edge_middle_1"
"level_14.xml","Terrain","42","17","earth_edge_right"
"level_14.xml","Terrain","4","18","earth_edge_left"
"level_14.xml","Terrain","5","18","earth_edge_middle_2"
"level_14.xml","Terrain","6","18","earth_edge_middle_2"
"level_14.xml","Terrain","7","18","earth_edge_middle_2"
"level_14.xml","Terrain","8","18","earth_edge_middle_2"
"level_14.xml","Terrain","9","18","earth_edge_right"
"level_14.xml","Terrain","15","18","blank_sand_top_left"
"level_14.xml","Terrain","16","18","sand_overlap_left"
"level_14.xml","Terrain","17","18","sand_overlap_right"
"level_14.xml","Terrain","18","18","shell_sand_middle_2"
"level_14.xml","Terrain","19","18","blank_sand_top_right"
"level_14.xml","Terrain","38","18","earth_edge_left"
"level_14.xml","Terrain","39","18","earth_edge_middle_2"
"level_14.xml","Terrain","40","18","earth_edge_middle_1"
"level_14.xml","Terrain","41","18","earth_edge_middle_1"
"level_14.xml","Terrain","42","18","grass_overlap_right"
"level_14.xml","Terrain","43","18","grass_top_right"
"level_14.xml","Terrain","3","19","blank_sand_top_left"
"level_14.xml","Terrain","4","19","sand_overlap_left"
"level_14.xml","Terrain","5","19","earth_edge_middle_2"
"level_14.xml","Terrain","6","19","earth_edge_middle_2"
"level_14.xml","Terrain","7","19","earth_edge_middle_2"
"level_14.xml","Terrain","8","19","earth_edge_middle_2"
"level_14.xml","Terrain","9","19","earth_edge_right"
"level_14.xml","Terrain","15","19","earth_bottom_right"
"level_14.xml","Terrain","16","19","eartyh_bottom_middle"
"level_14.xml","Terrain","17","19","eartyh_bottom_middle"
"level_14.xml","Terrain","18","19","eartyh_bottom_middle"
"level_14.xml","Terrain","19","19","earth_bottom_left"
"level_14.xml","Terrain","28","19","grass_top_left"
"level_14.xml","Terrain","29","19","grass_top_right"
"level_14.xml","Terrain","38","19","earth_edge_left"
"level_14.xml","Terrain","39","19","earth_edge_middle_2"
"level_14.xml","Terrain","40","19","earth_edge_middle_1"
"level_14.xml","Terrain","41","19","earth_edge_middle_1"
"level_14.xml","Terrain","42","19","earth_edge_middle_1"
"level_14.xml","Terrain","43","19","earth_edge_right"
"level_14.xml","Terrain","3","20","earth_edge_left"
"level_14.xml","Terrain","4","20","earth_edge_middle_1"
"level_14.xml","Terrain","5","20","earth_edge_middle_2"
"level_14.xml","Terrain","6","20","earth_edge_middle_2"
"level_14.xml","Terrain","7","20","earth_edge_middle_2"
"level_14.xml","Terrain","8","20","earth_edge_middle_2"
"level_14.xml","Terrain","9","20","sand_overlap_right"
"level_14.xml","Terrain","10","20","blank_sand_top_right"
"level_14.xml","Terrain","27","20","blank_sand_top_left"
"level_14.xml","Terrain","28","20","sand_overlap_left"
"level_14.xml","Terrain","29","20","sand_overlap_right"
"level_14.xml","Terrain","30","20","shell_sand_top_right"
"level_14.xml","Terrain","37","20","blank_sand_top_left"
"level_14.xml","Terrain","38","20","sand_overlap_left"
"level_14.xml","Terrain","39","20","earth_edge_middle_2"
"level_14.xml","Terrain","40","20","earth_edge_middle_1"
"level_14.xml","Terrain","41","20","earth_edge_middle_1"
"level_14.xml","Terrain","42","20","earth_edge_middle_1"
"level_14.xml","Terrain","43","20","earth_edge_right"
"level_14.xml","Terrain","3","21","earth_edge_left"
"level_14.xml","Terrain","4","21","earth_edge_middle_1"
"level_14.xml","Terrain","5","21","earth_edge_middle_2"
"level_14.xml","Terrain","6","21","earth_edge_middle_2"
"level_14.xml","Terrain","7","21","earth_edge_middle_2"
"level_14.xml","Terrain","8","21","earth_edge_middle_2"
"level_14.xml","Terrain","9","21","earth_edge_middle_2"
"level_14.xml","Terrain","10","21","earth_edge_right"
"level_14.xml","Terrain","27","21","earth_bottom_right"
"level_14.xml","Terrain","28","21","eartyh_bottom_middle"
"level_14.xml","Terrain","29","21","eartyh_bottom_middle"
"level_14.xml","Terrain","30","21","earth_bottom_left"
"level_14.xml","Terrain","37","21","earth_edge_left"
"level_14.xml","Terrain","38","21","earth_edge_middle_2"
"level_14.xml","Terrain","39","21","earth_edge_middle_2"
"level_14.xml","Terrain","40","21","earth_edge_middle_1"
"level_14.xml","Terrain","41","21","earth_edge_middle_1"
"level_14.xml","Terrain","42","21","earth_edge_middle_1"
"level_14.xml","Terrain","43","21","earth_edge_right"
"level_14.xml","Terrain","3","22","earth_edge_left"
"level_14.xml","Terrain","4","22","earth_edge_middle_1"
"level_14.xml","Terrain","5","22","earth_edge_middle_2"
"level_14.xml","Terrain","6","22","earth_edge_middle_2"
"level_14.xml","Terrain","7","22","earth_edge_middle_2"
"level_14.xml","Terrain","8","22","earth_edge_middle_2"
"level_14.xml","Terrain","9","22","earth_edge_middle_2"
"level_14.xml","Terrain","10","22","sand_overlap_right"
"level_14.xml","Terrain","11","22","blank_sand_top_right"
"level_14.xml","Terrain","36","22","blank_sand_top_left"
"level_14.xml","Terrain","37","22","sand_overlap_left"
"level_14.xml","Terrain","38","22","earth_edge_middle_2"
"level_14.xml","Terrain","39","22","earth_edge_middle_2"
"level_14.xml","Terrain","40","22","earth_edge_middle_1"
"level_14.xml","Terrain","41","22","earth_edge_middle_1"
"level_14.xml","Terrain","42","22","earth_edge_middle_1"
"level_14.xml","Terrain","43","22","sand_overlap_right"
"level_14.xml","Terrain","44","22","blank_sand_top_right"
"level_14.xml","Terrain","3","23","earth_edge_left"
"level_14.xml","Terrain","4","23","earth_edge_middle_1"
"level_14.xml","Terrain","5","23","earth_edge_middle_2"
"level_14.xml","Terrain","6","23","earth_edge_middle_2"
"level_14.xml","Terrain","7","23","earth_edge_middle_2"
"level_14.xml","Terrain","8","23","earth_edge_middle_2"
"level_14.xml","Terrain","9","23","earth_edge_middle_2"
"level_14.xml","Terrain","10","23","earth_edge_middle_2"
"level_14.xml","Terrain","11","23","earth_edge_right"
"level_14.xml","Terrain","36","23","earth_edge_left"
"level_14.xml","Terrain","37","23","earth_edge_middle_2"
"level_14.xml","Terrain","38","23","earth_edge_middle_2"
"level_14.xml","Terrain","39","23","earth_edge_middle_2"
"level_14.xml","Terrain","40","23","earth_edge_middle_2"
"level_14.xml","Terrain","41","23","earth_edge_middle_1"
"level_14.xml","Terrain","42","23","earth_edge_middle_1"
"level_14.xml","Terrain","43","23","earth_edge_middle_1"
"level_14.xml","Terrain","44","23","earth_edge_right"
"level_14.xml","Terrain","3","24","earth_edge_left"
"level_14.xml","Terrain","4","24","earth_edge_middle_1"
"level_14.xml","Terrain","5","24","earth_edge_middle_2"
"level_14.xml","Terrain","6","24","earth_edge_middle_2"
"level_14.xml","Terrain","7","24","earth_edge_middle_2"
"level_14.xml","Terrain","8","24","earth_edge_middle_2"
"level_14.xml","Terrain","9","24","earth_edge_middle_2"
"level_14.xml","Terrain","10","24","earth_edge_middle_2"
"level_14.xml","Terrain","11","24","sand_overlap_right"
"level_14.xml","Terrain","12","24","blank_sand_top_right"
"level_14.xml","Terrain","35","24","blank_sand_top_left"
"level_14.xml","Terrain","36","24","sand_overlap_left"
"level_14.xml","Terrain","37","24","earth_edge_middle_2"
"level_14.xml","Terrain","38","24","earth_edge_middle_2"
"level_14.xml","Terrain","39","24","earth_edge_middle_2"
"level_14.xml","Terrain","40","24","earth_edge_middle_2"
"level_14.xml","Terrain","41","24","earth_edge_middle_1"
"level_14.xml","Terrain","42","24","earth_edge_middle_1"
"level_14.xml","Terrain","43","24","earth_edge_middle_1"
"level_14.xml","Terrain","44","24","earth_edge_right"
"level_14.xml","Terrain","1","25","blank_sand_top_left"
"level_14.xml","Terrain","2","25","shell_sand_middle_2"
"level_14.xml","Terrain","3","25","sand_overlap_left"
"level_14.xml","Terrain","4","25","earth_edge_middle_1"
"level_14.xml","Terrain","5","25","earth_edge_middle_2"
"level_14.xml","Terrain","6","25","earth_edge_middle_2"
"level_14.xml","Terrain","7","25","earth_edge_middle_2"
"level_14.xml","Terrain","8","25","earth_edge_middle_2"
"level_14.xml","Terrain","9","25","earth_edge_middle_2"
"level_14.xml","Terrain","10","25","earth_edge_middle_2"
"level_14.xml","Terrain","11","25","earth_edge_middle_2"
"level_14.xml","Terrain","12","25","sand_overlap_right"
"level_14.xml","Terrain","13","25","blank_sand_middle_1"
"level_14.xml","Terrain","14","25","blank_sand_middle_2"
"level_14.xml","Terrain","15","25","blank_sand_middle_1"
"level_14.xml","Terrain","16","25","shell_sand_middle_1"
"level_14.xml","Terrain","17","25","shell_sand_middle_2"
"level_14.xml","Terrain","18","25","blank_sand_middle_2"
"level_14.xml","Terrain","19","25","shell_sand_middle_2"
"level_14.xml","Terrain","20","25","blank_sand_middle_1"
"level_14.xml","Terrain","21","25","shell_sand_top_right"
"level_14.xml","Terrain","26","25","blank_sand_top_left"
"level_14.xml","Terrain","27","25","blank_sand_middle_1"
"level_14.xml","Terrain","28","25","shell_sand_middle_1"
"level_14.xml","Terrain","29","25","blank_sand_middle_1"
"level_14.xml","Terrain","30","25","blank_sand_middle_2"
"level_14.xml","Terrain","31","25","shell_sand_middle_2"
"level_14.xml","Terrain","32","25","shell_sand_middle_1"
"level_14.xml","Terrain","33","25","blank_sand_middle_2"
"level_14.xml","Terrain","34","25","blank_sand_middle_1"
"level_14.xml","Terrain","35","25","sand_overlap_left"
"level_14.xml","Terrain","36","25","earth_edge_middle_2"
"level_14.xml","Terrain","37","25","earth_edge_middle_2"
"level_14.xml","Terrain","38","25","earth_edge_middle_2"
"level_14.xml","Terrain","39","25","earth_edge_middle_2"
"level_14.xml","Terrain","40","25","earth_edge_middle_2"
"level_14.xml","Terrain","41","25","earth_edge_middle_1"
"level_14.xml","Terrain","42","25","earth_edge_middle_1"
"level_14.xml","Terrain","43","25","earth_edge_middle_1"
"level_14.xml","Terrain","44","25","sand_overlap_right"
"level_14.xml","Terrain","45","25","blank_sand_middle_2"
"level_14.xml","Terrain","46","25","shell_sand_middle_2"
"level_14.xml","Terrain","47","25","blank_sand_top_right"
"level_14.xml","Terrain","0","26","shell_sand_top_left"
"level_14.xml","Terrain","1","26","sand_overlap_left"
"level_14.xml","Terrain","2","26","earth_edge_middle_1"
"level_14.xml","Terrain","3","26","earth_edge_middle_1"
"level_14.xml","Terrain","4","26","earth_edge_middle_1"
"level_14.xml","Terrain","5","26","earth_edge_middle_2"
"level_14.xml","Terrain","6","26","earth_edge_middle_2"
"level_14.xml","Terrain","7","26","earth_edge_middle_2"
"level_14.xml","Terrain","8","26","earth_edge_middle_2"
"level_14.xml","Terrain","9","26","earth_edge_middle_2"
"level_14.xml","Terrain","10","26","earth_edge_middle_2"
"level_14.xml","Terrain","11","26","earth_edge_middle_2"
"level_14.xml","Terrain","12","26","earth_edge_middle_2"
"level_14.xml","Terrain","13","26","earth_edge_middle_2"
"level_14.xml","Terrain","14","26","earth_edge_middle_2"
"level_14.xml","Terrain","15","26","earth_edge_middle_2"
"level_14.xml","Terrain","16","26","earth_edge_middle_2"
"level_14.xml","Terrain","17","26","earth_edge_middle_2"
"level_14.xml","Terrain","18","26","earth_edge_middle_2"
"level_14.xml","Terrain","19","26","earth_edge_middle_2"
"level_14.xml","Terrain","20","26","earth_edge_middle_2"
"level_14.xml","Terrain","21","26","sand_overlap_right"
"level_14.xml","Terrain","22","26","blank_sand_top_right"
"level_14.xml","Terrain","25","26","shell_sand_top_left"
"level_14.xml","Terrain","26","26","sand_overlap_left"
"level_14.xml","Terrain","27","26","earth_edge_middle_2"
"level_14.xml","Terrain","28","26","earth_edge_middle_2"
"level_14.xml","Terrain","29","26","earth_edge_middle_2"
"level_14.xml","Terrain","30","26","earth_edge_middle_2"
"level_14.xml","Terrain","31","26","earth_edge_middle_2"
"level_14.xml","Terrain","32","26","earth_edge_middle_2"
"level_14.xml","Terrain","33","26","earth_edge_middle_2"
"level_14.xml","Terrain","34","26","earth_edge_middle_2"
"level_14.xml","Terrain","35","26","earth_edge_middle_2"
"level_14.xml","Terrain","36","26","earth_edge_middle_2"
"level_14.xml","Terrain","37","26","earth_edge_middle_2"
"level_14.xml","Terrain","38","26","earth_edge_middle_2"
"level_14.xml","Terrain","39","26","earth_edge_middle_2"
"level_14.xml","Terrain","40","26","earth_edge_middle_2"
"level_14.xml","Terrain","41","26","earth_edge_middle_1"
"level_14.xml","Terrain","42","26","earth_edge_middle_1"
"level_14.xml","Terrain","43","26","earth_edge_middle_1"
"level_14.xml","Terrain","44","26","earth_edge_middle_1"
"level_14.xml","Terrain","45","26","earth_edge_middle_1"
"level_14.xml","Terrain","46","26","earth_edge_middle_1"
"level_14.xml","Terrain","47","26","earth_edge_right"
"level_14.xml","Terrain","0","27","earth_edge_left"
"level_14.xml","Terrain","1","27","earth_edge_middle_1"
"level_14.xml","Terrain","2","27","earth_edge_middle_1"
"level_14.xml","Terrain","3","27","earth_edge_middle_1"
"level_14.xml","Terrain","4","27","earth_edge_middle_1"
"level_14.xml","Terrain","5","27","earth_edge_middle_2"
"level_14.xml","Terrain","6","27","earth_edge_middle_2"
"level_14.xml","Terrain","7","27","earth_edge_middle_2"
"level_14.xml","Terrain","8","27","earth_edge_middle_2"
"level_14.xml","Terrain","9","27","earth_edge_middle_2"
"level_14.xml","Terrain","10","27","earth_edge_middle_2"
"level_14.xml","Terrain","11","27","earth_edge_middle_2"
"level_14.xml","Terrain","12","27","earth_edge_middle_2"
"level_14.xml","Terrain","13","27","earth_edge_middle_2"
"level_14.xml","Terrain","14","27","earth_edge_middle_2"
"level_14.xml","Terrain","15","27","earth_edge_middle_2"
"level_14.xml","Terrain","16","27","earth_edge_middle_2"
"level_14.xml","Terrain","17","27","earth_edge_middle_2"
"level_14.xml","Terrain","18","27","earth_edge_middle_2"
"level_14.xml","Terrain","19","27","earth_edge_middle_2"
"level_14.xml","Terrain","20","27","earth_edge_middle_2"
"level_14.xml","Terrain","21","27","earth_edge_middle_2"
"level_14.xml","Terrain","22","27","earth_edge_right"
"level_14.xml","Terrain","25","27","earth_edge_left"
"level_14.xml","Terrain","26","27","earth_edge_middle_2"
"level_14.xml","Terrain","27","27","earth_edge_middle_2"
"level_14.xml","Terrain","28","27","earth_edge_middle_2"
"level_14.xml","Terrain","29","27","earth_edge_middle_2"
"level_14.xml","Terrain","30","27","earth_edge_middle_2"
"level_14.xml","Terrain","31","27","earth_edge_middle_2"
"level_14.xml","Terrain","32","27","earth_edge_middle_2"
"level_14.xml","Terrain","33","27","earth_edge_middle_2"
"level_14.xml","Terrain","34","27","earth_edge_middle_2"
"level_14.xml","Terrain","35","27","earth_edge_middle_2"
"level_14.xml","Terrain","36","27","earth_edge_middle_2"
"level_14.xml","Terrain","37","27","earth_edge_middle_2"
"level_14.xml","Terrain","38","27","earth_edge_middle_2"
"level_14.xml","Terrain","39","27","earth_edge_middle_2"
"level_14.xml","Terrain","40","27","earth_edge_middle_1"
"level_14.xml","Terrain","41","27","earth_edge_middle_1"
"level_14.xml","Terrain","42","27","earth_edge_middle_1"
"level_14.xml","Terrain","43","27","earth_edge_middle_1"
"level_14.xml","Terrain","44","27","earth_edge_middle_1"
"level_14.xml","Terrain","45","27","earth_edge_middle_1"
"level_14.xml","Terrain","46","27","earth_edge_middle_1"
"level_14.xml","Terrain","47","27","earth_edge_right"
"level_14.xml","Terrain","0","28","tile_ripple_left"
"level_14.xml","Terrain","1","28","tile_ripple_middle"
"level_14.xml","Terrain","2","28","tile_ripple_middle"
"level_14.xml","Terrain","3","28","tile_ripple_middle"
"level_14.xml","Terrain","4","28","tile_ripple_middle"
"level_14.xml","Terrain","5","28","tile_ripple_middle"
"level_14.xml","Terrain","6","28","tile_ripple_middle"
"level_14.xml","Terrain","7","28","tile_ripple_middle"
"level_14.xml","Terrain","8","28","tile_ripple_middle"
"level_14.xml","Terrain","9","28","tile_ripple_middle"
"level_14.xml","Terrain","10","28","tile_ripple_middle"
"level_14.xml","Terrain","11","28","tile_ripple_middle"
"level_14.xml","Terrain","12","28","tile_ripple_middle"
"level_14.xml","Terrain","13","28","tile_ripple_middle"
"level_14.xml","Terrain","14","28","tile_ripple_middle"
"level_14.xml","Terrain","15","28","tile_ripple_middle"
"level_14.xml","Terrain","16","28","tile_ripple_middle"
"level_14.xml","Terrain","17","28","tile_ripple_middle"
"level_14.xml","Terrain","18","28","tile_ripple_middle"
"level_14.xml","Terrain","19","28","tile_ripple_middle"
"level_14.xml","Terrain","20","28","tile_ripple_middle"
"level_14.xml","Terrain","21","28","tile_ripple_middle"
"level_14.xml","Terrain","22","28","tile_ripple_right"
"level_14.xml","Terrain","25","28","tile_ripple_left"
"level_14.xml","Terrain","26","28","tile_ripple_middle"
"level_14.xml","Terrain","27","28","tile_ripple_middle"
"level_14.xml","Terrain","28","28","tile_ripple_middle"
"level_14.xml","Terrain","29","28","tile_ripple_middle"
"level_14.xml","Terrain","30","28","tile_ripple_middle"
"level_14.xml","Terrain","31","28","tile_ripple_middle"
"level_14.xml","Terrain","32","28","tile_ripple_middle"
"level_14.xml","Terrain","33","28","tile_ripple_middle"
"level_14.xml","Terrain","34","28","tile_ripple_middle"
"level_14.xml","Terrain","35","28","tile_ripple_middle"
"level_14.xml","Terrain","36","28","tile_ripple_middle"
"level_14.xml","Terrain","37","28","tile_ripple_middle"
"level_14.xml","Terrain","38","28","tile_ripple_middle"
"level_14.xml","Terrain","39","28","tile_ripple_middle"
"level_14.xml","Terrain","40","28","tile_ripple_middle"
"level_14.xml","Terrain","41","28","tile_ripple_middle"
"level_14.xml","Terrain","42","28","tile_ripple_middle"
"level_14.xml","Terrain","43","28","tile_ripple_middle"
"level_14.xml","Terrain","44","28","tile_ripple_middle"
"level_14.xml","Terrain","45","28","tile_ripple_middle"
"level_14.xml","Terrain","46","28","tile_ripple_middle"
"level_14.xml","Terrain","47","28","tile_ripple_right"
"level_14.xml","Terrain","0","29","tile_ripple_left"
"level_14.xml","Terrain","1","29","tile_ripple_middle"
"level_14.xml","Terrain","2","29","tile_ripple_middle"
"level_14.xml","Terrain","3","29","tile_ripple_middle"
"level_14.xml","Terrain","4","29","tile_ripple_middle"
"level_14.xml","Terrain","5","29","tile_ripple_middle"
"level_14.xml","Terrain","6","29","tile_ripple_middle"
"level_14.xml","Terrain","7","29","tile_ripple_middle"
"level_14.xml","Terrain","8","29","tile_ripple_middle"
"level_14.xml","Terrain","9","29","tile_ripple_middle"
"level_14.xml","Terrain","10","29","tile_ripple_middle"
"level_14.xml","Terrain","11","29","tile_ripple_middle"
"level_14.xml","Terrain","12","29","tile_ripple_middle"
"level_14.xml","Terrain","13","29","tile_ripple_middle"
"level_14.xml","Terrain","14","29","tile_ripple_middle"
"level_14.xml","Terrain","15","29","tile_ripple_middle"
"level_14.xml","Terrain","16","29","tile_ripple_middle"
"level_14.xml","Terrain","17","29","tile_ripple_middle"
"level_14.xml","Terrain","18","29","tile_ripple_middle"
"level_14.xml","Terrain","19","29","tile_ripple_middle"
"level_14.xml","Terrain","20","29","tile_ripple_middle"
"level_14.xml","Terrain","21","29","tile_ripple_middle"
"level_14.xml","Terrain","22","29","tile_ripple_right"
"level_14.xml","Terrain","25","29","tile_ripple_left"
"level_14.xml","Terrain","26","29","tile_ripple_middle"
"level_14.xml","Terrain","27","29","tile_ripple_middle"
"level_14.xml","Terrain","28","29","tile_ripple_middle"
"level_14.xml","Terrain","29","29","tile_ripple_middle"
"level_14.xml","Terrain","30","29","tile_ripple_middle"
"level_14.xml","Terrain","31","29","tile_ripple_middle"
"level_14.xml","Terrain","32","29","tile_ripple_middle"
"level_14.xml","Terrain","33","29","tile_ripple_middle"
"level_14.xml","Terrain","34","29","tile_ripple_middle"
"level_14.xml","Terrain","35","29","tile_ripple_middle"
"level_14.xml","Terrain","36","29","tile_ripple_middle"
"level_14.xml","Terrain","37","29","tile_ripple_middle"
"level_14.xml","Terrain","38","29","tile_ripple_middle"
"level_14.xml","Terrain","39","29","tile_ripple_middle"
"level_14.xml","Terrain","40","29","tile_ripple_middle"
"level_14.xml","Terrain","41","29","tile_ripple_middle"
"level_14.xml","Terrain","42","29","tile_ripple_middle"
"level_14.xml","Terrain","43","29","tile_ripple_middle"
"level_14.xml","Terrain","44","29","tile_ripple_middle"
"level_14.xml","Terrain","45","29","tile_ripple_middle"
"level_14.xml","Terrain","46","29","tile_ripple_middle"
"level_14.xml","Terrain","47","29","tile_ripple_right"
"level_14.xml","Terrain","0","30","tile_ripple_left"
"level_14.xml","Terrain","1","30","tile_ripple_middle"
"level_14.xml","Terrain","2","30","tile_ripple_middle"
"level_14.xml","Terrain","3","30","tile_ripple_middle"
"level_14.xml","Terrain","4","30","tile_ripple_middle"
"level_14.xml","Terrain","5","30","tile_ripple_middle"
"level_14.xml","Terrain","6","30","tile_ripple_middle"
"level_14.xml","Terrain","7","30","tile_ripple_middle"
"level_14.xml","Terrain","8","30","tile_ripple_middle"
"level_14.xml","Terrain","9","30","tile_ripple_middle"
"level_14.xml","Terrain","10","30","tile_ripple_middle"
"level_14.xml","Terrain","11","30","tile_ripple_middle"
"level_14.xml","Terrain","12","30","tile_ripple_middle"
"level_14.xml","Terrain","13","30","tile_ripple_middle"
"level_14.xml","Terrain","14","30","tile_ripple_middle"
"level_14.xml","Terrain","15","30","tile_ripple_middle"
"level_14.xml","Terrain","16","30","tile_ripple_middle"
"level_14.xml","Terrain","17","30","tile_ripple_middle"
"level_14.xml","Terrain","18","30","tile_ripple_middle"
"level_14.xml","Terrain","19","30","tile_ripple_middle"
"level_14.xml","Terrain","20","30","tile_ripple_middle"
"level_14.xml","Terrain","21","30","tile_ripple_middle"
"level_14.xml","Terrain","22","30","tile_ripple_right"
"level_14.xml","Terrain","25","30","tile_ripple_left"
"level_14.xml","Terrain","26","30","tile_ripple_middle"
"level_14.xml","Terrain","27","30","tile_ripple_middle"
"level_14.xml","Terrain","28","30","tile_ripple_middle"
"level_14.xml","Terrain","29","30","tile_ripple_middle"
"level_14.xml","Terrain","30","30","tile_ripple_middle"
"level_14.xml","Terrain","31","30","tile_ripple_middle"
"level_14.xml","Terrain","32","30","tile_ripple_middle"
"level_14.xml","Terrain","33","30","tile_ripple_middle"
"level_14.xml","Terrain","34","30","tile_ripple_middle"
"level_14.xml","Terrain","35","30","tile_ripple_middle"
"level_14.xml","Terrain","36","30","tile_ripple_middle"
"level_14.xml","Terrain","37","30","tile_ripple_middle"
"level_14.xml","Terrain","38","30","tile_ripple_middle"
"level_14.xml","Terrain","39","30","tile_ripple_middle"
"level_14.xml","Terrain","40","30","tile_ripple_middle"
"level_14.xml","Terrain","41","30","tile_ripple_middle"
"level_14.xml","Terrain","42","30","tile_ripple_middle"
"level_14.xml","Terrain","43","30","tile_ripple_middle"
"level_14.xml","Terrain","44","30","tile_ripple_middle"
"level_14.xml","Terrain","45","30","tile_ripple_middle"
"level_14.xml","Terrain","46","30","tile_ripple_middle"
"level_14.xml","Terrain","47","30","tile_ripple_right"
"level_14.xml","Background","5","2","antichest"
"level_14.xml","Background","6","2","antichest"
"level_14.xml","Background","7","2","antichest"
"level_14.xml","Background","8","2","antichest"
"level_14.xml","Background","9","2","antichest"
"level_14.xml","Background","10","2","antichest"
"level_14.xml","Background","11","2","antichest"
"level_14.xml","Background","12","2","antichest"
"level_14.xml","Background","13","2","antichest"
"level_14.xml","Background","14","2","antichest"
"level_14.xml","Background","15","2","antichest"
"level_14.xml","Background","16","2","antichest"
"level_14.xml","Background","17","2","antichest"
"level_14.xml","Background","18","2","antichest"
"level_14.xml","Background","19","2","antichest"
"level_14.xml","Background","20","2","antichest"
"level_14.xml","Background","21","2","antichest"
"level_14.xml","Background","22","2","antichest"
"level_14.xml","Background","23","2","antichest"
"level_14.xml","Background","24","2","antichest"
"level_14.xml","Background","39","2","antichest"
"level_14.xml","Background","40","2","antichest"
"level_14.xml","Background","41","2","antichest"
"level_14.xml","Background","42","2","antichest"
"level_14.xml","Background","5","4","big_tree"
"level_14.xml","Background","6","4","grass"
"level_14.xml","Background","7","4","grass"
"level_14.xml","Background","8","4","rock_3"
"level_14.xml","Background","39","4","small_tree"
"level_14.xml","Background","40","4","big_tree"
"level_14.xml","Background","41","4","grass"
"level_14.xml","Background","42","4","grass"
"level_14.xml","Background","22","6","small_tree"
"level_14.xml","Background","23","6","grass"
"level_14.xml","Background","24","6","small_tree"
"level_14.xml","Background","20","7","grass"
"level_14.xml","Background","13","8","grass"
"level_14.xml","Background","14","8","grass"
"level_14.xml","Background","15","8","small_tree"
"level_14.xml","Background","32","8","grass"
"level_14.xml","Background","33","8","rock_3"
"level_14.xml","Background","16","9","big_tree"
"level_14.xml","Background","31","9","grass"
"level_14.xml","Background","4","10","antichest"
"level_14.xml","Background","8","10","cave_middle_1"
"level_14.xml","Background","9","10","cave_edge_top"
"level_14.xml","Background","10","10","cave_outside_corner_top_right"
"level_14.xml","Background","37","10","cave_outside_corner_top_left"
"level_14.xml","Background","38","10","cave_edge_top"
"level_14.xml","Background","39","10","cave_middle_1"
"level_14.xml","Background","4","11","grass"
"level_14.xml","Background","9","11","cave_middle_1"
"level_14.xml","Background","10","11","cave_inside_corner_top_right"
"level_14.xml","Background","11","11","cave_edge_top"
"level_14.xml","Background","17","11","rock_3"
"level_14.xml","Background","34","11","cave_edge_top"
"level_14.xml","Background","35","11","cave_edge_top"
"level_14.xml","Background","36","11","cave_edge_top"
"level_14.xml","Background","37","11","cave_inside_corner_top_left"
"level_14.xml","Background","38","11","cave_middle_1"
"level_14.xml","Background","39","11","cave_middle_1"
"level_14.xml","Background","4","12","grass"
"level_14.xml","Background","9","12","cave_middle_2"
"level_14.xml","Background","10","12","cave_middle_2"
"level_14.xml","Background","11","12","cave_middle_2"
"level_14.xml","Background","12","12","cave_middle_1"
"level_14.xml","Background","13","12","cave_middle_1"
"level_14.xml","Background","14","12","cave_middle_1"
"level_14.xml","Background","26","12","rock_3"
"level_14.xml","Background","29","12","cave_outside_corner_top_left"
"level_14.xml","Background","30","12","cave_edge_top"
"level_14.xml","Background","31","12","cave_middle_1"
"level_14.xml","Background","32","12","cave_middle_1"
"level_14.xml","Background","33","12","cave_middle_1"
"level_14.xml","Background","34","12","cave_middle_1"
"level_14.xml","Background","35","12","cave_middle_1"
"level_14.xml","Background","36","12","cave_middle_1"
"level_14.xml","Background","37","12","cave_middle_1"
"level_14.xml","Background","38","12","cave_middle_1"
"level_14.xml","Background","39","12","cave_middle_1"
"level_14.xml","Background","9","13","cave_middle_1"
"level_14.xml","Background","10","13","cave_middle_1"
"level_14.xml","Background","11","13","cave_middle_2"
"level_14.xml","Background","12","13","cave_middle_2"
"level_14.xml","Background","13","13","cave_middle_1"
"level_14.xml","Background","14","13","cave_middle_1"
"level_14.xml","Background","15","13","cave_middle_1"
"level_14.xml","Background","16","13","cave_middle_1"
"level_14.xml","Background","17","13","cave_middle_1"
"level_14.xml","Background","18","13","cave_middle_1"
"level_14.xml","Background","19","13","cave_edge_top"
"level_14.xml","Background","20","13","cave_edge_top"
"level_14.xml","Background","21","13","cave_edge_top"
"level_14.xml","Background","22","13","cave_edge_top"
"level_14.xml","Background","23","13","cave_edge_top"
"level_14.xml","Background","24","13","cave_edge_top"
"level_14.xml","Background","25","13","cave_edge_top"
"level_14.xml","Background","26","13","cave_middle_1"
"level_14.xml","Background","27","13","cave_middle_1"
"level_14.xml","Background","28","13","cave_edge_top"
"level_14.xml","Background","29","13","cave_inside_corner_top_left"
"level_14.xml","Background","30","13","cave_middle_1"
"level_14.xml","Background","31","13","cave_middle_1"
"level_14.xml","Background","32","13","cave_middle_3"
"level_14.xml","Background","33","13","cave_middle_3"
"level_14.xml","Background","34","13","cave_middle_3"
"level_14.xml","Background","35","13","cave_middle_3"
"level_14.xml","Background","36","13","cave_middle_1"
"level_14.xml","Background","37","13","cave_middle_1"
"level_14.xml","Background","38","13","cave_middle_1"
"level_14.xml","Background","8","14","cave_middle_1"
"level_14.xml","Background","9","14","cave_middle_1"
"level_14.xml","Background","10","14","cave_middle_1"
"level_14.xml","Background","11","14","cave_inside_corner_bottom_right"
"level_14.xml","Background","12","14","cave_edge_bottom"
"level_14.xml","Background","13","14","cave_edge_bottom"
"level_14.xml","Background","14","14","cave_inside_corner_bottom_left"
"level_14.xml","Background","15","14","cave_middle_1"
"level_14.xml","Background","16","14","cave_middle_1"
"level_14.xml","Background","17","14","cave_middle_1"
"level_14.xml","Background","18","14","cave_middle_1"
"level_14.xml","Background","19","14","cave_middle_1"
"level_14.xml","Background","20","14","cave_middle_1"
"level_14.xml","Background","21","14","cave_middle_1"
"level_14.xml","Background","22","14","cave_middle_1"
"level_14.xml","Background","24","14","cave_middle_1"
"level_14.xml","Background","25","14","cave_middle_1"
"level_14.xml","Background","26","14","cave_middle_1"
"level_14.xml","Background","27","14","cave_middle_1"
"level_14.xml","Background","28","14","cave_middle_1"
"level_14.xml","Background","29","14","cave_middle_1"
"level_14.xml","Background","30","14","cave_middle_1"
"level_14.xml","Background","31","14","cave_middle_1"
"level_14.xml","Background","32","14","cave_middle_1"
"level_14.xml","Background","33","14","cave_middle_3"
"level_14.xml","Background","34","14","cave_middle_1"
"level_14.xml","Background","35","14","cave_middle_1"
"level_14.xml","Background","36","14","cave_middle_3"
"level_14.xml","Background","37","14","cave_middle_3"
"level_14.xml","Background","38","14","cave_middle_1"
"level_14.xml","Background","39","14","cave_middle_1"
"level_14.xml","Background","9","15","cave_middle_1"
"level_14.xml","Background","10","15","cave_middle_2"
"level_14.xml","Background","11","15","cave_edge_right"
"level_14.xml","Background","14","15","cave_edge_left"
"level_14.xml","Background","15","15","cave_middle_2"
"level_14.xml","Background","16","15","cave_middle_3"
"level_14.xml","Background","17","15","cave_middle_3"
"level_14.xml","Background","18","15","cave_middle_3"
"level_14.xml","Background","19","15","cave_middle_3"
"level_14.xml","Background","20","15","cave_middle_2"
"level_14.xml","Background","21","15","cave_middle_2"
"level_14.xml","Background","22","15","cave_middle_2"
"level_14.xml","Background","23","15","cave_middle_2"
"level_14.xml","Background","24","15","cave_middle_1"
"level_14.xml","Background","25","15","cave_middle_1"
"level_14.xml","Background","26","15","cave_middle_1"
"level_14.xml","Background","27","15","cave_middle_2"
"level_14.xml","Background","28","15","cave_middle_1"
"level_14.xml","Background","29","15","cave_middle_2"
"level_14.xml","Background","30","15","cave_middle_3"
"level_14.xml","Background","31","15","cave_inside_corner_bottom_right"
"level_14.xml","Background","32","15","cave_edge_bottom"
"level_14.xml","Background","33","15","cave_edge_bottom"
"level_14.xml","Background","34","15","cave_edge_bottom"
"level_14.xml","Background","35","15","cave_inside_corner_bottom_left"
"level_14.xml","Background","36","15","cave_middle_3"
"level_14.xml","Background","37","15","cave_middle_1"
"level_14.xml","Background","38","15","cave_middle_2"
"level_14.xml","Background","43","15","antichest"
"level_14.xml","Background","9","16","cave_middle_2"
"level_14.xml","Background","10","16","cave_middle_2"
"level_14.xml","Background","11","16","cave_edge_right"
"level_14.xml","Background","14","16","cave_edge_left"
"level_14.xml","Background","15","16","cave_middle_3"
"level_14.xml","Background","16","16","cave_middle_1"
"level_14.xml","Background","17","16","cave_middle_2"
"level_14.xml","Background","18","16","cave_middle_3"
"level_14.xml","Background","19","16","cave_middle_3"
"level_14.xml","Background","20","16","cave_middle_2"
"level_14.xml","Background","21","16","cave_middle_3"
"level_14.xml","Background","22","16","cave_middle_3"
"level_14.xml","Background","23","16","cave_middle_1"
"level_14.xml","Background","24","16","cave_middle_2"
"level_14.xml","Background","25","16","cave_middle_2"
"level_14.xml","Background","26","16","cave_middle_2"
"level_14.xml","Background","27","16","cave_middle_2"
"level_14.xml","Background","28","16","cave_middle_1"
"level_14.xml","Background","29","16","cave_middle_3"
"level_14.xml","Background","30","16","cave_middle_2"
"level_14.xml","Background","31","16","cave_edge_right"
"level_14.xml","Background","35","16","cave_outside_corner_bottom_left"
"level_14.xml","Background","36","16","cave_inside_corner_bottom_left"
"level_14.xml","Background","37","16","cave_middle_1"
"level_14.xml","Background","3","17","antichest"
"level_14.xml","Background","9","17","cave_middle_1"
"level_14.xml","Background","10","17","cave_middle_3"
"level_14.xml","Background","11","17","cave_inside_corner_top_right"
"level_14.xml","Background","12","17","cave_edge_top"
"level_14.xml","Background","13","17","cave_edge_top"
"level_14.xml","Background","14","17","cave_inside_corner_top_left"
"level_14.xml","Background","15","17","cave_middle_1"
"level_14.xml","Background","16","17","cave_middle_1"
"level_14.xml","Background","17","17","cave_middle_1"
"level_14.xml","Background","18","17","cave_middle_3"
"level_14.xml","Background","19","17","cave_middle_1"
"level_14.xml","Background","20","17","cave_middle_1"
"level_14.xml","Background","21","17","cave_middle_1"
"level_14.xml","Background","22","17","cave_middle_3"
"level_14.xml","Background","23","17","cave_middle_2"
"level_14.xml","Background","24","17","cave_middle_2"
"level_14.xml","Background","25","17","cave_middle_1"
"level_14.xml","Background","26","17","cave_middle_2"
"level_14.xml","Background","27","17","cave_middle_2"
"level_14.xml","Background","28","17","cave_middle_2"
"level_14.xml","Background","29","17","cave_middle_2"
"level_14.xml","Background","30","17","cave_middle_3"
"level_14.xml","Background","31","17","cave_edge_right"
"level_14.xml","Background","36","17","cave_edge_left"
"level_14.xml","Background","37","17","cave_middle_1"
"level_14.xml","Background","43","17","big_tree"
"level_14.xml","Background","3","18","rock_2"
"level_14.xml","Background","10","18","cave_middle_1"
"level_14.xml","Background","11","18","cave_middle_3"
"level_14.xml","Background","12","18","cave_middle_2"
"level_14.xml","Background","13","18","cave_middle_2"
"level_14.xml","Background","14","18","cave_middle_1"
"level_14.xml","Background","15","18","cave_middle_1"
"level_14.xml","Background","16","18","cave_middle_1"
"level_14.xml","Background","18","18","cave_middle_1"
"level_14.xml","Background","19","18","cave_middle_1"
"level_14.xml","Background","20","18","cave_middle_1"
"level_14.xml","Background","21","18","cave_inside_corner_bottom_right"
"level_14.xml","Background","22","18","cave_edge_bottom"
"level_14.xml","Background","23","18","cave_edge_bottom"
"level_14.xml","Background","24","18","cave_inside_corner_bottom_left"
"level_14.xml","Background","25","18","cave_middle_3"
"level_14.xml","Background","26","18","cave_middle_3"
"level_14.xml","Background","27","18","cave_middle_3"
"level_14.xml","Background","28","18","cave_middle_3"
"level_14.xml","Background","29","18","cave_middle_3"
"level_14.xml","Background","30","18","cave_middle_3"
"level_14.xml","Background","31","18","cave_edge_right"
"level_14.xml","Background","36","18","cave_edge_left"
"level_14.xml","Background","37","18","cave_middle_1"
"level_14.xml","Background","10","19","cave_middle_1"
"level_14.xml","Background","11","19","cave_middle_1"
"level_14.xml","Background","12","19","cave_middle_1"
"level_14.xml","Background","13","19","cave_middle_2"
"level_14.xml","Background","14","19","cave_middle_1"
"level_14.xml","Background","15","19","cave_middle_1"
"level_14.xml","Background","16","19","cave_middle_1"
"level_14.xml","Background","17","19","cave_middle_1"
"level_14.xml","Background","18","19","cave_middle_1"
"level_14.xml","Background","19","19","cave_middle_1"
"level_14.xml","Background","20","19","cave_middle_1"
"level_14.xml","Background","21","19","cave_edge_right"
"level_14.xml","Background","24","19","cave_outside_corner_bottom_left"
"level_14.xml","Background","25","19","cave_inside_corner_bottom_left"
"level_14.xml","Background","26","19","cave_middle_2"
"level_14.xml","Background","27","19","cave_middle_2"
"level_14.xml","Background","28","19","cave_middle_3"
"level_14.xml","Background","29","19","cave_middle_1"
"level_14.xml","Background","30","19","cave_middle_2"
"level_14.xml","Background","31","19","cave_inside_corner_top_right"
"level_14.xml","Background","32","19","cave_outside_corner_top_right"
"level_14.xml","Background","35","19","cave_outside_corner_top_left"
"level_14.xml","Background","36","19","cave_inside_corner_top_left"
"level_14.xml","Background","37","19","cave_middle_1"
"level_14.xml","Background","10","20","cave_middle_1"
"level_14.xml","Background","11","20","cave_middle_2"
"level_14.xml","Background","12","20","cave_middle_2"
"level_14.xml","Background","13","20","cave_middle_1"
"level_14.xml","Background","14","20","cave_inside_corner_bottom_right"
"level_14.xml","Background","15","20","cave_edge_bottom"
"level_14.xml","Background","16","20","cave_edge_bottom"
"level_14.xml","Background","17","20","cave_edge_bottom"
"level_14.xml","Background","18","20","cave_edge_bottom"
"level_14.xml","Background","19","20","cave_inside_corner_bottom_left"
"level_14.xml","Background","20","20","cave_middle_1"
"level_14.xml","Background","21","20","cave_edge_right"
"level_14.xml","Background","25","20","cave_edge_left"
"level_14.xml","Background","26","20","cave_middle_2"
"level_14.xml","Background","27","20","cave_middle_2"
"level_14.xml","Background","28","20","cave_middle_3"
"level_14.xml","Background","29","20","cave_middle_1"
"level_14.xml","Background","30","20","cave_middle_3"
"level_14.xml","Background","31","20","cave_middle_3"
"level_14.xml","Background","32","20","cave_inside_corner_top_right"
"level_14.xml","Background","33","20","cave_edge_top"
"level_14.xml","Background","34","20","cave_edge_top"
"level_14.xml","Background","35","20","cave_inside_corner_top_left"
"level_14.xml","Background","36","20","cave_middle_1"
"level_14.xml","Background","37","20","cave_middle_1"
"level_14.xml","Background","44","20","antichest"
"level_14.xml","Background","10","21","cave_middle_2"
"level_14.xml","Background","11","21","cave_middle_1"
"level_14.xml","Background","12","21","cave_middle_1"
"level_14.xml","Background","13","21","cave_middle_1"
"level_14.xml","Background","14","21","cave_edge_right"
"level_14.xml","Background","19","21","cave_edge_left"
"level_14.xml","Background","20","21","cave_middle_1"
"level_14.xml","Background","21","21","cave_edge_right"
"level_14.xml","Background","25","21","cave_edge_left"
"level_14.xml","Background","26","21","cave_middle_2"
"level_14.xml","Background","27","21","cave_middle_3"
"level_14.xml","Background","28","21","cave_middle_1"
"level_14.xml","Background","29","21","cave_middle_1"
"level_14.xml","Background","30","21","cave_middle_3"
"level_14.xml","Background","31","21","cave_middle_3"
"level_14.xml","Background","32","21","cave_middle_2"
"level_14.xml","Background","33","21","cave_middle_2"
"level_14.xml","Background","34","21","cave_middle_2"
"level_14.xml","Background","35","21","cave_middle_2"
"level_14.xml","Background","36","21","cave_middle_1"
"level_14.xml","Background","37","21","cave_middle_1"
"level_14.xml","Background","44","21","rock_3"
"level_14.xml","Background","10","22","cave_middle_2"
"level_14.xml","Background","11","22","cave_middle_2"
"level_14.xml","Background","12","22","cave_middle_2"
"level_14.xml","Background","13","22","cave_middle_2"
"level_14.xml","Background","14","22","cave_edge_right"
"level_14.xml","Background","19","22","cave_edge_left"
"level_14.xml","Background","20","22","cave_middle_1"
"level_14.xml","Background","21","22","cave_inside_corner_top_right"
"level_14.xml","Background","22","22","cave_edge_top"
"level_14.xml","Background","23","22","cave_edge_top"
"level_14.xml","Background","24","22","cave_edge_top"
"level_14.xml","Background","25","22","cave_inside_corner_top_left"
"level_14.xml","Background","26","22","cave_middle_3"
"level_14.xml","Background","27","22","cave_middle_3"
"level_14.xml","Background","28","22","cave_middle_1"
"level_14.xml","Background","29","22","cave_middle_3"
"level_14.xml","Background","30","22","cave_middle_3"
"level_14.xml","Background","31","22","cave_middle_3"
"level_14.xml","Background","32","22","cave_middle_1"
"level_14.xml","Background","33","22","cave_middle_1"
"level_14.xml","Background","34","22","cave_middle_1"
"level_14.xml","Background","35","22","cave_middle_2"
"level_14.xml","Background","1","23","antichest"
"level_14.xml","Background","2","23","antichest"
"level_14.xml","Background","11","23","cave_middle_1"
"level_14.xml","Background","12","23","cave_middle_1"
"level_14.xml","Background","13","23","cave_middle_2"
"level_14.xml","Background","14","23","cave_edge_right"
"level_14.xml","Background","18","23","cave_outside_corner_top_left"
"level_14.xml","Background","19","23","cave_inside_corner_top_left"
"level_14.xml","Background","20","23","cave_middle_3"
"level_14.xml","Background","21","23","cave_middle_3"
"level_14.xml","Background","22","23","cave_middle_3"
"level_14.xml","Background","23","23","cave_middle_3"
"level_14.xml","Background","24","23","cave_middle_3"
"level_14.xml","Background","25","23","cave_middle_3"
"level_14.xml","Background","26","23","cave_middle_3"
"level_14.xml","Background","27","23","cave_middle_3"
"level_14.xml","Background","28","23","cave_middle_2"
"level_14.xml","Background","29","23","cave_middle_2"
"level_14.xml","Background","30","23","cave_middle_2"
"level_14.xml","Background","31","23","cave_middle_2"
"level_14.xml","Background","32","23","cave_middle_3"
"level_14.xml","Background","33","23","cave_middle_2"
"level_14.xml","Background","34","23","cave_middle_2"
"level_14.xml","Background","35","23","cave_middle_1"
"level_14.xml","Background","45","23","antichest"
"level_14.xml","Background","46","23","antichest"
"level_14.xml","Background","47","23","antichest"
"level_14.xml","Background","0","24","antichest"
"level_14.xml","Background","2","24","clam"
"level_14.xml","Background","12","24","cave_middle_1"
"level_14.xml","Background","13","24","cave_middle_2"
"level_14.xml","Background","14","24","cave_inside_corner_top_right"
"level_14.xml","Background","15","24","cave_edge_top"
"level_14.xml","Background","16","24","cave_edge_top"
"level_14.xml","Background","17","24","cave_edge_top"
"level_14.xml","Background","18","24","cave_inside_corner_top_left"
"level_14.xml","Background","19","24","cave_middle_2"
"level_14.xml","Background","20","24","cave_middle_2"
"level_14.xml","Background","21","24","cave_middle_2"
"level_14.xml","Background","22","24","cave_middle_2"
"level_14.xml","Background","23","24","cave_middle_2"
"level_14.xml","Background","24","24","cave_middle_3"
"level_14.xml","Background","25","24","cave_middle_3"
"level_14.xml","Background","26","24","cave_middle_3"
"level_14.xml","Background","27","24","cave_middle_1"
"level_14.xml","Background","28","24","cave_middle_3"
"level_14.xml","Background","29","24","cave_middle_1"
"level_14.xml","Background","30","24","cave_middle_3"
"level_14.xml","Background","31","24","cave_middle_3"
"level_14.xml","Background","32","24","cave_middle_3"
"level_14.xml","Background","33","24","cave_middle_1"
"level_14.xml","Background","34","24","cave_middle_1"
"level_14.xml","Background","35","24","cave_middle_1"
"level_14.xml","Background","46","24","rock_1"
"level_14.xml","Background","0","25","rock_2"
"level_14.xml","Background","18","25","cave_middle_1"
"level_14.xml","Background","19","25","cave_middle_1"
"level_14.xml","Background","20","25","cave_middle_1"
"level_14.xml","Background","21","25","cave_middle_1"
"level_14.xml","Background","22","25","cave_middle_1"
"level_14.xml","Background","23","25","cave_middle_1"
"level_14.xml","Background","24","25","cave_middle_1"
"level_14.xml","Background","25","25","cave_middle_1"
"level_14.xml","Background","26","25","cave_middle_1"
"level_14.xml","Background","27","25","cave_middle_1"
"level_14.xml","Background","28","25","cave_middle_1"
"level_14.xml","Background","29","25","cave_middle_1"
"level_14.xml","Background","30","25","cave_middle_1"
"level_14.xml","Background","31","25","cave_middle_1"
"level_14.xml","Background","20","26","cave_middle_1"
"level_14.xml","Background","21","26","cave_middle_1"
"level_14.xml","Background","22","26","cave_middle_1"
"level_14.xml","Background","23","26","cave_middle_1"
"level_14.xml","Background","24","26","cave_middle_1"
"level_14.xml","Background","25","26","cave_middle_1"
"level_14.xml","Background","26","26","cave_middle_1"
"level_14.xml","Background","22","27","cave_middle_2"
"level_14.xml","Background","23","27","cave_middle_1"
"level_14.xml","Background","24","27","cave_middle_1"
"level_14.xml","Background","25","27","cave_middle_1"
"level_14.xml","Background","26","27","cave_middle_2"
"level_14.xml","Background","22","28","cave_middle_2"
"level_14.xml","Background","23","28","cave_middle_2"
"level_14.xml","Background","24","28","cave_middle_2"
"level_14.xml","Background","25","28","cave_middle_2"
"level_14.xml","Background","26","28","cave_middle_2"
"level_14.xml","Background","22","29","cave_middle_2"
"level_14.xml","Background","23","29","cave_middle_2"
"level_14.xml","Background","24","29","cave_middle_2"
"level_14.xml","Background","26","29","cave_middle_2"
"level_14.xml","Background","22","30","cave_middle_2"
"level_14.xml","Background","23","30","cave_middle_2"
"level_14.xml","Background","24","30","cave_middle_2"
"level_14.xml","Background","25","30","cave_middle_2"
"level_15.xml","Terrain","72","2","grass_top_left"
"level_15.xml","Terrain","73","2","grass_top_middle_1"
"level_15.xml","Terrain","74","2","grass_top_right"
"level_15.xml","Terrain","8","3","grass_top_left"
"level_15.xml","Terrain","9","3","grass_top_middle_1"
"level_15.xml","Terrain","10","3","grass_top_right"
"level_15.xml","Terrain","71","3","grass_top_left"
"level_15.xml","Terrain","72","3","grass_overlap_left"
"level_15.xml","Terrain","73","3","earth_edge_middle_1"
"level_15.xml","Terrain","74","3","grass_overlap_right"
"level_15.xml","Terrain","75","3","grass_top_right"
"level_15.xml","Terrain","7","4","grass_top_left"
"level_15.xml","Terrain","8","4","grass_overlap_left"
"level_15.xml","Terrain","9","4","earth_edge_middle_1"
"level_15.xml","Terrain","10","4","grass_overlap_right"
"level_15.xml","Terrain","11","4","grass_top_right"
"level_15.xml","Terrain","71","4","earth_edge_left"
"level_15.xml","Terrain","72","4","earth_edge_middle_1"
"level_15.xml","Terrain","73","4","earth_edge_middle_1"
"level_15.xml","Terrain","74","4","earth_edge_middle_1"
"level_15.xml","Terrain","75","4","earth_edge_right"
"level_15.xml","Terrain","7","5","earth_edge_left"
"level_15.xml","Terrain","8","5","earth_edge_middle_1"
"level_15.xml","Terrain","9","5","earth_edge_middle_1"
"level_15.xml","Terrain","10","5","earth_edge_middle_1"
"level_15.xml","Terrain","11","5","earth_edge_right"
"level_15.xml","Terrain","71","5","earth_edge_left"
"level_15.xml","Terrain","72","5","earth_edge_middle_1"
"level_15.xml","Terrain","73","5","eartyh_bottom_middle"
"level_15.xml","Terrain","74","5","eartyh_bottom_middle"
"level_15.xml","Terrain","75","5","grass_overlap_right"
"level_15.xml","Terrain","76","5","grass_top_right"
"level_15.xml","Terrain","6","6","grass_top_left"
"level_15.xml","Terrain","7","6","grass_overlap_left"
"level_15.xml","Terrain","8","6","eartyh_bottom_middle"
"level_15.xml","Terrain","9","6","eartyh_bottom_middle"
"level_15.xml","Terrain","10","6","earth_edge_middle_1"
"level_15.xml","Terrain","11","6","earth_edge_right"
"level_15.xml","Terrain","71","6","earth_edge_left"
"level_15.xml","Terrain","72","6","earth_edge_right"
"level_15.xml","Terrain","75","6","earth_edge_left"
"level_15.xml","Terrain","76","6","earth_edge_right"
"level_15.xml","Terrain","6","7","earth_edge_left"
"level_15.xml","Terrain","7","7","earth_edge_right"
"level_15.xml","Terrain","10","7","earth_edge_left"
"level_15.xml","Terrain","11","7","earth_edge_right"
"level_15.xml","Terrain","71","7","earth_edge_left"
"level_15.xml","Terrain","72","7","earth_edge_right"
"level_15.xml","Terrain","75","7","earth_edge_left"
"level_15.xml","Terrain","76","7","earth_edge_right"
"level_15.xml","Terrain","6","8","earth_edge_left"
"level_15.xml","Terrain","7","8","earth_edge_right"
"level_15.xml","Terrain","10","8","earth_edge_left"
"level_15.xml","Terrain","11","8","earth_edge_right"
"level_15.xml","Terrain","71","8","earth_edge_left"
"level_15.xml","Terrain","72","8","grass_overlap_right"
"level_15.xml","Terrain","73","8","grass_row_middle"
"level_15.xml","Terrain","74","8","grass_row_middle"
"level_15.xml","Terrain","75","8","grass_overlap_left"
"level_15.xml","Terrain","76","8","earth_edge_right"
"level_15.xml","Terrain","6","9","earth_edge_left"
"level_15.xml","Terrain","7","9","grass_overlap_right"
"level_15.xml","Terrain","8","9","grass_row_middle"
"level_15.xml","Terrain","9","9","grass_row_middle"
"level_15.xml","Terrain","10","9","grass_overlap_left"
"level_15.xml","Terrain","11","9","earth_edge_right"
"level_15.xml","Terrain","20","9","grass_top_left"
"level_15.xml","Terrain","21","9","grass_top_middle_1"
"level_15.xml","Terrain","22","9","grass_top_right"
"level_15.xml","Terrain","42","9","grass_top_left"
"level_15.xml","Terrain","43","9","grass_top_middle_1"
"level_15.xml","Terrain","44","9","grass_top_right"
"level_15.xml","Terrain","64","9","grass_top_left"
"level_15.xml","Terrain","65","9","grass_top_right"
"level_15.xml","Terrain","71","9","earth_edge_left"
"level_15.xml","Terrain","72","9","earth_edge_right"
"level_15.xml","Terrain","75","9","earth_edge_left"
"level_15.xml","Terrain","76","9","grass_overlap_right"
"level_15.xml","Terrain","77","9","grass_top_right"
"level_15.xml","Terrain","6","10","earth_edge_left"
"level_15.xml","Terrain","7","10","earth_edge_right"
"level_15.xml","Terrain","10","10","earth_edge_left"
"level_15.xml","Terrain","11","10","earth_edge_right"
"level_15.xml","Terrain","20","10","earth_edge_left"
"level_15.xml","Terrain","21","10","earth_edge_middle_1"
"level_15.xml","Terrain","22","10","earth_edge_right"
"level_15.xml","Terrain","42","10","earth_edge_left"
"level_15.xml","Terrain","43","10","earth_edge_middle_1"
"level_15.xml","Terrain","44","10","earth_edge_right"
"level_15.xml","Terrain","64","10","earth_edge_left"
"level_15.xml","Terrain","65","10","earth_edge_right"
"level_15.xml","Terrain","71","10","earth_edge_left"
"level_15.xml","Terrain","72","10","earth_edge_right"
"level_15.xml","Terrain","75","10","earth_edge_left"
"level_15.xml","Terrain","76","10","earth_edge_middle_1"
"level_15.xml","Terrain","77","10","earth_edge_right"
"level_15.xml","Terrain","5","11","grass_top_left"
"level_15.xml","Terrain","6","11","grass_overlap_left"
"level_15.xml","Terrain","7","11","earth_edge_right"
"level_15.xml","Terrain","10","11","earth_edge_left"
"level_15.xml","Terrain","11","11","sand_overlap_right"
"level_15.xml","Terrain","12","11","blank_sand_top_right"
"level_15.xml","Terrain","20","11","earth_edge_left"
"level_15.xml","Terrain","21","11","earth_edge_middle_1"
"level_15.xml","Terrain","22","11","earth_edge_right"
"level_15.xml","Terrain","42","11","earth_edge_left"
"level_15.xml","Terrain","43","11","earth_edge_middle_1"
"level_15.xml","Terrain","44","11","grass_overlap_right"
"level_15.xml","Terrain","45","11","grass_top_middle_1"
"level_15.xml","Terrain","46","11","grass_top_right"
"level_15.xml","Terrain","64","11","earth_edge_left"
"level_15.xml","Terrain","65","11","grass_overlap_right"
"level_15.xml","Terrain","66","11","grass_top_middle_2"
"level_15.xml","Terrain","67","11","grass_top_right"
"level_15.xml","Terrain","70","11","grass_top_left"
"level_15.xml","Terrain","71","11","grass_overlap_left"
"level_15.xml","Terrain","72","11","grass_overlap_right"
"level_15.xml","Terrain","73","11","grass_top_middle_1"
"level_15.xml","Terrain","74","11","grass_top_middle_1"
"level_15.xml","Terrain","75","11","grass_overlap_left"
"level_15.xml","Terrain","76","11","earth_edge_middle_1"
"level_15.xml","Terrain","77","11","earth_edge_right"
"level_15.xml","Terrain","5","12","earth_edge_left"
"level_15.xml","Terrain","6","12","earth_edge_middle_1"
"level_15.xml","Terrain","7","12","grass_overlap_right"
"level_15.xml","Terrain","8","12","grass_top_middle_1"
"level_15.xml","Terrain","9","12","grass_top_middle_1"
"level_15.xml","Terrain","10","12","grass_overlap_left"
"level_15.xml","Terrain","11","12","earth_edge_middle_1"
"level_15.xml","Terrain","12","12","sand_overlap_right"
"level_15.xml","Terrain","13","12","shell_sand_top_right"
"level_15.xml","Terrain","20","12","earth_edge_left"
"level_15.xml","Terrain","21","12","earth_edge_middle_1"
"level_15.xml","Terrain","22","12","earth_edge_right"
"level_15.xml","Terrain","41","12","grass_top_left"
"level_15.xml","Terrain","42","12","grass_overlap_left"
"level_15.xml","Terrain","43","12","earth_edge_middle_1"
"level_15.xml","Terrain","44","12","earth_edge_middle_1"
"level_15.xml","Terrain","45","12","earth_edge_middle_1"
"level_15.xml","Terrain","46","12","earth_edge_right"
"level_15.xml","Terrain","64","12","earth_edge_left"
"level_15.xml","Terrain","65","12","earth_edge_middle_1"
"level_15.xml","Terrain","66","12","earth_edge_middle_1"
"level_15.xml","Terrain","67","12","earth_edge_right"
"level_15.xml","Terrain","70","12","earth_edge_left"
"level_15.xml","Terrain","71","12","earth_edge_middle_1"
"level_15.xml","Terrain","72","12","earth_edge_middle_1"
"level_15.xml","Terrain","73","12","earth_edge_middle_1"
"level_15.xml","Terrain","74","12","earth_edge_middle_1"
"level_15.xml","Terrain","75","12","earth_edge_middle_1"
"level_15.xml","Terrain","76","12","earth_edge_middle_1"
"level_15.xml","Terrain","77","12","sand_overlap_right"
"level_15.xml","Terrain","78","12","blank_sand_top_right"
"level_15.xml","Terrain","5","13","earth_edge_left"
"level_15.xml","Terrain","6","13","earth_edge_middle_1"
"level_15.xml","Terrain","7","13","earth_edge_middle_1"
"level_15.xml","Terrain","8","13","earth_edge_middle_1"
"level_15.xml","Terrain","9","13","earth_edge_middle_1"
"level_15.xml","Terrain","10","13","earth_edge_middle_1"
"level_15.xml","Terrain","11","13","earth_edge_middle_1"
"level_15.xml","Terrain","12","13","earth_edge_middle_1"
"level_15.xml","Terrain","13","13","earth_edge_right"
"level_15.xml","Terrain","18","13","blank_sand_top_left"
"level_15.xml","Terrain","19","13","shell_sand_middle_2"
"level_15.xml","Terrain","20","13","sand_overlap_left"
"level_15.xml","Terrain","21","13","earth_edge_middle_1"
"level_15.xml","Terrain","22","13","sand_overlap_right"
"level_15.xml","Terrain","23","13","blank_sand_middle_2"
"level_15.xml","Terrain","24","13","blank_sand_top_right"
"level_15.xml","Terrain","32","13","blank_sand_top_left"
"level_15.xml","Terrain","33","13","blank_sand_middle_1"
"level_15.xml","Terrain","34","13","shell_sand_middle_2"
"level_15.xml","Terrain","35","13","shell_sand_middle_2"
"level_15.xml","Terrain","36","13","blank_sand_middle_1"
"level_15.xml","Terrain","41","13","earth_edge_left"
"level_15.xml","Terrain","42","13","earth_edge_middle_1"
"level_15.xml","Terrain","43","13","earth_edge_middle_1"
"level_15.xml","Terrain","44","13","tile_ripple_middle"
"level_15.xml","Terrain","45","13","earth_edge_middle_1"
"level_15.xml","Terrain","46","13","earth_edge_right"
"level_15.xml","Terrain","59","13","blank_sand_top_left"
"level_15.xml","Terrain","60","13","shell_sand_middle_1"
"level_15.xml","Terrain","61","13","shell_sand_middle_2"
"level_15.xml","Terrain","62","13","blank_sand_middle_2"
"level_15.xml","Terrain","63","13","blank_sand_middle_2"
"level_15.xml","Terrain","64","13","sand_overlap_left"
"level_15.xml","Terrain","65","13","earth_edge_middle_1"
"level_15.xml","Terrain","66","13","earth_edge_middle_1"
"level_15.xml","Terrain","67","13","sand_overlap_right"
"level_15.xml","Terrain","68","13","shell_sand_middle_2"
"level_15.xml","Terrain","69","13","blank_sand_middle_2"
"level_15.xml","Terrain","70","13","sand_overlap_left"
"level_15.xml","Terrain","71","13","earth_edge_middle_1"
"level_15.xml","Terrain","72","13","earth_edge_middle_1"
"level_15.xml","Terrain","73","13","earth_edge_middle_1"
"level_15.xml","Terrain","74","13","earth_edge_middle_1"
"level_15.xml","Terrain","75","13","earth_edge_middle_1"
"level_15.xml","Terrain","76","13","earth_edge_middle_1"
"level_15.xml","Terrain","77","13","earth_edge_middle_1"
"level_15.xml","Terrain","78","13","earth_edge_middle_1"
"level_15.xml","Terrain","5","14","earth_edge_left"
"level_15.xml","Terrain","6","14","earth_edge_middle_1"
"level_15.xml","Terrain","7","14","earth_edge_middle_1"
"level_15.xml","Terrain","8","14","earth_edge_middle_1"
"level_15.xml","Terrain","9","14","earth_edge_middle_1"
"level_15.xml","Terrain","10","14","earth_edge_middle_1"
"level_15.xml","Terrain","11","14","earth_edge_middle_1"
"level_15.xml","Terrain","12","14","earth_edge_middle_1"
"level_15.xml","Terrain","13","14","sand_overlap_right"
"level_15.xml","Terrain","14","14","blank_sand_middle_1"
"level_15.xml","Terrain","15","14","shell_sand_middle_2"
"level_15.xml","Terrain","16","14","shell_sand_middle_1"
"level_15.xml","Terrain","17","14","blank_sand_middle_1"
"level_15.xml","Terrain","18","14","sand_overlap_left"
"level_15.xml","Terrain","19","14","earth_edge_middle_1"
"level_15.xml","Terrain","20","14","earth_edge_middle_1"
"level_15.xml","Terrain","21","14","earth_edge_middle_1"
"level_15.xml","Terrain","22","14","earth_edge_middle_1"
"level_15.xml","Terrain","23","14","earth_edge_middle_1"
"level_15.xml","Terrain","24","14","earth_edge_right"
"level_15.xml","Terrain","31","14","shell_sand_top_left"
"level_15.xml","Terrain","32","14","sand_overlap_left"
"level_15.xml","Terrain","33","14","earth_edge_middle_1"
"level_15.xml","Terrain","34","14","earth_edge_middle_1"
"level_15.xml","Terrain","35","14","earth_edge_middle_1"
"level_15.xml","Terrain","36","14","sand_overlap_right"
"level_15.xml","Terrain","37","14","shell_sand_top_right"
"level_15.xml","Terrain","41","14","earth_edge_left"
"level_15.xml","Terrain","42","14","earth_edge_middle_1"
"level_15.xml","Terrain","43","14","earth_edge_middle_1"
"level_15.xml","Terrain","44","14","earth_edge_middle_1"
"level_15.xml","Terrain","45","14","earth_edge_middle_1"
"level_15.xml","Terrain","46","14","sand_overlap_right"
"level_15.xml","Terrain","47","14","blank_sand_middle_1"
"level_15.xml","Terrain","48","14","shell_sand_middle_1"
"level_15.xml","Terrain","49","14","blank_sand_middle_1"
"level_15.xml","Terrain","50","14","blank_sand_middle_1"
"level_15.xml","Terrain","51","14","shell_sand_top_right"
"level_15.xml","Terrain","56","14","blank_sand_top_left"
"level_15.xml","Terrain","57","14","blank_sand_middle_2"
"level_15.xml","Terrain","58","14","blank_sand_middle_2"
"level_15.xml","Terrain","59","14","sand_overlap_left"
"level_15.xml","Terrain","60","14","earth_edge_middle_1"
"level_15.xml","Terrain","61","14","earth_edge_middle_1"
"level_15.xml","Terrain","62","14","earth_edge_middle_1"
"level_15.xml","Terrain","63","14","earth_edge_middle_1"
"level_15.xml","Terrain","64","14","earth_edge_middle_1"
"level_15.xml","Terrain","65","14","earth_edge_middle_1"
"level_15.xml","Terrain","66","14","earth_edge_middle_1"
"level_15.xml","Terrain","67","14","earth_edge_middle_1"
"level_15.xml","Terrain","68","14","earth_edge_middle_1"
"level_15.xml","Terrain","69","14","earth_edge_middle_1"
"level_15.xml","Terrain","70","14","earth_edge_middle_1"
"level_15.xml","Terrain","71","14","earth_edge_middle_1"
"level_15.xml","Terrain","72","14","earth_edge_middle_1"
"level_15.xml","Terrain","73","14","earth_edge_middle_1"
"level_15.xml","Terrain","74","14","earth_edge_middle_1"
"level_15.xml","Terrain","75","14","earth_edge_middle_1"
"level_15.xml","Terrain","76","14","earth_edge_middle_1"
"level_15.xml","Terrain","77","14","earth_edge_middle_1"
"level_15.xml","Terrain","78","14","sand_overlap_right"
"level_15.xml","Terrain","79","14","shell_sand_top_right"
"level_15.xml","Terrain","0","15","shell_sand_top_left"
"level_15.xml","Terrain","1","15","blank_sand_middle_1"
"level_15.xml","Terrain","2","15","shell_sand_middle_2"
"level_15.xml","Terrain","3","15","shell_sand_middle_1"
"level_15.xml","Terrain","4","15","blank_sand_middle_2"
"level_15.xml","Terrain","5","15","sand_overlap_left"
"level_15.xml","Terrain","6","15","earth_edge_middle_1"
"level_15.xml","Terrain","7","15","earth_edge_middle_1"
"level_15.xml","Terrain","8","15","earth_edge_middle_1"
"level_15.xml","Terrain","9","15","earth_edge_middle_1"
"level_15.xml","Terrain","10","15","earth_edge_middle_1"
"level_15.xml","Terrain","11","15","earth_edge_middle_1"
"level_15.xml","Terrain","12","15","earth_edge_middle_1"
"level_15.xml","Terrain","13","15","earth_edge_middle_1"
"level_15.xml","Terrain","14","15","earth_edge_middle_1"
"level_15.xml","Terrain","15","15","earth_edge_middle_1"
"level_15.xml","Terrain","16","15","earth_edge_middle_1"
"level_15.xml","Terrain","17","15","earth_edge_middle_1"
"level_15.xml","Terrain","18","15","earth_edge_middle_1"
"level_15.xml","Terrain","19","15","earth_edge_middle_1"
"level_15.xml","Terrain","20","15","earth_edge_middle_1"
"level_15.xml","Terrain","21","15","earth_edge_middle_1"
"level_15.xml","Terrain","22","15","earth_edge_middle_1"
"level_15.xml","Terrain","23","15","earth_edge_middle_1"
"level_15.xml","Terrain","24","15","sand_overlap_right"
"level_15.xml","Terrain","25","15","blank_sand_middle_1"
"level_15.xml","Terrain","26","15","blank_sand_middle_1"
"level_15.xml","Terrain","27","15","shell_sand_middle_1"
"level_15.xml","Terrain","28","15","shell_sand_middle_2"
"level_15.xml","Terrain","29","15","blank_sand_middle_1"
"level_15.xml","Terrain","30","15","blank_sand_middle_1"
"level_15.xml","Terrain","31","15","sand_overlap_left"
"level_15.xml","Terrain","32","15","earth_edge_middle_1"
"level_15.xml","Terrain","33","15","earth_edge_middle_1"
"level_15.xml","Terrain","34","15","earth_edge_middle_1"
"level_15.xml","Terrain","35","15","earth_edge_middle_1"
"level_15.xml","Terrain","36","15","earth_edge_middle_1"
"level_15.xml","Terrain","37","15","sand_overlap_right"
"level_15.xml","Terrain","38","15","blank_sand_middle_1"
"level_15.xml","Terrain","39","15","shell_sand_middle_1"
"level_15.xml","Terrain","40","15","blank_sand_middle_1"
"level_15.xml","Terrain","41","15","sand_overlap_left"
"level_15.xml","Terrain","42","15","earth_edge_middle_1"
"level_15.xml","Terrain","43","15","earth_edge_middle_1"
"level_15.xml","Terrain","44","15","earth_edge_middle_1"
"level_15.xml","Terrain","45","15","earth_edge_middle_1"
"level_15.xml","Terrain","46","15","earth_edge_middle_1"
"level_15.xml","Terrain","47","15","earth_edge_middle_1"
"level_15.xml","Terrain","48","15","earth_edge_middle_1"
"level_15.xml","Terrain","49","15","earth_edge_middle_1"
"level_15.xml","Terrain","50","15","earth_edge_middle_1"
"level_15.xml","Terrain","51","15","sand_overlap_right"
"level_15.xml","Terrain","52","15","blank_sand_middle_1"
"level_15.xml","Terrain","53","15","shell_sand_middle_2"
"level_15.xml","Terrain","54","15","shell_sand_middle_1"
"level_15.xml","Terrain","55","15","blank_sand_middle_1"
"level_15.xml","Terrain","56","15","sand_overlap_left"
"level_15.xml","Terrain","57","15","earth_edge_middle_1"
"level_15.xml","Terrain","58","15","earth_edge_middle_1"
"level_15.xml","Terrain","59","15","earth_edge_middle_1"
"level_15.xml","Terrain","60","15","earth_edge_middle_1"
"level_15.xml","Terrain","61","15","earth_edge_middle_1"
"level_15.xml","Terrain","62","15","earth_edge_middle_1"
"level_15.xml","Terrain","63","15","earth_edge_middle_1"
"level_15.xml","Terrain","64","15","earth_edge_middle_1"
"level_15.xml","Terrain","65","15","earth_edge_middle_1"
"level_15.xml","Terrain","66","15","earth_edge_middle_1"
"level_15.xml","Terrain","67","15","earth_edge_middle_1"
"level_15.xml","Terrain","68","15","earth_edge_middle_1"
"level_15.xml","Terrain","69","15","earth_edge_middle_1"
"level_15.xml","Terrain","70","15","earth_edge_middle_1"
"level_15.xml","Terrain","71","15","earth_edge_middle_1"
"level_15.xml","Terrain","72","15","earth_edge_middle_1"
"level_15.xml","Terrain","73","15","earth_edge_middle_1"
"level_15.xml","Terrain","74","15","earth_edge_middle_1"
"level_15.xml","Terrain","75","15","earth_edge_middle_1"
"level_15.xml","Terrain","76","15","earth_edge_middle_1"
"level_15.xml","Terrain","77","15","earth_edge_middle_1"
"level_15.xml","Terrain","78","15","earth_edge_middle_1"
"level_15.xml","Terrain","79","15","sand_overlap_right"
"level_15.xml","Terrain","80","15","blank_sand_middle_1"
"level_15.xml","Terrain","81","15","blank_sand_middle_1"
"level_15.xml","Terrain","82","15","shell_sand_middle_1"
"level_15.xml","Terrain","83","15","shell_sand_middle_2"
"level_15.xml","Terrain","84","15","blank_sand_middle_1"
"level_15.xml","Terrain","85","15","blank_sand_top_right"
"level_15.xml","Terrain","0","16","earth_edge_left"
"level_15.xml","Terrain","1","16","earth_edge_middle_1"
"level_15.xml","Terrain","2","16","earth_edge_middle_1"
"level_15.xml","Terrain","3","16","earth_edge_middle_1"
"level_15.xml","Terrain","4","16","earth_edge_middle_1"
"level_15.xml","Terrain","5","16","earth_edge_middle_1"
"level_15.xml","Terrain","6","16","earth_edge_middle_1"
"level_15.xml","Terrain","7","16","earth_edge_middle_1"
"level_15.xml","Terrain","8","16","earth_edge_middle_1"
"level_15.xml","Terrain","9","16","earth_edge_middle_1"
"level_15.xml","Terrain","10","16","earth_edge_middle_1"
"level_15.xml","Terrain","11","16","earth_edge_middle_1"
"level_15.xml","Terrain","12","16","earth_edge_middle_1"
"level_15.xml","Terrain","13","16","earth_edge_middle_1"
"level_15.xml","Terrain","14","16","earth_edge_middle_1"
"level_15.xml","Terrain","15","16","earth_edge_middle_1"
"level_15.xml","Terrain","16","16","earth_edge_middle_1"
"level_15.xml","Terrain","17","16","earth_edge_middle_1"
"level_15.xml","Terrain","18","16","earth_edge_middle_1"
"level_15.xml","Terrain","19","16","earth_edge_middle_1"
"level_15.xml","Terrain","20","16","earth_edge_middle_1"
"level_15.xml","Terrain","21","16","earth_edge_middle_1"
"level_15.xml","Terrain","22","16","earth_edge_middle_1"
"level_15.xml","Terrain","23","16","earth_edge_middle_1"
"level_15.xml","Terrain","24","16","earth_edge_middle_1"
"level_15.xml","Terrain","25","16","earth_edge_middle_1"
"level_15.xml","Terrain","26","16","earth_edge_middle_1"
"level_15.xml","Terrain","27","16","earth_edge_middle_1"
"level_15.xml","Terrain","28","16","earth_edge_middle_1"
"level_15.xml","Terrain","29","16","earth_edge_middle_1"
"level_15.xml","Terrain","30","16","earth_edge_middle_1"
"level_15.xml","Terrain","31","16","earth_edge_middle_1"
"level_15.xml","Terrain","32","16","earth_edge_middle_1"
"level_15.xml","Terrain","33","16","earth_edge_middle_1"
"level_15.xml","Terrain","34","16","earth_edge_middle_1"
"level_15.xml","Terrain","35","16","earth_edge_middle_1"
"level_15.xml","Terrain","36","16","earth_edge_middle_1"
"level_15.xml","Terrain","37","16","earth_edge_middle_1"
"level_15.xml","Terrain","38","16","earth_edge_middle_1"
"level_15.xml","Terrain","39","16","earth_edge_middle_1"
"level_15.xml","Terrain","40","16","earth_edge_middle_1"
"level_15.xml","Terrain","41","16","earth_edge_middle_1"
"level_15.xml","Terrain","42","16","earth_edge_middle_1"
"level_15.xml","Terrain","43","16","earth_edge_middle_1"
"level_15.xml","Terrain","44","16","earth_edge_middle_1"
"level_15.xml","Terrain","45","16","earth_edge_middle_1"
"level_15.xml","Terrain","46","16","earth_edge_middle_1"
"level_15.xml","Terrain","47","16","earth_edge_middle_1"
"level_15.xml","Terrain","48","16","earth_edge_middle_1"
"level_15.xml","Terrain","49","16","earth_edge_middle_1"
"level_15.xml","Terrain","50","16","earth_edge_middle_1"
"level_15.xml","Terrain","51","16","earth_edge_middle_1"
"level_15.xml","Terrain","52","16","earth_edge_middle_1"
"level_15.xml","Terrain","53","16","earth_edge_middle_1"
"level_15.xml","Terrain","54","16","earth_edge_middle_1"
"level_15.xml","Terrain","55","16","earth_edge_middle_1"
"level_15.xml","Terrain","56","16","earth_edge_middle_1"
"level_15.xml","Terrain","57","16","earth_edge_middle_1"
"level_15.xml","Terrain","58","16","earth_edge_middle_1"
"level_15.xml","Terrain","59","16","earth_edge_middle_1"
"level_15.xml","Terrain","60","16","earth_edge_middle_1"
"level_15.xml","Terrain","61","16","earth_edge_middle_1"
"level_15.xml","Terrain","62","16","earth_edge_middle_1"
"level_15.xml","Terrain","63","16","earth_edge_middle_1"
"level_15.xml","Terrain","64","16","earth_edge_middle_1"
"level_15.xml","Terrain","65","16","earth_edge_middle_1"
"level_15.xml","Terrain","66","16","earth_edge_middle_1"
"level_15.xml","Terrain","67","16","earth_edge_middle_1"
"level_15.xml","Terrain","68","16","earth_edge_middle_1"
"level_15.xml","Terrain","69","16","earth_edge_middle_1"
"level_15.xml","Terrain","70","16","earth_edge_middle_1"
"level_15.xml","Terrain","71","16","earth_edge_middle_1"
"level_15.xml","Terrain","72","16","earth_edge_middle_1"
"level_15.xml","Terrain","73","16","earth_edge_middle_1"
"level_15.xml","Terrain","74","16","earth_edge_middle_1"
"level_15.xml","Terrain","75","16","earth_edge_middle_1"
"level_15.xml","Terrain","76","16","earth_edge_middle_1"
"level_15.xml","Terrain","77","16","earth_edge_middle_1"
"level_15.xml","Terrain","78","16","earth_edge_middle_1"
"level_15.xml","Terrain","79","16","earth_edge_middle_1"
"level_15.xml","Terrain","80","16","earth_edge_middle_1"
"level_15.xml","Terrain","81","16","earth_edge_middle_1"
"level_15.xml","Terrain","82","16","earth_edge_middle_1"
"level_15.xml","Terrain","83","16","earth_edge_middle_1"
"level_15.xml","Terrain","84","16","earth_edge_middle_1"
"level_15.xml","Terrain","85","16","earth_edge_right"
"level_15.xml","Terrain","0","17","tile_ripple_left"
"level_15.xml","Terrain","1","17","tile_ripple_middle"
"level_15.xml","Terrain","2","17","tile_ripple_middle"
"level_15.xml","Terrain","3","17","tile_ripple_middle"
"level_15.xml","Terrain","4","17","tile_ripple_middle"
"level_15.xml","Terrain","5","17","tile_ripple_middle"
"level_15.xml","Terrain","6","17","tile_ripple_middle"
"level_15.xml","Terrain","7","17","tile_ripple_middle"
"level_15.xml","Terrain","8","17","tile_ripple_middle"
"level_15.xml","Terrain","9","17","tile_ripple_middle"
"level_15.xml","Terrain","10","17","tile_ripple_middle"
"level_15.xml","Terrain","11","17","tile_ripple_middle"
"level_15.xml","Terrain","12","17","tile_ripple_middle"
"level_15.xml","Terrain","13","17","tile_ripple_middle"
"level_15.xml","Terrain","14","17","tile_ripple_middle"
"level_15.xml","Terrain","15","17","tile_ripple_middle"
"level_15.xml","Terrain","16","17","tile_ripple_middle"
"level_15.xml","Terrain","17","17","tile_ripple_middle"
"level_15.xml","Terrain","18","17","tile_ripple_middle"
"level_15.xml","Terrain","19","17","tile_ripple_middle"
"level_15.xml","Terrain","20","17","tile_ripple_middle"
"level_15.xml","Terrain","21","17","tile_ripple_middle"
"level_15.xml","Terrain","22","17","tile_ripple_middle"
"level_15.xml","Terrain","23","17","tile_ripple_middle"
"level_15.xml","Terrain","24","17","tile_ripple_middle"
"level_15.xml","Terrain","25","17","tile_ripple_middle"
"level_15.xml","Terrain","26","17","tile_ripple_middle"
"level_15.xml","Terrain","27","17","tile_ripple_middle"
"level_15.xml","Terrain","28","17","tile_ripple_middle"
"level_15.xml","Terrain","29","17","tile_ripple_middle"
"level_15.xml","Terrain","30","17","tile_ripple_middle"
"level_15.xml","Terrain","31","17","tile_ripple_middle"
"level_15.xml","Terrain","32","17","tile_ripple_middle"
"level_15.xml","Terrain","33","17","tile_ripple_middle"
"level_15.xml","Terrain","34","17","tile_ripple_middle"
"level_15.xml","Terrain","35","17","tile_ripple_middle"
"level_15.xml","Terrain","36","17","tile_ripple_middle"
"level_15.xml","Terrain","37","17","tile_ripple_middle"
"level_15.xml","Terrain","38","17","tile_ripple_middle"
"level_15.xml","Terrain","39","17","tile_ripple_middle"
"level_15.xml","Terrain","40","17","tile_ripple_middle"
"level_15.xml","Terrain","41","17","tile_ripple_middle"
"level_15.xml","Terrain","42","17","tile_ripple_middle"
"level_15.xml","Terrain","43","17","tile_ripple_middle"
"level_15.xml","Terrain","44","17","tile_ripple_middle"
"level_15.xml","Terrain","45","17","tile_ripple_middle"
"level_15.xml","Terrain","46","17","tile_ripple_middle"
"level_15.xml","Terrain","47","17","tile_ripple_middle"
"level_15.xml","Terrain","48","17","tile_ripple_middle"
"level_15.xml","Terrain","49","17","tile_ripple_middle"
"level_15.xml","Terrain","50","17","tile_ripple_middle"
"level_15.xml","Terrain","51","17","tile_ripple_middle"
"level_15.xml","Terrain","52","17","tile_ripple_middle"
"level_15.xml","Terrain","53","17","tile_ripple_middle"
"level_15.xml","Terrain","54","17","tile_ripple_middle"
"level_15.xml","Terrain","55","17","tile_ripple_middle"
"level_15.xml","Terrain","56","17","tile_ripple_middle"
"level_15.xml","Terrain","57","17","tile_ripple_middle"
"level_15.xml","Terrain","58","17","tile_ripple_middle"
"level_15.xml","Terrain","59","17","tile_ripple_middle"
"level_15.xml","Terrain","60","17","tile_ripple_middle"
"level_15.xml","Terrain","61","17","tile_ripple_middle"
"level_15.xml","Terrain","62","17","tile_ripple_middle"
"level_15.xml","Terrain","63","17","tile_ripple_middle"
"level_15.xml","Terrain","64","17","tile_ripple_middle"
"level_15.xml","Terrain","65","17","tile_ripple_middle"
"level_15.xml","Terrain","66","17","tile_ripple_middle"
"level_15.xml","Terrain","67","17","tile_ripple_middle"
"level_15.xml","Terrain","68","17","tile_ripple_middle"
"level_15.xml","Terrain","69","17","tile_ripple_middle"
"level_15.xml","Terrain","70","17","tile_ripple_middle"
"level_15.xml","Terrain","71","17","tile_ripple_middle"
"level_15.xml","Terrain","72","17","tile_ripple_middle"
"level_15.xml","Terrain","73","17","tile_ripple_middle"
"level_15.xml","Terrain","74","17","tile_ripple_middle"
"level_15.xml","Terrain","75","17","tile_ripple_middle"
"level_15.xml","Terrain","76","17","tile_ripple_middle"
"level_15.xml","Terrain","77","17","tile_ripple_middle"
"level_15.xml","Terrain","78","17","tile_ripple_middle"
"level_15.xml","Terrain","79","17","tile_ripple_middle"
"level_15.xml","Terrain","80","17","tile_ripple_middle"
"level_15.xml","Terrain","81","17","tile_ripple_middle"
"level_15.xml","Terrain","82","17","tile_ripple_middle"
"level_15.xml","Terrain","83","17","tile_ripple_middle"
"level_15.xml","Terrain","84","17","tile_ripple_middle"
"level_15.xml","Terrain","85","17","tile_ripple_right"
"level_15.xml","Terrain","0","18","tile_ripple_left"
"level_15.xml","Terrain","1","18","tile_ripple_middle"
"level_15.xml","Terrain","2","18","tile_ripple_middle"
"level_15.xml","Terrain","3","18","tile_ripple_middle"
"level_15.xml","Terrain","4","18","tile_ripple_middle"
"level_15.xml","Terrain","5","18","tile_ripple_middle"
"level_15.xml","Terrain","6","18","tile_ripple_middle"
"level_15.xml","Terrain","7","18","tile_ripple_middle"
"level_15.xml","Terrain","8","18","tile_ripple_middle"
"level_15.xml","Terrain","9","18","tile_ripple_middle"
"level_15.xml","Terrain","10","18","tile_ripple_middle"
"level_15.xml","Terrain","11","18","tile_ripple_middle"
"level_15.xml","Terrain","12","18","tile_ripple_middle"
"level_15.xml","Terrain","13","18","tile_ripple_middle"
"level_15.xml","Terrain","14","18","tile_ripple_middle"
"level_15.xml","Terrain","15","18","tile_ripple_middle"
"level_15.xml","Terrain","16","18","tile_ripple_middle"
"level_15.xml","Terrain","17","18","tile_ripple_middle"
"level_15.xml","Terrain","18","18","tile_ripple_middle"
"level_15.xml","Terrain","19","18","tile_ripple_middle"
"level_15.xml","Terrain","20","18","tile_ripple_middle"
"level_15.xml","Terrain","21","18","tile_ripple_middle"
"level_15.xml","Terrain","22","18","tile_ripple_middle"
"level_15.xml","Terrain","23","18","tile_ripple_middle"
"level_15.xml","Terrain","24","18","tile_ripple_middle"
"level_15.xml","Terrain","25","18","tile_ripple_middle"
"level_15.xml","Terrain","26","18","tile_ripple_middle"
"level_15.xml","Terrain","27","18","tile_ripple_middle"
"level_15.xml","Terrain","28","18","tile_ripple_middle"
"level_15.xml","Terrain","29","18","tile_ripple_middle"
"level_15.xml","Terrain","30","18","tile_ripple_middle"
"level_15.xml","Terrain","31","18","tile_ripple_middle"
"level_15.xml","Terrain","32","18","tile_ripple_middle"
"level_15.xml","Terrain","33","18","tile_ripple_middle"
"level_15.xml","Terrain","34","18","tile_ripple_middle"
"level_15.xml","Terrain","35","18","tile_ripple_middle"
"level_15.xml","Terrain","36","18","tile_ripple_middle"
"level_15.xml","Terrain","37","18","tile_ripple_middle"
"level_15.xml","Terrain","38","18","tile_ripple_middle"
"level_15.xml","Terrain","39","18","tile_ripple_middle"
"level_15.xml","Terrain","40","18","tile_ripple_middle"
"level_15.xml","Terrain","41","18","tile_ripple_middle"
"level_15.xml","Terrain","42","18","tile_ripple_middle"
"level_15.xml","Terrain","43","18","tile_ripple_middle"
"level_15.xml","Terrain","44","18","tile_ripple_middle"
"level_15.xml","Terrain","45","18","tile_ripple_middle"
"level_15.xml","Terrain","46","18","tile_ripple_middle"
"level_15.xml","Terrain","47","18","tile_ripple_middle"
"level_15.xml","Terrain","48","18","tile_ripple_middle"
"level_15.xml","Terrain","49","18","tile_ripple_middle"
"level_15.xml","Terrain","50","18","tile_ripple_middle"
"level_15.xml","Terrain","51","18","tile_ripple_middle"
"level_15.xml","Terrain","52","18","tile_ripple_middle"
"level_15.xml","Terrain","53","18","tile_ripple_middle"
"level_15.xml","Terrain","54","18","tile_ripple_middle"
"level_15.xml","Terrain","55","18","tile_ripple_middle"
"level_15.xml","Terrain","56","18","tile_ripple_middle"
"level_15.xml","Terrain","57","18","tile_ripple_middle"
"level_15.xml","Terrain","58","18","tile_ripple_middle"
"level_15.xml","Terrain","59","18","tile_ripple_middle"
"level_15.xml","Terrain","60","18","tile_ripple_middle"
"level_15.xml","Terrain","61","18","tile_ripple_middle"
"level_15.xml","Terrain","62","18","tile_ripple_middle"
"level_15.xml","Terrain","63","18","tile_ripple_middle"
"level_15.xml","Terrain","64","18","tile_ripple_middle"
"level_15.xml","Terrain","65","18","tile_ripple_middle"
"level_15.xml","Terrain","66","18","tile_ripple_middle"
"level_15.xml","Terrain","67","18","tile_ripple_middle"
"level_15.xml","Terrain","68","18","tile_ripple_middle"
"level_15.xml","Terrain","69","18","tile_ripple_middle"
"level_15.xml","Terrain","70","18","tile_ripple_middle"
"level_15.xml","Terrain","71","18","tile_ripple_middle"
"level_15.xml","Terrain","72","18","tile_ripple_middle"
"level_15.xml","Terrain","73","18","tile_ripple_middle"
"level_15.xml","Terrain","74","18","tile_ripple_middle"
"level_15.xml","Terrain","75","18","tile_ripple_middle"
"level_15.xml","Terrain","76","18","tile_ripple_middle"
"level_15.xml","Terrain","77","18","tile_ripple_middle"
"level_15.xml","Terrain","78","18","tile_ripple_middle"
"level_15.xml","Terrain","79","18","tile_ripple_middle"
"level_15.xml","Terrain","80","18","tile_ripple_middle"
"level_15.xml","Terrain","81","18","tile_ripple_middle"
"level_15.xml","Terrain","82","18","tile_ripple_middle"
"level_15.xml","Terrain","83","18","tile_ripple_middle"
"level_15.xml","Terrain","84","18","tile_ripple_middle"
"level_15.xml","Terrain","85","18","tile_ripple_right"
"level_15.xml","Terrain","0","19","tile_ripple_left"
"level_15.xml","Terrain","1","19","tile_ripple_middle"
"level_15.xml","Terrain","2","19","tile_ripple_middle"
"level_15.xml","Terrain","3","19","tile_ripple_middle"
"level_15.xml","Terrain","4","19","tile_ripple_middle"
"level_15.xml","Terrain","5","19","tile_ripple_middle"
"level_15.xml","Terrain","6","19","tile_ripple_middle"
"level_15.xml","Terrain","7","19","tile_ripple_middle"
"level_15.xml","Terrain","8","19","tile_ripple_middle"
"level_15.xml","Terrain","9","19","tile_ripple_middle"
"level_15.xml","Terrain","10","19","tile_ripple_middle"
"level_15.xml","Terrain","11","19","tile_ripple_middle"
"level_15.xml","Terrain","12","19","tile_ripple_middle"
"level_15.xml","Terrain","13","19","tile_ripple_middle"
"level_15.xml","Terrain","14","19","tile_ripple_middle"
"level_15.xml","Terrain","15","19","tile_ripple_middle"
"level_15.xml","Terrain","16","19","tile_ripple_middle"
"level_15.xml","Terrain","17","19","tile_ripple_middle"
"level_15.xml","Terrain","18","19","tile_ripple_middle"
"level_15.xml","Terrain","19","19","tile_ripple_middle"
"level_15.xml","Terrain","20","19","tile_ripple_middle"
"level_15.xml","Terrain","21","19","tile_ripple_middle"
"level_15.xml","Terrain","22","19","tile_ripple_middle"
"level_15.xml","Terrain","23","19","tile_ripple_middle"
"level_15.xml","Terrain","24","19","tile_ripple_middle"
"level_15.xml","Terrain","25","19","tile_ripple_middle"
"level_15.xml","Terrain","26","19","tile_ripple_middle"
"level_15.xml","Terrain","27","19","tile_ripple_middle"
"level_15.xml","Terrain","28","19","tile_ripple_middle"
"level_15.xml","Terrain","29","19","tile_ripple_middle"
"level_15.xml","Terrain","30","19","tile_ripple_middle"
"level_15.xml","Terrain","31","19","tile_ripple_middle"
"level_15.xml","Terrain","32","19","tile_ripple_middle"
"level_15.xml","Terrain","33","19","tile_ripple_middle"
"level_15.xml","Terrain","34","19","tile_ripple_middle"
"level_15.xml","Terrain","35","19","tile_ripple_middle"
"level_15.xml","Terrain","36","19","tile_ripple_middle"
"level_15.xml","Terrain","37","19","tile_ripple_middle"
"level_15.xml","Terrain","38","19","tile_ripple_middle"
"level_15.xml","Terrain","39","19","tile_ripple_middle"
"level_15.xml","Terrain","40","19","tile_ripple_middle"
"level_15.xml","Terrain","41","19","tile_ripple_middle"
"level_15.xml","Terrain","42","19","tile_ripple_middle"
"level_15.xml","Terrain","43","19","tile_ripple_middle"
"level_15.xml","Terrain","44","19","tile_ripple_middle"
"level_15.xml","Terrain","45","19","tile_ripple_middle"
"level_15.xml","Terrain","46","19","tile_ripple_middle"
"level_15.xml","Terrain","47","19","tile_ripple_middle"
"level_15.xml","Terrain","48","19","tile_ripple_middle"
"level_15.xml","Terrain","49","19","tile_ripple_middle"
"level_15.xml","Terrain","50","19","tile_ripple_middle"
"level_15.xml","Terrain","51","19","tile_ripple_middle"
"level_15.xml","Terrain","52","19","tile_ripple_middle"
"level_15.xml","Terrain","53","19","tile_ripple_middle"
"level_15.xml","Terrain","54","19","tile_ripple_middle"
"level_15.xml","Terrain","55","19","tile_ripple_middle"
"level_15.xml","Terrain","56","19","tile_ripple_middle"
"level_15.xml","Terrain","57","19","tile_ripple_middle"
"level_15.xml","Terrain","58","19","tile_ripple_middle"
"level_15.xml","Terrain","59","19","tile_ripple_middle"
"level_15.xml","Terrain","60","19","tile_ripple_middle"
"level_15.xml","Terrain","61","19","tile_ripple_middle"
"level_15.xml","Terrain","62","19","tile_ripple_middle"
"level_15.xml","Terrain","63","19","tile_ripple_middle"
"level_15.xml","Terrain","64","19","tile_ripple_middle"
"level_15.xml","Terrain","65","19","tile_ripple_middle"
"level_15.xml","Terrain","66","19","tile_ripple_middle"
"level_15.xml","Terrain","67","19","tile_ripple_middle"
"level_15.xml","Terrain","68","19","tile_ripple_middle"
"level_15.xml","Terrain","69","19","tile_ripple_middle"
"level_15.xml","Terrain","70","19","tile_ripple_middle"
"level_15.xml","Terrain","71","19","tile_ripple_middle"
"level_15.xml","Terrain","72","19","tile_ripple_middle"
"level_15.xml","Terrain","73","19","tile_ripple_middle"
"level_15.xml","Terrain","74","19","tile_ripple_middle"
"level_15.xml","Terrain","75","19","tile_ripple_middle"
"level_15.xml","Terrain","76","19","tile_ripple_middle"
"level_15.xml","Terrain","77","19","tile_ripple_middle"
"level_15.xml","Terrain","78","19","tile_ripple_middle"
"level_15.xml","Terrain","79","19","tile_ripple_middle"
"level_15.xml","Terrain","80","19","tile_ripple_middle"
"level_15.xml","Terrain","81","19","tile_ripple_middle"
"level_15.xml","Terrain","82","19","tile_ripple_middle"
"level_15.xml","Terrain","83","19","tile_ripple_middle"
"level_15.xml","Terrain","84","19","tile_ripple_middle"
"level_15.xml","Terrain","85","19","tile_ripple_right"
"level_15.xml","Background","71","0","antichest"
"level_15.xml","Background","72","0","antichest"
"level_15.xml","Background","73","0","antichest"
"level_15.xml","Background","74","0","antichest"
"level_15.xml","Background","75","0","antichest"
"level_15.xml","Background","76","0","antichest"
"level_15.xml","Background","6","1","antichest"
"level_15.xml","Background","7","1","antichest"
"level_15.xml","Background","8","1","antichest"
"level_15.xml","Background","9","1","antichest"
"level_15.xml","Background","10","1","antichest"
"level_15.xml","Background","11","1","antichest"
"level_15.xml","Background","72","1","grass"
"level_15.xml","Background","73","1","small_tree"
"level_15.xml","Background","74","1","grass"
"level_15.xml","Background","9","2","small_tree"
"level_15.xml","Background","10","2","grass"
"level_15.xml","Background","75","2","grass"
"level_15.xml","Background","7","3","grass"
"level_15.xml","Background","11","3","grass"
"level_15.xml","Background","76","4","big_tree"
"level_15.xml","Background","6","5","big_tree"
"level_15.xml","Background","72","5","cave_middle_2"
"level_15.xml","Background","73","5","cave_middle_2"
"level_15.xml","Background","74","5","cave_middle_2"
"level_15.xml","Background","75","5","cave_middle_2"
"level_15.xml","Background","7","6","cave_middle_1"
"level_15.xml","Background","8","6","cave_middle_1"
"level_15.xml","Background","9","6","cave_middle_1"
"level_15.xml","Background","10","6","cave_middle_1"
"level_15.xml","Background","72","6","cave_middle_2"
"level_15.xml","Background","73","6","cave_torch"
"level_15.xml","Background","75","6","cave_middle_2"
"level_15.xml","Background","7","7","cave_middle_1"
"level_15.xml","Background","8","7","cave_torch"
"level_15.xml","Background","10","7","cave_middle_1"
"level_15.xml","Background","72","7","cave_middle_2"
"level_15.xml","Background","75","7","cave_middle_2"
"level_15.xml","Background","77","7","antichest"
"level_15.xml","Background","7","8","cave_middle_1"
"level_15.xml","Background","10","8","cave_middle_1"
"level_15.xml","Background","21","8","grass"
"level_15.xml","Background","22","8","big_tree"
"level_15.xml","Background","42","8","grass"
"level_15.xml","Background","43","8","grass"
"level_15.xml","Background","44","8","small_tree"
"level_15.xml","Background","64","8","grass"
"level_15.xml","Background","65","8","big_tree"
"level_15.xml","Background","72","8","cave_middle_2"
"level_15.xml","Background","73","8","cave_middle_2"
"level_15.xml","Background","74","8","cave_middle_2"
"level_15.xml","Background","75","8","cave_middle_2"
"level_15.xml","Background","77","8","grass"
"level_15.xml","Background","5","9","antichest"
"level_15.xml","Background","7","9","cave_middle_1"
"level_15.xml","Background","8","9","cave_middle_1"
"level_15.xml","Background","9","9","cave_middle_1"
"level_15.xml","Background","10","9","cave_middle_1"
"level_15.xml","Background","72","9","cave_middle_2"
"level_15.xml","Background","73","9","cave_torch"
"level_15.xml","Background","75","9","cave_middle_2"
"level_15.xml","Background","5","10","grass"
"level_15.xml","Background","7","10","cave_middle_1"
"level_15.xml","Background","8","10","cave_torch"
"level_15.xml","Background","10","10","cave_middle_1"
"level_15.xml","Background","45","10","big_tree"
"level_15.xml","Background","66","10","grass"
"level_15.xml","Background","67","10","small_tree"
"level_15.xml","Background","70","10","grass"
"level_15.xml","Background","72","10","cave_middle_2"
"level_15.xml","Background","75","10","cave_middle_2"
"level_15.xml","Background","78","10","antichest"
"level_15.xml","Background","7","11","cave_middle_1"
"level_15.xml","Background","10","11","cave_middle_1"
"level_15.xml","Background","41","11","grass"
"level_15.xml","Background","72","11","cave_middle_2"
"level_15.xml","Background","73","11","cave_middle_2"
"level_15.xml","Background","74","11","cave_middle_2"
"level_15.xml","Background","75","11","cave_middle_2"
"level_15.xml","Background","7","12","cave_middle_1"
"level_15.xml","Background","8","12","cave_middle_1"
"level_15.xml","Background","9","12","cave_middle_1"
"level_15.xml","Background","10","12","cave_middle_1"
"level_15.xml","Background","23","12","rock_3"
"level_15.xml","Background","24","12","rock_2"
"level_15.xml","Background","33","12","clam"
"level_15.xml","Background","36","12","rock_3"
"level_15.xml","Background","61","12","rock_2"
"level_15.xml","Background","62","12","rock_1"
"level_15.xml","Background","63","12","big_shell"
"level_15.xml","Background","68","12","rock_3"
"level_15.xml","Background","69","12","clam"
"level_15.xml","Background","79","12","antichest"
"level_15.xml","Background","0","13","antichest"
"level_15.xml","Background","1","13","antichest"
"level_15.xml","Background","2","13","antichest"
"level_15.xml","Background","3","13","antichest"
"level_15.xml","Background","4","13","antichest"
"level_15.xml","Background","16","13","big_shell"
"level_15.xml","Background","17","13","rock_3"
"level_15.xml","Background","49","13","rock_1"
"level_15.xml","Background","50","13","big_shell"
"level_15.xml","Background","51","13","rock_3"
"level_15.xml","Background","57","13","clam"
"level_15.xml","Background","79","13","rock_3"
"level_15.xml","Background","80","13","antichest"
"level_15.xml","Background","81","13","antichest"
"level_15.xml","Background","82","13","antichest"
"level_15.xml","Background","83","13","antichest"
"level_15.xml","Background","84","13","antichest"
"level_15.xml","Background","85","13","antichest"
"level_15.xml","Background","2","14","clam"
"level_15.xml","Background","3","14","rock_1"
"level_15.xml","Background","4","14","rock_2"
"level_15.xml","Background","25","14","rock_1"
"level_15.xml","Background","38","14","big_shell"
"level_15.xml","Background","81","14","big_shell"
"level_15.xml","Background","82","14","rock_1"
"level_16.xml","Terrain","23","4","grass_top_left"
"level_16.xml","Terrain","24","4","grass_top_middle_1"
"level_16.xml","Terrain","25","4","grass_top_middle_1"
"level_16.xml","Terrain","26","4","grass_top_middle_1"
"level_16.xml","Terrain","27","4","grass_top_middle_1"
"level_16.xml","Terrain","28","4","grass_top_right"
"level_16.xml","Terrain","32","4","grass_top_left"
"level_16.xml","Terrain","33","4","grass_top_middle_2"
"level_16.xml","Terrain","34","4","grass_top_middle_2"
"level_16.xml","Terrain","35","4","grass_top_middle_2"
"level_16.xml","Terrain","36","4","grass_top_middle_2"
"level_16.xml","Terrain","37","4","grass_top_right"
"level_16.xml","Terrain","23","5","earth_edge_left"
"level_16.xml","Terrain","24","5","earth_edge_middle_1"
"level_16.xml","Terrain","25","5","earth_edge_middle_1"
"level_16.xml","Terrain","26","5","eartyh_bottom_middle"
"level_16.xml","Terrain","27","5","eartyh_bottom_middle"
"level_16.xml","Terrain","28","5","earth_bottom_left"
"level_16.xml","Terrain","32","5","earth_bottom_right"
"level_16.xml","Terrain","33","5","eartyh_bottom_middle"
"level_16.xml","Terrain","34","5","eartyh_bottom_middle"
"level_16.xml","Terrain","35","5","earth_edge_middle_1"
"level_16.xml","Terrain","36","5","earth_edge_middle_1"
"level_16.xml","Terrain","37","5","earth_edge_right"
"level_16.xml","Terrain","46","5","crows_nest_2"
"level_16.xml","Terrain","47","5","crows_nest_1"
"level_16.xml","Terrain","2","6","mast_end_left"
"level_16.xml","Terrain","3","6","mast_tile"
"level_16.xml","Terrain","4","6","mast_middle_2"
"level_16.xml","Terrain","5","6","mast_middle_1"
"level_16.xml","Terrain","6","6","mast_tile"
"level_16.xml","Terrain","7","6","mast_end_right"
"level_16.xml","Terrain","8","6","mast_end_left"
"level_16.xml","Terrain","9","6","mast_tile"
"level_16.xml","Terrain","10","6","mast_middle_2"
"level_16.xml","Terrain","11","6","mast_middle_1"
"level_16.xml","Terrain","12","6","mast_tile"
"level_16.xml","Terrain","13","6","mast_end_right"
"level_16.xml","Terrain","23","6","earth_bottom_right"
"level_16.xml","Terrain","24","6","eartyh_bottom_middle"
"level_16.xml","Terrain","25","6","earth_bottom_left"
"level_16.xml","Terrain","35","6","earth_edge_left"
"level_16.xml","Terrain","36","6","earth_edge_middle_1"
"level_16.xml","Terrain","37","6","earth_edge_right"
"level_16.xml","Terrain","35","7","earth_bottom_right"
"level_16.xml","Terrain","36","7","eartyh_bottom_middle"
"level_16.xml","Terrain","37","7","earth_bottom_left"
"level_16.xml","Terrain","44","7","mast_end_left"
"level_16.xml","Terrain","45","7","mast_tile"
"level_16.xml","Terrain","46","7","mast_middle_2"
"level_16.xml","Terrain","47","7","mast_middle_1"
"level_16.xml","Terrain","48","7","mast_tile"
"level_16.xml","Terrain","49","7","mast_end_right"
"level_16.xml","Terrain","29","8","shell_sand_top_left"
"level_16.xml","Terrain","30","8","shell_sand_middle_2"
"level_16.xml","Terrain","31","8","blank_sand_top_right"
"level_16.xml","Terrain","23","9","grass_top_left"
"level_16.xml","Terrain","24","9","grass_top_middle_2"
"level_16.xml","Terrain","25","9","grass_top_right"
"level_16.xml","Terrain","29","9","earth_bottom_right"
"level_16.xml","Terrain","30","9","eartyh_bottom_middle"
"level_16.xml","Terrain","31","9","earth_bottom_left"
"level_16.xml","Terrain","23","10","earth_edge_left"
"level_16.xml","Terrain","24","10","earth_edge_middle_1"
"level_16.xml","Terrain","25","10","earth_edge_right"
"level_16.xml","Terrain","0","11","ship_right_facing_1"
"level_16.xml","Terrain","1","11","ship_right_facing_4_1"
"level_16.xml","Terrain","14","11","ship_left_side_shaded_4"
"level_16.xml","Terrain","15","11","ship_right_facing_3"
"level_16.xml","Terrain","16","11","ship_end_3"
"level_16.xml","Terrain","17","11","ship_end_3"
"level_16.xml","Terrain","18","11","ship_end_2"
"level_16.xml","Terrain","23","11","earth_edge_left"
"level_16.xml","Terrain","24","11","earth_edge_middle_2"
"level_16.xml","Terrain","25","11","earth_edge_right"
"level_16.xml","Terrain","41","11","ship_end_1"
"level_16.xml","Terrain","42","11","ship_end_3"
"level_16.xml","Terrain","43","11","ship_left_facing_1"
"level_16.xml","Terrain","44","11","ship_right_facing_4_1"
"level_16.xml","Terrain","48","11","ship_left_side_shaded_4"
"level_16.xml","Terrain","49","11","ship_left_facing_5"
"level_16.xml","Terrain","0","12","ship_right_facing_2"
"level_16.xml","Terrain","1","12","cannon_port_3"
"level_16.xml","Terrain","2","12","ship_top_middle"
"level_16.xml","Terrain","3","12","cannon_port_2"
"level_16.xml","Terrain","4","12","ship_top_middle"
"level_16.xml","Terrain","5","12","cannon_port_2"
"level_16.xml","Terrain","6","12","ship_top_middle"
"level_16.xml","Terrain","7","12","cannon_port_2"
"level_16.xml","Terrain","8","12","ship_top_middle"
"level_16.xml","Terrain","9","12","cannon_port_2"
"level_16.xml","Terrain","10","12","ship_top_middle"
"level_16.xml","Terrain","11","12","cannon_port_2"
"level_16.xml","Terrain","12","12","ship_top_middle"
"level_16.xml","Terrain","13","12","cannon_port_2"
"level_16.xml","Terrain","14","12","ship_anchor_3"
"level_16.xml","Terrain","20","12","blank_sand_top_left"
"level_16.xml","Terrain","21","12","blank_sand_middle_2"
"level_16.xml","Terrain","22","12","blank_sand_middle_2"
"level_16.xml","Terrain","23","12","sand_overlap_left"
"level_16.xml","Terrain","24","12","earth_edge_middle_2"
"level_16.xml","Terrain","25","12","sand_overlap_right"
"level_16.xml","Terrain","26","12","blank_sand_middle_1"
"level_16.xml","Terrain","27","12","blank_sand_middle_1"
"level_16.xml","Terrain","28","12","shell_sand_middle_1"
"level_16.xml","Terrain","29","12","blank_sand_middle_1"
"level_16.xml","Terrain","30","12","shell_sand_middle_2"
"level_16.xml","Terrain","31","12","shell_sand_middle_1"
"level_16.xml","Terrain","32","12","blank_sand_middle_1"
"level_16.xml","Terrain","33","12","blank_sand_middle_1"
"level_16.xml","Terrain","34","12","shell_sand_middle_2"
"level_16.xml","Terrain","35","12","shell_sand_middle_1"
"level_16.xml","Terrain","36","12","blank_sand_middle_1"
"level_16.xml","Terrain","37","12","blank_sand_middle_1"
"level_16.xml","Terrain","38","12","shell_sand_middle_2"
"level_16.xml","Terrain","39","12","shell_sand_top_right"
"level_16.xml","Terrain","44","12","ship_anchor_1"
"level_16.xml","Terrain","45","12","cannon_port_2"
"level_16.xml","Terrain","46","12","cannon_port_2"
"level_16.xml","Terrain","47","12","cannon_port_2"
"level_16.xml","Terrain","48","12","cannon_port_1"
"level_16.xml","Terrain","49","12","ship_right_side_shaded_2"
"level_16.xml","Terrain","0","13","ship_right_facing_4"
"level_16.xml","Terrain","1","13","ship_tile_2"
"level_16.xml","Terrain","2","13","ship_tile_1"
"level_16.xml","Terrain","3","13","ship_tile_2"
"level_16.xml","Terrain","4","13","ship_tile_1"
"level_16.xml","Terrain","5","13","ship_tile_2"
"level_16.xml","Terrain","6","13","ship_tile_1"
"level_16.xml","Terrain","7","13","ship_tile_2"
"level_16.xml","Terrain","8","13","ship_tile_1"
"level_16.xml","Terrain","9","13","ship_tile_2"
"level_16.xml","Terrain","10","13","ship_tile_1"
"level_16.xml","Terrain","11","13","ship_tile_2"
"level_16.xml","Terrain","12","13","ship_tile_1"
"level_16.xml","Terrain","13","13","ship_tile_2"
"level_16.xml","Terrain","14","13","ship_anchor_4"
"level_16.xml","Terrain","20","13","earth_edge_left"
"level_16.xml","Terrain","21","13","earth_edge_middle_2"
"level_16.xml","Terrain","22","13","earth_edge_middle_2"
"level_16.xml","Terrain","23","13","earth_edge_middle_2"
"level_16.xml","Terrain","24","13","earth_edge_middle_2"
"level_16.xml","Terrain","25","13","earth_edge_middle_1"
"level_16.xml","Terrain","26","13","earth_edge_middle_2"
"level_16.xml","Terrain","27","13","earth_edge_middle_2"
"level_16.xml","Terrain","28","13","earth_edge_middle_2"
"level_16.xml","Terrain","29","13","earth_edge_middle_2"
"level_16.xml","Terrain","30","13","earth_edge_middle_1"
"level_16.xml","Terrain","31","13","earth_edge_middle_2"
"level_16.xml","Terrain","32","13","earth_edge_middle_1"
"level_16.xml","Terrain","33","13","earth_edge_middle_1"
"level_16.xml","Terrain","34","13","earth_edge_middle_2"
"level_16.xml","Terrain","35","13","earth_edge_middle_2"
"level_16.xml","Terrain","36","13","earth_edge_middle_2"
"level_16.xml","Terrain","37","13","earth_edge_middle_2"
"level_16.xml","Terrain","38","13","earth_edge_middle_2"
"level_16.xml","Terrain","39","13","earth_edge_right"
"level_16.xml","Terrain","44","13","ship_anchor_2"
"level_16.xml","Terrain","45","13","ship_tile_1"
"level_16.xml","Terrain","46","13","ship_tile_2"
"level_16.xml","Terrain","47","13","ship_tile_2"
"level_16.xml","Terrain","48","13","ship_tile_1"
"level_16.xml","Terrain","49","13","ship_left_facing_3"
"level_16.xml","Terrain","0","14","boat_ripple_1"
"level_16.xml","Terrain","1","14","boat_ripple_3"
"level_16.xml","Terrain","2","14","boat_ripple_2"
"level_16.xml","Terrain","3","14","boat_ripple_3"
"level_16.xml","Terrain","4","14","boat_ripple_2"
"level_16.xml","Terrain","5","14","boat_ripple_3"
"level_16.xml","Terrain","6","14","boat_ripple_2"
"level_16.xml","Terrain","7","14","boat_ripple_3"
"level_16.xml","Terrain","8","14","boat_ripple_2"
"level_16.xml","Terrain","9","14","boat_ripple_3"
"level_16.xml","Terrain","10","14","boat_ripple_2"
"level_16.xml","Terrain","11","14","boat_ripple_3"
"level_16.xml","Terrain","12","14","boat_ripple_2"
"level_16.xml","Terrain","13","14","boat_ripple_3"
"level_16.xml","Terrain","14","14","boat_ripple_4"
"level_16.xml","Terrain","20","14","tile_ripple_left"
"level_16.xml","Terrain","21","14","tile_ripple_middle"
"level_16.xml","Terrain","22","14","tile_ripple_middle"
"level_16.xml","Terrain","23","14","tile_ripple_middle"
"level_16.xml","Terrain","24","14","tile_ripple_middle"
"level_16.xml","Terrain","25","14","tile_ripple_middle"
"level_16.xml","Terrain","26","14","tile_ripple_middle"
"level_16.xml","Terrain","27","14","tile_ripple_middle"
"level_16.xml","Terrain","28","14","tile_ripple_middle"
"level_16.xml","Terrain","29","14","tile_ripple_middle"
"level_16.xml","Terrain","30","14","tile_ripple_middle"
"level_16.xml","Terrain","31","14","tile_ripple_middle"
"level_16.xml","Terrain","32","14","tile_ripple_middle"
"level_16.xml","Terrain","33","14","tile_ripple_middle"
"level_16.xml","Terrain","34","14","tile_ripple_middle"
"level_16.xml","Terrain","35","14","tile_ripple_middle"
"level_16.xml","Terrain","36","14","tile_ripple_middle"
"level_16.xml","Terrain","37","14","tile_ripple_middle"
"level_16.xml","Terrain","38","14","tile_ripple_middle"
"level_16.xml","Terrain","39","14","tile_ripple_right"
"level_16.xml","Terrain","44","14","boat_ripple_1"
"level_16.xml","Terrain","45","14","boat_ripple_3"
"level_16.xml","Terrain","46","14","boat_ripple_3"
"level_16.xml","Terrain","47","14","boat_ripple_2"
"level_16.xml","Terrain","48","14","boat_ripple_3"
"level_16.xml","Terrain","49","14","boat_ripple_4"
"level_16.xml","Terrain","20","15","tile_ripple_left"
"level_16.xml","Terrain","21","15","tile_ripple_middle"
"level_16.xml","Terrain","22","15","tile_ripple_middle"
"level_16.xml","Terrain","23","15","tile_ripple_middle"
"level_16.xml","Terrain","24","15","tile_ripple_middle"
"level_16.xml","Terrain","25","15","tile_ripple_middle"
"level_16.xml","Terrain","26","15","tile_ripple_middle"
"level_16.xml","Terrain","27","15","tile_ripple_middle"
"level_16.xml","Terrain","28","15","tile_ripple_middle"
"level_16.xml","Terrain","29","15","tile_ripple_middle"
"level_16.xml","Terrain","30","15","tile_ripple_middle"
"level_16.xml","Terrain","31","15","tile_ripple_middle"
"level_16.xml","Terrain","32","15","tile_ripple_middle"
"level_16.xml","Terrain","33","15","tile_ripple_middle"
"level_16.xml","Terrain","34","15","tile_ripple_middle"
"level_16.xml","Terrain","35","15","tile_ripple_middle"
"level_16.xml","Terrain","36","15","tile_ripple_middle"
"level_16.xml","Terrain","37","15","tile_ripple_middle"
"level_16.xml","Terrain","38","15","tile_ripple_middle"
"level_16.xml","Terrain","39","15","tile_ripple_right"
"level_16.xml","Terrain","20","16","tile_ripple_left"
"level_16.xml","Terrain","21","16","tile_ripple_middle"
"level_16.xml","Terrain","22","16","tile_ripple_middle"
"level_16.xml","Terrain","23","16","tile_ripple_middle"
"level_16.xml","Terrain","24","16","tile_ripple_middle"
"level_16.xml","Terrain","25","16","tile_ripple_middle"
"level_16.xml","Terrain","26","16","tile_ripple_middle"
"level_16.xml","Terrain","27","16","tile_ripple_middle"
"level_16.xml","Terrain","28","16","tile_ripple_middle"
"level_16.xml","Terrain","29","16","tile_ripple_middle"
"level_16.xml","Terrain","30","16","tile_ripple_middle"
"level_16.xml","Terrain","31","16","tile_ripple_middle"
"level_16.xml","Terrain","32","16","tile_ripple_middle"
"level_16.xml","Terrain","33","16","tile_ripple_middle"
"level_16.xml","Terrain","34","16","tile_ripple_middle"
"level_16.xml","Terrain","35","16","tile_ripple_middle"
"level_16.xml","Terrain","36","16","tile_ripple_middle"
"level_16.xml","Terrain","37","16","tile_ripple_middle"
"level_16.xml","Terrain","38","16","tile_ripple_middle"
"level_16.xml","Terrain","39","16","tile_ripple_right"
"level_16.xml","Background","0","1","antichest"
"level_16.xml","Background","1","1","antichest"
"level_16.xml","Background","2","1","antichest"
"level_16.xml","Background","3","1","antichest"
"level_16.xml","Background","4","1","antichest"
"level_16.xml","Background","5","1","antichest"
"level_16.xml","Background","6","1","antichest"
"level_16.xml","Background","7","1","antichest"
"level_16.xml","Background","8","1","antichest"
"level_16.xml","Background","9","1","antichest"
"level_16.xml","Background","10","1","antichest"
"level_16.xml","Background","11","1","antichest"
"level_16.xml","Background","12","1","antichest"
"level_16.xml","Background","13","1","antichest"
"level_16.xml","Background","14","1","antichest"
"level_16.xml","Background","15","1","antichest"
"level_16.xml","Background","16","1","antichest"
"level_16.xml","Background","17","1","antichest"
"level_16.xml","Background","18","1","antichest"
"level_16.xml","Background","19","1","antichest"
"level_16.xml","Background","40","1","antichest"
"level_16.xml","Background","41","1","antichest"
"level_16.xml","Background","42","1","antichest"
"level_16.xml","Background","43","1","antichest"
"level_16.xml","Background","44","1","antichest"
"level_16.xml","Background","45","1","antichest"
"level_16.xml","Background","46","1","antichest"
"level_16.xml","Background","47","1","antichest"
"level_16.xml","Background","48","1","antichest"
"level_16.xml","Background","49","1","antichest"
"level_16.xml","Background","24","3","grass"
"level_16.xml","Background","25","3","rock_2"
"level_16.xml","Background","26","3","small_tree"
"level_16.xml","Background","27","3","grass"
"level_16.xml","Background","33","3","grass"
"level_16.xml","Background","34","3","big_tree"
"level_16.xml","Background","35","3","small_tree"
"level_16.xml","Background","36","3","rock_3"
"level_16.xml","Background","37","3","grass"
"level_16.xml","Background","4","4","mast_top"
"level_16.xml","Background","10","4","mast_top"
"level_16.xml","Background","46","4","mast_top"
"level_16.xml","Background","4","5","mast_middle"
"level_16.xml","Background","10","5","mast_middle"
"level_16.xml","Background","26","5","cave_middle_1"
"level_16.xml","Background","27","5","cave_middle_1"
"level_16.xml","Background","28","5","cave_middle_1"
"level_16.xml","Background","29","5","cave_edge_top"
"level_16.xml","Background","30","5","cave_edge_top"
"level_16.xml","Background","31","5","cave_edge_top"
"level_16.xml","Background","32","5","cave_middle_1"
"level_16.xml","Background","33","5","cave_middle_1"
"level_16.xml","Background","34","5","cave_middle_1"
"level_16.xml","Background","46","5","mast_middle"
"level_16.xml","Background","4","6","mast_middle"
"level_16.xml","Background","10","6","mast_middle"
"level_16.xml","Background","24","6","cave_edge_left"
"level_16.xml","Background","25","6","cave_middle_2"
"level_16.xml","Background","26","6","cave_middle_2"
"level_16.xml","Background","27","6","cave_middle_3"
"level_16.xml","Background","28","6","cave_middle_2"
"level_16.xml","Background","29","6","cave_middle_2"
"level_16.xml","Background","30","6","cave_middle_2"
"level_16.xml","Background","31","6","cave_middle_2"
"level_16.xml","Background","32","6","cave_middle_2"
"level_16.xml","Background","33","6","cave_middle_2"
"level_16.xml","Background","34","6","cave_middle_2"
"level_16.xml","Background","46","6","mast_middle"
"level_16.xml","Background","4","7","mast_middle"
"level_16.xml","Background","10","7","mast_middle"
"level_16.xml","Background","24","7","cave_edge_left"
"level_16.xml","Background","25","7","cave_middle_2"
"level_16.xml","Background","26","7","cave_middle_2"
"level_16.xml","Background","27","7","cave_middle_2"
"level_16.xml","Background","28","7","cave_middle_2"
"level_16.xml","Background","29","7","cave_middle_2"
"level_16.xml","Background","30","7","cave_rock_1"
"level_16.xml","Background","31","7","cave_middle_2"
"level_16.xml","Background","32","7","cave_middle_3"
"level_16.xml","Background","33","7","cave_middle_3"
"level_16.xml","Background","34","7","cave_middle_2"
"level_16.xml","Background","35","7","cave_edge_right"
"level_16.xml","Background","46","7","mast_middle"
"level_16.xml","Background","4","8","mast_middle"
"level_16.xml","Background","10","8","mast_middle"
"level_16.xml","Background","23","8","grass"
"level_16.xml","Background","24","8","cave_edge_left"
"level_16.xml","Background","25","8","cave_grass"
"level_16.xml","Background","26","8","cave_middle_2"
"level_16.xml","Background","27","8","cave_middle_1"
"level_16.xml","Background","28","8","cave_middle_1"
"level_16.xml","Background","29","8","cave_middle_2"
"level_16.xml","Background","30","8","cave_middle_3"
"level_16.xml","Background","31","8","cave_middle_2"
"level_16.xml","Background","32","8","cave_middle_2"
"level_16.xml","Background","33","8","cave_middle_1"
"level_16.xml","Background","34","8","cave_middle_2"
"level_16.xml","Background","35","8","cave_edge_right"
"level_16.xml","Background","46","8","mast_middle"
"level_16.xml","Background","4","9","mast_middle"
"level_16.xml","Background","10","9","mast_middle"
"level_16.xml","Background","24","9","cave_edge_left"
"level_16.xml","Background","26","9","cave_middle_2"
"level_16.xml","Background","27","9","cave_torch"
"level_16.xml","Background","29","9","cave_middle_1"
"level_16.xml","Background","30","9","cave_middle_1"
"level_16.xml","Background","31","9","cave_middle_1"
"level_16.xml","Background","32","9","cave_torch"
"level_16.xml","Background","34","9","cave_middle_2"
"level_16.xml","Background","35","9","cave_edge_right"
"level_16.xml","Background","46","9","mast_middle"
"level_16.xml","Background","4","10","mast_middle"
"level_16.xml","Background","10","10","mast_middle"
"level_16.xml","Background","26","10","cave_middle_2"
"level_16.xml","Background","29","10","cave_middle_2"
"level_16.xml","Background","30","10","cave_middle_1"
"level_16.xml","Background","31","10","cave_middle_1"
"level_16.xml","Background","34","10","cave_middle_1"
"level_16.xml","Background","35","10","cave_edge_right"
"level_16.xml","Background","46","10","mast_middle"
"level_16.xml","Background","4","11","mast_bottom"
"level_16.xml","Background","10","11","mast_bottom"
"level_16.xml","Background","21","11","clam"
"level_16.xml","Background","22","11","rock_1"
"level_16.xml","Background","26","11","cave_middle_2"
"level_16.xml","Background","27","11","cave_rock_3"
"level_16.xml","Background","28","11","cave_middle_2"
"level_16.xml","Background","29","11","cave_middle_1"
"level_16.xml","Background","30","11","cave_middle_2"
"level_16.xml","Background","31","11","cave_middle_2"
"level_16.xml","Background","32","11","cave_rock_1"
"level_16.xml","Background","33","11","cave_rock_2"
"level_16.xml","Background","34","11","cave_middle_2"
"level_16.xml","Background","35","11","cave_edge_right"
"level_16.xml","Background","36","11","big_shell"
"level_16.xml","Background","37","11","rock_3"
"level_16.xml","Background","46","11","mast_middle"
"level_17.xml","Terrain","5","5","grass_row_left"
"level_17.xml","Terrain","6","5","grass_row_middle"
"level_17.xml","Terrain","7","5","grass_row_middle"
"level_17.xml","Terrain","8","5","grass_row_right"
"level_17.xml","Terrain","21","5","grass_row_left"
"level_17.xml","Terrain","22","5","grass_row_middle"
"level_17.xml","Terrain","23","5","grass_row_right"
"level_17.xml","Terrain","32","5","grass_top_left"
"level_17.xml","Terrain","33","5","grass_top_middle_1"
"level_17.xml","Terrain","34","5","grass_top_right"
"level_17.xml","Terrain","32","6","earth_bottom_right"
"level_17.xml","Terrain","33","6","eartyh_bottom_middle"
"level_17.xml","Terrain","34","6","earth_bottom_left"
"level_17.xml","Terrain","41","6","grass_row_left"
"level_17.xml","Terrain","42","6","grass_row_middle"
"level_17.xml","Terrain","43","6","grass_row_right"
"level_17.xml","Terrain","13","8","grass_top_left"
"level_17.xml","Terrain","14","8","grass_top_middle_1"
"level_17.xml","Terrain","15","8","grass_top_middle_1"
"level_17.xml","Terrain","16","8","grass_top_right"
"level_17.xml","Terrain","13","9","earth_bottom_right"
"level_17.xml","Terrain","14","9","eartyh_bottom_middle"
"level_17.xml","Terrain","15","9","eartyh_bottom_middle"
"level_17.xml","Terrain","16","9","earth_bottom_left"
"level_17.xml","Terrain","23","9","grass_row_left"
"level_17.xml","Terrain","24","9","grass_row_middle"
"level_17.xml","Terrain","25","9","grass_row_middle"
"level_17.xml","Terrain","26","9","grass_row_middle"
"level_17.xml","Terrain","27","9","grass_row_right"
"level_17.xml","Terrain","37","10","grass_top_left"
"level_17.xml","Terrain","38","10","grass_top_middle_2"
"level_17.xml","Terrain","39","10","grass_top_middle_2"
"level_17.xml","Terrain","40","10","grass_top_middle_2"
"level_17.xml","Terrain","41","10","grass_top_right"
"level_17.xml","Terrain","37","11","earth_bottom_right"
"level_17.xml","Terrain","38","11","eartyh_bottom_middle"
"level_17.xml","Terrain","39","11","eartyh_bottom_middle"
"level_17.xml","Terrain","40","11","eartyh_bottom_middle"
"level_17.xml","Terrain","41","11","earth_bottom_left"
"level_17.xml","Terrain","4","12","grass_top_left"
"level_17.xml","Terrain","5","12","grass_top_middle_2"
"level_17.xml","Terrain","6","12","grass_top_middle_2"
"level_17.xml","Terrain","7","12","grass_top_right"
"level_17.xml","Terrain","4","13","earth_bottom_right"
"level_17.xml","Terrain","5","13","eartyh_bottom_middle"
"level_17.xml","Terrain","6","13","eartyh_bottom_middle"
"level_17.xml","Terrain","7","13","earth_bottom_left"
"level_17.xml","Terrain","20","15","grass_row_left"
"level_17.xml","Terrain","21","15","grass_row_middle"
"level_17.xml","Terrain","22","15","grass_row_middle"
"level_17.xml","Terrain","23","15","grass_row_right"
"level_17.xml","Terrain","30","15","grass_top_left"
"level_17.xml","Terrain","31","15","grass_top_middle_1"
"level_17.xml","Terrain","32","15","grass_top_middle_1"
"level_17.xml","Terrain","33","15","grass_top_right"
"level_17.xml","Terrain","30","16","earth_bottom_right"
"level_17.xml","Terrain","31","16","eartyh_bottom_middle"
"level_17.xml","Terrain","32","16","eartyh_bottom_middle"
"level_17.xml","Terrain","33","16","earth_bottom_left"
"level_17.xml","Terrain","9","17","grass_row_left"
"level_17.xml","Terrain","10","17","grass_row_middle"
"level_17.xml","Terrain","11","17","grass_row_middle"
"level_17.xml","Terrain","12","17","grass_row_right"
"level_17.xml","Terrain","38","17","grass_top_left"
"level_17.xml","Terrain","39","17","grass_top_middle_1"
"level_17.xml","Terrain","40","17","grass_top_right"
"level_17.xml","Terrain","38","18","earth_bottom_right"
"level_17.xml","Terrain","39","18","eartyh_bottom_middle"
"level_17.xml","Terrain","40","18","earth_bottom_left"
"level_17.xml","Terrain","23","19","grass_top_left"
"level_17.xml","Terrain","24","19","grass_top_middle_1"
"level_17.xml","Terrain","25","19","grass_top_right"
"level_17.xml","Terrain","23","20","earth_bottom_right"
"level_17.xml","Terrain","24","20","eartyh_bottom_middle"
"level_17.xml","Terrain","25","20","earth_bottom_left"
"level_17.xml","Terrain","43","20","grass_top_left"
"level_17.xml","Terrain","44","20","grass_top_middle_1"
"level_17.xml","Terrain","45","20","grass_top_middle_1"
"level_17.xml","Terrain","46","20","grass_top_right"
"level_17.xml","Terrain","43","21","earth_edge_left"
"level_17.xml","Terrain","44","21","earth_edge_middle_1"
"level_17.xml","Terrain","45","21","earth_edge_middle_1"
"level_17.xml","Terrain","46","21","earth_edge_right"
"level_17.xml","Terrain","11","22","grass_top_left"
"level_17.xml","Terrain","12","22","grass_top_middle_1"
"level_17.xml","Terrain","13","22","grass_top_middle_1"
"level_17.xml","Terrain","14","22","grass_top_right"
"level_17.xml","Terrain","18","22","grass_row_left"
"level_17.xml","Terrain","19","22","grass_row_middle"
"level_17.xml","Terrain","20","22","grass_row_right"
"level_17.xml","Terrain","33","22","grass_top_left"
"level_17.xml","Terrain","34","22","grass_top_middle_1"
"level_17.xml","Terrain","35","22","grass_top_right"
"level_17.xml","Terrain","43","22","earth_bottom_right"
"level_17.xml","Terrain","44","22","eartyh_bottom_middle"
"level_17.xml","Terrain","45","22","eartyh_bottom_middle"
"level_17.xml","Terrain","46","22","earth_bottom_left"
"level_17.xml","Terrain","3","23","grass_row_left"
"level_17.xml","Terrain","4","23","grass_row_middle"
"level_17.xml","Terrain","5","23","grass_row_middle"
"level_17.xml","Terrain","6","23","grass_row_right"
"level_17.xml","Terrain","11","23","earth_bottom_right"
"level_17.xml","Terrain","12","23","eartyh_bottom_middle"
"level_17.xml","Terrain","13","23","eartyh_bottom_middle"
"level_17.xml","Terrain","14","23","earth_bottom_left"
"level_17.xml","Terrain","33","23","earth_bottom_right"
"level_17.xml","Terrain","34","23","eartyh_bottom_middle"
"level_17.xml","Terrain","35","23","earth_bottom_left"
"level_17.xml","Terrain","27","24","grass_row_left"
"level_17.xml","Terrain","28","24","grass_row_middle"
"level_17.xml","Terrain","29","24","grass_row_right"
"level_17.xml","Background","6","4","rock_3"
"level_17.xml","Background","7","4","small_tree"
"level_17.xml","Background","22","4","rock_1"
"level_17.xml","Background","33","4","rock_3"
"level_17.xml","Background","34","4","small_tree"
"level_17.xml","Background","43","5","grass"
"level_17.xml","Background","14","7","big_tree"
"level_17.xml","Background","15","7","small_tree"
"level_17.xml","Background","25","8","grass"
"level_17.xml","Background","26","8","rock_2"
"level_17.xml","Background","38","9","grass"
"level_17.xml","Background","39","9","rock_2"
"level_17.xml","Background","40","9","rock_3"
"level_17.xml","Background","5","11","grass"
"level_17.xml","Background","21","14","grass"
"level_17.xml","Background","22","14","small_tree"
"level_17.xml","Background","31","14","grass"
"level_17.xml","Background","10","16","grass"
"level_17.xml","Background","11","16","rock_1"
"level_17.xml","Background","39","16","small_tree"
"level_17.xml","Background","40","16","grass"
"level_17.xml","Background","43","19","rock_3"
"level_17.xml","Background","45","19","big_tree"
"level_17.xml","Background","46","19","grass"
"level_17.xml","Background","12","21","grass"
"level_17.xml","Background","14","21","rock_3"
"level_17.xml","Background","19","21","grass"
"level_17.xml","Background","34","21","grass"
"level_17.xml","Background","4","22","big_tree"
"level_17.xml","Background","5","22","small_tree"
"level_17.xml","Background","6","22","rock_2"
"level_17.xml","Background","29","23","rock_3"
"level_18.xml","Terrain","8","5","crows_nest_2"
"level_18.xml","Terrain","9","5","crows_nest_1"
"level_18.xml","Terrain","20","5","grass_top_single"
"level_18.xml","Terrain","31","5","crows_nest_2"
"level_18.xml","Terrain","32","5","crows_nest_1"
"level_18.xml","Terrain","20","6","earth_single_collum"
"level_18.xml","Terrain","6","7","mast_end_left"
"level_18.xml","Terrain","7","7","mast_tile"
"level_18.xml","Terrain","8","7","mast_middle_2"
"level_18.xml","Terrain","9","7","mast_middle_1"
"level_18.xml","Terrain","10","7","mast_tile"
"level_18.xml","Terrain","11","7","mast_end_right"
"level_18.xml","Terrain","18","7","grass_top_left"
"level_18.xml","Terrain","19","7","grass_top_middle_1"
"level_18.xml","Terrain","20","7","grass_overlap_both"
"level_18.xml","Terrain","21","7","grass_top_middle_1"
"level_18.xml","Terrain","22","7","grass_top_right"
"level_18.xml","Terrain","29","7","mast_end_left"
"level_18.xml","Terrain","30","7","mast_tile"
"level_18.xml","Terrain","31","7","mast_middle_2"
"level_18.xml","Terrain","32","7","mast_middle_1"
"level_18.xml","Terrain","33","7","mast_tile"
"level_18.xml","Terrain","34","7","mast_end_right"
"level_18.xml","Terrain","18","8","earth_edge_left"
"level_18.xml","Terrain","19","8","earth_edge_middle_2"
"level_18.xml","Terrain","20","8","earth_edge_middle_2"
"level_18.xml","Terrain","21","8","earth_edge_middle_2"
"level_18.xml","Terrain","22","8","earth_edge_right"
"level_18.xml","Terrain","18","9","earth_edge_left"
"level_18.xml","Terrain","19","9","earth_edge_middle_2"
"level_18.xml","Terrain","20","9","earth_edge_middle_2"
"level_18.xml","Terrain","21","9","earth_edge_middle_2"
"level_18.xml","Terrain","22","9","earth_edge_right"
"level_18.xml","Terrain","4","10","mast_end_left"
"level_18.xml","Terrain","5","10","mast_tile"
"level_18.xml","Terrain","6","10","mast_tile"
"level_18.xml","Terrain","7","10","mast_tile"
"level_18.xml","Terrain","8","10","mast_middle_2"
"level_18.xml","Terrain","9","10","mast_middle_1"
"level_18.xml","Terrain","10","10","mast_tile"
"level_18.xml","Terrain","11","10","mast_tile"
"level_18.xml","Terrain","12","10","mast_tile"
"level_18.xml","Terrain","13","10","mast_end_right"
"level_18.xml","Terrain","18","10","earth_edge_left"
"level_18.xml","Terrain","19","10","earth_edge_middle_2"
"level_18.xml","Terrain","20","10","earth_edge_middle_2"
"level_18.xml","Terrain","21","10","earth_edge_middle_2"
"level_18.xml","Terrain","22","10","earth_edge_right"
"level_18.xml","Terrain","27","10","mast_end_left"
"level_18.xml","Terrain","28","10","mast_tile"
"level_18.xml","Terrain","29","10","mast_tile"
"level_18.xml","Terrain","30","10","mast_tile"
"level_18.xml","Terrain","31","10","mast_middle_2"
"level_18.xml","Terrain","32","10","mast_middle_1"
"level_18.xml","Terrain","33","10","mast_tile"
"level_18.xml","Terrain","34","10","mast_tile"
"level_18.xml","Terrain","35","10","mast_tile"
"level_18.xml","Terrain","36","10","mast_end_right"
"level_18.xml","Terrain","18","11","earth_edge_left"
"level_18.xml","Terrain","19","11","earth_edge_middle_2"
"level_18.xml","Terrain","20","11","earth_edge_middle_2"
"level_18.xml","Terrain","21","11","earth_edge_middle_2"
"level_18.xml","Terrain","22","11","earth_edge_right"
"level_18.xml","Terrain","18","12","earth_edge_left"
"level_18.xml","Terrain","19","12","earth_edge_middle_2"
"level_18.xml","Terrain","20","12","earth_edge_middle_2"
"level_18.xml","Terrain","21","12","earth_edge_middle_2"
"level_18.xml","Terrain","22","12","earth_edge_right"
"level_18.xml","Terrain","16","13","grass_top_left"
"level_18.xml","Terrain","17","13","grass_top_middle_1"
"level_18.xml","Terrain","18","13","grass_overlap_left"
"level_18.xml","Terrain","19","13","earth_edge_middle_1"
"level_18.xml","Terrain","20","13","earth_edge_middle_1"
"level_18.xml","Terrain","21","13","earth_edge_middle_1"
"level_18.xml","Terrain","22","13","grass_overlap_right"
"level_18.xml","Terrain","23","13","grass_top_middle_1"
"level_18.xml","Terrain","24","13","grass_top_right"
"level_18.xml","Terrain","16","14","earth_edge_left"
"level_18.xml","Terrain","17","14","earth_edge_middle_1"
"level_18.xml","Terrain","18","14","earth_edge_middle_1"
"level_18.xml","Terrain","19","14","earth_edge_middle_1"
"level_18.xml","Terrain","20","14","earth_edge_middle_1"
"level_18.xml","Terrain","21","14","earth_edge_middle_1"
"level_18.xml","Terrain","22","14","earth_edge_middle_1"
"level_18.xml","Terrain","23","14","earth_edge_middle_2"
"level_18.xml","Terrain","24","14","earth_edge_right"
"level_18.xml","Terrain","1","15","ship_end_1"
"level_18.xml","Terrain","2","15","ship_end_3"
"level_18.xml","Terrain","3","15","ship_end_3"
"level_18.xml","Terrain","4","15","ship_left_facing_1"
"level_18.xml","Terrain","5","15","ship_left_facing_2"
"level_18.xml","Terrain","12","15","ship_left_side_shaded_4"
"level_18.xml","Terrain","13","15","ship_left_facing_5"
"level_18.xml","Terrain","16","15","earth_edge_left"
"level_18.xml","Terrain","17","15","earth_edge_middle_1"
"level_18.xml","Terrain","18","15","earth_edge_middle_1"
"level_18.xml","Terrain","19","15","earth_edge_middle_1"
"level_18.xml","Terrain","20","15","earth_edge_middle_1"
"level_18.xml","Terrain","21","15","earth_edge_middle_1"
"level_18.xml","Terrain","22","15","earth_edge_middle_1"
"level_18.xml","Terrain","23","15","earth_edge_middle_1"
"level_18.xml","Terrain","24","15","earth_edge_right"
"level_18.xml","Terrain","27","15","ship_right_facing_1"
"level_18.xml","Terrain","28","15","ship_right_facing_4_1"
"level_18.xml","Terrain","35","15","ship_right_facing_3_1"
"level_18.xml","Terrain","36","15","ship_right_facing_3"
"level_18.xml","Terrain","37","15","ship_end_3"
"level_18.xml","Terrain","38","15","ship_end_3"
"level_18.xml","Terrain","39","15","ship_end_2"
"level_18.xml","Terrain","5","16","ship_anchor_1"
"level_18.xml","Terrain","6","16","cannon_port_2"
"level_18.xml","Terrain","7","16","cannon_port_2"
"level_18.xml","Terrain","8","16","cannon_port_2"
"level_18.xml","Terrain","9","16","ship_top_middle"
"level_18.xml","Terrain","10","16","cannon_port_2"
"level_18.xml","Terrain","11","16","cannon_port_2"
"level_18.xml","Terrain","12","16","cannon_port_1"
"level_18.xml","Terrain","13","16","ship_right_side_shaded_2"
"level_18.xml","Terrain","16","16","earth_edge_left"
"level_18.xml","Terrain","17","16","earth_edge_middle_1"
"level_18.xml","Terrain","18","16","earth_edge_middle_1"
"level_18.xml","Terrain","19","16","earth_edge_middle_1"
"level_18.xml","Terrain","20","16","earth_edge_middle_1"
"level_18.xml","Terrain","21","16","earth_edge_middle_1"
"level_18.xml","Terrain","22","16","earth_edge_middle_1"
"level_18.xml","Terrain","23","16","earth_edge_middle_1"
"level_18.xml","Terrain","24","16","earth_edge_right"
"level_18.xml","Terrain","27","16","ship_right_facing_2"
"level_18.xml","Terrain","28","16","cannon_port_3"
"level_18.xml","Terrain","29","16","cannon_port_2"
"level_18.xml","Terrain","30","16","cannon_port_2"
"level_18.xml","Terrain","31","16","ship_top_middle"
"level_18.xml","Terrain","32","16","cannon_port_2"
"level_18.xml","Terrain","33","16","cannon_port_2"
"level_18.xml","Terrain","34","16","cannon_port_2"
"level_18.xml","Terrain","35","16","ship_anchor_3"
"level_18.xml","Terrain","5","17","ship_anchor_2"
"level_18.xml","Terrain","6","17","ship_tile_1"
"level_18.xml","Terrain","7","17","ship_tile_2"
"level_18.xml","Terrain","8","17","ship_tile_1"
"level_18.xml","Terrain","9","17","ship_tile_2"
"level_18.xml","Terrain","10","17","ship_tile_1"
"level_18.xml","Terrain","11","17","ship_tile_2"
"level_18.xml","Terrain","12","17","ship_tile_1"
"level_18.xml","Terrain","13","17","ship_left_facing_3"
"level_18.xml","Terrain","15","17","grass_top_left"
"level_18.xml","Terrain","16","17","grass_overlap_left"
"level_18.xml","Terrain","17","17","earth_edge_middle_1"
"level_18.xml","Terrain","18","17","earth_edge_middle_1"
"level_18.xml","Terrain","19","17","earth_edge_middle_1"
"level_18.xml","Terrain","20","17","earth_edge_middle_1"
"level_18.xml","Terrain","21","17","earth_edge_middle_1"
"level_18.xml","Terrain","22","17","earth_edge_middle_1"
"level_18.xml","Terrain","23","17","earth_edge_middle_1"
"level_18.xml","Terrain","24","17","grass_overlap_right"
"level_18.xml","Terrain","25","17","grass_top_right"
"level_18.xml","Terrain","27","17","ship_right_facing_4"
"level_18.xml","Terrain","28","17","ship_tile_1"
"level_18.xml","Terrain","29","17","ship_tile_2"
"level_18.xml","Terrain","30","17","ship_tile_1"
"level_18.xml","Terrain","31","17","ship_tile_2"
"level_18.xml","Terrain","32","17","ship_tile_1"
"level_18.xml","Terrain","33","17","ship_tile_2"
"level_18.xml","Terrain","34","17","ship_tile_1"
"level_18.xml","Terrain","35","17","ship_anchor_4"
"level_18.xml","Terrain","5","18","boat_ripple_1"
"level_18.xml","Terrain","6","18","boat_ripple_2"
"level_18.xml","Terrain","7","18","boat_ripple_3"
"level_18.xml","Terrain","8","18","boat_ripple_2"
"level_18.xml","Terrain","9","18","boat_ripple_3"
"level_18.xml","Terrain","10","18","boat_ripple_2"
"level_18.xml","Terrain","11","18","boat_ripple_3"
"level_18.xml","Terrain","12","18","boat_ripple_2"
"level_18.xml","Terrain","13","18","boat_ripple_4"
"level_18.xml","Terrain","15","18","tile_ripple_left"
"level_18.xml","Terrain","16","18","tile_ripple_middle"
"level_18.xml","Terrain","17","18","tile_ripple_middle"
"level_18.xml","Terrain","18","18","tile_ripple_middle"
"level_18.xml","Terrain","19","18","tile_ripple_middle"
"level_18.xml","Terrain","20","18","tile_ripple_middle"
"level_18.xml","Terrain","21","18","tile_ripple_middle"
"level_18.xml","Terrain","22","18","tile_ripple_middle"
"level_18.xml","Terrain","23","18","tile_ripple_middle"
"level_18.xml","Terrain","24","18","tile_ripple_middle"
"level_18.xml","Terrain","25","18","tile_ripple_right"
"level_18.xml","Terrain","27","18","boat_ripple_1"
"level_18.xml","Terrain","28","18","boat_ripple_2"
"level_18.xml","Terrain","29","18","boat_ripple_3"
"level_18.xml","Terrain","30","18","boat_ripple_2"
"level_18.xml","Terrain","31","18","boat_ripple_3"
"level_18.xml","Terrain","32","18","boat_ripple_2"
"level_18.xml","Terrain","33","18","boat_ripple_3"
"level_18.xml","Terrain","34","18","boat_ripple_2"
"level_18.xml","Terrain","35","18","boat_ripple_4"
"level_18.xml","Terrain","15","19","tile_ripple_left"
"level_18.xml","Terrain","16","19","tile_ripple_middle"
"level_18.xml","Terrain","17","19","tile_ripple_middle"
"level_18.xml","Terrain","18","19","tile_ripple_middle"
"level_18.xml","Terrain","19","19","tile_ripple_middle"
"level_18.xml","Terrain","20","19","tile_ripple_middle"
"level_18.xml","Terrain","21","19","tile_ripple_middle"
"level_18.xml","Terrain","22","19","tile_ripple_middle"
"level_18.xml","Terrain","23","19","tile_ripple_middle"
"level_18.xml","Terrain","24","19","tile_ripple_middle"
"level_18.xml","Terrain","25","19","tile_ripple_right"
"level_18.xml","Terrain","15","20","tile_ripple_left"
"level_18.xml","Terrain","16","20","tile_ripple_middle"
"level_18.xml","Terrain","17","20","tile_ripple_middle"
"level_18.xml","Terrain","18","20","tile_ripple_middle"
"level_18.xml","Terrain","19","20","tile_ripple_middle"
"level_18.xml","Terrain","20","20","tile_ripple_middle"
"level_18.xml","Terrain","21","20","tile_ripple_middle"
"level_18.xml","Terrain","22","20","tile_ripple_middle"
"level_18.xml","Terrain","23","20","tile_ripple_middle"
"level_18.xml","Terrain","24","20","tile_ripple_middle"
"level_18.xml","Terrain","25","20","tile_ripple_right"
"level_18.xml","Background","1","0","antichest"
"level_18.xml","Background","2","0","antichest"
"level_18.xml","Background","3","0","antichest"
"level_18.xml","Background","4","0","antichest"
"level_18.xml","Background","5","0","antichest"
"level_18.xml","Background","6","0","antichest"
"level_18.xml","Background","7","0","antichest"
"level_18.xml","Background","8","0","antichest"
"level_18.xml","Background","9","0","antichest"
"level_18.xml","Background","10","0","antichest"
"level_18.xml","Background","11","0","antichest"
"level_18.xml","Background","12","0","antichest"
"level_18.xml","Background","13","0","antichest"
"level_18.xml","Background","14","0","antichest"
"level_18.xml","Background","26","0","antichest"
"level_18.xml","Background","27","0","antichest"
"level_18.xml","Background","28","0","antichest"
"level_18.xml","Background","29","0","antichest"
"level_18.xml","Background","30","0","antichest"
"level_18.xml","Background","31","0","antichest"
"level_18.xml","Background","32","0","antichest"
"level_18.xml","Background","33","0","antichest"
"level_18.xml","Background","34","0","antichest"
"level_18.xml","Background","35","0","antichest"
"level_18.xml","Background","36","0","antichest"
"level_18.xml","Background","37","0","antichest"
"level_18.xml","Background","38","0","antichest"
"level_18.xml","Background","39","0","antichest"
"level_18.xml","Background","8","3","mast_top"
"level_18.xml","Background","31","3","mast_top"
"level_18.xml","Background","8","4","mast_bottom"
"level_18.xml","Background","20","4","grass"
"level_18.xml","Background","31","4","mast_middle"
"level_18.xml","Background","8","5","mast_middle"
"level_18.xml","Background","31","5","mast_middle"
"level_18.xml","Background","8","6","mast_middle"
"level_18.xml","Background","19","6","grass"
"level_18.xml","Background","21","6","rock_2"
"level_18.xml","Background","31","6","mast_middle"
"level_18.xml","Background","8","7","mast_middle"
"level_18.xml","Background","31","7","mast_middle"
"level_18.xml","Background","8","8","mast_middle"
"level_18.xml","Background","31","8","mast_middle"
"level_18.xml","Background","8","9","mast_middle"
"level_18.xml","Background","31","9","mast_middle"
"level_18.xml","Background","8","10","mast_middle"
"level_18.xml","Background","31","10","mast_middle"
"level_18.xml","Background","8","11","mast_middle"
"level_18.xml","Background","31","11","mast_middle"
"level_18.xml","Background","8","12","mast_middle"
"level_18.xml","Background","17","12","rock_3"
"level_18.xml","Background","23","12","grass"
"level_18.xml","Background","24","12","small_tree"
"level_18.xml","Background","31","12","mast_middle"
"level_18.xml","Background","8","13","mast_middle"
"level_18.xml","Background","31","13","mast_middle"
"level_18.xml","Background","8","14","mast_middle"
"level_18.xml","Background","31","14","mast_middle"
"level_18.xml","Background","8","15","mast_bottom"
"level_18.xml","Background","31","15","mast_middle"
"level_18.xml","Background","15","16","grass"
