class,field,static,source,line,declaration
com.nitrome.buttons.BackButton,_name,False,__Packages/com/nitrome/buttons/BackButton.as,5,var _name;
com.nitrome.buttons.LevelSelect2p,content_clip,False,__Packages/com/nitrome/buttons/LevelSelect2p.as,5,var content_clip;
com.nitrome.buttons.LevelSelect2p,next_button,False,__Packages/com/nitrome/buttons/LevelSelect2p.as,6,var next_button;
com.nitrome.buttons.LevelSelect2p,play_button,False,__Packages/com/nitrome/buttons/LevelSelect2p.as,7,var play_button;
com.nitrome.buttons.LevelSelect2p,prev_button,False,__Packages/com/nitrome/buttons/LevelSelect2p.as,8,var prev_button;
com.nitrome.buttons.LevelSelect2p,level_id,False,__Packages/com/nitrome/buttons/LevelSelect2p.as,9,var level_id = 16;
com.nitrome.buttons.LevelSelect2p,min_level_id,False,__Packages/com/nitrome/buttons/LevelSelect2p.as,10,var min_level_id = 16;
com.nitrome.buttons.LevelSelect2p,max_level_id,False,__Packages/com/nitrome/buttons/LevelSelect2p.as,11,var max_level_id = 33;
com.nitrome.buttons.LevelSelectButton,id,False,__Packages/com/nitrome/buttons/LevelSelectButton.as,5,var id;
com.nitrome.buttons.LevelSelectButton,level_number,False,__Packages/com/nitrome/buttons/LevelSelectButton.as,6,var level_number;
com.nitrome.buttons.LevelSelectButton,onPress,False,__Packages/com/nitrome/buttons/LevelSelectButton.as,7,var onPress;
com.nitrome.buttons.LevelSelectButton,onRollOut,False,__Packages/com/nitrome/buttons/LevelSelectButton.as,8,var onRollOut;
com.nitrome.buttons.LevelSelectButton,onRollOver,False,__Packages/com/nitrome/buttons/LevelSelectButton.as,9,var onRollOver;
com.nitrome.buttons.LevelSelectButton,pirate_clip,False,__Packages/com/nitrome/buttons/LevelSelectButton.as,10,var pirate_clip;
com.nitrome.buttons.LevelSelectButton,question_mark,False,__Packages/com/nitrome/buttons/LevelSelectButton.as,11,var question_mark;
com.nitrome.buttons.SubmitScoreButton,_visible,False,__Packages/com/nitrome/buttons/SubmitScoreButton.as,5,var _visible;
com.nitrome.game.CancelPlayerButton,_parent,False,__Packages/com/nitrome/game/CancelPlayerButton.as,5,var _parent;
com.nitrome.game.CancelPlayerButton,_visible,False,__Packages/com/nitrome/game/CancelPlayerButton.as,6,var _visible;
com.nitrome.game.IngamePopup,finalScore,False,__Packages/com/nitrome/game/IngamePopup.as,5,var finalScore;
com.nitrome.game.IngamePopup,levelScore,False,__Packages/com/nitrome/game/IngamePopup.as,6,var levelScore;
com.nitrome.game.IngamePopup,totalScore,False,__Packages/com/nitrome/game/IngamePopup.as,7,var totalScore;
com.nitrome.game.IngamePopup,show,False,__Packages/com/nitrome/game/IngamePopup.as,8,var show = false;
com.nitrome.game.IngameTextArea,lines,False,__Packages/com/nitrome/game/IngameTextArea.as,5,var lines;
com.nitrome.game.IngameTextArea,textField,False,__Packages/com/nitrome/game/IngameTextArea.as,6,var textField;
com.nitrome.game.IngameTextArea,thisLineFrame,False,__Packages/com/nitrome/game/IngameTextArea.as,7,var thisLineFrame = 0;
com.nitrome.game.MusicController,game_sound,False,__Packages/com/nitrome/game/MusicController.as,5,var game_sound;
com.nitrome.game.MusicController,menu_sound,False,__Packages/com/nitrome/game/MusicController.as,6,var menu_sound;
com.nitrome.game.MusicController,music_type,False,__Packages/com/nitrome/game/MusicController.as,7,var music_type;
com.nitrome.game.MusicController,start,False,__Packages/com/nitrome/game/MusicController.as,8,var start;
com.nitrome.game.MusicController,music_on,False,__Packages/com/nitrome/game/MusicController.as,9,var music_on = true;
com.nitrome.game.MusicController,sfx_on,False,__Packages/com/nitrome/game/MusicController.as,10,var sfx_on = true;
com.nitrome.game.Preloader,load_bar,False,__Packages/com/nitrome/game/Preloader.as,5,var load_bar;
com.nitrome.game.Preloader,load_text,False,__Packages/com/nitrome/game/Preloader.as,6,var load_text;
com.nitrome.game.Preloader,onEnterFrame,False,__Packages/com/nitrome/game/Preloader.as,7,var onEnterFrame;
com.nitrome.game.Preloader,start_t,False,__Packages/com/nitrome/game/Preloader.as,8,var start_t;
com.nitrome.game.TransitionTween,next_frame,False,__Packages/com/nitrome/game/TransitionTween.as,5,var next_frame;
com.nitrome.game.TransitionTween,next_frame_function,False,__Packages/com/nitrome/game/TransitionTween.as,6,var next_frame_function;
com.nitrome.game.WeaponSelectButton,_name,False,__Packages/com/nitrome/game/WeaponSelectButton.as,5,var _name;
com.nitrome.game.WeaponSelectButton,_parent,False,__Packages/com/nitrome/game/WeaponSelectButton.as,6,var _parent;
com.nitrome.game.WeaponSelectButton,count,False,__Packages/com/nitrome/game/WeaponSelectButton.as,7,var count;
com.nitrome.game.WeaponSelectButton,gotoAndStop,False,__Packages/com/nitrome/game/WeaponSelectButton.as,8,var gotoAndStop;
com.nitrome.game.WeaponSelectButton,icon,False,__Packages/com/nitrome/game/WeaponSelectButton.as,9,var icon;
com.nitrome.game.WeaponSelectButton,infinity,False,__Packages/com/nitrome/game/WeaponSelectButton.as,10,var infinity;
com.nitrome.game.WeaponSelectButton,useHandCursor,False,__Packages/com/nitrome/game/WeaponSelectButton.as,11,var useHandCursor;
com.nitrome.game.WeaponSelectButton,weapon,False,__Packages/com/nitrome/game/WeaponSelectButton.as,12,var weapon;
com.nitrome.game.WeaponSelectButton,hover,False,__Packages/com/nitrome/game/WeaponSelectButton.as,13,var hover = false;
com.nitrome.game.WeaponSelectButton,disabled,False,__Packages/com/nitrome/game/WeaponSelectButton.as,14,var disabled = false;
com.nitrome.game.WeaponSelectButton,blue,False,__Packages/com/nitrome/game/WeaponSelectButton.as,15,var blue = false;
com.nitrome.game.WeaponSelectButton,hoverText,True,__Packages/com/nitrome/game/WeaponSelectButton.as,16,"static var hoverText = {hover_cherryBomb:[""cherry bomb"",""Basic weak weapon which|explodes on impact.|Click the cherry bomb and drag|with your mouse to aim and set|the power.""],hover_dynamite:[""dynamite"",""This weapon explodes when it|comes to rest.|Click the dynamite and drag|with your mouse to aim and set|the power.""],hover_boulder:[""boulder"",""Large boulder which can bash|other players out of the way.|Click the boulder and drag|with your mouse to aim and set|the power.""],hover_piecesOfEight:[""pieces of eight"",""Eight coins which inflict a small|amount of damage. You get|eight turns with this weapon.|Click each one and drag to aim|and set the power.""],hover_rumBottle:[""rum bottle"",""This weapon explodes on impact|and sets the nearby area on fire.|Click it and drag|with your mouse to aim and set|the power.""],hover_banana:[""banana"",""This weapon is very bouncy.|Click and drag with the mouse|to aim and set the power.|Then click your mouse again to|make it explode.""],hover_parachuteBomb:[""parachute bomb"",""Click and drag with the mouse|to aim and set the power.|As it drifts down use|your cursor as a fan to push it|left or right.""],hover_woodenCrate:[""crates"",""Click anywhere on the stage to|place down three crates.|use these to form a wall to|protect your characters.""],hover_gunpowderBarrel:[""gunpowder barrels"",""Click anywhere on the stage to|place down two barrels.|these will explode when hit by|a weapon.""],hover_seagull:[""seagull"",""Click on the screen to choose a|path for the seagull to fly.|Then click repeatedly to poop|on the enemy!""],hover_mine:[""mine"",""Click the mine and drag|with the mouse to aim and|set the power.|It will detonate when|another player moves nearby.""],hover_cannon:[""cannon"",""Drag the cannon into position|within the circle.|click and drag the pin at the|back to turn the cannon.|release it to fire!""],hover_anchor:[""anchor"",""Click anywhere in the stage to|drop a huge anchor down|onto enemies!""],hover_voodooDoll:[""voodoo doll"",""choose an enemy player by|clicking on them. then click|and drag to throw the doll and|watch the enemy helplessly|fly off in the same direction!""],hover_tidalWave:[""tidal wave"",""click to send a huge tidal wave|across the bottom of the stage.|It will affect all players it|hits.""],hover_throw:[""throw character"",""Click your character and drag|with the mouse to aim and set|the power.|you get to use this once per|turn before you use a weapon.""],hover_endTurn:[""end go"",""click here if you want to finish|your turn without using a|weapon.""]};"
com.nitrome.game.WeaponSelectPanel,contentsActive,False,__Packages/com/nitrome/game/WeaponSelectPanel.as,5,var contentsActive = false;
com.nitrome.highscore.ClearButton,_parent,False,__Packages/com/nitrome/highscore/ClearButton.as,5,var _parent;
com.nitrome.highscore.HiscoreBoard,next_arrow,False,__Packages/com/nitrome/highscore/HiscoreBoard.as,5,var next_arrow;
com.nitrome.highscore.HiscoreBoard,prev_arrow,False,__Packages/com/nitrome/highscore/HiscoreBoard.as,6,var prev_arrow;
com.nitrome.highscore.HiscoreBoard,saved_min_rank,False,__Packages/com/nitrome/highscore/HiscoreBoard.as,7,var saved_min_rank;
com.nitrome.highscore.HiscoreBoard,start_interval,False,__Packages/com/nitrome/highscore/HiscoreBoard.as,8,var start_interval;
com.nitrome.highscore.HiscoreBoard,max_digits,False,__Packages/com/nitrome/highscore/HiscoreBoard.as,9,var max_digits = 8;
com.nitrome.highscore.HiscoreBoard,zero_fill,False,__Packages/com/nitrome/highscore/HiscoreBoard.as,10,var zero_fill = false;
com.nitrome.highscore.HiscoreBoard,max_rank,False,__Packages/com/nitrome/highscore/HiscoreBoard.as,11,var max_rank = 100;
com.nitrome.highscore.HiscoreLine,name_text,False,__Packages/com/nitrome/highscore/HiscoreLine.as,5,var name_text;
com.nitrome.highscore.HiscoreLine,rank_text,False,__Packages/com/nitrome/highscore/HiscoreLine.as,6,var rank_text;
com.nitrome.highscore.HiscoreLine,score_text,False,__Packages/com/nitrome/highscore/HiscoreLine.as,7,var score_text;
com.nitrome.highscore.LetterButton,letter_holder,False,__Packages/com/nitrome/highscore/LetterButton.as,5,var letter_holder;
com.nitrome.highscore.LetterButton,letter_text,False,__Packages/com/nitrome/highscore/LetterButton.as,6,var letter_text;
com.nitrome.highscore.ScoreSubmitPanel,name_text,False,__Packages/com/nitrome/highscore/ScoreSubmitPanel.as,5,var name_text;
com.nitrome.highscore.ScoreSubmitPanel,score_text,False,__Packages/com/nitrome/highscore/ScoreSubmitPanel.as,6,var score_text;
com.nitrome.highscore.ScoreSubmitPanel,submit_button,False,__Packages/com/nitrome/highscore/ScoreSubmitPanel.as,7,var submit_button;
com.nitrome.highscore.ScoreSubmitPanel,MAX_LENGTH,False,__Packages/com/nitrome/highscore/ScoreSubmitPanel.as,8,var MAX_LENGTH = 10;
com.nitrome.highscore.SubmitButton,pressed,False,__Packages/com/nitrome/highscore/SubmitButton.as,5,var pressed = false;
com.nitrome.highscore.SubmitButton,disabled,False,__Packages/com/nitrome/highscore/SubmitButton.as,6,var disabled = true;
com.nitrome.pirate.MenuBackgroundAnim,bg,False,__Packages/com/nitrome/pirate/MenuBackgroundAnim.as,5,var bg;
com.nitrome.pirate.MenuBackgroundAnim,water,False,__Packages/com/nitrome/pirate/MenuBackgroundAnim.as,6,var water;
com.nitrome.throwgame.Anchor,advanceMotion,False,__Packages/com/nitrome/throwgame/Anchor.as,5,var advanceMotion;
com.nitrome.throwgame.Anchor,bottomExtent,False,__Packages/com/nitrome/throwgame/Anchor.as,6,var bottomExtent;
com.nitrome.throwgame.Anchor,draggable,False,__Packages/com/nitrome/throwgame/Anchor.as,7,var draggable;
com.nitrome.throwgame.Anchor,finished,False,__Packages/com/nitrome/throwgame/Anchor.as,8,var finished;
com.nitrome.throwgame.Anchor,fired,False,__Packages/com/nitrome/throwgame/Anchor.as,9,var fired;
com.nitrome.throwgame.Anchor,hide,False,__Packages/com/nitrome/throwgame/Anchor.as,10,var hide;
com.nitrome.throwgame.Anchor,hitsBoxes,False,__Packages/com/nitrome/throwgame/Anchor.as,11,var hitsBoxes;
com.nitrome.throwgame.Anchor,leftExtent,False,__Packages/com/nitrome/throwgame/Anchor.as,12,var leftExtent;
com.nitrome.throwgame.Anchor,mc,False,__Packages/com/nitrome/throwgame/Anchor.as,13,var mc;
com.nitrome.throwgame.Anchor,owner,False,__Packages/com/nitrome/throwgame/Anchor.as,14,var owner;
com.nitrome.throwgame.Anchor,placeableWeapon,False,__Packages/com/nitrome/throwgame/Anchor.as,15,var placeableWeapon;
com.nitrome.throwgame.Anchor,rightExtent,False,__Packages/com/nitrome/throwgame/Anchor.as,16,var rightExtent;
com.nitrome.throwgame.Anchor,show,False,__Packages/com/nitrome/throwgame/Anchor.as,17,var show;
com.nitrome.throwgame.Anchor,showCircle,False,__Packages/com/nitrome/throwgame/Anchor.as,18,var showCircle;
com.nitrome.throwgame.Anchor,simulation,False,__Packages/com/nitrome/throwgame/Anchor.as,19,var simulation;
com.nitrome.throwgame.Anchor,simulationFinished,False,__Packages/com/nitrome/throwgame/Anchor.as,20,var simulationFinished;
com.nitrome.throwgame.Anchor,topExtent,False,__Packages/com/nitrome/throwgame/Anchor.as,21,var topExtent;
com.nitrome.throwgame.Anchor,update,False,__Packages/com/nitrome/throwgame/Anchor.as,22,var update;
com.nitrome.throwgame.Anchor,velocityX,False,__Packages/com/nitrome/throwgame/Anchor.as,23,var velocityX;
com.nitrome.throwgame.Anchor,velocityY,False,__Packages/com/nitrome/throwgame/Anchor.as,24,var velocityY;
com.nitrome.throwgame.Anchor,x,False,__Packages/com/nitrome/throwgame/Anchor.as,25,var x;
com.nitrome.throwgame.Anchor,y,False,__Packages/com/nitrome/throwgame/Anchor.as,26,var y;
com.nitrome.throwgame.Anchor,hitBottom,False,__Packages/com/nitrome/throwgame/Anchor.as,27,var hitBottom = false;
com.nitrome.throwgame.Anchor,holdTime,False,__Packages/com/nitrome/throwgame/Anchor.as,28,var holdTime = 30;
com.nitrome.throwgame.Anchor,fadeTime,False,__Packages/com/nitrome/throwgame/Anchor.as,29,var fadeTime = 10;
com.nitrome.throwgame.Anchor,aiWaitTime,False,__Packages/com/nitrome/throwgame/Anchor.as,30,var aiWaitTime = 0;
com.nitrome.throwgame.Banana,bottomExtent,False,__Packages/com/nitrome/throwgame/Banana.as,5,var bottomExtent;
com.nitrome.throwgame.Banana,bounce,False,__Packages/com/nitrome/throwgame/Banana.as,6,var bounce;
com.nitrome.throwgame.Banana,draggable,False,__Packages/com/nitrome/throwgame/Banana.as,7,var draggable;
com.nitrome.throwgame.Banana,friction,False,__Packages/com/nitrome/throwgame/Banana.as,8,var friction;
com.nitrome.throwgame.Banana,hide,False,__Packages/com/nitrome/throwgame/Banana.as,9,var hide;
com.nitrome.throwgame.Banana,hitsBoxes,False,__Packages/com/nitrome/throwgame/Banana.as,10,var hitsBoxes;
com.nitrome.throwgame.Banana,leftExtent,False,__Packages/com/nitrome/throwgame/Banana.as,11,var leftExtent;
com.nitrome.throwgame.Banana,rightExtent,False,__Packages/com/nitrome/throwgame/Banana.as,12,var rightExtent;
com.nitrome.throwgame.Banana,rotation,False,__Packages/com/nitrome/throwgame/Banana.as,13,var rotation;
com.nitrome.throwgame.Banana,show,False,__Packages/com/nitrome/throwgame/Banana.as,14,var show;
com.nitrome.throwgame.Banana,topExtent,False,__Packages/com/nitrome/throwgame/Banana.as,15,var topExtent;
com.nitrome.throwgame.Banana,twangMaxForce,False,__Packages/com/nitrome/throwgame/Banana.as,16,var twangMaxForce;
com.nitrome.throwgame.Banana,twangable,False,__Packages/com/nitrome/throwgame/Banana.as,17,var twangable;
com.nitrome.throwgame.Banana,velocityX,False,__Packages/com/nitrome/throwgame/Banana.as,18,var velocityX;
com.nitrome.throwgame.Banana,velocityY,False,__Packages/com/nitrome/throwgame/Banana.as,19,var velocityY;
com.nitrome.throwgame.Banana,x,False,__Packages/com/nitrome/throwgame/Banana.as,20,var x;
com.nitrome.throwgame.Banana,y,False,__Packages/com/nitrome/throwgame/Banana.as,21,var y;
com.nitrome.throwgame.Banana,lastSqDistance,False,__Packages/com/nitrome/throwgame/Banana.as,22,var lastSqDistance = Infinity;
com.nitrome.throwgame.Boulder,bottomExtent,False,__Packages/com/nitrome/throwgame/Boulder.as,5,var bottomExtent;
com.nitrome.throwgame.Boulder,draggable,False,__Packages/com/nitrome/throwgame/Boulder.as,6,var draggable;
com.nitrome.throwgame.Boulder,friction,False,__Packages/com/nitrome/throwgame/Boulder.as,7,var friction;
com.nitrome.throwgame.Boulder,hitsBoxes,False,__Packages/com/nitrome/throwgame/Boulder.as,8,var hitsBoxes;
com.nitrome.throwgame.Boulder,leftExtent,False,__Packages/com/nitrome/throwgame/Boulder.as,9,var leftExtent;
com.nitrome.throwgame.Boulder,mc,False,__Packages/com/nitrome/throwgame/Boulder.as,10,var mc;
com.nitrome.throwgame.Boulder,rightExtent,False,__Packages/com/nitrome/throwgame/Boulder.as,11,var rightExtent;
com.nitrome.throwgame.Boulder,show,False,__Packages/com/nitrome/throwgame/Boulder.as,12,var show;
com.nitrome.throwgame.Boulder,topExtent,False,__Packages/com/nitrome/throwgame/Boulder.as,13,var topExtent;
com.nitrome.throwgame.Boulder,twangable,False,__Packages/com/nitrome/throwgame/Boulder.as,14,var twangable;
com.nitrome.throwgame.Boulder,velocityX,False,__Packages/com/nitrome/throwgame/Boulder.as,15,var velocityX;
com.nitrome.throwgame.Boulder,velocityY,False,__Packages/com/nitrome/throwgame/Boulder.as,16,var velocityY;
com.nitrome.throwgame.Boulder,weight,False,__Packages/com/nitrome/throwgame/Boulder.as,17,var weight;
com.nitrome.throwgame.Boulder,x,False,__Packages/com/nitrome/throwgame/Boulder.as,18,var x;
com.nitrome.throwgame.Boulder,y,False,__Packages/com/nitrome/throwgame/Boulder.as,19,var y;
com.nitrome.throwgame.Boulder,visibility,False,__Packages/com/nitrome/throwgame/Boulder.as,20,var visibility = 2;
com.nitrome.throwgame.BoxWeapon,aiList,False,__Packages/com/nitrome/throwgame/BoxWeapon.as,5,var aiList;
com.nitrome.throwgame.BoxWeapon,aiNextX,False,__Packages/com/nitrome/throwgame/BoxWeapon.as,6,var aiNextX;
com.nitrome.throwgame.BoxWeapon,aiNextY,False,__Packages/com/nitrome/throwgame/BoxWeapon.as,7,var aiNextY;
com.nitrome.throwgame.BoxWeapon,bottomExtent,False,__Packages/com/nitrome/throwgame/BoxWeapon.as,8,var bottomExtent;
com.nitrome.throwgame.BoxWeapon,createMore,False,__Packages/com/nitrome/throwgame/BoxWeapon.as,9,var createMore;
com.nitrome.throwgame.BoxWeapon,draggable,False,__Packages/com/nitrome/throwgame/BoxWeapon.as,10,var draggable;
com.nitrome.throwgame.BoxWeapon,hitsBoxes,False,__Packages/com/nitrome/throwgame/BoxWeapon.as,11,var hitsBoxes;
com.nitrome.throwgame.BoxWeapon,leftExtent,False,__Packages/com/nitrome/throwgame/BoxWeapon.as,12,var leftExtent;
com.nitrome.throwgame.BoxWeapon,mc,False,__Packages/com/nitrome/throwgame/BoxWeapon.as,13,var mc;
com.nitrome.throwgame.BoxWeapon,rightExtent,False,__Packages/com/nitrome/throwgame/BoxWeapon.as,14,var rightExtent;
com.nitrome.throwgame.BoxWeapon,show,False,__Packages/com/nitrome/throwgame/BoxWeapon.as,15,var show;
com.nitrome.throwgame.BoxWeapon,topExtent,False,__Packages/com/nitrome/throwgame/BoxWeapon.as,16,var topExtent;
com.nitrome.throwgame.BoxWeapon,nextBox,False,__Packages/com/nitrome/throwgame/BoxWeapon.as,17,var nextBox = null;
com.nitrome.throwgame.BoxWeapon,aiDelay,False,__Packages/com/nitrome/throwgame/BoxWeapon.as,18,var aiDelay = 0;
com.nitrome.throwgame.BoxWeapon,aiDelayAfter,False,__Packages/com/nitrome/throwgame/BoxWeapon.as,19,var aiDelayAfter = 0;
com.nitrome.throwgame.BoxWeapon,aiIndex,False,__Packages/com/nitrome/throwgame/BoxWeapon.as,20,var aiIndex = 0;
com.nitrome.throwgame.BoxWeapon,aiOffset,False,__Packages/com/nitrome/throwgame/BoxWeapon.as,21,var aiOffset = 0;
com.nitrome.throwgame.Cannon,advanceMotion,False,__Packages/com/nitrome/throwgame/Cannon.as,5,var advanceMotion;
com.nitrome.throwgame.Cannon,aiFireDetails,False,__Packages/com/nitrome/throwgame/Cannon.as,6,var aiFireDetails;
com.nitrome.throwgame.Cannon,dragOffset,False,__Packages/com/nitrome/throwgame/Cannon.as,7,var dragOffset;
com.nitrome.throwgame.Cannon,dragRange,False,__Packages/com/nitrome/throwgame/Cannon.as,8,var dragRange;
com.nitrome.throwgame.Cannon,finished,False,__Packages/com/nitrome/throwgame/Cannon.as,9,var finished;
com.nitrome.throwgame.Cannon,fired,False,__Packages/com/nitrome/throwgame/Cannon.as,10,var fired;
com.nitrome.throwgame.Cannon,hide,False,__Packages/com/nitrome/throwgame/Cannon.as,11,var hide;
com.nitrome.throwgame.Cannon,hitsBoxes,False,__Packages/com/nitrome/throwgame/Cannon.as,12,var hitsBoxes;
com.nitrome.throwgame.Cannon,mc,False,__Packages/com/nitrome/throwgame/Cannon.as,13,var mc;
com.nitrome.throwgame.Cannon,owner,False,__Packages/com/nitrome/throwgame/Cannon.as,14,var owner;
com.nitrome.throwgame.Cannon,placeableWeapon,False,__Packages/com/nitrome/throwgame/Cannon.as,15,var placeableWeapon;
com.nitrome.throwgame.Cannon,rotation,False,__Packages/com/nitrome/throwgame/Cannon.as,16,var rotation;
com.nitrome.throwgame.Cannon,show,False,__Packages/com/nitrome/throwgame/Cannon.as,17,var show;
com.nitrome.throwgame.Cannon,track,False,__Packages/com/nitrome/throwgame/Cannon.as,18,var track;
com.nitrome.throwgame.Cannon,trackX,False,__Packages/com/nitrome/throwgame/Cannon.as,19,var trackX;
com.nitrome.throwgame.Cannon,trackY,False,__Packages/com/nitrome/throwgame/Cannon.as,20,var trackY;
com.nitrome.throwgame.Cannon,velocityX,False,__Packages/com/nitrome/throwgame/Cannon.as,21,var velocityX;
com.nitrome.throwgame.Cannon,velocityY,False,__Packages/com/nitrome/throwgame/Cannon.as,22,var velocityY;
com.nitrome.throwgame.Cannon,weight,False,__Packages/com/nitrome/throwgame/Cannon.as,23,var weight;
com.nitrome.throwgame.Cannon,x,False,__Packages/com/nitrome/throwgame/Cannon.as,24,var x;
com.nitrome.throwgame.Cannon,y,False,__Packages/com/nitrome/throwgame/Cannon.as,25,var y;
com.nitrome.throwgame.Cannon,draggingPin,False,__Packages/com/nitrome/throwgame/Cannon.as,26,var draggingPin = false;
com.nitrome.throwgame.Cannon,fireStrength,False,__Packages/com/nitrome/throwgame/Cannon.as,27,var fireStrength = 0;
com.nitrome.throwgame.Cannon,cannonball,False,__Packages/com/nitrome/throwgame/Cannon.as,28,var cannonball = null;
com.nitrome.throwgame.Cannon,visibility,False,__Packages/com/nitrome/throwgame/Cannon.as,29,var visibility = 2;
com.nitrome.throwgame.Cannon,aiFireTime,False,__Packages/com/nitrome/throwgame/Cannon.as,30,var aiFireTime = 0;
com.nitrome.throwgame.Cannonball,bottomExtent,False,__Packages/com/nitrome/throwgame/Cannonball.as,5,var bottomExtent;
com.nitrome.throwgame.Cannonball,finished,False,__Packages/com/nitrome/throwgame/Cannonball.as,6,var finished;
com.nitrome.throwgame.Cannonball,fired,False,__Packages/com/nitrome/throwgame/Cannonball.as,7,var fired;
com.nitrome.throwgame.Cannonball,hide,False,__Packages/com/nitrome/throwgame/Cannonball.as,8,var hide;
com.nitrome.throwgame.Cannonball,hitsBoxes,False,__Packages/com/nitrome/throwgame/Cannonball.as,9,var hitsBoxes;
com.nitrome.throwgame.Cannonball,leftExtent,False,__Packages/com/nitrome/throwgame/Cannonball.as,10,var leftExtent;
com.nitrome.throwgame.Cannonball,owner,False,__Packages/com/nitrome/throwgame/Cannonball.as,11,var owner;
com.nitrome.throwgame.Cannonball,rightExtent,False,__Packages/com/nitrome/throwgame/Cannonball.as,12,var rightExtent;
com.nitrome.throwgame.Cannonball,show,False,__Packages/com/nitrome/throwgame/Cannonball.as,13,var show;
com.nitrome.throwgame.Cannonball,simulation,False,__Packages/com/nitrome/throwgame/Cannonball.as,14,var simulation;
com.nitrome.throwgame.Cannonball,simulationFinished,False,__Packages/com/nitrome/throwgame/Cannonball.as,15,var simulationFinished;
com.nitrome.throwgame.Cannonball,topExtent,False,__Packages/com/nitrome/throwgame/Cannonball.as,16,var topExtent;
com.nitrome.throwgame.Cannonball,update,False,__Packages/com/nitrome/throwgame/Cannonball.as,17,var update;
com.nitrome.throwgame.Cannonball,velocityX,False,__Packages/com/nitrome/throwgame/Cannonball.as,18,var velocityX;
com.nitrome.throwgame.Cannonball,velocityY,False,__Packages/com/nitrome/throwgame/Cannonball.as,19,var velocityY;
com.nitrome.throwgame.Cannonball,weight,False,__Packages/com/nitrome/throwgame/Cannonball.as,20,var weight;
com.nitrome.throwgame.Cannonball,x,False,__Packages/com/nitrome/throwgame/Cannonball.as,21,var x;
com.nitrome.throwgame.Cannonball,y,False,__Packages/com/nitrome/throwgame/Cannonball.as,22,var y;
com.nitrome.throwgame.Character,advanceMotion,False,__Packages/com/nitrome/throwgame/Character.as,5,var advanceMotion;
com.nitrome.throwgame.Character,aiMoveList,False,__Packages/com/nitrome/throwgame/Character.as,6,var aiMoveList;
com.nitrome.throwgame.Character,aiThrowsToCheck,False,__Packages/com/nitrome/throwgame/Character.as,7,var aiThrowsToCheck;
com.nitrome.throwgame.Character,bottomExtent,False,__Packages/com/nitrome/throwgame/Character.as,8,var bottomExtent;
com.nitrome.throwgame.Character,dragStartX,False,__Packages/com/nitrome/throwgame/Character.as,9,var dragStartX;
com.nitrome.throwgame.Character,dragStartY,False,__Packages/com/nitrome/throwgame/Character.as,10,var dragStartY;
com.nitrome.throwgame.Character,draggable,False,__Packages/com/nitrome/throwgame/Character.as,11,var draggable;
com.nitrome.throwgame.Character,drawTwangLine,False,__Packages/com/nitrome/throwgame/Character.as,12,var drawTwangLine;
com.nitrome.throwgame.Character,friction,False,__Packages/com/nitrome/throwgame/Character.as,13,var friction;
com.nitrome.throwgame.Character,hasWeapons,False,__Packages/com/nitrome/throwgame/Character.as,14,var hasWeapons;
com.nitrome.throwgame.Character,hitsBoxes,False,__Packages/com/nitrome/throwgame/Character.as,15,var hitsBoxes;
com.nitrome.throwgame.Character,infiniteWeapons,False,__Packages/com/nitrome/throwgame/Character.as,16,var infiniteWeapons;
com.nitrome.throwgame.Character,isCharacter,False,__Packages/com/nitrome/throwgame/Character.as,17,var isCharacter;
com.nitrome.throwgame.Character,leftExtent,False,__Packages/com/nitrome/throwgame/Character.as,18,var leftExtent;
com.nitrome.throwgame.Character,mc,False,__Packages/com/nitrome/throwgame/Character.as,19,var mc;
com.nitrome.throwgame.Character,mcHolder,False,__Packages/com/nitrome/throwgame/Character.as,20,var mcHolder;
com.nitrome.throwgame.Character,rightExtent,False,__Packages/com/nitrome/throwgame/Character.as,21,var rightExtent;
com.nitrome.throwgame.Character,rotation,False,__Packages/com/nitrome/throwgame/Character.as,22,var rotation;
com.nitrome.throwgame.Character,splashCheck,False,__Packages/com/nitrome/throwgame/Character.as,23,var splashCheck;
com.nitrome.throwgame.Character,team,False,__Packages/com/nitrome/throwgame/Character.as,24,var team;
com.nitrome.throwgame.Character,topExtent,False,__Packages/com/nitrome/throwgame/Character.as,25,var topExtent;
com.nitrome.throwgame.Character,twangable,False,__Packages/com/nitrome/throwgame/Character.as,26,var twangable;
com.nitrome.throwgame.Character,update,False,__Packages/com/nitrome/throwgame/Character.as,27,var update;
com.nitrome.throwgame.Character,useHolder,False,__Packages/com/nitrome/throwgame/Character.as,28,var useHolder;
com.nitrome.throwgame.Character,velocityX,False,__Packages/com/nitrome/throwgame/Character.as,29,var velocityX;
com.nitrome.throwgame.Character,velocityY,False,__Packages/com/nitrome/throwgame/Character.as,30,var velocityY;
com.nitrome.throwgame.Character,x,False,__Packages/com/nitrome/throwgame/Character.as,31,var x;
com.nitrome.throwgame.Character,y,False,__Packages/com/nitrome/throwgame/Character.as,32,var y;
com.nitrome.throwgame.Character,index,False,__Packages/com/nitrome/throwgame/Character.as,33,var index = 0;
com.nitrome.throwgame.Character,alive,False,__Packages/com/nitrome/throwgame/Character.as,34,var alive = true;
com.nitrome.throwgame.Character,health,False,__Packages/com/nitrome/throwgame/Character.as,35,var health = 100;
com.nitrome.throwgame.Character,maxHealth,False,__Packages/com/nitrome/throwgame/Character.as,36,var maxHealth = 100;
com.nitrome.throwgame.Character,shownHealth,False,__Packages/com/nitrome/throwgame/Character.as,37,var shownHealth = 100;
com.nitrome.throwgame.Character,overlay,False,__Packages/com/nitrome/throwgame/Character.as,38,var overlay = null;
com.nitrome.throwgame.Character,equippedWeapon,False,__Packages/com/nitrome/throwgame/Character.as,39,var equippedWeapon = null;
com.nitrome.throwgame.Character,equippedWeaponIndex,False,__Packages/com/nitrome/throwgame/Character.as,40,var equippedWeaponIndex = -1;
com.nitrome.throwgame.Character,weaponSelected,False,__Packages/com/nitrome/throwgame/Character.as,41,var weaponSelected = false;
com.nitrome.throwgame.Character,weaponLocked,False,__Packages/com/nitrome/throwgame/Character.as,42,var weaponLocked = false;
com.nitrome.throwgame.Character,thrown,False,__Packages/com/nitrome/throwgame/Character.as,43,var thrown = false;
com.nitrome.throwgame.Character,throwFinished,False,__Packages/com/nitrome/throwgame/Character.as,44,var throwFinished = false;
com.nitrome.throwgame.Character,hit,False,__Packages/com/nitrome/throwgame/Character.as,45,var hit = false;
com.nitrome.throwgame.Character,mapVisibility,False,__Packages/com/nitrome/throwgame/Character.as,46,var mapVisibility = 1;
com.nitrome.throwgame.Character,aiFinished,False,__Packages/com/nitrome/throwgame/Character.as,47,var aiFinished = true;
com.nitrome.throwgame.Character,aiThrowChecked,False,__Packages/com/nitrome/throwgame/Character.as,48,var aiThrowChecked = false;
com.nitrome.throwgame.Character,aiWeaponsChecked,False,__Packages/com/nitrome/throwgame/Character.as,49,var aiWeaponsChecked = 0;
com.nitrome.throwgame.Character,aiRemember,False,__Packages/com/nitrome/throwgame/Character.as,50,var aiRemember = null;
com.nitrome.throwgame.Character,canThrow,False,__Packages/com/nitrome/throwgame/Character.as,51,var canThrow = true;
com.nitrome.throwgame.Character,canShoot,False,__Packages/com/nitrome/throwgame/Character.as,52,var canShoot = true;
com.nitrome.throwgame.Character,evilness,False,__Packages/com/nitrome/throwgame/Character.as,53,var evilness = 0;
com.nitrome.throwgame.Character,luck,False,__Packages/com/nitrome/throwgame/Character.as,54,var luck = 5;
com.nitrome.throwgame.Character,contactTime,False,__Packages/com/nitrome/throwgame/Character.as,55,var contactTime = 0;
com.nitrome.throwgame.CherryBomb,bottomExtent,False,__Packages/com/nitrome/throwgame/CherryBomb.as,5,var bottomExtent;
com.nitrome.throwgame.CherryBomb,draggable,False,__Packages/com/nitrome/throwgame/CherryBomb.as,6,var draggable;
com.nitrome.throwgame.CherryBomb,hide,False,__Packages/com/nitrome/throwgame/CherryBomb.as,7,var hide;
com.nitrome.throwgame.CherryBomb,hitsBoxes,False,__Packages/com/nitrome/throwgame/CherryBomb.as,8,var hitsBoxes;
com.nitrome.throwgame.CherryBomb,leftExtent,False,__Packages/com/nitrome/throwgame/CherryBomb.as,9,var leftExtent;
com.nitrome.throwgame.CherryBomb,rightExtent,False,__Packages/com/nitrome/throwgame/CherryBomb.as,10,var rightExtent;
com.nitrome.throwgame.CherryBomb,show,False,__Packages/com/nitrome/throwgame/CherryBomb.as,11,var show;
com.nitrome.throwgame.CherryBomb,topExtent,False,__Packages/com/nitrome/throwgame/CherryBomb.as,12,var topExtent;
com.nitrome.throwgame.CherryBomb,twangable,False,__Packages/com/nitrome/throwgame/CherryBomb.as,13,var twangable;
com.nitrome.throwgame.CherryBomb,x,False,__Packages/com/nitrome/throwgame/CherryBomb.as,14,var x;
com.nitrome.throwgame.CherryBomb,y,False,__Packages/com/nitrome/throwgame/CherryBomb.as,15,var y;
com.nitrome.throwgame.Controller,backTileLayer,True,__Packages/com/nitrome/throwgame/Controller.as,5,static var backTileLayer;
com.nitrome.throwgame.Controller,boxes,True,__Packages/com/nitrome/throwgame/Controller.as,6,static var boxes;
com.nitrome.throwgame.Controller,characterLayer,True,__Packages/com/nitrome/throwgame/Controller.as,7,static var characterLayer;
com.nitrome.throwgame.Controller,chests,True,__Packages/com/nitrome/throwgame/Controller.as,8,static var chests;
com.nitrome.throwgame.Controller,content,True,__Packages/com/nitrome/throwgame/Controller.as,9,static var content;
com.nitrome.throwgame.Controller,effectsLayer,True,__Packages/com/nitrome/throwgame/Controller.as,10,static var effectsLayer;
com.nitrome.throwgame.Controller,holder,True,__Packages/com/nitrome/throwgame/Controller.as,11,static var holder;
com.nitrome.throwgame.Controller,map,True,__Packages/com/nitrome/throwgame/Controller.as,12,static var map;
com.nitrome.throwgame.Controller,mines,True,__Packages/com/nitrome/throwgame/Controller.as,13,static var mines;
com.nitrome.throwgame.Controller,objectLayer,True,__Packages/com/nitrome/throwgame/Controller.as,14,static var objectLayer;
com.nitrome.throwgame.Controller,objects,True,__Packages/com/nitrome/throwgame/Controller.as,15,static var objects;
com.nitrome.throwgame.Controller,popup,True,__Packages/com/nitrome/throwgame/Controller.as,16,static var popup;
com.nitrome.throwgame.Controller,rangeCircle,True,__Packages/com/nitrome/throwgame/Controller.as,17,static var rangeCircle;
com.nitrome.throwgame.Controller,root,True,__Packages/com/nitrome/throwgame/Controller.as,18,static var root;
com.nitrome.throwgame.Controller,speechBubble,True,__Packages/com/nitrome/throwgame/Controller.as,19,static var speechBubble;
com.nitrome.throwgame.Controller,speechLineNumber,True,__Packages/com/nitrome/throwgame/Controller.as,20,static var speechLineNumber;
com.nitrome.throwgame.Controller,teams,True,__Packages/com/nitrome/throwgame/Controller.as,21,static var teams;
com.nitrome.throwgame.Controller,text,True,__Packages/com/nitrome/throwgame/Controller.as,22,static var text;
com.nitrome.throwgame.Controller,tileLayer,True,__Packages/com/nitrome/throwgame/Controller.as,23,static var tileLayer;
com.nitrome.throwgame.Controller,tileSystem,True,__Packages/com/nitrome/throwgame/Controller.as,24,static var tileSystem;
com.nitrome.throwgame.Controller,water,True,__Packages/com/nitrome/throwgame/Controller.as,25,static var water;
com.nitrome.throwgame.Controller,waterLayer,True,__Packages/com/nitrome/throwgame/Controller.as,26,static var waterLayer;
com.nitrome.throwgame.Controller,skyColour,True,__Packages/com/nitrome/throwgame/Controller.as,27,static var skyColour = 1;
com.nitrome.throwgame.Controller,currentTeam,True,__Packages/com/nitrome/throwgame/Controller.as,28,static var currentTeam = null;
com.nitrome.throwgame.Controller,dragging,True,__Packages/com/nitrome/throwgame/Controller.as,29,static var dragging = null;
com.nitrome.throwgame.Controller,twanging,True,__Packages/com/nitrome/throwgame/Controller.as,30,static var twanging = null;
com.nitrome.throwgame.Controller,hoverCharacter,True,__Packages/com/nitrome/throwgame/Controller.as,31,static var hoverCharacter = null;
com.nitrome.throwgame.Controller,inactivity,True,__Packages/com/nitrome/throwgame/Controller.as,32,static var inactivity = 0;
com.nitrome.throwgame.Dynamite,bottomExtent,False,__Packages/com/nitrome/throwgame/Dynamite.as,5,var bottomExtent;
com.nitrome.throwgame.Dynamite,draggable,False,__Packages/com/nitrome/throwgame/Dynamite.as,6,var draggable;
com.nitrome.throwgame.Dynamite,friction,False,__Packages/com/nitrome/throwgame/Dynamite.as,7,var friction;
com.nitrome.throwgame.Dynamite,hide,False,__Packages/com/nitrome/throwgame/Dynamite.as,8,var hide;
com.nitrome.throwgame.Dynamite,hitsBoxes,False,__Packages/com/nitrome/throwgame/Dynamite.as,9,var hitsBoxes;
com.nitrome.throwgame.Dynamite,leftExtent,False,__Packages/com/nitrome/throwgame/Dynamite.as,10,var leftExtent;
com.nitrome.throwgame.Dynamite,mc,False,__Packages/com/nitrome/throwgame/Dynamite.as,11,var mc;
com.nitrome.throwgame.Dynamite,rightExtent,False,__Packages/com/nitrome/throwgame/Dynamite.as,12,var rightExtent;
com.nitrome.throwgame.Dynamite,rotation,False,__Packages/com/nitrome/throwgame/Dynamite.as,13,var rotation;
com.nitrome.throwgame.Dynamite,show,False,__Packages/com/nitrome/throwgame/Dynamite.as,14,var show;
com.nitrome.throwgame.Dynamite,topExtent,False,__Packages/com/nitrome/throwgame/Dynamite.as,15,var topExtent;
com.nitrome.throwgame.Dynamite,twangable,False,__Packages/com/nitrome/throwgame/Dynamite.as,16,var twangable;
com.nitrome.throwgame.Dynamite,velocityX,False,__Packages/com/nitrome/throwgame/Dynamite.as,17,var velocityX;
com.nitrome.throwgame.Dynamite,velocityY,False,__Packages/com/nitrome/throwgame/Dynamite.as,18,var velocityY;
com.nitrome.throwgame.Dynamite,x,False,__Packages/com/nitrome/throwgame/Dynamite.as,19,var x;
com.nitrome.throwgame.Dynamite,y,False,__Packages/com/nitrome/throwgame/Dynamite.as,20,var y;
com.nitrome.throwgame.Explosion,caster,False,__Packages/com/nitrome/throwgame/Explosion.as,5,var caster;
com.nitrome.throwgame.Explosion,maxDamage,False,__Packages/com/nitrome/throwgame/Explosion.as,6,var maxDamage;
com.nitrome.throwgame.Explosion,radius,False,__Packages/com/nitrome/throwgame/Explosion.as,7,var radius;
com.nitrome.throwgame.GunpowderBarrel,createMore,False,__Packages/com/nitrome/throwgame/GunpowderBarrel.as,5,var createMore;
com.nitrome.throwgame.GunpowderBarrel,x,False,__Packages/com/nitrome/throwgame/GunpowderBarrel.as,6,var x;
com.nitrome.throwgame.GunpowderBarrel,y,False,__Packages/com/nitrome/throwgame/GunpowderBarrel.as,7,var y;
com.nitrome.throwgame.Map,activeClip,False,__Packages/com/nitrome/throwgame/Map.as,5,var activeClip;
com.nitrome.throwgame.Map,tileClip,False,__Packages/com/nitrome/throwgame/Map.as,6,var tileClip;
com.nitrome.throwgame.Map,dotSize,False,__Packages/com/nitrome/throwgame/Map.as,7,var dotSize = 3;
com.nitrome.throwgame.Mine,beepTimes,False,__Packages/com/nitrome/throwgame/Mine.as,5,var beepTimes;
com.nitrome.throwgame.Mine,bottomExtent,False,__Packages/com/nitrome/throwgame/Mine.as,6,var bottomExtent;
com.nitrome.throwgame.Mine,destroy,False,__Packages/com/nitrome/throwgame/Mine.as,7,var destroy;
com.nitrome.throwgame.Mine,dragRange,False,__Packages/com/nitrome/throwgame/Mine.as,8,var dragRange;
com.nitrome.throwgame.Mine,draggable,False,__Packages/com/nitrome/throwgame/Mine.as,9,var draggable;
com.nitrome.throwgame.Mine,finished,False,__Packages/com/nitrome/throwgame/Mine.as,10,var finished;
com.nitrome.throwgame.Mine,fired,False,__Packages/com/nitrome/throwgame/Mine.as,11,var fired;
com.nitrome.throwgame.Mine,friction,False,__Packages/com/nitrome/throwgame/Mine.as,12,var friction;
com.nitrome.throwgame.Mine,hitsBoxes,False,__Packages/com/nitrome/throwgame/Mine.as,13,var hitsBoxes;
com.nitrome.throwgame.Mine,leftExtent,False,__Packages/com/nitrome/throwgame/Mine.as,14,var leftExtent;
com.nitrome.throwgame.Mine,limitedToTurn,False,__Packages/com/nitrome/throwgame/Mine.as,15,var limitedToTurn;
com.nitrome.throwgame.Mine,mc,False,__Packages/com/nitrome/throwgame/Mine.as,16,var mc;
com.nitrome.throwgame.Mine,owner,False,__Packages/com/nitrome/throwgame/Mine.as,17,var owner;
com.nitrome.throwgame.Mine,rightExtent,False,__Packages/com/nitrome/throwgame/Mine.as,18,var rightExtent;
com.nitrome.throwgame.Mine,show,False,__Packages/com/nitrome/throwgame/Mine.as,19,var show;
com.nitrome.throwgame.Mine,simulation,False,__Packages/com/nitrome/throwgame/Mine.as,20,var simulation;
com.nitrome.throwgame.Mine,simulationFinished,False,__Packages/com/nitrome/throwgame/Mine.as,21,var simulationFinished;
com.nitrome.throwgame.Mine,topExtent,False,__Packages/com/nitrome/throwgame/Mine.as,22,var topExtent;
com.nitrome.throwgame.Mine,twangable,False,__Packages/com/nitrome/throwgame/Mine.as,23,var twangable;
com.nitrome.throwgame.Mine,velocityX,False,__Packages/com/nitrome/throwgame/Mine.as,24,var velocityX;
com.nitrome.throwgame.Mine,velocityY,False,__Packages/com/nitrome/throwgame/Mine.as,25,var velocityY;
com.nitrome.throwgame.Mine,x,False,__Packages/com/nitrome/throwgame/Mine.as,26,var x;
com.nitrome.throwgame.Mine,y,False,__Packages/com/nitrome/throwgame/Mine.as,27,var y;
com.nitrome.throwgame.Mine,ignoreTime,False,__Packages/com/nitrome/throwgame/Mine.as,28,var ignoreTime = 10;
com.nitrome.throwgame.Mine,countdown,False,__Packages/com/nitrome/throwgame/Mine.as,29,var countdown = 60;
com.nitrome.throwgame.Mine,active,False,__Packages/com/nitrome/throwgame/Mine.as,30,var active = false;
com.nitrome.throwgame.Mine,exploded,False,__Packages/com/nitrome/throwgame/Mine.as,31,var exploded = false;
com.nitrome.throwgame.ParachuteBomb,bottomExtent,False,__Packages/com/nitrome/throwgame/ParachuteBomb.as,5,var bottomExtent;
com.nitrome.throwgame.ParachuteBomb,draggable,False,__Packages/com/nitrome/throwgame/ParachuteBomb.as,6,var draggable;
com.nitrome.throwgame.ParachuteBomb,hide,False,__Packages/com/nitrome/throwgame/ParachuteBomb.as,7,var hide;
com.nitrome.throwgame.ParachuteBomb,hitsBoxes,False,__Packages/com/nitrome/throwgame/ParachuteBomb.as,8,var hitsBoxes;
com.nitrome.throwgame.ParachuteBomb,leftExtent,False,__Packages/com/nitrome/throwgame/ParachuteBomb.as,9,var leftExtent;
com.nitrome.throwgame.ParachuteBomb,mc,False,__Packages/com/nitrome/throwgame/ParachuteBomb.as,10,var mc;
com.nitrome.throwgame.ParachuteBomb,rightExtent,False,__Packages/com/nitrome/throwgame/ParachuteBomb.as,11,var rightExtent;
com.nitrome.throwgame.ParachuteBomb,show,False,__Packages/com/nitrome/throwgame/ParachuteBomb.as,12,var show;
com.nitrome.throwgame.ParachuteBomb,topExtent,False,__Packages/com/nitrome/throwgame/ParachuteBomb.as,13,var topExtent;
com.nitrome.throwgame.ParachuteBomb,twangMaxForce,False,__Packages/com/nitrome/throwgame/ParachuteBomb.as,14,var twangMaxForce;
com.nitrome.throwgame.ParachuteBomb,twangable,False,__Packages/com/nitrome/throwgame/ParachuteBomb.as,15,var twangable;
com.nitrome.throwgame.ParachuteBomb,velocityX,False,__Packages/com/nitrome/throwgame/ParachuteBomb.as,16,var velocityX;
com.nitrome.throwgame.ParachuteBomb,velocityY,False,__Packages/com/nitrome/throwgame/ParachuteBomb.as,17,var velocityY;
com.nitrome.throwgame.ParachuteBomb,weight,False,__Packages/com/nitrome/throwgame/ParachuteBomb.as,18,var weight;
com.nitrome.throwgame.ParachuteBomb,x,False,__Packages/com/nitrome/throwgame/ParachuteBomb.as,19,var x;
com.nitrome.throwgame.ParachuteBomb,y,False,__Packages/com/nitrome/throwgame/ParachuteBomb.as,20,var y;
com.nitrome.throwgame.ParachuteBomb,chuteOpen,False,__Packages/com/nitrome/throwgame/ParachuteBomb.as,21,var chuteOpen = false;
com.nitrome.throwgame.ParachuteBomb,framesFromFire,False,__Packages/com/nitrome/throwgame/ParachuteBomb.as,22,var framesFromFire = 0;
com.nitrome.throwgame.PiecesOfEight,aiPerform,False,__Packages/com/nitrome/throwgame/PiecesOfEight.as,5,var aiPerform;
com.nitrome.throwgame.PiecesOfEight,bottomExtent,False,__Packages/com/nitrome/throwgame/PiecesOfEight.as,6,var bottomExtent;
com.nitrome.throwgame.PiecesOfEight,draggable,False,__Packages/com/nitrome/throwgame/PiecesOfEight.as,7,var draggable;
com.nitrome.throwgame.PiecesOfEight,finished,False,__Packages/com/nitrome/throwgame/PiecesOfEight.as,8,var finished;
com.nitrome.throwgame.PiecesOfEight,fired,False,__Packages/com/nitrome/throwgame/PiecesOfEight.as,9,var fired;
com.nitrome.throwgame.PiecesOfEight,hide,False,__Packages/com/nitrome/throwgame/PiecesOfEight.as,10,var hide;
com.nitrome.throwgame.PiecesOfEight,hitsBoxes,False,__Packages/com/nitrome/throwgame/PiecesOfEight.as,11,var hitsBoxes;
com.nitrome.throwgame.PiecesOfEight,leftExtent,False,__Packages/com/nitrome/throwgame/PiecesOfEight.as,12,var leftExtent;
com.nitrome.throwgame.PiecesOfEight,owner,False,__Packages/com/nitrome/throwgame/PiecesOfEight.as,13,var owner;
com.nitrome.throwgame.PiecesOfEight,randomThrows,False,__Packages/com/nitrome/throwgame/PiecesOfEight.as,14,var randomThrows;
com.nitrome.throwgame.PiecesOfEight,rightExtent,False,__Packages/com/nitrome/throwgame/PiecesOfEight.as,15,var rightExtent;
com.nitrome.throwgame.PiecesOfEight,show,False,__Packages/com/nitrome/throwgame/PiecesOfEight.as,16,var show;
com.nitrome.throwgame.PiecesOfEight,simulation,False,__Packages/com/nitrome/throwgame/PiecesOfEight.as,17,var simulation;
com.nitrome.throwgame.PiecesOfEight,simulationFinished,False,__Packages/com/nitrome/throwgame/PiecesOfEight.as,18,var simulationFinished;
com.nitrome.throwgame.PiecesOfEight,topExtent,False,__Packages/com/nitrome/throwgame/PiecesOfEight.as,19,var topExtent;
com.nitrome.throwgame.PiecesOfEight,track,False,__Packages/com/nitrome/throwgame/PiecesOfEight.as,20,var track;
com.nitrome.throwgame.PiecesOfEight,twangable,False,__Packages/com/nitrome/throwgame/PiecesOfEight.as,21,var twangable;
com.nitrome.throwgame.PiecesOfEight,velocityX,False,__Packages/com/nitrome/throwgame/PiecesOfEight.as,22,var velocityX;
com.nitrome.throwgame.PiecesOfEight,velocityY,False,__Packages/com/nitrome/throwgame/PiecesOfEight.as,23,var velocityY;
com.nitrome.throwgame.PiecesOfEight,x,False,__Packages/com/nitrome/throwgame/PiecesOfEight.as,24,var x;
com.nitrome.throwgame.PiecesOfEight,y,False,__Packages/com/nitrome/throwgame/PiecesOfEight.as,25,var y;
com.nitrome.throwgame.PiecesOfEight,timesFired,False,__Packages/com/nitrome/throwgame/PiecesOfEight.as,26,var timesFired = 0;
com.nitrome.throwgame.PiecesOfEight,aiWait,False,__Packages/com/nitrome/throwgame/PiecesOfEight.as,27,var aiWait = 0;
com.nitrome.throwgame.RumBottle,bottomExtent,False,__Packages/com/nitrome/throwgame/RumBottle.as,5,var bottomExtent;
com.nitrome.throwgame.RumBottle,draggable,False,__Packages/com/nitrome/throwgame/RumBottle.as,6,var draggable;
com.nitrome.throwgame.RumBottle,finished,False,__Packages/com/nitrome/throwgame/RumBottle.as,7,var finished;
com.nitrome.throwgame.RumBottle,fired,False,__Packages/com/nitrome/throwgame/RumBottle.as,8,var fired;
com.nitrome.throwgame.RumBottle,hide,False,__Packages/com/nitrome/throwgame/RumBottle.as,9,var hide;
com.nitrome.throwgame.RumBottle,hitsBoxes,False,__Packages/com/nitrome/throwgame/RumBottle.as,10,var hitsBoxes;
com.nitrome.throwgame.RumBottle,leftExtent,False,__Packages/com/nitrome/throwgame/RumBottle.as,11,var leftExtent;
com.nitrome.throwgame.RumBottle,owner,False,__Packages/com/nitrome/throwgame/RumBottle.as,12,var owner;
com.nitrome.throwgame.RumBottle,rightExtent,False,__Packages/com/nitrome/throwgame/RumBottle.as,13,var rightExtent;
com.nitrome.throwgame.RumBottle,rotation,False,__Packages/com/nitrome/throwgame/RumBottle.as,14,var rotation;
com.nitrome.throwgame.RumBottle,show,False,__Packages/com/nitrome/throwgame/RumBottle.as,15,var show;
com.nitrome.throwgame.RumBottle,simulation,False,__Packages/com/nitrome/throwgame/RumBottle.as,16,var simulation;
com.nitrome.throwgame.RumBottle,simulationFinished,False,__Packages/com/nitrome/throwgame/RumBottle.as,17,var simulationFinished;
com.nitrome.throwgame.RumBottle,topExtent,False,__Packages/com/nitrome/throwgame/RumBottle.as,18,var topExtent;
com.nitrome.throwgame.RumBottle,twangMaxForce,False,__Packages/com/nitrome/throwgame/RumBottle.as,19,var twangMaxForce;
com.nitrome.throwgame.RumBottle,twangable,False,__Packages/com/nitrome/throwgame/RumBottle.as,20,var twangable;
com.nitrome.throwgame.RumBottle,update,False,__Packages/com/nitrome/throwgame/RumBottle.as,21,var update;
com.nitrome.throwgame.RumBottle,velocityX,False,__Packages/com/nitrome/throwgame/RumBottle.as,22,var velocityX;
com.nitrome.throwgame.RumBottle,x,False,__Packages/com/nitrome/throwgame/RumBottle.as,23,var x;
com.nitrome.throwgame.RumBottle,y,False,__Packages/com/nitrome/throwgame/RumBottle.as,24,var y;
com.nitrome.throwgame.Seagull,aiShotXs,False,__Packages/com/nitrome/throwgame/Seagull.as,5,var aiShotXs;
com.nitrome.throwgame.Seagull,dottedLine,False,__Packages/com/nitrome/throwgame/Seagull.as,6,var dottedLine;
com.nitrome.throwgame.Seagull,draggable,False,__Packages/com/nitrome/throwgame/Seagull.as,7,var draggable;
com.nitrome.throwgame.Seagull,hide,False,__Packages/com/nitrome/throwgame/Seagull.as,8,var hide;
com.nitrome.throwgame.Seagull,hitsTiles,False,__Packages/com/nitrome/throwgame/Seagull.as,9,var hitsTiles;
com.nitrome.throwgame.Seagull,mc,False,__Packages/com/nitrome/throwgame/Seagull.as,10,var mc;
com.nitrome.throwgame.Seagull,shots,False,__Packages/com/nitrome/throwgame/Seagull.as,11,var shots;
com.nitrome.throwgame.Seagull,show,False,__Packages/com/nitrome/throwgame/Seagull.as,12,var show;
com.nitrome.throwgame.Seagull,velocityX,False,__Packages/com/nitrome/throwgame/Seagull.as,13,var velocityX;
com.nitrome.throwgame.Seagull,weight,False,__Packages/com/nitrome/throwgame/Seagull.as,14,var weight;
com.nitrome.throwgame.Seagull,x,False,__Packages/com/nitrome/throwgame/Seagull.as,15,var x;
com.nitrome.throwgame.Seagull,y,False,__Packages/com/nitrome/throwgame/Seagull.as,16,var y;
com.nitrome.throwgame.Solid,dragStartX,False,__Packages/com/nitrome/throwgame/Solid.as,5,var dragStartX;
com.nitrome.throwgame.Solid,dragStartY,False,__Packages/com/nitrome/throwgame/Solid.as,6,var dragStartY;
com.nitrome.throwgame.Solid,leftExtent,False,__Packages/com/nitrome/throwgame/Solid.as,7,var leftExtent = 10;
com.nitrome.throwgame.Solid,rightExtent,False,__Packages/com/nitrome/throwgame/Solid.as,8,var rightExtent = 10;
com.nitrome.throwgame.Solid,topExtent,False,__Packages/com/nitrome/throwgame/Solid.as,9,var topExtent = 10;
com.nitrome.throwgame.Solid,bottomExtent,False,__Packages/com/nitrome/throwgame/Solid.as,10,var bottomExtent = 10;
com.nitrome.throwgame.Solid,velocityX,False,__Packages/com/nitrome/throwgame/Solid.as,11,var velocityX = 0;
com.nitrome.throwgame.Solid,velocityY,False,__Packages/com/nitrome/throwgame/Solid.as,12,var velocityY = 0;
com.nitrome.throwgame.Solid,weight,False,__Packages/com/nitrome/throwgame/Solid.as,13,var weight = 1;
com.nitrome.throwgame.Solid,friction,False,__Packages/com/nitrome/throwgame/Solid.as,14,var friction = 0.3;
com.nitrome.throwgame.Solid,bounce,False,__Packages/com/nitrome/throwgame/Solid.as,15,var bounce = 0.2;
com.nitrome.throwgame.Solid,draggable,False,__Packages/com/nitrome/throwgame/Solid.as,16,var draggable = true;
com.nitrome.throwgame.Solid,twangable,False,__Packages/com/nitrome/throwgame/Solid.as,17,var twangable = false;
com.nitrome.throwgame.Solid,twangMaxForce,False,__Packages/com/nitrome/throwgame/Solid.as,18,var twangMaxForce = 20;
com.nitrome.throwgame.Solid,twangPin,False,__Packages/com/nitrome/throwgame/Solid.as,19,var twangPin = null;
com.nitrome.throwgame.Solid,isCharacter,False,__Packages/com/nitrome/throwgame/Solid.as,20,var isCharacter = false;
com.nitrome.throwgame.Solid,isWeapon,False,__Packages/com/nitrome/throwgame/Solid.as,21,var isWeapon = false;
com.nitrome.throwgame.Solid,hitsTiles,False,__Packages/com/nitrome/throwgame/Solid.as,22,var hitsTiles = true;
com.nitrome.throwgame.Solid,hitsBoxes,False,__Packages/com/nitrome/throwgame/Solid.as,23,var hitsBoxes = false;
com.nitrome.throwgame.Solid,overWater,False,__Packages/com/nitrome/throwgame/Solid.as,24,var overWater = true;
com.nitrome.throwgame.Solid,FLOOR,True,__Packages/com/nitrome/throwgame/Solid.as,25,static var FLOOR = 0;
com.nitrome.throwgame.Solid,WALL_RIGHT,True,__Packages/com/nitrome/throwgame/Solid.as,26,static var WALL_RIGHT = 1;
com.nitrome.throwgame.Solid,CEILING,True,__Packages/com/nitrome/throwgame/Solid.as,27,static var CEILING = 2;
com.nitrome.throwgame.Solid,WALL_LEFT,True,__Packages/com/nitrome/throwgame/Solid.as,28,static var WALL_LEFT = 3;
com.nitrome.throwgame.SpeechBubble,mc,False,__Packages/com/nitrome/throwgame/SpeechBubble.as,5,var mc;
com.nitrome.throwgame.SpeechBubble,show,False,__Packages/com/nitrome/throwgame/SpeechBubble.as,6,var show;
com.nitrome.throwgame.SpeechBubble,target,False,__Packages/com/nitrome/throwgame/SpeechBubble.as,7,var target;
com.nitrome.throwgame.SpeechBubble,text,False,__Packages/com/nitrome/throwgame/SpeechBubble.as,8,var text;
com.nitrome.throwgame.SpeechBubble,update,False,__Packages/com/nitrome/throwgame/SpeechBubble.as,9,var update;
com.nitrome.throwgame.SpeechBubble,x,False,__Packages/com/nitrome/throwgame/SpeechBubble.as,10,var x;
com.nitrome.throwgame.SpeechBubble,y,False,__Packages/com/nitrome/throwgame/SpeechBubble.as,11,var y;
com.nitrome.throwgame.SpeechBubble,startTime,False,__Packages/com/nitrome/throwgame/SpeechBubble.as,12,var startTime = 0;
com.nitrome.throwgame.SpeechBubble,completeTime,False,__Packages/com/nitrome/throwgame/SpeechBubble.as,13,var completeTime = 0;
com.nitrome.throwgame.SweepingFlame,toRight,False,__Packages/com/nitrome/throwgame/SweepingFlame.as,5,var toRight;
com.nitrome.throwgame.Team,aiMoveDetails,False,__Packages/com/nitrome/throwgame/Team.as,5,var aiMoveDetails;
com.nitrome.throwgame.Team,characters,False,__Packages/com/nitrome/throwgame/Team.as,6,var characters;
com.nitrome.throwgame.Team,number,False,__Packages/com/nitrome/throwgame/Team.as,7,var number;
com.nitrome.throwgame.Team,selectedCharacter,False,__Packages/com/nitrome/throwgame/Team.as,8,var selectedCharacter = null;
com.nitrome.throwgame.Team,aiControlled,False,__Packages/com/nitrome/throwgame/Team.as,9,var aiControlled = false;
com.nitrome.throwgame.Team,aiFinished,False,__Packages/com/nitrome/throwgame/Team.as,10,var aiFinished = false;
com.nitrome.throwgame.Team,aiCanBailOut,False,__Packages/com/nitrome/throwgame/Team.as,11,var aiCanBailOut = false;
com.nitrome.throwgame.Team,totalTurnsTaken,False,__Packages/com/nitrome/throwgame/Team.as,12,var totalTurnsTaken = 0;
com.nitrome.throwgame.Team,lines,True,__Packages/com/nitrome/throwgame/Team.as,13,"static var lines = {squid:[""Arrrgh what sort o\' sea|beastie be this?"",""Splund splund... I\'m gonna|ink you up... splund splund."",""Yearggh take that you|varmint, we be eating squid|rings tonight."",""Splund splund... I\'m so|happy I\'ve just inked|myself... splund.""],crab:[""Looks like we\'ve got a|bad case of the crabs|here, mateys!"",""Prepare to lose your|beards... snip snip!"",""I think we shell-shocked|them, mateys!"",""Looks like they fell for|our deadly pincer|manoeuvre... at last their|beards be ours.""],shark:[""Ahoy. I think there be|something fishy here."",""We\'re gonna hammer you!|You\'re Shark Bait!"",""Ya Har! \'Twas too easy!|But thar be plenty more|fish in the sea!"",""Stop! ...Hammer-time!""],parrot:[""Arrrgh!... Who be a pretty|boy then? ...Does Polly|want a cracker?"",""Squawk!... Who\'s a pretty|boy then? ...Squawk!...|Polly want a cracker!|...Squawk!"",""Arrrgh... \'tiz a shame.|They could have made fine|shoulder enhancers."",""Squawk!... Polly want a|cracker!""],monkey:[""Guard the fruit mateys...|If the monkeys get it we\'ll|be up for another bout|of scurvy!"",""Oooh Oooh Ahh Ahh Bananas!"",""Yarrgh! Yer monkey business|ain\'t foolin\' any of us!"",""Oooh Oooh Ahh Ahh More|Bananas!""],soldier:[""These boys look too clean|to be in a real fight! And|look... they\'ve still got|teeth to knock out!"",""We fight for King and|Country! ...and because we|get a decent benefits|package and pension plan!"",""They don\'t look so smart|now lads... I think We\'ll|be using his toupee to swab|the decks!"",""You pirates will get what|you deserve... a short drop|and a sudden stop!""],blindPirate:[""Yargh... These guys have|one too many eye patches!|This should be easy! Let\'s|get \'em!"",""Get who? Where am I...|how did I get here?"",""Yarrgh!|They didn\'t see us coming!"",""Gar... I can\'t hear them...|Does anyone know if we|won?""],femalePirate:[""Garrrgh... Looks like we\'ve|found ourselves some|mighty fine booty here,|mateys!"",""Yarp... The only booty you|will be getting is on the|end of my foot!"",""Arrgh... shame... what a|waste of such lovely|sea legs!"",""Yarp... Everybody knows|girls are better than boys!""],oldPirate:[""Arrrrggggh... I think we|found some old sea dogs!|Ready for retirement!"",""We\'re not Old, we\'re|experienced... and now we\'re|gonna kick your... erm...|erm... what was I saying|again... who are you?"",""Garrrrgh! Ok, Grandads...|time for your afternoon|nap!"",""That\'ll show you... in my|day we used to fight a|Kraken with nothin\' but a|couple o\' stones. Arrrgh...|Those be the days...""],rainbowBeard:[""This guy be looking a little|too jolly to be flying the|ol\' jolly roger, eh mateys?"",""Ohhhh look at you... don\'t|you look tough? Anyway,|haven\'t you heard? Fancy|colours are the new black!"",""I\'d have beaten you sooner if|your fancy beards didn\'t|keep catchin\' the light!"",""Oo-er! Now we\'re finished|with them, it\'s time for a|bit of retail therapy!""],cabinBoy:[""Yarrgh! ...ye be wanting to|grow a proper beard before|taking on the likes of us,|boys..."",""We\'re no boys! I had a couple|of hairs only last month on|me chin, just ask me mum!"",""Yarrgh! Best be running|along home now boys! I think|it be past yer bedtime?"",""That was fun... just like a|Nitrome video game! LOL!""],tribe:[""Garrgh! I\'ve got a bad feelin\'|about this lads! They be|lookin\' kinda hungry!"",""Get the cookin\' pot ready...|pirate stew tonight!"",""Good work lads! we\'ve|avoided being lunch... looks|like they\'ll have to stick|with mangos and coconuts|from now on!"",""mmmmmmm! can\'t remember|the last time we had a good|pirate stew!|...has anyone got the salt?""],skeletonPirate:[""This crew looks like they|could do with a good feed|more than a fight..."",""you\'ll have to catch us all|first ...fatty!"",""I am rubber, you are glue!"",""Sticks and stones may break|my bones but pirates never|hurt me!""],bossGuy:[""Garrrgh! what a big hat...|I think he be trying to|make up for something, lads!"",""Argh! ye not be winning with|a hat like that. And once I|win I\'ll be taking your hats."",""I think he was a little|hot-headed...|maybe it was his hat!"",""These hats \'ll be a mighty|fine addition to my|collection!""],bossGuyZombie:[""I think he\'s been playing|with a few too many|voodoo dolls, lads! he\'s back|from Davey Jones locker."",""aaaaaaaaahhhhhhhh...|hhhhhaaaaattttttss...|errrr... I mean...|bbbbrrraaaiiinnsss..."",""Yo-Ho-Ho... we\'ve done it|lads! that finished him off...|eerrrrm didn\'t we?"",""Yar hats be mine after all!|hhhhhaaaaattttttss!!!""]};"
com.nitrome.throwgame.TidalWave,draggable,False,__Packages/com/nitrome/throwgame/TidalWave.as,5,var draggable;
com.nitrome.throwgame.TidalWave,hide,False,__Packages/com/nitrome/throwgame/TidalWave.as,6,var hide;
com.nitrome.throwgame.TidalWave,hitPlayers,False,__Packages/com/nitrome/throwgame/TidalWave.as,7,var hitPlayers;
com.nitrome.throwgame.TidalWave,hitsTiles,False,__Packages/com/nitrome/throwgame/TidalWave.as,8,var hitsTiles;
com.nitrome.throwgame.TidalWave,mc,False,__Packages/com/nitrome/throwgame/TidalWave.as,9,var mc;
com.nitrome.throwgame.TidalWave,show,False,__Packages/com/nitrome/throwgame/TidalWave.as,10,var show;
com.nitrome.throwgame.TidalWave,velocityX,False,__Packages/com/nitrome/throwgame/TidalWave.as,11,var velocityX;
com.nitrome.throwgame.TidalWave,weight,False,__Packages/com/nitrome/throwgame/TidalWave.as,12,var weight;
com.nitrome.throwgame.TidalWave,x,False,__Packages/com/nitrome/throwgame/TidalWave.as,13,var x;
com.nitrome.throwgame.TidalWave,y,False,__Packages/com/nitrome/throwgame/TidalWave.as,14,var y;
com.nitrome.throwgame.Tile,hide,False,__Packages/com/nitrome/throwgame/Tile.as,5,var hide;
com.nitrome.throwgame.Tile,link,False,__Packages/com/nitrome/throwgame/Tile.as,6,var link;
com.nitrome.throwgame.Tile,mc,False,__Packages/com/nitrome/throwgame/Tile.as,7,var mc;
com.nitrome.throwgame.Tile,x,False,__Packages/com/nitrome/throwgame/Tile.as,8,var x;
com.nitrome.throwgame.Tile,y,False,__Packages/com/nitrome/throwgame/Tile.as,9,var y;
com.nitrome.throwgame.Tile,gridX,False,__Packages/com/nitrome/throwgame/Tile.as,10,var gridX = 0;
com.nitrome.throwgame.Tile,gridY,False,__Packages/com/nitrome/throwgame/Tile.as,11,var gridY = 0;
com.nitrome.throwgame.TileSystem,bgTileGrid,False,__Packages/com/nitrome/throwgame/TileSystem.as,5,var bgTileGrid;
com.nitrome.throwgame.TileSystem,bgTileList,False,__Packages/com/nitrome/throwgame/TileSystem.as,6,var bgTileList;
com.nitrome.throwgame.TileSystem,lastMouseX,False,__Packages/com/nitrome/throwgame/TileSystem.as,7,var lastMouseX;
com.nitrome.throwgame.TileSystem,lastMouseY,False,__Packages/com/nitrome/throwgame/TileSystem.as,8,var lastMouseY;
com.nitrome.throwgame.TileSystem,levelHeight,False,__Packages/com/nitrome/throwgame/TileSystem.as,9,var levelHeight;
com.nitrome.throwgame.TileSystem,levelWidth,False,__Packages/com/nitrome/throwgame/TileSystem.as,10,var levelWidth;
com.nitrome.throwgame.TileSystem,tileGrid,False,__Packages/com/nitrome/throwgame/TileSystem.as,11,var tileGrid;
com.nitrome.throwgame.TileSystem,tileList,False,__Packages/com/nitrome/throwgame/TileSystem.as,12,var tileList;
com.nitrome.throwgame.TileSystem,validDropColumns,False,__Packages/com/nitrome/throwgame/TileSystem.as,13,var validDropColumns;
com.nitrome.throwgame.TileSystem,xml,False,__Packages/com/nitrome/throwgame/TileSystem.as,14,var xml;
com.nitrome.throwgame.TileSystem,cameraX,False,__Packages/com/nitrome/throwgame/TileSystem.as,15,var cameraX = 0;
com.nitrome.throwgame.TileSystem,cameraY,False,__Packages/com/nitrome/throwgame/TileSystem.as,16,var cameraY = 0;
com.nitrome.throwgame.TileSystem,panToCharacter,False,__Packages/com/nitrome/throwgame/TileSystem.as,17,var panToCharacter = null;
com.nitrome.throwgame.TileSystem,scrollingX,False,__Packages/com/nitrome/throwgame/TileSystem.as,18,var scrollingX = 0;
com.nitrome.throwgame.TileSystem,scrollingY,False,__Packages/com/nitrome/throwgame/TileSystem.as,19,var scrollingY = 0;
com.nitrome.throwgame.TileSystem,scrollDirectionX,False,__Packages/com/nitrome/throwgame/TileSystem.as,20,var scrollDirectionX = 0;
com.nitrome.throwgame.TileSystem,scrollDirectionY,False,__Packages/com/nitrome/throwgame/TileSystem.as,21,var scrollDirectionY = 0;
com.nitrome.throwgame.TileSystem,mouseButtonDown,False,__Packages/com/nitrome/throwgame/TileSystem.as,22,var mouseButtonDown = false;
com.nitrome.throwgame.TileSystem,xmlStoredNumber,False,__Packages/com/nitrome/throwgame/TileSystem.as,23,var xmlStoredNumber = -1;
com.nitrome.throwgame.TileSystem,animationCounter,False,__Packages/com/nitrome/throwgame/TileSystem.as,24,var animationCounter = 0;
com.nitrome.throwgame.TreasureChest,containsWeapons,False,__Packages/com/nitrome/throwgame/TreasureChest.as,5,var containsWeapons;
com.nitrome.throwgame.TreasureChest,floorY,False,__Packages/com/nitrome/throwgame/TreasureChest.as,6,var floorY;
com.nitrome.throwgame.TreasureChest,releasedWeapon,False,__Packages/com/nitrome/throwgame/TreasureChest.as,7,var releasedWeapon;
com.nitrome.throwgame.TreasureChest,toNextWeapon,False,__Packages/com/nitrome/throwgame/TreasureChest.as,8,var toNextWeapon;
com.nitrome.throwgame.TreasureChest,maxCount,True,__Packages/com/nitrome/throwgame/TreasureChest.as,9,static var maxCount;
com.nitrome.throwgame.TreasureChest,potentialWeaponList,True,__Packages/com/nitrome/throwgame/TreasureChest.as,10,static var potentialWeaponList;
com.nitrome.throwgame.TreasureChest,falling,False,__Packages/com/nitrome/throwgame/TreasureChest.as,11,var falling = true;
com.nitrome.throwgame.TreasureChest,characterTouched,False,__Packages/com/nitrome/throwgame/TreasureChest.as,12,var characterTouched = null;
com.nitrome.throwgame.TreasureChest,finished,False,__Packages/com/nitrome/throwgame/TreasureChest.as,13,var finished = false;
com.nitrome.throwgame.TreasureChest,timeTaken,False,__Packages/com/nitrome/throwgame/TreasureChest.as,14,var timeTaken = 0;
com.nitrome.throwgame.TreasureChest,visibility,False,__Packages/com/nitrome/throwgame/TreasureChest.as,15,var visibility = 1;
com.nitrome.throwgame.VoodooDoll,advanceMotion,False,__Packages/com/nitrome/throwgame/VoodooDoll.as,5,var advanceMotion;
com.nitrome.throwgame.VoodooDoll,draggable,False,__Packages/com/nitrome/throwgame/VoodooDoll.as,6,var draggable;
com.nitrome.throwgame.VoodooDoll,drawTwangLine,False,__Packages/com/nitrome/throwgame/VoodooDoll.as,7,var drawTwangLine;
com.nitrome.throwgame.VoodooDoll,hitsBoxes,False,__Packages/com/nitrome/throwgame/VoodooDoll.as,8,var hitsBoxes;
com.nitrome.throwgame.VoodooDoll,mc,False,__Packages/com/nitrome/throwgame/VoodooDoll.as,9,var mc;
com.nitrome.throwgame.VoodooDoll,rotation,False,__Packages/com/nitrome/throwgame/VoodooDoll.as,10,var rotation;
com.nitrome.throwgame.VoodooDoll,show,False,__Packages/com/nitrome/throwgame/VoodooDoll.as,11,var show;
com.nitrome.throwgame.VoodooDoll,throwVX,False,__Packages/com/nitrome/throwgame/VoodooDoll.as,12,var throwVX;
com.nitrome.throwgame.VoodooDoll,throwVY,False,__Packages/com/nitrome/throwgame/VoodooDoll.as,13,var throwVY;
com.nitrome.throwgame.VoodooDoll,twangable,False,__Packages/com/nitrome/throwgame/VoodooDoll.as,14,var twangable;
com.nitrome.throwgame.VoodooDoll,velocityX,False,__Packages/com/nitrome/throwgame/VoodooDoll.as,15,var velocityX;
com.nitrome.throwgame.VoodooDoll,velocityY,False,__Packages/com/nitrome/throwgame/VoodooDoll.as,16,var velocityY;
com.nitrome.throwgame.VoodooDoll,targetCharacter,False,__Packages/com/nitrome/throwgame/VoodooDoll.as,17,var targetCharacter = null;
com.nitrome.throwgame.VoodooDoll,framesOnThis,False,__Packages/com/nitrome/throwgame/VoodooDoll.as,18,var framesOnThis = 10;
com.nitrome.throwgame.VoodooDoll,framesOnTarget,False,__Packages/com/nitrome/throwgame/VoodooDoll.as,19,var framesOnTarget = 10;
com.nitrome.throwgame.VoodooDoll,thrownCharacter,False,__Packages/com/nitrome/throwgame/VoodooDoll.as,20,var thrownCharacter = false;
com.nitrome.throwgame.Water,mc,False,__Packages/com/nitrome/throwgame/Water.as,5,var mc;
com.nitrome.throwgame.Water,show,False,__Packages/com/nitrome/throwgame/Water.as,6,var show;
com.nitrome.throwgame.Water,update,False,__Packages/com/nitrome/throwgame/Water.as,7,var update;
com.nitrome.throwgame.Water,x,False,__Packages/com/nitrome/throwgame/Water.as,8,var x;
com.nitrome.throwgame.Water,y,False,__Packages/com/nitrome/throwgame/Water.as,9,var y;
com.nitrome.throwgame.Weapon,advanceMotion,False,__Packages/com/nitrome/throwgame/Weapon.as,5,var advanceMotion;
com.nitrome.throwgame.Weapon,drawTwangLine,False,__Packages/com/nitrome/throwgame/Weapon.as,6,var drawTwangLine;
com.nitrome.throwgame.Weapon,isWeapon,False,__Packages/com/nitrome/throwgame/Weapon.as,7,var isWeapon;
com.nitrome.throwgame.Weapon,splashCheck,False,__Packages/com/nitrome/throwgame/Weapon.as,8,var splashCheck;
com.nitrome.throwgame.Weapon,twangMaxForce,False,__Packages/com/nitrome/throwgame/Weapon.as,9,var twangMaxForce;
com.nitrome.throwgame.Weapon,velocityX,False,__Packages/com/nitrome/throwgame/Weapon.as,10,var velocityX;
com.nitrome.throwgame.Weapon,velocityY,False,__Packages/com/nitrome/throwgame/Weapon.as,11,var velocityY;
com.nitrome.throwgame.Weapon,x,False,__Packages/com/nitrome/throwgame/Weapon.as,12,var x;
com.nitrome.throwgame.Weapon,y,False,__Packages/com/nitrome/throwgame/Weapon.as,13,var y;
com.nitrome.throwgame.Weapon,owner,False,__Packages/com/nitrome/throwgame/Weapon.as,14,var owner = null;
com.nitrome.throwgame.Weapon,fired,False,__Packages/com/nitrome/throwgame/Weapon.as,15,var fired = false;
com.nitrome.throwgame.Weapon,finished,False,__Packages/com/nitrome/throwgame/Weapon.as,16,var finished = false;
com.nitrome.throwgame.Weapon,simulation,False,__Packages/com/nitrome/throwgame/Weapon.as,17,var simulation = false;
com.nitrome.throwgame.Weapon,simulationFinished,False,__Packages/com/nitrome/throwgame/Weapon.as,18,var simulationFinished = false;
com.nitrome.throwgame.Weapon,placeableWeapon,False,__Packages/com/nitrome/throwgame/Weapon.as,19,var placeableWeapon = false;
com.nitrome.throwgame.Weapon,limitedToTurn,False,__Packages/com/nitrome/throwgame/Weapon.as,20,var limitedToTurn = true;
com.nitrome.throwgame.Weapon,trackX,False,__Packages/com/nitrome/throwgame/Weapon.as,21,var trackX = 0;
com.nitrome.throwgame.Weapon,trackY,False,__Packages/com/nitrome/throwgame/Weapon.as,22,var trackY = 0;
com.nitrome.throwgame.Weapon,track,False,__Packages/com/nitrome/throwgame/Weapon.as,23,var track = false;
com.nitrome.throwgame.Weapon,dragRange,False,__Packages/com/nitrome/throwgame/Weapon.as,24,var dragRange = 130;
com.nitrome.throwgame.Weapon,dragOffset,False,__Packages/com/nitrome/throwgame/Weapon.as,25,var dragOffset = -100;
com.nitrome.throwgame.Weapon,showCircle,False,__Packages/com/nitrome/throwgame/Weapon.as,26,var showCircle = true;
com.nitrome.util.Clip,linkageName,False,__Packages/com/nitrome/util/Clip.as,5,var linkageName;
com.nitrome.util.Clip,parent,False,__Packages/com/nitrome/util/Clip.as,6,var parent;
com.nitrome.util.Clip,mc,False,__Packages/com/nitrome/util/Clip.as,7,var mc = null;
com.nitrome.util.Clip,mcHolder,False,__Packages/com/nitrome/util/Clip.as,8,var mcHolder = null;
com.nitrome.util.Clip,useHolder,False,__Packages/com/nitrome/util/Clip.as,9,var useHolder = false;
com.nitrome.util.Clip,x,False,__Packages/com/nitrome/util/Clip.as,10,var x = 0;
com.nitrome.util.Clip,y,False,__Packages/com/nitrome/util/Clip.as,11,var y = 0;
com.nitrome.util.Clip,rotation,False,__Packages/com/nitrome/util/Clip.as,12,var rotation = 0;
com.nitrome.util.CustomCursor,currentCursor,True,__Packages/com/nitrome/util/CustomCursor.as,5,"static var currentCursor = """";"
com.nitrome.util.MD5,b64pad,False,__Packages/com/nitrome/util/MD5.as,5,"var b64pad = new String("""");"
com.nitrome.util.MD5,chrsz,False,__Packages/com/nitrome/util/MD5.as,6,var chrsz = new Number(8);
com.nitrome.util.Trig,cosTable,True,__Packages/com/nitrome/util/Trig.as,5,static var cosTable;
com.nitrome.util.Trig,sinTable,True,__Packages/com/nitrome/util/Trig.as,6,static var sinTable;
com.senocular.drawing.DashedLine,pen,False,__Packages/com/senocular/drawing/DashedLine.as,5,var pen;
com.senocular.drawing.DashedLine,target,False,__Packages/com/senocular/drawing/DashedLine.as,6,var target;
com.senocular.drawing.DashedLine,_curveaccuracy,False,__Packages/com/senocular/drawing/DashedLine.as,7,var _curveaccuracy = 6;
com.senocular.drawing.DashedLine,isLine,False,__Packages/com/senocular/drawing/DashedLine.as,8,var isLine = true;
com.senocular.drawing.DashedLine,overflow,False,__Packages/com/senocular/drawing/DashedLine.as,9,var overflow = 0;
com.senocular.drawing.DashedLine,offLength,False,__Packages/com/senocular/drawing/DashedLine.as,10,var offLength = 0;
com.senocular.drawing.DashedLine,onLength,False,__Packages/com/senocular/drawing/DashedLine.as,11,var onLength = 0;
com.senocular.drawing.DashedLine,dashLength,False,__Packages/com/senocular/drawing/DashedLine.as,12,var dashLength = 0;
DangleFont,base,False,__Packages/DangleFont.as,5,var base;
DangleFont,boundingBox_mc,False,__Packages/DangleFont.as,6,var boundingBox_mc;
DangleFont,createEmptyMovieClip,False,__Packages/DangleFont.as,7,var createEmptyMovieClip;
DangleFont,holder,False,__Packages/DangleFont.as,8,var holder;
DangleFont,invalidate,False,__Packages/DangleFont.as,9,var invalidate;
DangleFont,letters,False,__Packages/DangleFont.as,10,var letters;
DangleFont,useHandCursor,False,__Packages/DangleFont.as,11,var useHandCursor;
DangleFont,symbolName,True,__Packages/DangleFont.as,12,"static var symbolName = ""DangleFont"";"
DangleFont,symbolOwner,True,__Packages/DangleFont.as,13,static var symbolOwner = DangleFont;
DangleFont,className,False,__Packages/DangleFont.as,14,"var className = ""DangleFont"";"
DangleFont,__text,False,__Packages/DangleFont.as,15,"var __text = ""enter text"";"
DangleFont,__tracking,False,__Packages/DangleFont.as,16,var __tracking = 0;
DangleFont,__align,False,__Packages/DangleFont.as,17,"var __align = ""left"";"
DangleFont,__line_spacing,False,__Packages/DangleFont.as,18,var __line_spacing = 13;
mx.controls.SimpleButton,__emphaticStyleName,False,__Packages/mx/controls/SimpleButton.as,5,var __emphaticStyleName;
mx.controls.SimpleButton,__height,False,__Packages/mx/controls/SimpleButton.as,6,var __height;
mx.controls.SimpleButton,__width,False,__Packages/mx/controls/SimpleButton.as,7,var __width;
mx.controls.SimpleButton,_height,False,__Packages/mx/controls/SimpleButton.as,8,var _height;
mx.controls.SimpleButton,_width,False,__Packages/mx/controls/SimpleButton.as,9,var _width;
mx.controls.SimpleButton,autoRepeat,False,__Packages/mx/controls/SimpleButton.as,10,var autoRepeat;
mx.controls.SimpleButton,boundingBox_mc,False,__Packages/mx/controls/SimpleButton.as,11,var boundingBox_mc;
mx.controls.SimpleButton,createLabel,False,__Packages/mx/controls/SimpleButton.as,12,var createLabel;
mx.controls.SimpleButton,destroyObject,False,__Packages/mx/controls/SimpleButton.as,13,var destroyObject;
mx.controls.SimpleButton,dispatchEvent,False,__Packages/mx/controls/SimpleButton.as,14,var dispatchEvent;
mx.controls.SimpleButton,enabled,False,__Packages/mx/controls/SimpleButton.as,15,var enabled;
mx.controls.SimpleButton,getStyle,False,__Packages/mx/controls/SimpleButton.as,16,var getStyle;
mx.controls.SimpleButton,iconName,False,__Packages/mx/controls/SimpleButton.as,17,var iconName;
mx.controls.SimpleButton,interval,False,__Packages/mx/controls/SimpleButton.as,18,var interval;
mx.controls.SimpleButton,invalidate,False,__Packages/mx/controls/SimpleButton.as,19,var invalidate;
mx.controls.SimpleButton,invalidateStyle,False,__Packages/mx/controls/SimpleButton.as,20,var invalidateStyle;
mx.controls.SimpleButton,linkLength,False,__Packages/mx/controls/SimpleButton.as,21,var linkLength;
mx.controls.SimpleButton,preset,False,__Packages/mx/controls/SimpleButton.as,22,var preset;
mx.controls.SimpleButton,skinName,False,__Packages/mx/controls/SimpleButton.as,23,var skinName;
mx.controls.SimpleButton,styleName,False,__Packages/mx/controls/SimpleButton.as,24,var styleName;
mx.controls.SimpleButton,useHandCursor,False,__Packages/mx/controls/SimpleButton.as,25,var useHandCursor;
mx.controls.SimpleButton,emphasizedStyleDeclaration,True,__Packages/mx/controls/SimpleButton.as,26,static var emphasizedStyleDeclaration;
mx.controls.SimpleButton,symbolName,True,__Packages/mx/controls/SimpleButton.as,27,"static var symbolName = ""SimpleButton"";"
mx.controls.SimpleButton,symbolOwner,True,__Packages/mx/controls/SimpleButton.as,28,static var symbolOwner = mx.controls.SimpleButton;
mx.controls.SimpleButton,version,True,__Packages/mx/controls/SimpleButton.as,29,"static var version = ""2.0.2.127"";"
mx.controls.SimpleButton,className,False,__Packages/mx/controls/SimpleButton.as,30,"var className = ""SimpleButton"";"
mx.controls.SimpleButton,style3dInset,False,__Packages/mx/controls/SimpleButton.as,31,var style3dInset = 4;
mx.controls.SimpleButton,btnOffset,False,__Packages/mx/controls/SimpleButton.as,32,var btnOffset = 1;
mx.controls.SimpleButton,__toggle,False,__Packages/mx/controls/SimpleButton.as,33,var __toggle = false;
mx.controls.SimpleButton,__state,False,__Packages/mx/controls/SimpleButton.as,34,var __state = false;
mx.controls.SimpleButton,__emphasized,False,__Packages/mx/controls/SimpleButton.as,35,var __emphasized = false;
mx.controls.SimpleButton,__emphatic,False,__Packages/mx/controls/SimpleButton.as,36,var __emphatic = false;
mx.controls.SimpleButton,falseUp,True,__Packages/mx/controls/SimpleButton.as,37,static var falseUp = 0;
mx.controls.SimpleButton,falseDown,True,__Packages/mx/controls/SimpleButton.as,38,static var falseDown = 1;
mx.controls.SimpleButton,falseOver,True,__Packages/mx/controls/SimpleButton.as,39,static var falseOver = 2;
mx.controls.SimpleButton,falseDisabled,True,__Packages/mx/controls/SimpleButton.as,40,static var falseDisabled = 3;
mx.controls.SimpleButton,trueUp,True,__Packages/mx/controls/SimpleButton.as,41,static var trueUp = 4;
mx.controls.SimpleButton,trueDown,True,__Packages/mx/controls/SimpleButton.as,42,static var trueDown = 5;
mx.controls.SimpleButton,trueOver,True,__Packages/mx/controls/SimpleButton.as,43,static var trueOver = 6;
mx.controls.SimpleButton,trueDisabled,True,__Packages/mx/controls/SimpleButton.as,44,static var trueDisabled = 7;
mx.controls.SimpleButton,falseUpSkin,False,__Packages/mx/controls/SimpleButton.as,45,"var falseUpSkin = ""SimpleButtonUp"";"
mx.controls.SimpleButton,falseDownSkin,False,__Packages/mx/controls/SimpleButton.as,46,"var falseDownSkin = ""SimpleButtonIn"";"
mx.controls.SimpleButton,falseOverSkin,False,__Packages/mx/controls/SimpleButton.as,47,"var falseOverSkin = """";"
mx.controls.SimpleButton,falseDisabledSkin,False,__Packages/mx/controls/SimpleButton.as,48,"var falseDisabledSkin = ""SimpleButtonUp"";"
mx.controls.SimpleButton,trueUpSkin,False,__Packages/mx/controls/SimpleButton.as,49,"var trueUpSkin = ""SimpleButtonIn"";"
mx.controls.SimpleButton,trueDownSkin,False,__Packages/mx/controls/SimpleButton.as,50,"var trueDownSkin = """";"
mx.controls.SimpleButton,trueOverSkin,False,__Packages/mx/controls/SimpleButton.as,51,"var trueOverSkin = """";"
mx.controls.SimpleButton,trueDisabledSkin,False,__Packages/mx/controls/SimpleButton.as,52,"var trueDisabledSkin = ""SimpleButtonIn"";"
mx.controls.SimpleButton,falseUpIcon,False,__Packages/mx/controls/SimpleButton.as,53,"var falseUpIcon = """";"
mx.controls.SimpleButton,falseDownIcon,False,__Packages/mx/controls/SimpleButton.as,54,"var falseDownIcon = """";"
mx.controls.SimpleButton,falseOverIcon,False,__Packages/mx/controls/SimpleButton.as,55,"var falseOverIcon = """";"
mx.controls.SimpleButton,falseDisabledIcon,False,__Packages/mx/controls/SimpleButton.as,56,"var falseDisabledIcon = """";"
mx.controls.SimpleButton,trueUpIcon,False,__Packages/mx/controls/SimpleButton.as,57,"var trueUpIcon = """";"
mx.controls.SimpleButton,trueDownIcon,False,__Packages/mx/controls/SimpleButton.as,58,"var trueDownIcon = """";"
mx.controls.SimpleButton,trueOverIcon,False,__Packages/mx/controls/SimpleButton.as,59,"var trueOverIcon = """";"
mx.controls.SimpleButton,trueDisabledIcon,False,__Packages/mx/controls/SimpleButton.as,60,"var trueDisabledIcon = """";"
mx.controls.SimpleButton,phase,False,__Packages/mx/controls/SimpleButton.as,61,"var phase = ""up"";"
mx.controls.SimpleButton,fui,False,__Packages/mx/controls/SimpleButton.as,62,"var fui = ""falseUpIcon"";"
mx.controls.SimpleButton,fus,False,__Packages/mx/controls/SimpleButton.as,63,"var fus = ""falseUpSkin"";"
mx.controls.SimpleButton,fdi,False,__Packages/mx/controls/SimpleButton.as,64,"var fdi = ""falseDownIcon"";"
mx.controls.SimpleButton,fds,False,__Packages/mx/controls/SimpleButton.as,65,"var fds = ""falseDownSkin"";"
mx.controls.SimpleButton,frs,False,__Packages/mx/controls/SimpleButton.as,66,"var frs = ""falseOverSkin"";"
mx.controls.SimpleButton,fri,False,__Packages/mx/controls/SimpleButton.as,67,"var fri = ""falseOverIcon"";"
mx.controls.SimpleButton,dfi,False,__Packages/mx/controls/SimpleButton.as,68,"var dfi = ""falseDisabledIcon"";"
mx.controls.SimpleButton,dfs,False,__Packages/mx/controls/SimpleButton.as,69,"var dfs = ""falseDisabledSkin"";"
mx.controls.SimpleButton,tui,False,__Packages/mx/controls/SimpleButton.as,70,"var tui = ""trueUpIcon"";"
mx.controls.SimpleButton,tus,False,__Packages/mx/controls/SimpleButton.as,71,"var tus = ""trueUpSkin"";"
mx.controls.SimpleButton,tdi,False,__Packages/mx/controls/SimpleButton.as,72,"var tdi = ""trueDownIcon"";"
mx.controls.SimpleButton,tds,False,__Packages/mx/controls/SimpleButton.as,73,"var tds = ""trueDownSkin"";"
mx.controls.SimpleButton,trs,False,__Packages/mx/controls/SimpleButton.as,74,"var trs = ""trueOverSkin"";"
mx.controls.SimpleButton,tri,False,__Packages/mx/controls/SimpleButton.as,75,"var tri = ""trueOverIcon"";"
mx.controls.SimpleButton,dts,False,__Packages/mx/controls/SimpleButton.as,76,"var dts = ""trueDisabledSkin"";"
mx.controls.SimpleButton,dti,False,__Packages/mx/controls/SimpleButton.as,77,"var dti = ""trueDisabledIcon"";"
mx.controls.SimpleButton,rolloverSkin,False,__Packages/mx/controls/SimpleButton.as,78,var rolloverSkin = mx.controls.SimpleButton.prototype.frs;
mx.controls.SimpleButton,rolloverIcon,False,__Packages/mx/controls/SimpleButton.as,79,var rolloverIcon = mx.controls.SimpleButton.prototype.fri;
mx.controls.SimpleButton,upSkin,False,__Packages/mx/controls/SimpleButton.as,80,var upSkin = mx.controls.SimpleButton.prototype.fus;
mx.controls.SimpleButton,downSkin,False,__Packages/mx/controls/SimpleButton.as,81,var downSkin = mx.controls.SimpleButton.prototype.fds;
mx.controls.SimpleButton,disabledSkin,False,__Packages/mx/controls/SimpleButton.as,82,var disabledSkin = mx.controls.SimpleButton.prototype.dfs;
mx.controls.SimpleButton,upIcon,False,__Packages/mx/controls/SimpleButton.as,83,var upIcon = mx.controls.SimpleButton.prototype.fui;
mx.controls.SimpleButton,downIcon,False,__Packages/mx/controls/SimpleButton.as,84,var downIcon = mx.controls.SimpleButton.prototype.fdi;
mx.controls.SimpleButton,disabledIcon,False,__Packages/mx/controls/SimpleButton.as,85,var disabledIcon = mx.controls.SimpleButton.prototype.dfi;
mx.controls.SimpleButton,initializing,False,__Packages/mx/controls/SimpleButton.as,86,var initializing = true;
mx.controls.SimpleButton,idNames,False,__Packages/mx/controls/SimpleButton.as,87,"var idNames = [""fus"",""fds"",""frs"",""dfs"",""tus"",""tds"",""trs"",""dts"",""fui"",""fdi"",""fri"",""dfi"",""tui"",""tdi"",""tri"",""dti""];"
mx.controls.SimpleButton,stateNames,False,__Packages/mx/controls/SimpleButton.as,88,"var stateNames = [""falseUp"",""falseDown"",""falseOver"",""falseDisabled"",""trueUp"",""trueDown"",""trueOver"",""trueDisabled""];"
mx.controls.SimpleButton,refNames,False,__Packages/mx/controls/SimpleButton.as,89,"var refNames = [""upSkin"",""downSkin"",""rolloverSkin"",""disabledSkin""];"
mx.controls.SimpleButton,tagMap,False,__Packages/mx/controls/SimpleButton.as,90,"var tagMap = {falseUpSkin:0,falseDownSkin:1,falseOverSkin:2,falseDisabledSkin:3,trueUpSkin:4,trueDownSkin:5,trueOverSkin:6,trueDisabledSkin:7,falseUpIcon:0,falseDownIcon:1,falseOverIcon:2,falseDisabledIcon:3,trueUpIcon:4,trueDownIcon:5,trueOverIcon:6,trueDisabledIcon:7};"
mx.core.ext.UIComponentExtensions,drawFocus,False,__Packages/mx/core/ext/UIComponentExtensions.as,5,var drawFocus;
mx.core.ext.UIComponentExtensions,getFocusManager,False,__Packages/mx/core/ext/UIComponentExtensions.as,6,var getFocusManager;
mx.core.ext.UIComponentExtensions,tabEnabled,False,__Packages/mx/core/ext/UIComponentExtensions.as,7,var tabEnabled;
mx.core.ext.UIComponentExtensions,bExtended,True,__Packages/mx/core/ext/UIComponentExtensions.as,8,static var bExtended = false;
mx.core.ext.UIComponentExtensions,UIComponentExtended,True,__Packages/mx/core/ext/UIComponentExtensions.as,9,static var UIComponentExtended = mx.core.ext.UIComponentExtensions.Extensions();
mx.core.ext.UIComponentExtensions,UIComponentDependency,True,__Packages/mx/core/ext/UIComponentExtensions.as,10,static var UIComponentDependency = mx.core.UIComponent;
mx.core.ext.UIComponentExtensions,FocusManagerDependency,True,__Packages/mx/core/ext/UIComponentExtensions.as,11,static var FocusManagerDependency = mx.managers.FocusManager;
mx.core.ext.UIComponentExtensions,OverlappedWindowsDependency,True,__Packages/mx/core/ext/UIComponentExtensions.as,12,static var OverlappedWindowsDependency = mx.managers.OverlappedWindows;
mx.core.ext.UIObjectExtensions,__enabled,False,__Packages/mx/core/ext/UIObjectExtensions.as,5,var __enabled;
mx.core.ext.UIObjectExtensions,__getTextFormat,False,__Packages/mx/core/ext/UIObjectExtensions.as,6,var __getTextFormat;
mx.core.ext.UIObjectExtensions,__text,False,__Packages/mx/core/ext/UIObjectExtensions.as,7,var __text;
mx.core.ext.UIObjectExtensions,_getTextFormat,False,__Packages/mx/core/ext/UIObjectExtensions.as,8,var _getTextFormat;
mx.core.ext.UIObjectExtensions,_visible,False,__Packages/mx/core/ext/UIObjectExtensions.as,9,var _visible;
mx.core.ext.UIObjectExtensions,align,False,__Packages/mx/core/ext/UIObjectExtensions.as,10,var align;
mx.core.ext.UIObjectExtensions,draw,False,__Packages/mx/core/ext/UIObjectExtensions.as,11,var draw;
mx.core.ext.UIObjectExtensions,embedFonts,False,__Packages/mx/core/ext/UIObjectExtensions.as,12,var embedFonts;
mx.core.ext.UIObjectExtensions,enabledColor,False,__Packages/mx/core/ext/UIObjectExtensions.as,13,var enabledColor;
mx.core.ext.UIObjectExtensions,getStyle,False,__Packages/mx/core/ext/UIObjectExtensions.as,14,var getStyle;
mx.core.ext.UIObjectExtensions,getTextFormat,False,__Packages/mx/core/ext/UIObjectExtensions.as,15,var getTextFormat;
mx.core.ext.UIObjectExtensions,getValue,False,__Packages/mx/core/ext/UIObjectExtensions.as,16,var getValue;
mx.core.ext.UIObjectExtensions,invalidateFlag,False,__Packages/mx/core/ext/UIObjectExtensions.as,17,var invalidateFlag;
mx.core.ext.UIObjectExtensions,invalidateStyle,False,__Packages/mx/core/ext/UIObjectExtensions.as,18,var invalidateStyle;
mx.core.ext.UIObjectExtensions,setNewTextFormat,False,__Packages/mx/core/ext/UIObjectExtensions.as,19,var setNewTextFormat;
mx.core.ext.UIObjectExtensions,setTextFormat,False,__Packages/mx/core/ext/UIObjectExtensions.as,20,var setTextFormat;
mx.core.ext.UIObjectExtensions,setValue,False,__Packages/mx/core/ext/UIObjectExtensions.as,21,var setValue;
mx.core.ext.UIObjectExtensions,stylecache,False,__Packages/mx/core/ext/UIObjectExtensions.as,22,var stylecache;
mx.core.ext.UIObjectExtensions,text,False,__Packages/mx/core/ext/UIObjectExtensions.as,23,var text;
mx.core.ext.UIObjectExtensions,textColor,False,__Packages/mx/core/ext/UIObjectExtensions.as,24,var textColor;
mx.core.ext.UIObjectExtensions,textHeight,False,__Packages/mx/core/ext/UIObjectExtensions.as,25,var textHeight;
mx.core.ext.UIObjectExtensions,textWidth,False,__Packages/mx/core/ext/UIObjectExtensions.as,26,var textWidth;
mx.core.ext.UIObjectExtensions,bExtended,True,__Packages/mx/core/ext/UIObjectExtensions.as,27,static var bExtended = false;
mx.core.ext.UIObjectExtensions,UIObjectExtended,True,__Packages/mx/core/ext/UIObjectExtensions.as,28,static var UIObjectExtended = mx.core.ext.UIObjectExtensions.Extensions();
mx.core.ext.UIObjectExtensions,UIObjectDependency,True,__Packages/mx/core/ext/UIObjectExtensions.as,29,static var UIObjectDependency = mx.core.UIObject;
mx.core.ext.UIObjectExtensions,SkinElementDependency,True,__Packages/mx/core/ext/UIObjectExtensions.as,30,static var SkinElementDependency = mx.skins.SkinElement;
mx.core.ext.UIObjectExtensions,CSSTextStylesDependency,True,__Packages/mx/core/ext/UIObjectExtensions.as,31,static var CSSTextStylesDependency = mx.styles.CSSTextStyles;
mx.core.ext.UIObjectExtensions,UIEventDispatcherDependency,True,__Packages/mx/core/ext/UIObjectExtensions.as,32,static var UIEventDispatcherDependency = mx.events.UIEventDispatcher;
mx.core.UIComponent,__height,False,__Packages/mx/core/UIComponent.as,5,var __height;
mx.core.UIComponent,__width,False,__Packages/mx/core/UIComponent.as,6,var __width;
mx.core.UIComponent,_focusrect,False,__Packages/mx/core/UIComponent.as,7,var _focusrect;
mx.core.UIComponent,_xscale,False,__Packages/mx/core/UIComponent.as,8,var _xscale;
mx.core.UIComponent,_yscale,False,__Packages/mx/core/UIComponent.as,9,var _yscale;
mx.core.UIComponent,addEventListener,False,__Packages/mx/core/UIComponent.as,10,var addEventListener;
mx.core.UIComponent,dispatchEvent,False,__Packages/mx/core/UIComponent.as,11,var dispatchEvent;
mx.core.UIComponent,drawFocus,False,__Packages/mx/core/UIComponent.as,12,var drawFocus;
mx.core.UIComponent,enabled,False,__Packages/mx/core/UIComponent.as,13,var enabled;
mx.core.UIComponent,invalidate,False,__Packages/mx/core/UIComponent.as,14,var invalidate;
mx.core.UIComponent,removeEventListener,False,__Packages/mx/core/UIComponent.as,15,var removeEventListener;
mx.core.UIComponent,stylecache,False,__Packages/mx/core/UIComponent.as,16,var stylecache;
mx.core.UIComponent,watch,False,__Packages/mx/core/UIComponent.as,17,var watch;
mx.core.UIComponent,symbolName,True,__Packages/mx/core/UIComponent.as,18,"static var symbolName = ""UIComponent"";"
mx.core.UIComponent,symbolOwner,True,__Packages/mx/core/UIComponent.as,19,static var symbolOwner = mx.core.UIComponent;
mx.core.UIComponent,version,True,__Packages/mx/core/UIComponent.as,20,"static var version = ""2.0.2.127"";"
mx.core.UIComponent,kStretch,True,__Packages/mx/core/UIComponent.as,21,static var kStretch = 5000;
mx.core.UIComponent,focusEnabled,False,__Packages/mx/core/UIComponent.as,22,var focusEnabled = true;
mx.core.UIComponent,tabEnabled,False,__Packages/mx/core/UIComponent.as,23,var tabEnabled = true;
mx.core.UIComponent,origBorderStyles,False,__Packages/mx/core/UIComponent.as,24,var origBorderStyles = {themeColor:16711680};
mx.core.UIComponent,clipParameters,False,__Packages/mx/core/UIComponent.as,25,var clipParameters = {};
mx.core.UIComponent,mergedClipParameters,True,__Packages/mx/core/UIComponent.as,26,"static var mergedClipParameters = mx.core.UIObject.mergeClipParameters(mx.core.UIComponent.prototype.clipParameters,mx.core.UIObject.prototype.clipParameters);"
mx.core.UIObject,__height,False,__Packages/mx/core/UIObject.as,5,var __height;
mx.core.UIObject,__width,False,__Packages/mx/core/UIObject.as,6,var __width;
mx.core.UIObject,_endInit,False,__Packages/mx/core/UIObject.as,7,var _endInit;
mx.core.UIObject,_minHeight,False,__Packages/mx/core/UIObject.as,8,var _minHeight;
mx.core.UIObject,_minWidth,False,__Packages/mx/core/UIObject.as,9,var _minWidth;
mx.core.UIObject,_tf,False,__Packages/mx/core/UIObject.as,10,var _tf;
mx.core.UIObject,buildDepthTable,False,__Packages/mx/core/UIObject.as,11,var buildDepthTable;
mx.core.UIObject,childrenCreated,False,__Packages/mx/core/UIObject.as,12,var childrenCreated;
mx.core.UIObject,className,False,__Packages/mx/core/UIObject.as,13,var className;
mx.core.UIObject,color,False,__Packages/mx/core/UIObject.as,14,var color;
mx.core.UIObject,createAccessibilityImplementation,False,__Packages/mx/core/UIObject.as,15,var createAccessibilityImplementation;
mx.core.UIObject,dispatchEvent,False,__Packages/mx/core/UIObject.as,16,var dispatchEvent;
mx.core.UIObject,embedFonts,False,__Packages/mx/core/UIObject.as,17,var embedFonts;
mx.core.UIObject,findNextAvailableDepth,False,__Packages/mx/core/UIObject.as,18,var findNextAvailableDepth;
mx.core.UIObject,fontFamily,False,__Packages/mx/core/UIObject.as,19,var fontFamily;
mx.core.UIObject,fontSize,False,__Packages/mx/core/UIObject.as,20,var fontSize;
mx.core.UIObject,fontStyle,False,__Packages/mx/core/UIObject.as,21,var fontStyle;
mx.core.UIObject,fontWeight,False,__Packages/mx/core/UIObject.as,22,var fontWeight;
mx.core.UIObject,hasOwnProperty,False,__Packages/mx/core/UIObject.as,23,var hasOwnProperty;
mx.core.UIObject,idNames,False,__Packages/mx/core/UIObject.as,24,var idNames;
mx.core.UIObject,ignoreClassStyleDeclaration,False,__Packages/mx/core/UIObject.as,25,var ignoreClassStyleDeclaration;
mx.core.UIObject,initProperties,False,__Packages/mx/core/UIObject.as,26,var initProperties;
mx.core.UIObject,marginLeft,False,__Packages/mx/core/UIObject.as,27,var marginLeft;
mx.core.UIObject,marginRight,False,__Packages/mx/core/UIObject.as,28,var marginRight;
mx.core.UIObject,methodTable,False,__Packages/mx/core/UIObject.as,29,var methodTable;
mx.core.UIObject,onEnterFrame,False,__Packages/mx/core/UIObject.as,30,var onEnterFrame;
mx.core.UIObject,styleName,False,__Packages/mx/core/UIObject.as,31,var styleName;
mx.core.UIObject,stylecache,False,__Packages/mx/core/UIObject.as,32,var stylecache;
mx.core.UIObject,textAlign,False,__Packages/mx/core/UIObject.as,33,var textAlign;
mx.core.UIObject,textDecoration,False,__Packages/mx/core/UIObject.as,34,var textDecoration;
mx.core.UIObject,textIndent,False,__Packages/mx/core/UIObject.as,35,var textIndent;
mx.core.UIObject,tfList,False,__Packages/mx/core/UIObject.as,36,var tfList;
mx.core.UIObject,validateNow,False,__Packages/mx/core/UIObject.as,37,var validateNow;
mx.core.UIObject,symbolName,True,__Packages/mx/core/UIObject.as,38,"static var symbolName = ""UIObject"";"
mx.core.UIObject,symbolOwner,True,__Packages/mx/core/UIObject.as,39,static var symbolOwner = mx.core.UIObject;
mx.core.UIObject,version,True,__Packages/mx/core/UIObject.as,40,"static var version = ""2.0.2.127"";"
mx.core.UIObject,textColorList,True,__Packages/mx/core/UIObject.as,41,"static var textColorList = {color:1,disabledColor:1};"
mx.core.UIObject,invalidateFlag,False,__Packages/mx/core/UIObject.as,42,var invalidateFlag = false;
mx.core.UIObject,lineWidth,False,__Packages/mx/core/UIObject.as,43,var lineWidth = 1;
mx.core.UIObject,lineColor,False,__Packages/mx/core/UIObject.as,44,var lineColor = 0;
mx.core.UIObject,tabEnabled,False,__Packages/mx/core/UIObject.as,45,var tabEnabled = false;
mx.core.UIObject,clipParameters,False,__Packages/mx/core/UIObject.as,46,"var clipParameters = {visible:1,minHeight:1,minWidth:1,maxHeight:1,maxWidth:1,preferredHeight:1,preferredWidth:1};"
mx.events.EventDispatcher,_fEventDispatcher,True,__Packages/mx/events/EventDispatcher.as,5,static var _fEventDispatcher = undefined;
mx.events.EventDispatcher,exceptions,True,__Packages/mx/events/EventDispatcher.as,6,"static var exceptions = {move:1,draw:1,load:1};"
mx.events.UIEventDispatcher,__origAddEventListener,False,__Packages/mx/events/UIEventDispatcher.as,5,var __origAddEventListener;
mx.events.UIEventDispatcher,__sentLoadEvent,False,__Packages/mx/events/UIEventDispatcher.as,6,var __sentLoadEvent;
mx.events.UIEventDispatcher,owner,False,__Packages/mx/events/UIEventDispatcher.as,7,var owner;
mx.events.UIEventDispatcher,keyEvents,True,__Packages/mx/events/UIEventDispatcher.as,8,"static var keyEvents = {keyDown:1,keyUp:1};"
mx.events.UIEventDispatcher,loadEvents,True,__Packages/mx/events/UIEventDispatcher.as,9,"static var loadEvents = {load:1,unload:1};"
mx.events.UIEventDispatcher,lowLevelEvents,True,__Packages/mx/events/UIEventDispatcher.as,10,"static var lowLevelEvents = {keyEvents:[""addKeyEvents"",""removeKeyEvents""],loadEvents:[""addLoadEvents"",""removeLoadEvents""]};"
mx.events.UIEventDispatcher,_fEventDispatcher,True,__Packages/mx/events/UIEventDispatcher.as,11,static var _fEventDispatcher = undefined;
mx.managers.DepthManager,_childCounter,False,__Packages/mx/managers/DepthManager.as,5,var _childCounter;
mx.managers.DepthManager,_parent,False,__Packages/mx/managers/DepthManager.as,6,var _parent;
mx.managers.DepthManager,_topmost,False,__Packages/mx/managers/DepthManager.as,7,var _topmost;
mx.managers.DepthManager,createClassObject,False,__Packages/mx/managers/DepthManager.as,8,var createClassObject;
mx.managers.DepthManager,createObject,False,__Packages/mx/managers/DepthManager.as,9,var createObject;
mx.managers.DepthManager,getDepth,False,__Packages/mx/managers/DepthManager.as,10,var getDepth;
mx.managers.DepthManager,swapDepths,False,__Packages/mx/managers/DepthManager.as,11,var swapDepths;
mx.managers.DepthManager,reservedDepth,True,__Packages/mx/managers/DepthManager.as,12,static var reservedDepth = 1048575;
mx.managers.DepthManager,highestDepth,True,__Packages/mx/managers/DepthManager.as,13,static var highestDepth = 1048574;
mx.managers.DepthManager,lowestDepth,True,__Packages/mx/managers/DepthManager.as,14,static var lowestDepth = -16383;
mx.managers.DepthManager,numberOfAuthortimeLayers,True,__Packages/mx/managers/DepthManager.as,15,static var numberOfAuthortimeLayers = 383;
mx.managers.DepthManager,kCursor,True,__Packages/mx/managers/DepthManager.as,16,static var kCursor = 101;
mx.managers.DepthManager,kTooltip,True,__Packages/mx/managers/DepthManager.as,17,static var kTooltip = 102;
mx.managers.DepthManager,kTop,True,__Packages/mx/managers/DepthManager.as,18,static var kTop = 201;
mx.managers.DepthManager,kBottom,True,__Packages/mx/managers/DepthManager.as,19,static var kBottom = 202;
mx.managers.DepthManager,kTopmost,True,__Packages/mx/managers/DepthManager.as,20,static var kTopmost = 203;
mx.managers.DepthManager,kNotopmost,True,__Packages/mx/managers/DepthManager.as,21,static var kNotopmost = 204;
mx.managers.DepthManager,holder,True,__Packages/mx/managers/DepthManager.as,22,"static var holder = _root.createEmptyMovieClip(""reserved"",mx.managers.DepthManager.reservedDepth);"
mx.managers.DepthManager,__depthManager,True,__Packages/mx/managers/DepthManager.as,23,static var __depthManager = new mx.managers.DepthManager();
mx.managers.FocusManager,__defaultPushButton,False,__Packages/mx/managers/FocusManager.as,5,var __defaultPushButton;
mx.managers.FocusManager,_alpha,False,__Packages/mx/managers/FocusManager.as,6,var _alpha;
mx.managers.FocusManager,_firstNode,False,__Packages/mx/managers/FocusManager.as,7,var _firstNode;
mx.managers.FocusManager,_firstObj,False,__Packages/mx/managers/FocusManager.as,8,var _firstObj;
mx.managers.FocusManager,_foundList,False,__Packages/mx/managers/FocusManager.as,9,var _foundList;
mx.managers.FocusManager,_height,False,__Packages/mx/managers/FocusManager.as,10,var _height;
mx.managers.FocusManager,_lastNode,False,__Packages/mx/managers/FocusManager.as,11,var _lastNode;
mx.managers.FocusManager,_lastObj,False,__Packages/mx/managers/FocusManager.as,12,var _lastObj;
mx.managers.FocusManager,_lastTarget,False,__Packages/mx/managers/FocusManager.as,13,var _lastTarget;
mx.managers.FocusManager,_lastx,False,__Packages/mx/managers/FocusManager.as,14,var _lastx;
mx.managers.FocusManager,_needPrev,False,__Packages/mx/managers/FocusManager.as,15,var _needPrev;
mx.managers.FocusManager,_nextIsNext,False,__Packages/mx/managers/FocusManager.as,16,var _nextIsNext;
mx.managers.FocusManager,_nextNode,False,__Packages/mx/managers/FocusManager.as,17,var _nextNode;
mx.managers.FocusManager,_nextObj,False,__Packages/mx/managers/FocusManager.as,18,var _nextObj;
mx.managers.FocusManager,_parent,False,__Packages/mx/managers/FocusManager.as,19,var _parent;
mx.managers.FocusManager,_prevNode,False,__Packages/mx/managers/FocusManager.as,20,var _prevNode;
mx.managers.FocusManager,_prevObj,False,__Packages/mx/managers/FocusManager.as,21,var _prevObj;
mx.managers.FocusManager,_searchKey,False,__Packages/mx/managers/FocusManager.as,22,var _searchKey;
mx.managers.FocusManager,_visible,False,__Packages/mx/managers/FocusManager.as,23,var _visible;
mx.managers.FocusManager,_width,False,__Packages/mx/managers/FocusManager.as,24,var _width;
mx.managers.FocusManager,_x,False,__Packages/mx/managers/FocusManager.as,25,var _x;
mx.managers.FocusManager,_y,False,__Packages/mx/managers/FocusManager.as,26,var _y;
mx.managers.FocusManager,cancelAllDoLaters,False,__Packages/mx/managers/FocusManager.as,27,var cancelAllDoLaters;
mx.managers.FocusManager,defPushButton,False,__Packages/mx/managers/FocusManager.as,28,var defPushButton;
mx.managers.FocusManager,doLater,False,__Packages/mx/managers/FocusManager.as,29,var doLater;
mx.managers.FocusManager,form,False,__Packages/mx/managers/FocusManager.as,30,var form;
mx.managers.FocusManager,lastFocus,False,__Packages/mx/managers/FocusManager.as,31,var lastFocus;
mx.managers.FocusManager,lastMouse,False,__Packages/mx/managers/FocusManager.as,32,var lastMouse;
mx.managers.FocusManager,lastSelFocus,False,__Packages/mx/managers/FocusManager.as,33,var lastSelFocus;
mx.managers.FocusManager,lastTabFocus,False,__Packages/mx/managers/FocusManager.as,34,var lastTabFocus;
mx.managers.FocusManager,move,False,__Packages/mx/managers/FocusManager.as,35,var move;
mx.managers.FocusManager,tabCapture,False,__Packages/mx/managers/FocusManager.as,36,var tabCapture;
mx.managers.FocusManager,watch,False,__Packages/mx/managers/FocusManager.as,37,var watch;
mx.managers.FocusManager,symbolName,True,__Packages/mx/managers/FocusManager.as,38,"static var symbolName = ""FocusManager"";"
mx.managers.FocusManager,symbolOwner,True,__Packages/mx/managers/FocusManager.as,39,static var symbolOwner = mx.managers.FocusManager;
mx.managers.FocusManager,version,True,__Packages/mx/managers/FocusManager.as,40,"static var version = ""2.0.2.127"";"
mx.managers.FocusManager,className,False,__Packages/mx/managers/FocusManager.as,41,"var className = ""FocusManager"";"
mx.managers.FocusManager,bNeedFocus,False,__Packages/mx/managers/FocusManager.as,42,var bNeedFocus = false;
mx.managers.FocusManager,bDrawFocus,False,__Packages/mx/managers/FocusManager.as,43,var bDrawFocus = false;
mx.managers.FocusManager,defaultPushButtonEnabled,False,__Packages/mx/managers/FocusManager.as,44,var defaultPushButtonEnabled = true;
mx.managers.FocusManager,activated,False,__Packages/mx/managers/FocusManager.as,45,var activated = true;
mx.managers.FocusManager,initialized,True,__Packages/mx/managers/FocusManager.as,46,static var initialized = false;
mx.managers.FocusManager,UIObjectExtensionsDependency,True,__Packages/mx/managers/FocusManager.as,47,static var UIObjectExtensionsDependency = mx.core.ext.UIObjectExtensions;
mx.managers.OverlappedWindows,initialized,True,__Packages/mx/managers/OverlappedWindows.as,5,static var initialized = false;
mx.managers.OverlappedWindows,SystemManagerDependency,True,__Packages/mx/managers/OverlappedWindows.as,6,static var SystemManagerDependency = mx.managers.SystemManager;
mx.managers.SystemManager,__addEventListener,True,__Packages/mx/managers/SystemManager.as,5,static var __addEventListener;
mx.managers.SystemManager,__removeEventListener,True,__Packages/mx/managers/SystemManager.as,6,static var __removeEventListener;
mx.managers.SystemManager,__screen,True,__Packages/mx/managers/SystemManager.as,7,static var __screen;
mx.managers.SystemManager,_xAddEventListener,True,__Packages/mx/managers/SystemManager.as,8,static var _xAddEventListener;
mx.managers.SystemManager,_xRemoveEventListener,True,__Packages/mx/managers/SystemManager.as,9,static var _xRemoveEventListener;
mx.managers.SystemManager,activate,True,__Packages/mx/managers/SystemManager.as,10,static var activate;
mx.managers.SystemManager,addEventListener,True,__Packages/mx/managers/SystemManager.as,11,static var addEventListener;
mx.managers.SystemManager,checkIdle,True,__Packages/mx/managers/SystemManager.as,12,static var checkIdle;
mx.managers.SystemManager,deactivate,True,__Packages/mx/managers/SystemManager.as,13,static var deactivate;
mx.managers.SystemManager,dispatchEvent,True,__Packages/mx/managers/SystemManager.as,14,static var dispatchEvent;
mx.managers.SystemManager,form,True,__Packages/mx/managers/SystemManager.as,15,static var form;
mx.managers.SystemManager,interval,True,__Packages/mx/managers/SystemManager.as,16,static var interval;
mx.managers.SystemManager,onMouseMove,True,__Packages/mx/managers/SystemManager.as,17,static var onMouseMove;
mx.managers.SystemManager,onMouseUp,True,__Packages/mx/managers/SystemManager.as,18,static var onMouseUp;
mx.managers.SystemManager,removeEventListener,True,__Packages/mx/managers/SystemManager.as,19,static var removeEventListener;
mx.managers.SystemManager,_initialized,True,__Packages/mx/managers/SystemManager.as,20,static var _initialized = false;
mx.managers.SystemManager,idleFrames,True,__Packages/mx/managers/SystemManager.as,21,static var idleFrames = 0;
mx.managers.SystemManager,isMouseDown,True,__Packages/mx/managers/SystemManager.as,22,static var isMouseDown = false;
mx.managers.SystemManager,forms,True,__Packages/mx/managers/SystemManager.as,23,static var forms = new Array();
mx.skins.ColoredSkinElement,_color,False,__Packages/mx/skins/ColoredSkinElement.as,5,var _color;
mx.skins.ColoredSkinElement,getStyle,False,__Packages/mx/skins/ColoredSkinElement.as,6,var getStyle;
mx.skins.ColoredSkinElement,onEnterFrame,False,__Packages/mx/skins/ColoredSkinElement.as,7,var onEnterFrame;
mx.skins.ColoredSkinElement,mixins,True,__Packages/mx/skins/ColoredSkinElement.as,8,static var mixins = new mx.skins.ColoredSkinElement();
mx.skins.halo.Defaults,beginFill,False,__Packages/mx/skins/halo/Defaults.as,5,var beginFill;
mx.skins.halo.Defaults,beginGradientFill,False,__Packages/mx/skins/halo/Defaults.as,6,var beginGradientFill;
mx.skins.halo.Defaults,curveTo,False,__Packages/mx/skins/halo/Defaults.as,7,var curveTo;
mx.skins.halo.Defaults,endFill,False,__Packages/mx/skins/halo/Defaults.as,8,var endFill;
mx.skins.halo.Defaults,lineTo,False,__Packages/mx/skins/halo/Defaults.as,9,var lineTo;
mx.skins.halo.Defaults,moveTo,False,__Packages/mx/skins/halo/Defaults.as,10,var moveTo;
mx.skins.halo.Defaults,classConstructed,True,__Packages/mx/skins/halo/Defaults.as,11,static var classConstructed = mx.skins.halo.Defaults.classConstruct();
mx.skins.halo.Defaults,CSSStyleDeclarationDependency,True,__Packages/mx/skins/halo/Defaults.as,12,static var CSSStyleDeclarationDependency = mx.styles.CSSStyleDeclaration;
mx.skins.halo.Defaults,UIObjectExtensionsDependency,True,__Packages/mx/skins/halo/Defaults.as,13,static var UIObjectExtensionsDependency = mx.core.ext.UIObjectExtensions;
mx.skins.halo.Defaults,UIObjectDependency,True,__Packages/mx/skins/halo/Defaults.as,14,static var UIObjectDependency = mx.core.UIObject;
mx.skins.halo.FocusRect,_parent,False,__Packages/mx/skins/halo/FocusRect.as,5,var _parent;
mx.skins.halo.FocusRect,_visible,False,__Packages/mx/skins/halo/FocusRect.as,6,var _visible;
mx.skins.halo.FocusRect,_xscale,False,__Packages/mx/skins/halo/FocusRect.as,7,var _xscale;
mx.skins.halo.FocusRect,_yscale,False,__Packages/mx/skins/halo/FocusRect.as,8,var _yscale;
mx.skins.halo.FocusRect,addEventListener,False,__Packages/mx/skins/halo/FocusRect.as,9,var addEventListener;
mx.skins.halo.FocusRect,beginFill,False,__Packages/mx/skins/halo/FocusRect.as,10,var beginFill;
mx.skins.halo.FocusRect,boundingBox_mc,False,__Packages/mx/skins/halo/FocusRect.as,11,var boundingBox_mc;
mx.skins.halo.FocusRect,clear,False,__Packages/mx/skins/halo/FocusRect.as,12,var clear;
mx.skins.halo.FocusRect,drawRoundRect,False,__Packages/mx/skins/halo/FocusRect.as,13,var drawRoundRect;
mx.skins.halo.FocusRect,endFill,False,__Packages/mx/skins/halo/FocusRect.as,14,var endFill;
mx.skins.halo.FocusRect,getDepth,False,__Packages/mx/skins/halo/FocusRect.as,15,var getDepth;
mx.skins.halo.FocusRect,getStyle,False,__Packages/mx/skins/halo/FocusRect.as,16,var getStyle;
mx.skins.halo.FocusRect,height,False,__Packages/mx/skins/halo/FocusRect.as,17,var height;
mx.skins.halo.FocusRect,removeEventListener,False,__Packages/mx/skins/halo/FocusRect.as,18,var removeEventListener;
mx.skins.halo.FocusRect,width,False,__Packages/mx/skins/halo/FocusRect.as,19,var width;
mx.skins.halo.FocusRect,x,False,__Packages/mx/skins/halo/FocusRect.as,20,var x;
mx.skins.halo.FocusRect,y,False,__Packages/mx/skins/halo/FocusRect.as,21,var y;
mx.skins.halo.FocusRect,classConstructed,True,__Packages/mx/skins/halo/FocusRect.as,22,static var classConstructed = mx.skins.halo.FocusRect.classConstruct();
mx.skins.halo.FocusRect,DefaultsDependency,True,__Packages/mx/skins/halo/FocusRect.as,23,static var DefaultsDependency = mx.skins.halo.Defaults;
mx.skins.halo.FocusRect,UIComponentDependency,True,__Packages/mx/skins/halo/FocusRect.as,24,static var UIComponentDependency = mx.core.UIComponent;
mx.styles.CSSSetStyle,_color,False,__Packages/mx/styles/CSSSetStyle.as,5,var _color;
mx.styles.CSSSetStyle,invalidateStyle,False,__Packages/mx/styles/CSSSetStyle.as,6,var invalidateStyle;
mx.styles.CSSSetStyle,setColor,False,__Packages/mx/styles/CSSSetStyle.as,7,var setColor;
mx.styles.CSSSetStyle,styleName,False,__Packages/mx/styles/CSSSetStyle.as,8,var styleName;
mx.styles.CSSSetStyle,stylecache,False,__Packages/mx/styles/CSSSetStyle.as,9,var stylecache;
mx.styles.CSSSetStyle,classConstructed,True,__Packages/mx/styles/CSSSetStyle.as,10,static var classConstructed = mx.styles.CSSSetStyle.classConstruct();
mx.styles.CSSSetStyle,CSSStyleDeclarationDependency,True,__Packages/mx/styles/CSSSetStyle.as,11,static var CSSStyleDeclarationDependency = mx.styles.CSSStyleDeclaration;
mx.styles.CSSStyleDeclaration,_tf,False,__Packages/mx/styles/CSSStyleDeclaration.as,5,var _tf;
mx.styles.CSSStyleDeclaration,classConstructed,True,__Packages/mx/styles/CSSStyleDeclaration.as,6,static var classConstructed = mx.styles.CSSStyleDeclaration.classConstruct();
mx.styles.CSSStyleDeclaration,CSSTextStylesDependency,True,__Packages/mx/styles/CSSStyleDeclaration.as,7,static var CSSTextStylesDependency = mx.styles.CSSTextStyles;
mx.styles.CSSTextStyles,_tf,False,__Packages/mx/styles/CSSTextStyles.as,5,var _tf;
mx.styles.StyleManager,inheritingStyles,True,__Packages/mx/styles/StyleManager.as,5,"static var inheritingStyles = {color:true,direction:true,fontFamily:true,fontSize:true,fontStyle:true,fontWeight:true,textAlign:true,textIndent:true};"
mx.styles.StyleManager,colorStyles,True,__Packages/mx/styles/StyleManager.as,6,"static var colorStyles = {barColor:true,trackColor:true,borderColor:true,buttonColor:true,color:true,dateHeaderColor:true,dateRollOverColor:true,disabledColor:true,fillColor:true,highlightColor:true,scrollTrackColor:true,selectedDateColor:true,shadowColor:true,strokeColor:true,symbolBackgroundColor:true,symbolBackgroundDisabledColor:true,symbolBackgroundPressedColor:true,symbolColor:true,symbolDisabledColor:true,themeColor:true,todayIndicatorColor:true,shadowCapColor:true,borderCapColor:true,focusColor:true};"
mx.styles.StyleManager,colorNames,True,__Packages/mx/styles/StyleManager.as,7,"static var colorNames = {black:0,white:16777215,red:16711680,green:65280,blue:255,magenta:16711935,yellow:16776960,cyan:65535,haloGreen:8453965,haloBlue:2881013,haloOrange:16761344};"
mx.styles.StyleManager,TextFormatStyleProps,True,__Packages/mx/styles/StyleManager.as,8,"static var TextFormatStyleProps = {font:true,size:true,color:true,leftMargin:false,rightMargin:false,italic:true,bold:true,align:true,indent:true,underline:false,embedFonts:false};"
mx.styles.StyleManager,TextStyleMap,True,__Packages/mx/styles/StyleManager.as,9,"static var TextStyleMap = {textAlign:true,fontWeight:true,color:true,fontFamily:true,textIndent:true,fontStyle:true,lineHeight:true,marginLeft:true,marginRight:true,fontSize:true,textDecoration:true,embedFonts:true};"
mx.utils.Delegate,func,False,__Packages/mx/utils/Delegate.as,5,var func;
NitromeGame,game_id,False,__Packages/NitromeGame.as,5,var game_id;
NitromeGame,level_id,False,__Packages/NitromeGame.as,6,var level_id;
NitromeGame,total_levels,False,__Packages/NitromeGame.as,7,var total_levels;
NitromeGame,ar_1,False,__Packages/NitromeGame.as,8,"var ar_1 = new Array(""a"",""b"",""c"",""d"",""e"",""f"",""g"",""h"",""i"",""j"",""k"",""l"",""m"",""n"",""o"",""p"",""q"",""r"",""s"",""t"",""u"",""v"",""w"",""x"",""y"",""z"",""/"","":"",""."",""_"",""1"",""2"",""3"",""4"",""5"",""6"",""7"",""8"",""9"",""0"",""-"");"
NitromeGame,ar_2,False,__Packages/NitromeGame.as,9,"var ar_2 = new Array(""_"",""7"",""c"",""2"",""l"",""r"",""a"",""h"",""i"",""."",""g"",""m"",""v"",""1"",""b"",""q"",""3"",""z"",""w"",""o"",""u"",""t"",""s"",""0"",""d"",""f"",""8"",""n"",""5"",""k"","":"",""j"",""p"",""/"",""4"",""6"",""e"",""9"",""y"",""x"",""-"");"
NitromeGame,ar_key,False,__Packages/NitromeGame.as,10,"var ar_key = ""ctdngevfaqki8_lb:psoj90ux127hm/4w5y3rz.6-"";"
NitromeGame,adj,False,__Packages/NitromeGame.as,11,var adj = 1.75;
NitromeGame,ff,False,__Packages/NitromeGame.as,12,var ff = new Array();
NitromeGame,submit_url,False,__Packages/NitromeGame.as,13,"var submit_url = ""http://www.nitrome.com/php/submit_score.php"";"
NitromeGame,retrieve_url,False,__Packages/NitromeGame.as,14,"var retrieve_url = ""http://www.nitrome.com/php/retrieve_scores.php"";"
NitromeGame,nitrome_url,False,__Packages/NitromeGame.as,15,"var nitrome_url = new Array(""http://www.nitrome.com"",""http://www.nitrome.co.uk"",""http://www.nitrome.net"",""http://www.nitromegames.com"",""http://www.nitromegames.co.uk"",""http://www.nitrome-games.com"",""http://www.nitrome-games.co.uk"",""http://www.nitromeimages.com"");"
NitromeGame,candystand_url,False,__Packages/NitromeGame.as,16,"var candystand_url = new Array(""http://www.candystand.com"",""http://candystand.com"");"
NitromeGame,miniclip_url,False,__Packages/NitromeGame.as,17,"var miniclip_url = new Array(""http://www.miniclip.com"",""http://miniclip.com"");"
PirateFont,base,False,__Packages/PirateFont.as,5,var base;
PirateFont,boundingBox_mc,False,__Packages/PirateFont.as,6,var boundingBox_mc;
PirateFont,createEmptyMovieClip,False,__Packages/PirateFont.as,7,var createEmptyMovieClip;
PirateFont,holder,False,__Packages/PirateFont.as,8,var holder;
PirateFont,invalidate,False,__Packages/PirateFont.as,9,var invalidate;
PirateFont,letters,False,__Packages/PirateFont.as,10,var letters;
PirateFont,useHandCursor,False,__Packages/PirateFont.as,11,var useHandCursor;
PirateFont,symbolName,True,__Packages/PirateFont.as,12,"static var symbolName = ""PirateFont"";"
PirateFont,symbolOwner,True,__Packages/PirateFont.as,13,static var symbolOwner = PirateFont;
PirateFont,className,False,__Packages/PirateFont.as,14,"var className = ""PirateFont"";"
PirateFont,__text,False,__Packages/PirateFont.as,15,"var __text = ""enter text"";"
PirateFont,__tracking,False,__Packages/PirateFont.as,16,var __tracking = 1;
PirateFont,__centered,False,__Packages/PirateFont.as,17,var __centered = false;
PirateFont,__line_spacing,False,__Packages/PirateFont.as,18,var __line_spacing = 9;
