owner,target,kind,member,source,line,evidence
com.nitrome.buttons.BackButton,com.nitrome.buttons.SimpleButton,inheritance,,__Packages/com/nitrome/buttons/BackButton.as,3,class com.nitrome.buttons.BackButton extends com.nitrome.buttons.SimpleButton
com.nitrome.buttons.CongratulationsButton,com.nitrome.buttons.SimpleButton,inheritance,,__Packages/com/nitrome/buttons/CongratulationsButton.as,3,class com.nitrome.buttons.CongratulationsButton extends com.nitrome.buttons.SimpleButton
com.nitrome.buttons.CongratulationsButton,com.nitrome.throwgame.Controller,reference,,__Packages/com/nitrome/buttons/CongratulationsButton.as,11,com.nitrome.throwgame.Controller.popup.show = false;
com.nitrome.buttons.CongratulationsButton,com.nitrome.game.TransitionTween,cast-or-call,,__Packages/com/nitrome/buttons/CongratulationsButton.as,12,com.nitrome.game.TransitionTween(_root.tt).doTweenWithFunction(function()
com.nitrome.buttons.CongratulationsButton,com.nitrome.throwgame.Controller,qualified-call,endGame,__Packages/com/nitrome/buttons/CongratulationsButton.as,14,com.nitrome.throwgame.Controller.endGame();
com.nitrome.buttons.ContinueGameButton,com.nitrome.buttons.SimpleButton,inheritance,,__Packages/com/nitrome/buttons/ContinueGameButton.as,3,class com.nitrome.buttons.ContinueGameButton extends com.nitrome.buttons.SimpleButton
com.nitrome.buttons.ContinueGameButton,com.nitrome.throwgame.Controller,reference,,__Packages/com/nitrome/buttons/ContinueGameButton.as,11,com.nitrome.throwgame.Controller.popup.show = false;
com.nitrome.buttons.CreditsButton,com.nitrome.buttons.SimpleButton,inheritance,,__Packages/com/nitrome/buttons/CreditsButton.as,3,class com.nitrome.buttons.CreditsButton extends com.nitrome.buttons.SimpleButton
com.nitrome.buttons.HelpButton,com.nitrome.buttons.SimpleButton,inheritance,,__Packages/com/nitrome/buttons/HelpButton.as,3,class com.nitrome.buttons.HelpButton extends com.nitrome.buttons.SimpleButton
com.nitrome.buttons.NextLevelButton,com.nitrome.buttons.SimpleButton,inheritance,,__Packages/com/nitrome/buttons/NextLevelButton.as,3,class com.nitrome.buttons.NextLevelButton extends com.nitrome.buttons.SimpleButton
com.nitrome.buttons.NextLevelButton,com.nitrome.throwgame.Controller,reference,,__Packages/com/nitrome/buttons/NextLevelButton.as,11,com.nitrome.throwgame.Controller.popup.show = false;
com.nitrome.buttons.NextLevelButton,com.nitrome.game.TransitionTween,cast-or-call,,__Packages/com/nitrome/buttons/NextLevelButton.as,12,com.nitrome.game.TransitionTween(_root.tt).doTweenWithFunction(function()
com.nitrome.buttons.NextLevelButton,com.nitrome.throwgame.Controller,qualified-call,changeLevel,__Packages/com/nitrome/buttons/NextLevelButton.as,15,com.nitrome.throwgame.Controller.changeLevel(_root.selected_level);
com.nitrome.buttons.OnePlayerButton,com.nitrome.buttons.SimpleButton,inheritance,,__Packages/com/nitrome/buttons/OnePlayerButton.as,3,class com.nitrome.buttons.OnePlayerButton extends com.nitrome.buttons.SimpleButton
com.nitrome.buttons.PlayButton,com.nitrome.buttons.SimpleButton,inheritance,,__Packages/com/nitrome/buttons/PlayButton.as,3,class com.nitrome.buttons.PlayButton extends com.nitrome.buttons.SimpleButton
com.nitrome.buttons.QuitGameButton,com.nitrome.buttons.SimpleButton,inheritance,,__Packages/com/nitrome/buttons/QuitGameButton.as,3,class com.nitrome.buttons.QuitGameButton extends com.nitrome.buttons.SimpleButton
com.nitrome.buttons.QuitGameButton,com.nitrome.game.TransitionTween,cast-or-call,,__Packages/com/nitrome/buttons/QuitGameButton.as,11,com.nitrome.game.TransitionTween(_root.tt).doTweenWithFunction(function()
com.nitrome.buttons.QuitGameButton,com.nitrome.throwgame.Controller,qualified-call,endGame,__Packages/com/nitrome/buttons/QuitGameButton.as,13,com.nitrome.throwgame.Controller.endGame();
com.nitrome.buttons.RestartLevelButton,com.nitrome.buttons.SimpleButton,inheritance,,__Packages/com/nitrome/buttons/RestartLevelButton.as,3,class com.nitrome.buttons.RestartLevelButton extends com.nitrome.buttons.SimpleButton
com.nitrome.buttons.RestartLevelButton,com.nitrome.throwgame.Controller,reference,,__Packages/com/nitrome/buttons/RestartLevelButton.as,11,com.nitrome.throwgame.Controller.popup.show = false;
com.nitrome.buttons.RestartLevelButton,com.nitrome.game.TransitionTween,cast-or-call,,__Packages/com/nitrome/buttons/RestartLevelButton.as,12,com.nitrome.game.TransitionTween(_root.tt).doTweenWithFunction(function()
com.nitrome.buttons.RestartLevelButton,com.nitrome.throwgame.Controller,qualified-call,changeLevel,__Packages/com/nitrome/buttons/RestartLevelButton.as,14,com.nitrome.throwgame.Controller.changeLevel(_root.selected_level);
com.nitrome.buttons.ScoresButton,com.nitrome.buttons.SimpleButton,inheritance,,__Packages/com/nitrome/buttons/ScoresButton.as,3,class com.nitrome.buttons.ScoresButton extends com.nitrome.buttons.SimpleButton
com.nitrome.buttons.SubmitScoreButton,com.nitrome.buttons.SimpleButton,inheritance,,__Packages/com/nitrome/buttons/SubmitScoreButton.as,3,class com.nitrome.buttons.SubmitScoreButton extends com.nitrome.buttons.SimpleButton
com.nitrome.buttons.SubmitScoreButton,com.nitrome.game.TransitionTween,cast-or-call,,__Packages/com/nitrome/buttons/SubmitScoreButton.as,18,com.nitrome.game.TransitionTween(_root.tt).doTweenWithFunction(function()
com.nitrome.buttons.SubmitScoreButton,com.nitrome.throwgame.Controller,qualified-call,endGame,__Packages/com/nitrome/buttons/SubmitScoreButton.as,20,com.nitrome.throwgame.Controller.endGame();
com.nitrome.buttons.TwoPlayerButton,com.nitrome.buttons.SimpleButton,inheritance,,__Packages/com/nitrome/buttons/TwoPlayerButton.as,3,class com.nitrome.buttons.TwoPlayerButton extends com.nitrome.buttons.SimpleButton
com.nitrome.game.CancelPlayerButton,com.nitrome.game.SimpleButton,inheritance,,__Packages/com/nitrome/game/CancelPlayerButton.as,3,class com.nitrome.game.CancelPlayerButton extends com.nitrome.game.SimpleButton
com.nitrome.game.CancelPlayerButton,com.nitrome.throwgame.Controller,reference,,__Packages/com/nitrome/game/CancelPlayerButton.as,13,if(com.nitrome.throwgame.Controller.currentTeam.selectedCharacter)
com.nitrome.game.CancelPlayerButton,com.nitrome.throwgame.Controller,reference,,__Packages/com/nitrome/game/CancelPlayerButton.as,15,com.nitrome.throwgame.Controller.currentTeam.selectedCharacter.unequip();
com.nitrome.game.CancelPlayerButton,com.nitrome.throwgame.Controller,reference,,__Packages/com/nitrome/game/CancelPlayerButton.as,16,if(com.nitrome.throwgame.Controller.currentTeam.selectedCharacter.canThrow)
com.nitrome.game.CancelPlayerButton,com.nitrome.throwgame.Controller,reference,,__Packages/com/nitrome/game/CancelPlayerButton.as,18,com.nitrome.throwgame.Controller.currentTeam.selectedCharacter = null;
com.nitrome.game.CancelPlayerButton,com.nitrome.throwgame.Controller,reference,,__Packages/com/nitrome/game/CancelPlayerButton.as,24,this._visible = com.nitrome.throwgame.Controller.currentTeam.selectedCharacter.canThrow;
com.nitrome.game.CancelPlayerButton,com.nitrome.game.WeaponSelectPanel,cast-or-call,,__Packages/com/nitrome/game/CancelPlayerButton.as,28,"com.nitrome.game.WeaponSelectPanel(this._parent).title.text = ""close"";"
com.nitrome.game.CancelPlayerButton,com.nitrome.game.WeaponSelectPanel,cast-or-call,,__Packages/com/nitrome/game/CancelPlayerButton.as,29,"com.nitrome.game.WeaponSelectPanel(this._parent).description.text = ""click here to cancel and select|another player."";"
com.nitrome.game.CancelPlayerButton,com.nitrome.game.WeaponSelectPanel,cast-or-call,,__Packages/com/nitrome/game/CancelPlayerButton.as,33,"com.nitrome.game.WeaponSelectPanel(this._parent).title.text = ""weapons"";"
com.nitrome.game.CancelPlayerButton,com.nitrome.game.WeaponSelectPanel,cast-or-call,,__Packages/com/nitrome/game/CancelPlayerButton.as,34,"com.nitrome.game.WeaponSelectPanel(this._parent).description.text = ""Click one of the options above|to select it."";"
com.nitrome.game.CancelWeaponButton,com.nitrome.game.SimpleButton,inheritance,,__Packages/com/nitrome/game/CancelWeaponButton.as,3,class com.nitrome.game.CancelWeaponButton extends com.nitrome.game.SimpleButton
com.nitrome.game.CancelWeaponButton,com.nitrome.throwgame.Controller,reference,,__Packages/com/nitrome/game/CancelWeaponButton.as,11,com.nitrome.throwgame.Controller.currentTeam.selectedCharacter.weaponSelected = false;
com.nitrome.game.CancelWeaponButton,com.nitrome.throwgame.Controller,reference,,__Packages/com/nitrome/game/CancelWeaponButton.as,12,com.nitrome.throwgame.Controller.currentTeam.selectedCharacter.unequip();
com.nitrome.game.CornerQuitButton,com.nitrome.buttons.SimpleButton,inheritance,,__Packages/com/nitrome/game/CornerQuitButton.as,3,class com.nitrome.game.CornerQuitButton extends com.nitrome.buttons.SimpleButton
com.nitrome.game.CornerQuitButton,com.nitrome.throwgame.Controller,reference,,__Packages/com/nitrome/game/CornerQuitButton.as,11,if(com.nitrome.throwgame.Controller.popup.show)
com.nitrome.game.CornerQuitButton,com.nitrome.throwgame.Controller,reference,,__Packages/com/nitrome/game/CornerQuitButton.as,15,"com.nitrome.throwgame.Controller.popup.gotoAndStop(""quit_prompt"");"
com.nitrome.game.CornerQuitButton,com.nitrome.throwgame.Controller,reference,,__Packages/com/nitrome/game/CornerQuitButton.as,16,com.nitrome.throwgame.Controller.popup.show = true;
com.nitrome.game.IngamePopup,com.nitrome.throwgame.Controller,qualified-call,get1PLevelScore,__Packages/com/nitrome/game/IngamePopup.as,39,_loc5_ = com.nitrome.throwgame.Controller.get1PLevelScore();
com.nitrome.game.IngameTextArea,com.nitrome.throwgame.Controller,reference,,__Packages/com/nitrome/game/IngameTextArea.as,23,if(com.nitrome.throwgame.Controller.speechBubble)
com.nitrome.game.WeaponSelectButton,com.nitrome.game.SimpleButton,inheritance,,__Packages/com/nitrome/game/WeaponSelectButton.as,3,class com.nitrome.game.WeaponSelectButton extends com.nitrome.game.SimpleButton
com.nitrome.game.WeaponSelectButton,com.nitrome.game.WeaponSelectPanel,cast-or-call,,__Packages/com/nitrome/game/WeaponSelectButton.as,36,"com.nitrome.game.WeaponSelectPanel(this._parent).title.text = com.nitrome.game.WeaponSelectButton.hoverText[""hover_"" + this.weapon][0];"
com.nitrome.game.WeaponSelectButton,com.nitrome.game.WeaponSelectPanel,cast-or-call,,__Packages/com/nitrome/game/WeaponSelectButton.as,37,"com.nitrome.game.WeaponSelectPanel(this._parent).description.text = com.nitrome.game.WeaponSelectButton.hoverText[""hover_"" + this.weapon][1];"
com.nitrome.game.WeaponSelectButton,com.nitrome.game.WeaponSelectPanel,cast-or-call,,__Packages/com/nitrome/game/WeaponSelectButton.as,44,"com.nitrome.game.WeaponSelectPanel(this._parent).title.text = ""Weapons"";"
com.nitrome.game.WeaponSelectButton,com.nitrome.game.WeaponSelectPanel,cast-or-call,,__Packages/com/nitrome/game/WeaponSelectButton.as,45,"com.nitrome.game.WeaponSelectPanel(this._parent).description.text = ""Click one of the options above|to select it."";"
com.nitrome.game.WeaponSelectButton,com.nitrome.throwgame.Controller,reference,,__Packages/com/nitrome/game/WeaponSelectButton.as,66,if(!com.nitrome.throwgame.Controller.currentTeam.selectedCharacter)
com.nitrome.game.WeaponSelectButton,com.nitrome.throwgame.Controller,reference,,__Packages/com/nitrome/game/WeaponSelectButton.as,70,if(this.blue != (com.nitrome.throwgame.Controller.currentTeam.number == 2))
com.nitrome.game.WeaponSelectButton,com.nitrome.throwgame.Controller,reference,,__Packages/com/nitrome/game/WeaponSelectButton.as,72,this.blue = com.nitrome.throwgame.Controller.currentTeam.number == 2;
com.nitrome.game.WeaponSelectButton,com.nitrome.throwgame.Controller,reference,,__Packages/com/nitrome/game/WeaponSelectButton.as,78,if(this.disabled != !com.nitrome.throwgame.Controller.currentTeam.selectedCharacter.canThrow)
com.nitrome.game.WeaponSelectButton,com.nitrome.throwgame.Controller,reference,,__Packages/com/nitrome/game/WeaponSelectButton.as,80,this.disabled = !com.nitrome.throwgame.Controller.currentTeam.selectedCharacter.canThrow;
com.nitrome.game.WeaponSelectButton,com.nitrome.throwgame.Controller,reference,,__Packages/com/nitrome/game/WeaponSelectButton.as,86,_loc2_ = com.nitrome.throwgame.Controller.currentTeam.selectedCharacter.numberOfWeapon(this.weapon);
com.nitrome.game.WeaponSelectButton,com.nitrome.throwgame.Controller,reference,,__Packages/com/nitrome/game/WeaponSelectButton.as,92,if(com.nitrome.throwgame.Controller.currentTeam.selectedCharacter.weaponIsInfinite(this.weapon))
com.nitrome.game.WeaponSelectButton,com.nitrome.game.WeaponSelectPanel,cast-or-call,,__Packages/com/nitrome/game/WeaponSelectButton.as,112,if(!com.nitrome.game.WeaponSelectPanel(this._parent).contentsActive)
com.nitrome.game.WeaponSelectButton,com.nitrome.throwgame.Controller,reference,,__Packages/com/nitrome/game/WeaponSelectButton.as,119,com.nitrome.throwgame.Controller.currentTeam.selectedCharacter.unequip();
com.nitrome.game.WeaponSelectButton,com.nitrome.throwgame.Controller,reference,,__Packages/com/nitrome/game/WeaponSelectButton.as,120,com.nitrome.throwgame.Controller.currentTeam.selectedCharacter.weaponSelected = true;
com.nitrome.game.WeaponSelectButton,com.nitrome.throwgame.Controller,reference,,__Packages/com/nitrome/game/WeaponSelectButton.as,124,com.nitrome.throwgame.Controller.currentTeam.selectedCharacter.canThrow = false;
com.nitrome.game.WeaponSelectButton,com.nitrome.throwgame.Controller,reference,,__Packages/com/nitrome/game/WeaponSelectButton.as,125,com.nitrome.throwgame.Controller.currentTeam.selectedCharacter.canShoot = false;
com.nitrome.game.WeaponSelectButton,com.nitrome.throwgame.Controller,reference,,__Packages/com/nitrome/game/WeaponSelectButton.as,126,com.nitrome.throwgame.Controller.currentTeam.selectedCharacter.unequip();
com.nitrome.game.WeaponSelectButton,com.nitrome.throwgame.Controller,reference,,__Packages/com/nitrome/game/WeaponSelectButton.as,127,com.nitrome.throwgame.Controller.currentTeam.selectedCharacter.thrown = true;
com.nitrome.game.WeaponSelectButton,com.nitrome.throwgame.Controller,reference,,__Packages/com/nitrome/game/WeaponSelectButton.as,128,com.nitrome.throwgame.Controller.currentTeam.selectedCharacter.throwFinished = true;
com.nitrome.game.WeaponSelectButton,com.nitrome.throwgame.Controller,reference,,__Packages/com/nitrome/game/WeaponSelectButton.as,129,com.nitrome.throwgame.Controller.currentTeam.selectedCharacter.weaponSelected = true;
com.nitrome.game.WeaponSelectButton,com.nitrome.throwgame.Controller,reference,,__Packages/com/nitrome/game/WeaponSelectButton.as,131,else if(com.nitrome.throwgame.Controller.currentTeam.selectedCharacter.numberOfWeapon(this.weapon) > 0)
com.nitrome.game.WeaponSelectButton,com.nitrome.throwgame.Controller,reference,,__Packages/com/nitrome/game/WeaponSelectButton.as,133,_loc2_ = com.nitrome.throwgame.Controller.currentTeam.selectedCharacter.firstIndexOfWeapon(this.weapon);
com.nitrome.game.WeaponSelectButton,com.nitrome.throwgame.Controller,reference,,__Packages/com/nitrome/game/WeaponSelectButton.as,134,com.nitrome.throwgame.Controller.currentTeam.selectedCharacter.equip(_loc2_);
com.nitrome.game.WeaponSelectButton,com.nitrome.throwgame.Controller,reference,,__Packages/com/nitrome/game/WeaponSelectButton.as,135,com.nitrome.throwgame.Controller.currentTeam.selectedCharacter.weaponSelected = true;
com.nitrome.game.WeaponSelectPanel,com.nitrome.throwgame.Controller,reference,,__Packages/com/nitrome/game/WeaponSelectPanel.as,14,if(com.nitrome.throwgame.Controller.currentTeam.selectedCharacter && !com.nitrome.throwgame.Controller.currentTeam.selectedCharacter.weaponSelected && !com.nitrome.throwgame.Controller.currentTeam.aiControlled)
com.nitrome.game.WeaponSelectPanel,com.nitrome.throwgame.Controller,reference,,__Packages/com/nitrome/game/WeaponSelectPanel.as,14,if(com.nitrome.throwgame.Controller.currentTeam.selectedCharacter && !com.nitrome.throwgame.Controller.currentTeam.selectedCharacter.weaponSelected && !com.nitrome.throwgame.Controller.currentTeam.aiControlled)
com.nitrome.game.WeaponSelectPanel,com.nitrome.throwgame.Controller,reference,,__Packages/com/nitrome/game/WeaponSelectPanel.as,14,if(com.nitrome.throwgame.Controller.currentTeam.selectedCharacter && !com.nitrome.throwgame.Controller.currentTeam.selectedCharacter.weaponSelected && !com.nitrome.throwgame.Controller.currentTeam.aiControlled)
com.nitrome.highscore.ClearButton,com.nitrome.buttons.SimpleButton,inheritance,,__Packages/com/nitrome/highscore/ClearButton.as,3,class com.nitrome.highscore.ClearButton extends com.nitrome.buttons.SimpleButton
com.nitrome.throwgame.Anchor,com.nitrome.throwgame.Weapon,inheritance,,__Packages/com/nitrome/throwgame/Anchor.as,3,class com.nitrome.throwgame.Anchor extends com.nitrome.throwgame.Weapon
com.nitrome.throwgame.Anchor,com.nitrome.throwgame.Controller,reference,,__Packages/com/nitrome/throwgame/Anchor.as,50,if(!this.fired && com.nitrome.throwgame.Controller.tileSystem.mouseButtonDown)
com.nitrome.throwgame.Anchor,com.nitrome.throwgame.Controller,reference,,__Packages/com/nitrome/throwgame/Anchor.as,52,"this.place(com.nitrome.throwgame.Controller.content._xmouse,com.nitrome.throwgame.Controller.content._ymouse);"
com.nitrome.throwgame.Anchor,com.nitrome.throwgame.Controller,reference,,__Packages/com/nitrome/throwgame/Anchor.as,52,"this.place(com.nitrome.throwgame.Controller.content._xmouse,com.nitrome.throwgame.Controller.content._ymouse);"
com.nitrome.throwgame.Anchor,com.nitrome.util.Global,qualified-call,whiteOut,__Packages/com/nitrome/throwgame/Anchor.as,72,this.mc.transform.colorTransform = com.nitrome.util.Global.whiteOut(this.fadeTime / 10);
com.nitrome.throwgame.Anchor,com.nitrome.throwgame.Solid,reference,,__Packages/com/nitrome/throwgame/Anchor.as,83,if(this.simulation && side == com.nitrome.throwgame.Solid.FLOOR)
com.nitrome.throwgame.Anchor,com.nitrome.throwgame.Solid,reference,,__Packages/com/nitrome/throwgame/Anchor.as,93,if(side == com.nitrome.throwgame.Solid.FLOOR)
com.nitrome.throwgame.Anchor,com.nitrome.throwgame.Controller,reference,,__Packages/com/nitrome/throwgame/Anchor.as,99,while(_loc7_ < com.nitrome.throwgame.Controller.teams.length)
com.nitrome.throwgame.Anchor,com.nitrome.throwgame.Controller,reference,,__Packages/com/nitrome/throwgame/Anchor.as,101,_loc6_ = com.nitrome.throwgame.Controller.teams[_loc7_];
com.nitrome.throwgame.Anchor,com.nitrome.throwgame.Controller,reference,,__Packages/com/nitrome/throwgame/Anchor.as,132,this.x = Math.floor(Math.random() * (com.nitrome.throwgame.Controller.tileSystem.levelWidth << 5));
com.nitrome.throwgame.Anchor,com.nitrome.throwgame.Controller,reference,,__Packages/com/nitrome/throwgame/Anchor.as,137,while(!this.simulationFinished && this.y < com.nitrome.throwgame.Controller.water.y)
com.nitrome.throwgame.Banana,com.nitrome.throwgame.Weapon,inheritance,,__Packages/com/nitrome/throwgame/Banana.as,3,class com.nitrome.throwgame.Banana extends com.nitrome.throwgame.Weapon
com.nitrome.throwgame.Banana,com.nitrome.throwgame.Controller,reference,,__Packages/com/nitrome/throwgame/Banana.as,69,while(_loc10_ < com.nitrome.throwgame.Controller.teams.length)
com.nitrome.throwgame.Banana,com.nitrome.throwgame.Controller,reference,,__Packages/com/nitrome/throwgame/Banana.as,71,_loc9_ = com.nitrome.throwgame.Controller.teams[_loc10_];
com.nitrome.throwgame.Banana,com.nitrome.throwgame.Controller,reference,,__Packages/com/nitrome/throwgame/Banana.as,96,else if(com.nitrome.throwgame.Controller.tileSystem.mouseButtonDown)
com.nitrome.throwgame.Banana,com.nitrome.throwgame.Explosion,constructor,,__Packages/com/nitrome/throwgame/Banana.as,111,"new com.nitrome.throwgame.Explosion(this.x,this.y,160,80,this.owner);"
com.nitrome.throwgame.Banana,com.nitrome.throwgame.Controller,reference,,__Packages/com/nitrome/throwgame/Banana.as,119,com.nitrome.throwgame.Controller.tileSystem.mouseButtonDown = false;
com.nitrome.throwgame.Boulder,com.nitrome.throwgame.Weapon,inheritance,,__Packages/com/nitrome/throwgame/Boulder.as,3,class com.nitrome.throwgame.Boulder extends com.nitrome.throwgame.Weapon
com.nitrome.throwgame.Boulder,com.nitrome.util.Global,qualified-call,whiteOut,__Packages/com/nitrome/throwgame/Boulder.as,63,this.mc.transform.colorTransform = com.nitrome.util.Global.whiteOut(this.visibility);
com.nitrome.throwgame.Boulder,com.nitrome.throwgame.Controller,reference,,__Packages/com/nitrome/throwgame/Boulder.as,72,while(_loc6_ < com.nitrome.throwgame.Controller.teams.length)
com.nitrome.throwgame.Boulder,com.nitrome.throwgame.Controller,reference,,__Packages/com/nitrome/throwgame/Boulder.as,74,_loc5_ = com.nitrome.throwgame.Controller.teams[_loc6_];
com.nitrome.throwgame.BoxWeapon,com.nitrome.throwgame.Weapon,inheritance,,__Packages/com/nitrome/throwgame/BoxWeapon.as,3,class com.nitrome.throwgame.BoxWeapon extends com.nitrome.throwgame.Weapon
com.nitrome.throwgame.BoxWeapon,com.nitrome.throwgame.Controller,reference,,__Packages/com/nitrome/throwgame/BoxWeapon.as,74,if(com.nitrome.throwgame.Controller.tileSystem.mouseButtonDown)
com.nitrome.throwgame.BoxWeapon,com.nitrome.throwgame.Controller,reference,,__Packages/com/nitrome/throwgame/BoxWeapon.as,76,"if(this.canPlace(com.nitrome.throwgame.Controller.content._xmouse,com.nitrome.throwgame.Controller.content._ymouse))"
com.nitrome.throwgame.BoxWeapon,com.nitrome.throwgame.Controller,reference,,__Packages/com/nitrome/throwgame/BoxWeapon.as,76,"if(this.canPlace(com.nitrome.throwgame.Controller.content._xmouse,com.nitrome.throwgame.Controller.content._ymouse))"
com.nitrome.throwgame.BoxWeapon,com.nitrome.throwgame.Controller,reference,,__Packages/com/nitrome/throwgame/BoxWeapon.as,78,"this.place(com.nitrome.throwgame.Controller.content._xmouse,com.nitrome.throwgame.Controller.content._ymouse);"
com.nitrome.throwgame.BoxWeapon,com.nitrome.throwgame.Controller,reference,,__Packages/com/nitrome/throwgame/BoxWeapon.as,78,"this.place(com.nitrome.throwgame.Controller.content._xmouse,com.nitrome.throwgame.Controller.content._ymouse);"
com.nitrome.throwgame.BoxWeapon,com.nitrome.throwgame.Controller,reference,,__Packages/com/nitrome/throwgame/BoxWeapon.as,80,com.nitrome.throwgame.Controller.tileSystem.mouseButtonDown = false;
com.nitrome.throwgame.BoxWeapon,com.nitrome.throwgame.Controller,reference,,__Packages/com/nitrome/throwgame/BoxWeapon.as,96,com.nitrome.throwgame.Controller.boxes.push(this);
com.nitrome.throwgame.BoxWeapon,com.nitrome.throwgame.GunpowderBarrel,reference,,__Packages/com/nitrome/throwgame/BoxWeapon.as,103,if(this instanceof com.nitrome.throwgame.GunpowderBarrel)
com.nitrome.throwgame.BoxWeapon,com.nitrome.throwgame.GunpowderBarrel,constructor,,__Packages/com/nitrome/throwgame/BoxWeapon.as,105,this.nextBox = new com.nitrome.throwgame.GunpowderBarrel();
com.nitrome.throwgame.BoxWeapon,com.nitrome.throwgame.WoodenCrate,constructor,,__Packages/com/nitrome/throwgame/BoxWeapon.as,109,this.nextBox = new com.nitrome.throwgame.WoodenCrate();
com.nitrome.throwgame.BoxWeapon,com.nitrome.throwgame.Controller,reference,,__Packages/com/nitrome/throwgame/BoxWeapon.as,136,if(com.nitrome.throwgame.Controller.tileSystem.tileGrid[_loc4_][_loc2_])
com.nitrome.throwgame.BoxWeapon,com.nitrome.throwgame.Controller,reference,,__Packages/com/nitrome/throwgame/BoxWeapon.as,151,while(_loc2_ < com.nitrome.throwgame.Controller.tileSystem.levelHeight)
com.nitrome.throwgame.BoxWeapon,com.nitrome.throwgame.Controller,reference,,__Packages/com/nitrome/throwgame/BoxWeapon.as,157,if(com.nitrome.throwgame.Controller.tileSystem.tileGrid[_loc4_][_loc2_])
com.nitrome.throwgame.BoxWeapon,com.nitrome.throwgame.Controller,reference,,__Packages/com/nitrome/throwgame/BoxWeapon.as,172,while(_loc10_ < com.nitrome.throwgame.Controller.boxes.length)
com.nitrome.throwgame.BoxWeapon,com.nitrome.throwgame.Controller,reference,,__Packages/com/nitrome/throwgame/BoxWeapon.as,174,_loc3_ = com.nitrome.throwgame.Controller.boxes[_loc10_];
com.nitrome.throwgame.BoxWeapon,com.nitrome.throwgame.Controller,reference,,__Packages/com/nitrome/throwgame/BoxWeapon.as,196,while(_loc13_ < com.nitrome.throwgame.Controller.chests.length)
com.nitrome.throwgame.BoxWeapon,com.nitrome.throwgame.Controller,reference,,__Packages/com/nitrome/throwgame/BoxWeapon.as,198,_loc12_ = com.nitrome.throwgame.Controller.chests[_loc13_];
com.nitrome.throwgame.BoxWeapon,com.nitrome.throwgame.Controller,reference,,__Packages/com/nitrome/throwgame/BoxWeapon.as,216,while(_loc11_ < com.nitrome.throwgame.Controller.teams.length)
com.nitrome.throwgame.BoxWeapon,com.nitrome.throwgame.Controller,reference,,__Packages/com/nitrome/throwgame/BoxWeapon.as,218,_loc7_ = com.nitrome.throwgame.Controller.teams[_loc11_];
com.nitrome.throwgame.BoxWeapon,com.nitrome.throwgame.Controller,reference,,__Packages/com/nitrome/throwgame/BoxWeapon.as,253,var _loc2_ = com.nitrome.throwgame.Controller.boxes.length - 1;
com.nitrome.throwgame.BoxWeapon,com.nitrome.throwgame.Controller,reference,,__Packages/com/nitrome/throwgame/BoxWeapon.as,256,if(com.nitrome.throwgame.Controller.boxes[_loc2_] == this)
com.nitrome.throwgame.BoxWeapon,com.nitrome.throwgame.Controller,reference,,__Packages/com/nitrome/throwgame/BoxWeapon.as,258,"com.nitrome.throwgame.Controller.boxes.splice(_loc2_,1);"
com.nitrome.throwgame.BoxWeapon,com.nitrome.throwgame.Controller,reference,,__Packages/com/nitrome/throwgame/BoxWeapon.as,281,var _loc3_ = com.nitrome.throwgame.Controller.teams[2 - this.owner.team.number].characters;
com.nitrome.throwgame.BoxWeapon,com.nitrome.util.Global,qualified-call,sign,__Packages/com/nitrome/throwgame/BoxWeapon.as,304,_loc8_ = com.nitrome.util.Global.sign(_loc10_ - _loc2_.x) * Math.floor(16 + Math.random() * 48);
com.nitrome.throwgame.Cannon,com.nitrome.throwgame.Weapon,inheritance,,__Packages/com/nitrome/throwgame/Cannon.as,3,class com.nitrome.throwgame.Cannon extends com.nitrome.throwgame.Weapon
com.nitrome.throwgame.Cannon,com.nitrome.throwgame.Controller,reference,,__Packages/com/nitrome/throwgame/Cannon.as,91,if(com.nitrome.throwgame.Controller.dragging == this)
com.nitrome.throwgame.Cannon,com.nitrome.throwgame.Controller,reference,,__Packages/com/nitrome/throwgame/Cannon.as,103,if(com.nitrome.throwgame.Controller.tileSystem.mouseButtonDown && !this.draggingPin && com.nitrome.throwgame.Controller.dragging != this)
com.nitrome.throwgame.Cannon,com.nitrome.throwgame.Controller,reference,,__Packages/com/nitrome/throwgame/Cannon.as,103,if(com.nitrome.throwgame.Controller.tileSystem.mouseButtonDown && !this.draggingPin && com.nitrome.throwgame.Controller.dragging != this)
com.nitrome.throwgame.Cannon,com.nitrome.throwgame.Controller,reference,,__Packages/com/nitrome/throwgame/Cannon.as,119,com.nitrome.throwgame.Controller.dragging = this;
com.nitrome.throwgame.Cannon,com.nitrome.throwgame.Controller,reference,,__Packages/com/nitrome/throwgame/Cannon.as,125,_loc3_ = com.nitrome.throwgame.Controller.content._xmouse - this.x;
com.nitrome.throwgame.Cannon,com.nitrome.throwgame.Controller,reference,,__Packages/com/nitrome/throwgame/Cannon.as,126,_loc2_ = com.nitrome.throwgame.Controller.content._ymouse - this.y;
com.nitrome.throwgame.Cannon,com.nitrome.throwgame.Controller,reference,,__Packages/com/nitrome/throwgame/Cannon.as,140,if(!com.nitrome.throwgame.Controller.tileSystem.mouseButtonDown)
com.nitrome.throwgame.Cannon,com.nitrome.util.Trig,reference,,__Packages/com/nitrome/throwgame/Cannon.as,160,"this.fire(this.fireStrength * com.nitrome.util.Trig.cosTable[this.rotation],this.fireStrength * com.nitrome.util.Trig.sinTable[this.rotation]);"
com.nitrome.throwgame.Cannon,com.nitrome.util.Trig,reference,,__Packages/com/nitrome/throwgame/Cannon.as,160,"this.fire(this.fireStrength * com.nitrome.util.Trig.cosTable[this.rotation],this.fireStrength * com.nitrome.util.Trig.sinTable[this.rotation]);"
com.nitrome.throwgame.Cannon,com.nitrome.throwgame.Cannonball,constructor,,__Packages/com/nitrome/throwgame/Cannon.as,170,this.cannonball = new com.nitrome.throwgame.Cannonball();
com.nitrome.throwgame.Cannon,com.nitrome.util.Trig,reference,,__Packages/com/nitrome/throwgame/Cannon.as,192,_loc10_ = this.owner.x + com.nitrome.util.Trig.cosTable[_loc11_] * _loc3_;
com.nitrome.throwgame.Cannon,com.nitrome.util.Trig,reference,,__Packages/com/nitrome/throwgame/Cannon.as,193,_loc8_ = this.owner.y + this.dragOffset + com.nitrome.util.Trig.sinTable[_loc11_] * _loc3_;
com.nitrome.throwgame.Cannon,com.nitrome.throwgame.Cannonball,constructor,,__Packages/com/nitrome/throwgame/Cannon.as,200,_loc2_ = new com.nitrome.throwgame.Cannonball();
com.nitrome.throwgame.Cannon,com.nitrome.util.Trig,reference,,__Packages/com/nitrome/throwgame/Cannon.as,204,"_loc2_.fire(30 * com.nitrome.util.Trig.cosTable[_loc11_],30 * com.nitrome.util.Trig.sinTable[_loc11_]);"
com.nitrome.throwgame.Cannon,com.nitrome.util.Trig,reference,,__Packages/com/nitrome/throwgame/Cannon.as,204,"_loc2_.fire(30 * com.nitrome.util.Trig.cosTable[_loc11_],30 * com.nitrome.util.Trig.sinTable[_loc11_]);"
com.nitrome.throwgame.Cannon,com.nitrome.util.Trig,reference,,__Packages/com/nitrome/throwgame/Cannon.as,209,"_loc12_.push({startX:_loc10_,startY:_loc8_,vx:30 * com.nitrome.util.Trig.cosTable[_loc11_],vy:30 * com.nitrome.util.Trig.sinTable[_loc11_],ex:_loc2_.x,ey:_loc2_.y,angle:_loc11_});"
com.nitrome.throwgame.Cannon,com.nitrome.util.Trig,reference,,__Packages/com/nitrome/throwgame/Cannon.as,209,"_loc12_.push({startX:_loc10_,startY:_loc8_,vx:30 * com.nitrome.util.Trig.cosTable[_loc11_],vy:30 * com.nitrome.util.Trig.sinTable[_loc11_],ex:_loc2_.x,ey:_loc2_.y,angle:_loc11_});"
com.nitrome.throwgame.Cannonball,com.nitrome.throwgame.Weapon,inheritance,,__Packages/com/nitrome/throwgame/Cannonball.as,3,class com.nitrome.throwgame.Cannonball extends com.nitrome.throwgame.Weapon
com.nitrome.throwgame.Cannonball,com.nitrome.throwgame.Explosion,constructor,,__Packages/com/nitrome/throwgame/Cannonball.as,50,"new com.nitrome.throwgame.Explosion(this.x,this.y,100,50,this.owner);"
com.nitrome.throwgame.Cannonball,com.nitrome.throwgame.Controller,reference,,__Packages/com/nitrome/throwgame/Cannonball.as,59,var _loc3_ = com.nitrome.throwgame.Controller.tileSystem.levelWidth << 5;
com.nitrome.throwgame.Cannonball,com.nitrome.throwgame.Controller,reference,,__Packages/com/nitrome/throwgame/Cannonball.as,60,if(this.x < -300 || this.x > _loc3_ + 300 || this.y < -300 || this.y > com.nitrome.throwgame.Controller.water.y)
com.nitrome.throwgame.Cannonball,com.nitrome.throwgame.Debris,constructor,,__Packages/com/nitrome/throwgame/Cannonball.as,80,"_loc6_ = new com.nitrome.throwgame.Debris(com.nitrome.throwgame.Controller.effectsLayer,""cannonSmokeTrail"");"
com.nitrome.throwgame.Cannonball,com.nitrome.throwgame.Controller,reference,,__Packages/com/nitrome/throwgame/Cannonball.as,80,"_loc6_ = new com.nitrome.throwgame.Debris(com.nitrome.throwgame.Controller.effectsLayer,""cannonSmokeTrail"");"
com.nitrome.throwgame.Cannonball,com.nitrome.throwgame.Controller,reference,,__Packages/com/nitrome/throwgame/Cannonball.as,92,while(_loc5_ < com.nitrome.throwgame.Controller.teams.length)
com.nitrome.throwgame.Cannonball,com.nitrome.throwgame.Controller,reference,,__Packages/com/nitrome/throwgame/Cannonball.as,94,_loc4_ = com.nitrome.throwgame.Controller.teams[_loc5_];
com.nitrome.throwgame.Cannonball,com.nitrome.throwgame.Explosion,constructor,,__Packages/com/nitrome/throwgame/Cannonball.as,113,"new com.nitrome.throwgame.Explosion(this.x,this.y,100,50,this.owner);"
com.nitrome.throwgame.Character,com.nitrome.throwgame.Solid,inheritance,,__Packages/com/nitrome/throwgame/Character.as,3,class com.nitrome.throwgame.Character extends com.nitrome.throwgame.Solid
com.nitrome.throwgame.Character,com.nitrome.throwgame.Controller,reference,,__Packages/com/nitrome/throwgame/Character.as,58,"super(com.nitrome.throwgame.Controller.characterLayer,linkageName);"
com.nitrome.throwgame.Character,com.nitrome.throwgame.Controller,reference,,__Packages/com/nitrome/throwgame/Character.as,124,var _loc5_ = com.nitrome.throwgame.Controller.currentTeam == this.team;
com.nitrome.throwgame.Character,com.nitrome.throwgame.Controller,reference,,__Packages/com/nitrome/throwgame/Character.as,125,var _loc4_ = com.nitrome.throwgame.Controller.currentTeam.selectedCharacter == this;
com.nitrome.throwgame.Character,com.nitrome.throwgame.Controller,reference,,__Packages/com/nitrome/throwgame/Character.as,126,var _loc7_ = com.nitrome.throwgame.Controller.dragging == this || this.equippedWeapon && com.nitrome.throwgame.Controller.dragging == this.equippedWeapon;
com.nitrome.throwgame.Character,com.nitrome.throwgame.Controller,reference,,__Packages/com/nitrome/throwgame/Character.as,126,var _loc7_ = com.nitrome.throwgame.Controller.dragging == this || this.equippedWeapon && com.nitrome.throwgame.Controller.dragging == this.equippedWeapon;
com.nitrome.throwgame.Character,com.nitrome.throwgame.Controller,reference,,__Packages/com/nitrome/throwgame/Character.as,128,var _loc3_ = com.nitrome.throwgame.Controller.dragging == this || this.thrown;
com.nitrome.throwgame.Character,com.nitrome.throwgame.Controller,reference,,__Packages/com/nitrome/throwgame/Character.as,129,this.overlay.triangle._visible = _loc5_ && !_loc3_ && this.alive && com.nitrome.throwgame.Controller.speechBubble.target != this;
com.nitrome.throwgame.Character,com.nitrome.throwgame.Controller,reference,,__Packages/com/nitrome/throwgame/Character.as,134,"if(com.nitrome.throwgame.Controller.currentTeam.selectedCharacter.equippedWeapon.weaponType == ""voodooDoll"")"
com.nitrome.throwgame.Character,com.nitrome.throwgame.VoodooDoll,cast-or-call,,__Packages/com/nitrome/throwgame/Character.as,136,_loc2_ = com.nitrome.throwgame.VoodooDoll(com.nitrome.throwgame.Controller.currentTeam.selectedCharacter.equippedWeapon);
com.nitrome.throwgame.Character,com.nitrome.throwgame.Controller,reference,,__Packages/com/nitrome/throwgame/Character.as,136,_loc2_ = com.nitrome.throwgame.VoodooDoll(com.nitrome.throwgame.Controller.currentTeam.selectedCharacter.equippedWeapon);
com.nitrome.throwgame.Character,com.nitrome.throwgame.Controller,reference,,__Packages/com/nitrome/throwgame/Character.as,137,this.overlay.target._visible = (_loc2_.targetCharacter == this || _loc2_.targetCharacter == null && com.nitrome.throwgame.Controller.hoverCharacter == this) && !_loc2_.fired;
com.nitrome.throwgame.Character,com.nitrome.throwgame.Controller,reference,,__Packages/com/nitrome/throwgame/Character.as,143,this.overlay.corners._visible = (_loc4_ && !_loc3_ || com.nitrome.throwgame.Controller.hoverCharacter == this) && this.alive;
com.nitrome.throwgame.Character,com.nitrome.throwgame.Controller,reference,,__Packages/com/nitrome/throwgame/Character.as,148,var _loc5_ = this.team == com.nitrome.throwgame.Controller.currentTeam && !this.team.selectedCharacter && this.alive;
com.nitrome.throwgame.Character,com.nitrome.throwgame.Controller,reference,,__Packages/com/nitrome/throwgame/Character.as,149,var _loc6_ = this.team != com.nitrome.throwgame.Controller.currentTeam && com.nitrome.throwgame.Controller.currentTeam.selectedCharacter.targetingVoodoo();
com.nitrome.throwgame.Character,com.nitrome.throwgame.Controller,reference,,__Packages/com/nitrome/throwgame/Character.as,149,var _loc6_ = this.team != com.nitrome.throwgame.Controller.currentTeam && com.nitrome.throwgame.Controller.currentTeam.selectedCharacter.targetingVoodoo();
com.nitrome.throwgame.Character,com.nitrome.util.Global,qualified-call,slide,__Packages/com/nitrome/throwgame/Character.as,154,"this.shownHealth = com.nitrome.util.Global.slide(this.shownHealth,this.health,1);"
com.nitrome.throwgame.Character,com.nitrome.util.Clip,constructor,,__Packages/com/nitrome/throwgame/Character.as,158,"_loc4_ = new com.nitrome.util.Clip(this.mcHolder,""deadCharacter"");"
com.nitrome.throwgame.Character,com.nitrome.throwgame.Controller,reference,,__Packages/com/nitrome/throwgame/Character.as,167,if(com.nitrome.throwgame.Controller.dragging != this)
com.nitrome.throwgame.Character,com.nitrome.throwgame.Controller,reference,,__Packages/com/nitrome/throwgame/Character.as,176,if(!this.thrown && com.nitrome.throwgame.Controller.twanging == this)
com.nitrome.throwgame.Character,com.nitrome.throwgame.Controller,reference,,__Packages/com/nitrome/throwgame/Character.as,180,if(this.y > com.nitrome.throwgame.Controller.water.y)
com.nitrome.throwgame.Character,com.nitrome.throwgame.Controller,reference,,__Packages/com/nitrome/throwgame/Character.as,226,if(this.team == com.nitrome.throwgame.Controller.currentTeam && this.team.selectedCharacter == this)
com.nitrome.throwgame.Character,com.nitrome.throwgame.Controller,reference,,__Packages/com/nitrome/throwgame/Character.as,244,if(this.shownHealth != this.health && this.y < com.nitrome.throwgame.Controller.water.y)
com.nitrome.throwgame.Character,com.nitrome.throwgame.Controller,reference,,__Packages/com/nitrome/throwgame/Character.as,250,com.nitrome.throwgame.Controller.inactivity = 0;
com.nitrome.throwgame.Character,com.nitrome.util.Trig,reference,,__Packages/com/nitrome/throwgame/Character.as,268,_loc6_ = com.nitrome.util.Trig.cosTable[_loc3_] * _loc4_;
com.nitrome.throwgame.Character,com.nitrome.util.Trig,reference,,__Packages/com/nitrome/throwgame/Character.as,269,_loc5_ = com.nitrome.util.Trig.sinTable[_loc3_] * _loc4_;
com.nitrome.throwgame.Character,com.nitrome.throwgame.Controller,reference,,__Packages/com/nitrome/throwgame/Character.as,274,while((this.velocityX != 0 || Math.abs(this.velocityY) > 0.2) && this.y < com.nitrome.throwgame.Controller.water.y)
com.nitrome.throwgame.Character,com.nitrome.throwgame.VoodooDoll,reference,,__Packages/com/nitrome/throwgame/Character.as,289,return this.equippedWeapon instanceof com.nitrome.throwgame.VoodooDoll && !this.equippedWeapon.fired;
com.nitrome.throwgame.Character,com.nitrome.throwgame.Controller,reference,,__Packages/com/nitrome/throwgame/Character.as,311,var _loc10_ = com.nitrome.throwgame.Controller.teams[2 - this.team.number].characters;
com.nitrome.throwgame.Character,com.nitrome.throwgame.Controller,reference,,__Packages/com/nitrome/throwgame/Character.as,360,if(_loc8_.ey >= com.nitrome.throwgame.Controller.water.y)
com.nitrome.throwgame.Character,com.nitrome.throwgame.Controller,reference,,__Packages/com/nitrome/throwgame/Character.as,418,while(_loc23_ < com.nitrome.throwgame.Controller.chests.length)
com.nitrome.throwgame.Character,com.nitrome.throwgame.Controller,reference,,__Packages/com/nitrome/throwgame/Character.as,420,_loc22_ = com.nitrome.throwgame.Controller.chests[_loc23_];
com.nitrome.throwgame.Character,com.nitrome.throwgame.Controller,reference,,__Packages/com/nitrome/throwgame/Character.as,558,if(_loc2_.y >= com.nitrome.throwgame.Controller.water.y - 300)
com.nitrome.throwgame.Character,com.nitrome.throwgame.Controller,reference,,__Packages/com/nitrome/throwgame/Character.as,571,if(_loc11_.y >= com.nitrome.throwgame.Controller.water.y - 300)
com.nitrome.throwgame.Character,com.nitrome.throwgame.Controller,reference,,__Packages/com/nitrome/throwgame/Character.as,592,if(_loc15_[_loc9_].ey >= com.nitrome.throwgame.Controller.water.y)
com.nitrome.throwgame.Character,com.nitrome.throwgame.Seagull,cast-or-call,,__Packages/com/nitrome/throwgame/Character.as,610,_loc31_ = com.nitrome.throwgame.Seagull(this.equippedWeapon).aiSimulation();
com.nitrome.throwgame.Character,com.nitrome.throwgame.BoxWeapon,cast-or-call,,__Packages/com/nitrome/throwgame/Character.as,620,_loc33_ = com.nitrome.throwgame.BoxWeapon(this.equippedWeapon).aiSimulation();
com.nitrome.throwgame.Character,com.nitrome.throwgame.Solid,reference,,__Packages/com/nitrome/throwgame/Character.as,699,if(side == com.nitrome.throwgame.Solid.FLOOR)
com.nitrome.throwgame.Character,com.nitrome.throwgame.Anchor,constructor,,__Packages/com/nitrome/throwgame/Character.as,780,this.equippedWeapon = new com.nitrome.throwgame.Anchor();
com.nitrome.throwgame.Character,com.nitrome.throwgame.Banana,constructor,,__Packages/com/nitrome/throwgame/Character.as,783,this.equippedWeapon = new com.nitrome.throwgame.Banana();
com.nitrome.throwgame.Character,com.nitrome.throwgame.Boulder,constructor,,__Packages/com/nitrome/throwgame/Character.as,786,this.equippedWeapon = new com.nitrome.throwgame.Boulder();
com.nitrome.throwgame.Character,com.nitrome.throwgame.Cannon,constructor,,__Packages/com/nitrome/throwgame/Character.as,789,this.equippedWeapon = new com.nitrome.throwgame.Cannon();
com.nitrome.throwgame.Character,com.nitrome.throwgame.CherryBomb,constructor,,__Packages/com/nitrome/throwgame/Character.as,792,this.equippedWeapon = new com.nitrome.throwgame.CherryBomb();
com.nitrome.throwgame.Character,com.nitrome.throwgame.Dynamite,constructor,,__Packages/com/nitrome/throwgame/Character.as,795,this.equippedWeapon = new com.nitrome.throwgame.Dynamite();
com.nitrome.throwgame.Character,com.nitrome.throwgame.GunpowderBarrel,constructor,,__Packages/com/nitrome/throwgame/Character.as,798,this.equippedWeapon = new com.nitrome.throwgame.GunpowderBarrel();
com.nitrome.throwgame.Character,com.nitrome.throwgame.Mine,constructor,,__Packages/com/nitrome/throwgame/Character.as,801,this.equippedWeapon = new com.nitrome.throwgame.Mine();
com.nitrome.throwgame.Character,com.nitrome.throwgame.ParachuteBomb,constructor,,__Packages/com/nitrome/throwgame/Character.as,804,this.equippedWeapon = new com.nitrome.throwgame.ParachuteBomb();
com.nitrome.throwgame.Character,com.nitrome.throwgame.PiecesOfEight,constructor,,__Packages/com/nitrome/throwgame/Character.as,807,this.equippedWeapon = new com.nitrome.throwgame.PiecesOfEight();
com.nitrome.throwgame.Character,com.nitrome.throwgame.RumBottle,constructor,,__Packages/com/nitrome/throwgame/Character.as,810,this.equippedWeapon = new com.nitrome.throwgame.RumBottle();
com.nitrome.throwgame.Character,com.nitrome.throwgame.Seagull,constructor,,__Packages/com/nitrome/throwgame/Character.as,813,this.equippedWeapon = new com.nitrome.throwgame.Seagull();
com.nitrome.throwgame.Character,com.nitrome.throwgame.TidalWave,constructor,,__Packages/com/nitrome/throwgame/Character.as,816,this.equippedWeapon = new com.nitrome.throwgame.TidalWave();
com.nitrome.throwgame.Character,com.nitrome.throwgame.VoodooDoll,constructor,,__Packages/com/nitrome/throwgame/Character.as,819,this.equippedWeapon = new com.nitrome.throwgame.VoodooDoll();
com.nitrome.throwgame.Character,com.nitrome.throwgame.WoodenCrate,constructor,,__Packages/com/nitrome/throwgame/Character.as,822,this.equippedWeapon = new com.nitrome.throwgame.WoodenCrate();
com.nitrome.throwgame.CherryBomb,com.nitrome.throwgame.Weapon,inheritance,,__Packages/com/nitrome/throwgame/CherryBomb.as,3,class com.nitrome.throwgame.CherryBomb extends com.nitrome.throwgame.Weapon
com.nitrome.throwgame.CherryBomb,com.nitrome.throwgame.Explosion,constructor,,__Packages/com/nitrome/throwgame/CherryBomb.as,37,"new com.nitrome.throwgame.Explosion(this.x,this.y,80,40,this.owner);"
com.nitrome.throwgame.CherryBomb,com.nitrome.throwgame.Debris,constructor,,__Packages/com/nitrome/throwgame/CherryBomb.as,47,"_loc3_ = new com.nitrome.throwgame.Debris(com.nitrome.throwgame.Controller.effectsLayer,""cannonSmokeTrail"");"
com.nitrome.throwgame.CherryBomb,com.nitrome.throwgame.Controller,reference,,__Packages/com/nitrome/throwgame/CherryBomb.as,47,"_loc3_ = new com.nitrome.throwgame.Debris(com.nitrome.throwgame.Controller.effectsLayer,""cannonSmokeTrail"");"
com.nitrome.throwgame.Controller,com.nitrome.util.Trig,qualified-call,setup,__Packages/com/nitrome/throwgame/Controller.as,43,com.nitrome.util.Trig.setup();
com.nitrome.throwgame.Controller,com.nitrome.util.Clip,qualified-call,createEmpty,__Packages/com/nitrome/throwgame/Controller.as,47,com.nitrome.throwgame.Controller.content = com.nitrome.util.Clip.createEmpty(com.nitrome.throwgame.Controller.holder);
com.nitrome.throwgame.Controller,com.nitrome.util.Clip,qualified-call,createEmpty,__Packages/com/nitrome/throwgame/Controller.as,50,com.nitrome.throwgame.Controller.backTileLayer = com.nitrome.util.Clip.createEmpty(com.nitrome.throwgame.Controller.content);
com.nitrome.throwgame.Controller,com.nitrome.util.Clip,qualified-call,createEmpty,__Packages/com/nitrome/throwgame/Controller.as,51,com.nitrome.throwgame.Controller.objectLayer = com.nitrome.util.Clip.createEmpty(com.nitrome.throwgame.Controller.content);
com.nitrome.throwgame.Controller,com.nitrome.util.Clip,qualified-call,createEmpty,__Packages/com/nitrome/throwgame/Controller.as,52,com.nitrome.throwgame.Controller.effectsLayer = com.nitrome.util.Clip.createEmpty(com.nitrome.throwgame.Controller.content);
com.nitrome.throwgame.Controller,com.nitrome.util.Clip,qualified-call,createEmpty,__Packages/com/nitrome/throwgame/Controller.as,53,com.nitrome.throwgame.Controller.tileLayer = com.nitrome.util.Clip.createEmpty(com.nitrome.throwgame.Controller.content);
com.nitrome.throwgame.Controller,com.nitrome.util.Clip,qualified-call,createEmpty,__Packages/com/nitrome/throwgame/Controller.as,54,com.nitrome.throwgame.Controller.characterLayer = com.nitrome.util.Clip.createEmpty(com.nitrome.throwgame.Controller.content);
com.nitrome.throwgame.Controller,com.nitrome.util.Clip,qualified-call,createEmpty,__Packages/com/nitrome/throwgame/Controller.as,55,com.nitrome.throwgame.Controller.waterLayer = com.nitrome.util.Clip.createEmpty(com.nitrome.throwgame.Controller.content);
com.nitrome.throwgame.Controller,com.nitrome.throwgame.Map,constructor,,__Packages/com/nitrome/throwgame/Controller.as,57,com.nitrome.throwgame.Controller.map = new com.nitrome.throwgame.Map();
com.nitrome.throwgame.Controller,com.nitrome.throwgame.Team,constructor,,__Packages/com/nitrome/throwgame/Controller.as,59,"com.nitrome.throwgame.Controller.teams = [new com.nitrome.throwgame.Team(1),new com.nitrome.throwgame.Team(2)];"
com.nitrome.throwgame.Controller,com.nitrome.throwgame.Team,constructor,,__Packages/com/nitrome/throwgame/Controller.as,59,"com.nitrome.throwgame.Controller.teams = [new com.nitrome.throwgame.Team(1),new com.nitrome.throwgame.Team(2)];"
com.nitrome.throwgame.Controller,com.nitrome.throwgame.TileSystem,constructor,,__Packages/com/nitrome/throwgame/Controller.as,65,com.nitrome.throwgame.Controller.tileSystem = new com.nitrome.throwgame.TileSystem();
com.nitrome.throwgame.Controller,com.nitrome.throwgame.Team,constructor,,__Packages/com/nitrome/throwgame/Controller.as,78,"com.nitrome.throwgame.Controller.teams = [new com.nitrome.throwgame.Team(1),new com.nitrome.throwgame.Team(2)];"
com.nitrome.throwgame.Controller,com.nitrome.throwgame.Team,constructor,,__Packages/com/nitrome/throwgame/Controller.as,78,"com.nitrome.throwgame.Controller.teams = [new com.nitrome.throwgame.Team(1),new com.nitrome.throwgame.Team(2)];"
com.nitrome.throwgame.Controller,com.nitrome.throwgame.TileSystem,constructor,,__Packages/com/nitrome/throwgame/Controller.as,84,com.nitrome.throwgame.Controller.tileSystem = new com.nitrome.throwgame.TileSystem();
com.nitrome.throwgame.Controller,com.nitrome.util.CustomCursor,qualified-call,restoreCursor,__Packages/com/nitrome/throwgame/Controller.as,122,com.nitrome.util.CustomCursor.restoreCursor();
com.nitrome.throwgame.Controller,com.nitrome.throwgame.SpeechBubble,constructor,,__Packages/com/nitrome/throwgame/Controller.as,145,com.nitrome.throwgame.Controller.speechBubble = new com.nitrome.throwgame.SpeechBubble();
com.nitrome.throwgame.Controller,NitromeGame,cast-or-call,,__Packages/com/nitrome/throwgame/Controller.as,149,NitromeGame(_root.ng).setLevelUnlocked(_root.selected_level + 1);
com.nitrome.throwgame.Controller,com.nitrome.throwgame.SpeechBubble,constructor,,__Packages/com/nitrome/throwgame/Controller.as,154,com.nitrome.throwgame.Controller.speechBubble = new com.nitrome.throwgame.SpeechBubble();
com.nitrome.throwgame.Controller,com.nitrome.throwgame.TreasureChest,qualified-call,dropNew,__Packages/com/nitrome/throwgame/Controller.as,193,com.nitrome.throwgame.TreasureChest.dropNew();
com.nitrome.throwgame.Controller,com.nitrome.throwgame.Team,reference,,__Packages/com/nitrome/throwgame/Controller.as,198,return com.nitrome.throwgame.Team.lines[com.nitrome.throwgame.Controller.teams[1].getTeamType()][line];
com.nitrome.throwgame.Controller,com.nitrome.throwgame.SpeechBubble,constructor,,__Packages/com/nitrome/throwgame/Controller.as,251,com.nitrome.throwgame.Controller.speechBubble = new com.nitrome.throwgame.SpeechBubble();
com.nitrome.throwgame.Debris,com.nitrome.util.Clip,inheritance,,__Packages/com/nitrome/throwgame/Debris.as,3,class com.nitrome.throwgame.Debris extends com.nitrome.util.Clip
com.nitrome.throwgame.Dynamite,com.nitrome.throwgame.Weapon,inheritance,,__Packages/com/nitrome/throwgame/Dynamite.as,3,class com.nitrome.throwgame.Dynamite extends com.nitrome.throwgame.Weapon
com.nitrome.throwgame.Dynamite,com.nitrome.throwgame.Explosion,constructor,,__Packages/com/nitrome/throwgame/Dynamite.as,49,"new com.nitrome.throwgame.Explosion(this.x,this.y,250,70,this.owner);"
com.nitrome.throwgame.Dynamite,com.nitrome.throwgame.Controller,reference,,__Packages/com/nitrome/throwgame/Dynamite.as,53,if(!this.simulation && this.y > com.nitrome.throwgame.Controller.water.y)
com.nitrome.throwgame.Dynamite,com.nitrome.throwgame.Debris,constructor,,__Packages/com/nitrome/throwgame/Dynamite.as,64,"_loc3_ = new com.nitrome.throwgame.Debris(com.nitrome.throwgame.Controller.effectsLayer,""cannonSmokeTrail"");"
com.nitrome.throwgame.Dynamite,com.nitrome.throwgame.Controller,reference,,__Packages/com/nitrome/throwgame/Dynamite.as,64,"_loc3_ = new com.nitrome.throwgame.Debris(com.nitrome.throwgame.Controller.effectsLayer,""cannonSmokeTrail"");"
com.nitrome.throwgame.Explosion,com.nitrome.util.Clip,inheritance,,__Packages/com/nitrome/throwgame/Explosion.as,3,class com.nitrome.throwgame.Explosion extends com.nitrome.util.Clip
com.nitrome.throwgame.Explosion,com.nitrome.throwgame.Controller,reference,,__Packages/com/nitrome/throwgame/Explosion.as,10,"super(com.nitrome.throwgame.Controller.content,""explosion"");"
com.nitrome.throwgame.Explosion,com.nitrome.throwgame.Controller,reference,,__Packages/com/nitrome/throwgame/Explosion.as,32,while(_loc11_ < com.nitrome.throwgame.Controller.teams.length)
com.nitrome.throwgame.Explosion,com.nitrome.throwgame.Controller,reference,,__Packages/com/nitrome/throwgame/Explosion.as,34,_loc10_ = com.nitrome.throwgame.Controller.teams[_loc11_];
com.nitrome.throwgame.Explosion,com.nitrome.throwgame.Controller,reference,,__Packages/com/nitrome/throwgame/Explosion.as,63,var _loc12_ = com.nitrome.throwgame.Controller.boxes.length - 1;
com.nitrome.throwgame.Explosion,com.nitrome.throwgame.Controller,reference,,__Packages/com/nitrome/throwgame/Explosion.as,69,_loc3_ = com.nitrome.throwgame.Controller.boxes[_loc12_];
com.nitrome.throwgame.GunpowderBarrel,com.nitrome.throwgame.BoxWeapon,inheritance,,__Packages/com/nitrome/throwgame/GunpowderBarrel.as,3,class com.nitrome.throwgame.GunpowderBarrel extends com.nitrome.throwgame.BoxWeapon
com.nitrome.throwgame.GunpowderBarrel,com.nitrome.throwgame.Explosion,constructor,,__Packages/com/nitrome/throwgame/GunpowderBarrel.as,16,"new com.nitrome.throwgame.Explosion(this.x,this.y,150,30,null);"
com.nitrome.throwgame.Map,com.nitrome.util.Clip,inheritance,,__Packages/com/nitrome/throwgame/Map.as,3,class com.nitrome.throwgame.Map extends com.nitrome.util.Clip
com.nitrome.throwgame.Map,com.nitrome.throwgame.Controller,reference,,__Packages/com/nitrome/throwgame/Map.as,10,"super(com.nitrome.throwgame.Controller.root.mapHolder,""map"");"
com.nitrome.throwgame.Map,com.nitrome.throwgame.Controller,reference,,__Packages/com/nitrome/throwgame/Map.as,30,while(_loc3_ < com.nitrome.throwgame.Controller.tileSystem.levelWidth + 2)
com.nitrome.throwgame.Map,com.nitrome.throwgame.Controller,reference,,__Packages/com/nitrome/throwgame/Map.as,33,while(_loc2_ < com.nitrome.throwgame.Controller.tileSystem.levelHeight + 2)
com.nitrome.throwgame.Map,com.nitrome.throwgame.Controller,reference,,__Packages/com/nitrome/throwgame/Map.as,35,if(com.nitrome.throwgame.Controller.tileSystem.tileGrid[_loc3_][_loc2_])
com.nitrome.throwgame.Map,com.nitrome.throwgame.Controller,reference,,__Packages/com/nitrome/throwgame/Map.as,47,var _loc5_ = com.nitrome.throwgame.Controller.tileSystem.levelWidth * this.dotSize;
com.nitrome.throwgame.Map,com.nitrome.throwgame.Controller,reference,,__Packages/com/nitrome/throwgame/Map.as,48,var _loc4_ = com.nitrome.throwgame.Controller.tileSystem.levelHeight * this.dotSize;
com.nitrome.throwgame.Map,com.nitrome.throwgame.Controller,reference,,__Packages/com/nitrome/throwgame/Map.as,51,this.mc.tr._x = this.mc.br._x = this.mc.r._x = com.nitrome.throwgame.Controller.tileSystem.levelWidth * this.dotSize + 11;
com.nitrome.throwgame.Map,com.nitrome.throwgame.Controller,reference,,__Packages/com/nitrome/throwgame/Map.as,52,this.mc.bl._y = this.mc.br._y = this.mc.b._y = com.nitrome.throwgame.Controller.tileSystem.levelHeight * this.dotSize + 11;
com.nitrome.throwgame.Map,com.nitrome.throwgame.Controller,reference,,__Packages/com/nitrome/throwgame/Map.as,61,while(_loc8_ < com.nitrome.throwgame.Controller.chests.length)
com.nitrome.throwgame.Map,com.nitrome.throwgame.Controller,reference,,__Packages/com/nitrome/throwgame/Map.as,63,_loc9_ = com.nitrome.throwgame.Controller.chests[_loc8_];
com.nitrome.throwgame.Map,com.nitrome.throwgame.Controller,reference,,__Packages/com/nitrome/throwgame/Map.as,76,while(_loc6_ < com.nitrome.throwgame.Controller.teams.length)
com.nitrome.throwgame.Map,com.nitrome.throwgame.Controller,reference,,__Packages/com/nitrome/throwgame/Map.as,78,_loc7_ = com.nitrome.throwgame.Controller.teams[_loc6_];
com.nitrome.throwgame.Map,com.nitrome.throwgame.Controller,reference,,__Packages/com/nitrome/throwgame/Map.as,88,if(_loc4_ < com.nitrome.throwgame.Controller.tileSystem.levelWidth + 2)
com.nitrome.throwgame.Map,com.nitrome.throwgame.Controller,reference,,__Packages/com/nitrome/throwgame/Map.as,93,if(_loc3_ < com.nitrome.throwgame.Controller.tileSystem.levelHeight + 2)
com.nitrome.throwgame.Mine,com.nitrome.throwgame.Weapon,inheritance,,__Packages/com/nitrome/throwgame/Mine.as,3,class com.nitrome.throwgame.Mine extends com.nitrome.throwgame.Weapon
com.nitrome.throwgame.Mine,com.nitrome.throwgame.Controller,reference,,__Packages/com/nitrome/throwgame/Mine.as,71,com.nitrome.throwgame.Controller.mines.push(this);
com.nitrome.throwgame.Mine,com.nitrome.throwgame.Controller,reference,,__Packages/com/nitrome/throwgame/Mine.as,85,com.nitrome.throwgame.Controller.inactivity = 0;
com.nitrome.throwgame.Mine,com.nitrome.throwgame.Controller,reference,,__Packages/com/nitrome/throwgame/Mine.as,110,while(_loc8_ < com.nitrome.throwgame.Controller.teams.length)
com.nitrome.throwgame.Mine,com.nitrome.throwgame.Controller,reference,,__Packages/com/nitrome/throwgame/Mine.as,112,_loc6_ = com.nitrome.throwgame.Controller.teams[_loc8_];
com.nitrome.throwgame.Mine,com.nitrome.throwgame.Controller,reference,,__Packages/com/nitrome/throwgame/Mine.as,121,if(!(_loc2_.velocityX == 0 && Math.abs(_loc2_.velocityY) <= 0.2 && com.nitrome.throwgame.Controller.twanging != _loc2_))
com.nitrome.throwgame.Mine,com.nitrome.throwgame.Explosion,constructor,,__Packages/com/nitrome/throwgame/Mine.as,154,"new com.nitrome.throwgame.Explosion(this.x,this.y,250,70,this.owner);"
com.nitrome.throwgame.Mine,com.nitrome.throwgame.Controller,reference,,__Packages/com/nitrome/throwgame/Mine.as,156,var _loc3_ = com.nitrome.throwgame.Controller.mines.length - 1;
com.nitrome.throwgame.Mine,com.nitrome.throwgame.Controller,reference,,__Packages/com/nitrome/throwgame/Mine.as,159,if(com.nitrome.throwgame.Controller.mines[_loc3_] == this)
com.nitrome.throwgame.Mine,com.nitrome.throwgame.Controller,reference,,__Packages/com/nitrome/throwgame/Mine.as,161,"com.nitrome.throwgame.Controller.mines.splice(_loc3_,1);"
com.nitrome.throwgame.ParachuteBomb,com.nitrome.throwgame.Weapon,inheritance,,__Packages/com/nitrome/throwgame/ParachuteBomb.as,3,class com.nitrome.throwgame.ParachuteBomb extends com.nitrome.throwgame.Weapon
com.nitrome.throwgame.ParachuteBomb,com.nitrome.throwgame.Explosion,constructor,,__Packages/com/nitrome/throwgame/ParachuteBomb.as,45,"new com.nitrome.throwgame.Explosion(this.x,this.y,160,50,this.owner);"
com.nitrome.throwgame.ParachuteBomb,com.nitrome.throwgame.Controller,reference,,__Packages/com/nitrome/throwgame/ParachuteBomb.as,91,if(com.nitrome.throwgame.Controller.tileSystem.mouseButtonDown)
com.nitrome.throwgame.ParachuteBomb,com.nitrome.throwgame.Controller,reference,,__Packages/com/nitrome/throwgame/ParachuteBomb.as,93,_loc4_ = com.nitrome.throwgame.Controller.content._xmouse - this.x;
com.nitrome.throwgame.ParachuteBomb,com.nitrome.throwgame.Controller,reference,,__Packages/com/nitrome/throwgame/ParachuteBomb.as,102,com.nitrome.throwgame.Controller.root.cursor.fan.play();
com.nitrome.throwgame.ParachuteBomb,com.nitrome.throwgame.Controller,reference,,__Packages/com/nitrome/throwgame/ParachuteBomb.as,110,com.nitrome.throwgame.Controller.root.cursor.fan.stop();
com.nitrome.throwgame.ParachuteBomb,com.nitrome.throwgame.Debris,constructor,,__Packages/com/nitrome/throwgame/ParachuteBomb.as,130,"_loc3_ = new com.nitrome.throwgame.Debris(com.nitrome.throwgame.Controller.effectsLayer,""cannonSmokeTrail"");"
com.nitrome.throwgame.ParachuteBomb,com.nitrome.throwgame.Controller,reference,,__Packages/com/nitrome/throwgame/ParachuteBomb.as,130,"_loc3_ = new com.nitrome.throwgame.Debris(com.nitrome.throwgame.Controller.effectsLayer,""cannonSmokeTrail"");"
com.nitrome.throwgame.PiecesOfEight,com.nitrome.throwgame.Weapon,inheritance,,__Packages/com/nitrome/throwgame/PiecesOfEight.as,3,class com.nitrome.throwgame.PiecesOfEight extends com.nitrome.throwgame.Weapon
com.nitrome.throwgame.PiecesOfEight,com.nitrome.throwgame.Controller,reference,,__Packages/com/nitrome/throwgame/PiecesOfEight.as,52,if(com.nitrome.throwgame.Controller.twanging != this && !this.fired)
com.nitrome.throwgame.PiecesOfEight,com.nitrome.throwgame.Controller,reference,,__Packages/com/nitrome/throwgame/PiecesOfEight.as,68,if(this.y >= com.nitrome.throwgame.Controller.water.y)
com.nitrome.throwgame.PiecesOfEight,com.nitrome.throwgame.Explosion,constructor,,__Packages/com/nitrome/throwgame/PiecesOfEight.as,77,"new com.nitrome.throwgame.Explosion(this.x,this.y,50,25,this.owner);"
com.nitrome.throwgame.PiecesOfEight,com.nitrome.throwgame.Controller,reference,,__Packages/com/nitrome/throwgame/PiecesOfEight.as,86,com.nitrome.throwgame.Controller.tileSystem.panToCharacter = this.owner;
com.nitrome.throwgame.PiecesOfEight,com.nitrome.throwgame.Controller,reference,,__Packages/com/nitrome/throwgame/PiecesOfEight.as,105,var _loc13_ = com.nitrome.throwgame.Controller.teams[2 - this.owner.team.number].characters;
com.nitrome.throwgame.RumBottle,com.nitrome.throwgame.Weapon,inheritance,,__Packages/com/nitrome/throwgame/RumBottle.as,3,class com.nitrome.throwgame.RumBottle extends com.nitrome.throwgame.Weapon
com.nitrome.throwgame.RumBottle,com.nitrome.throwgame.Explosion,constructor,,__Packages/com/nitrome/throwgame/RumBottle.as,50,"new com.nitrome.throwgame.Explosion(this.x,this.y,80,25,this.owner);"
com.nitrome.throwgame.RumBottle,com.nitrome.throwgame.Solid,reference,,__Packages/com/nitrome/throwgame/RumBottle.as,52,if(side == com.nitrome.throwgame.Solid.FLOOR)
com.nitrome.throwgame.RumBottle,com.nitrome.throwgame.Controller,reference,,__Packages/com/nitrome/throwgame/RumBottle.as,56,_loc6_ = com.nitrome.throwgame.Controller.tileSystem.tileGrid[_loc5_][_loc4_];
com.nitrome.throwgame.RumBottle,com.nitrome.throwgame.Controller,reference,,__Packages/com/nitrome/throwgame/RumBottle.as,57,while(com.nitrome.throwgame.Controller.tileSystem.tileGrid[_loc5_][_loc4_ - 1])
com.nitrome.throwgame.RumBottle,com.nitrome.throwgame.Controller,reference,,__Packages/com/nitrome/throwgame/RumBottle.as,60,_loc6_ = com.nitrome.throwgame.Controller.tileSystem.tileGrid[_loc5_][_loc4_];
com.nitrome.throwgame.RumBottle,com.nitrome.throwgame.SweepingFlame,constructor,,__Packages/com/nitrome/throwgame/RumBottle.as,62,"new com.nitrome.throwgame.SweepingFlame(_loc5_ << 5,_loc4_ << 5,true);"
com.nitrome.throwgame.RumBottle,com.nitrome.throwgame.SweepingFlame,constructor,,__Packages/com/nitrome/throwgame/RumBottle.as,63,"new com.nitrome.throwgame.SweepingFlame(_loc5_ << 5,_loc4_ << 5,false);"
com.nitrome.throwgame.RumBottle,com.nitrome.throwgame.Debris,constructor,,__Packages/com/nitrome/throwgame/RumBottle.as,78,"_loc3_ = new com.nitrome.throwgame.Debris(com.nitrome.throwgame.Controller.effectsLayer,""cannonSmokeTrail"");"
com.nitrome.throwgame.RumBottle,com.nitrome.throwgame.Controller,reference,,__Packages/com/nitrome/throwgame/RumBottle.as,78,"_loc3_ = new com.nitrome.throwgame.Debris(com.nitrome.throwgame.Controller.effectsLayer,""cannonSmokeTrail"");"
com.nitrome.throwgame.Seagull,com.nitrome.throwgame.Weapon,inheritance,,__Packages/com/nitrome/throwgame/Seagull.as,3,class com.nitrome.throwgame.Seagull extends com.nitrome.throwgame.Weapon
com.nitrome.throwgame.Seagull,com.nitrome.util.Clip,constructor,,__Packages/com/nitrome/throwgame/Seagull.as,26,"this.dottedLine = new com.nitrome.util.Clip(com.nitrome.throwgame.Controller.characterLayer,""dottedLine"");"
com.nitrome.throwgame.Seagull,com.nitrome.throwgame.Controller,reference,,__Packages/com/nitrome/throwgame/Seagull.as,26,"this.dottedLine = new com.nitrome.util.Clip(com.nitrome.throwgame.Controller.characterLayer,""dottedLine"");"
com.nitrome.throwgame.Seagull,com.nitrome.throwgame.Controller,reference,,__Packages/com/nitrome/throwgame/Seagull.as,28,this.dottedLine.y = com.nitrome.throwgame.Controller.content._ymouse;
com.nitrome.throwgame.Seagull,com.nitrome.throwgame.Controller,reference,,__Packages/com/nitrome/throwgame/Seagull.as,41,com.nitrome.throwgame.Controller.tileSystem.mouseButtonDown = false;
com.nitrome.throwgame.Seagull,com.nitrome.throwgame.Controller,reference,,__Packages/com/nitrome/throwgame/Seagull.as,51,this.dottedLine.x = - com.nitrome.throwgame.Controller.content._x;
com.nitrome.throwgame.Seagull,com.nitrome.throwgame.Controller,reference,,__Packages/com/nitrome/throwgame/Seagull.as,52,this.dottedLine.y = com.nitrome.throwgame.Controller.content._ymouse;
com.nitrome.throwgame.Seagull,com.nitrome.throwgame.Controller,reference,,__Packages/com/nitrome/throwgame/Seagull.as,67,_loc5_ = com.nitrome.throwgame.Controller.tileSystem.mouseButtonDown;
com.nitrome.throwgame.Seagull,com.nitrome.throwgame.Controller,reference,,__Packages/com/nitrome/throwgame/Seagull.as,73,"this.place(-300,com.nitrome.throwgame.Controller.content._ymouse);"
com.nitrome.throwgame.Seagull,com.nitrome.throwgame.Controller,reference,,__Packages/com/nitrome/throwgame/Seagull.as,75,else if(!this.finished && this.x < com.nitrome.throwgame.Controller.tileSystem.levelWidth << 5)
com.nitrome.throwgame.Seagull,com.nitrome.throwgame.Weapon,constructor,,__Packages/com/nitrome/throwgame/Seagull.as,77,"var shot = new com.nitrome.throwgame.Weapon(""seagullFire"");"
com.nitrome.throwgame.Seagull,com.nitrome.throwgame.Explosion,constructor,,__Packages/com/nitrome/throwgame/Seagull.as,86,"new com.nitrome.throwgame.Explosion(this.x,this.y,50,50,this.owner);"
com.nitrome.throwgame.Seagull,com.nitrome.throwgame.Controller,reference,,__Packages/com/nitrome/throwgame/Seagull.as,92,if(this.y > com.nitrome.throwgame.Controller.water.y)
com.nitrome.throwgame.Seagull,com.nitrome.throwgame.Controller,reference,,__Packages/com/nitrome/throwgame/Seagull.as,106,com.nitrome.throwgame.Controller.tileSystem.mouseButtonDown = false;
com.nitrome.throwgame.Seagull,com.nitrome.throwgame.Controller,reference,,__Packages/com/nitrome/throwgame/Seagull.as,114,if(this.x > (com.nitrome.throwgame.Controller.tileSystem.levelWidth << 5) + 275 && this.shots.length < 1)
com.nitrome.throwgame.Seagull,com.nitrome.throwgame.Controller,reference,,__Packages/com/nitrome/throwgame/Seagull.as,140,var _loc12_ = com.nitrome.throwgame.Controller.teams[2 - this.owner.team.number].characters;
com.nitrome.throwgame.Seagull,com.nitrome.throwgame.Controller,reference,,__Packages/com/nitrome/throwgame/Seagull.as,169,_loc14_.push(Math.floor(Math.random() * (com.nitrome.throwgame.Controller.tileSystem.levelWidth << 5)));
com.nitrome.throwgame.Seagull,com.nitrome.throwgame.Weapon,constructor,,__Packages/com/nitrome/throwgame/Seagull.as,182,_loc2_ = new com.nitrome.throwgame.Weapon();
com.nitrome.throwgame.Seagull,com.nitrome.throwgame.Controller,reference,,__Packages/com/nitrome/throwgame/Seagull.as,192,while(!_loc2_.simulationFinished && _loc2_.y < com.nitrome.throwgame.Controller.water.y)
com.nitrome.throwgame.Solid,com.nitrome.util.Clip,inheritance,,__Packages/com/nitrome/throwgame/Solid.as,3,class com.nitrome.throwgame.Solid extends com.nitrome.util.Clip
com.nitrome.throwgame.Solid,com.nitrome.throwgame.Controller,reference,,__Packages/com/nitrome/throwgame/Solid.as,41,var _loc4_ = this.y < com.nitrome.throwgame.Controller.water.y;
com.nitrome.throwgame.Solid,com.nitrome.throwgame.Debris,constructor,,__Packages/com/nitrome/throwgame/Solid.as,45,"_loc3_ = new com.nitrome.throwgame.Debris(com.nitrome.throwgame.Controller.waterLayer,""splash"");"
com.nitrome.throwgame.Solid,com.nitrome.throwgame.Controller,reference,,__Packages/com/nitrome/throwgame/Solid.as,45,"_loc3_ = new com.nitrome.throwgame.Debris(com.nitrome.throwgame.Controller.waterLayer,""splash"");"
com.nitrome.throwgame.Solid,com.nitrome.throwgame.Controller,reference,,__Packages/com/nitrome/throwgame/Solid.as,47,_loc3_.y = com.nitrome.throwgame.Controller.water.y;
com.nitrome.throwgame.Solid,com.nitrome.throwgame.Controller,reference,,__Packages/com/nitrome/throwgame/Solid.as,49,"_loc3_.mc.gotoAndPlay(""splash"" + com.nitrome.throwgame.Controller.skyColour.toString());"
com.nitrome.throwgame.Solid,com.nitrome.throwgame.Controller,reference,,__Packages/com/nitrome/throwgame/Solid.as,50,com.nitrome.throwgame.Controller.water.hide();
com.nitrome.throwgame.Solid,com.nitrome.throwgame.Controller,reference,,__Packages/com/nitrome/throwgame/Solid.as,51,com.nitrome.throwgame.Controller.water.show();
com.nitrome.throwgame.Solid,com.nitrome.throwgame.Controller,reference,,__Packages/com/nitrome/throwgame/Solid.as,52,"com.nitrome.throwgame.Controller.water.mc.gotoAndStop(""water"" + com.nitrome.throwgame.Controller.skyColour.toString());"
com.nitrome.throwgame.Solid,com.nitrome.throwgame.Controller,reference,,__Packages/com/nitrome/throwgame/Solid.as,52,"com.nitrome.throwgame.Controller.water.mc.gotoAndStop(""water"" + com.nitrome.throwgame.Controller.skyColour.toString());"
com.nitrome.throwgame.Solid,com.nitrome.throwgame.Controller,reference,,__Packages/com/nitrome/throwgame/Solid.as,62,this.velocityX = (com.nitrome.throwgame.Controller.content._xmouse - this.x) * -0.25;
com.nitrome.throwgame.Solid,com.nitrome.throwgame.Controller,reference,,__Packages/com/nitrome/throwgame/Solid.as,63,this.velocityY = (com.nitrome.throwgame.Controller.content._ymouse - this.y) * -0.25;
com.nitrome.throwgame.Solid,com.nitrome.throwgame.Controller,reference,,__Packages/com/nitrome/throwgame/Solid.as,78,var _loc8_ = com.nitrome.throwgame.Controller.content._xmouse - this.x;
com.nitrome.throwgame.Solid,com.nitrome.throwgame.Controller,reference,,__Packages/com/nitrome/throwgame/Solid.as,79,var _loc7_ = com.nitrome.throwgame.Controller.content._ymouse - this.y;
com.nitrome.throwgame.Solid,com.senocular.drawing.DashedLine,constructor,,__Packages/com/nitrome/throwgame/Solid.as,93,"var _loc6_ = new com.senocular.drawing.DashedLine(this.mcHolder,8,8);"
com.nitrome.throwgame.Solid,com.nitrome.throwgame.Controller,reference,,__Packages/com/nitrome/throwgame/Solid.as,94,var _loc15_ = (com.nitrome.throwgame.Controller.content._xmouse - this.x) * -0.25;
com.nitrome.throwgame.Solid,com.nitrome.throwgame.Controller,reference,,__Packages/com/nitrome/throwgame/Solid.as,95,var _loc14_ = (com.nitrome.throwgame.Controller.content._ymouse - this.y) * -0.25;
com.nitrome.throwgame.Solid,com.nitrome.util.Clip,constructor,,__Packages/com/nitrome/throwgame/Solid.as,119,"this.twangPin = new com.nitrome.util.Clip(this.mcHolder,""pin"");"
com.nitrome.throwgame.Solid,com.nitrome.throwgame.Controller,reference,,__Packages/com/nitrome/throwgame/Solid.as,136,if(com.nitrome.throwgame.Controller.dragging == this)
com.nitrome.throwgame.Solid,com.nitrome.throwgame.Controller,reference,,__Packages/com/nitrome/throwgame/Solid.as,138,_loc20_ = com.nitrome.throwgame.Controller.content._xmouse - this.dragStartX;
com.nitrome.throwgame.Solid,com.nitrome.throwgame.Controller,reference,,__Packages/com/nitrome/throwgame/Solid.as,139,_loc21_ = com.nitrome.throwgame.Controller.content._ymouse - this.dragStartY + 100;
com.nitrome.throwgame.Solid,com.nitrome.throwgame.Controller,reference,,__Packages/com/nitrome/throwgame/Solid.as,140,if(Math.abs(_loc20_) < 5 && Math.abs(com.nitrome.throwgame.Controller.content._ymouse - this.dragStartY) < 5)
com.nitrome.throwgame.Solid,com.nitrome.throwgame.Controller,reference,,__Packages/com/nitrome/throwgame/Solid.as,150,this.velocityX = (com.nitrome.throwgame.Controller.content._xmouse - this.x) / 2;
com.nitrome.throwgame.Solid,com.nitrome.throwgame.Controller,reference,,__Packages/com/nitrome/throwgame/Solid.as,151,this.velocityY = (com.nitrome.throwgame.Controller.content._ymouse - this.y) / 2;
com.nitrome.throwgame.Solid,com.nitrome.throwgame.Controller,reference,,__Packages/com/nitrome/throwgame/Solid.as,152,com.nitrome.throwgame.Controller.dragging = null;
com.nitrome.throwgame.Solid,com.nitrome.throwgame.Controller,reference,,__Packages/com/nitrome/throwgame/Solid.as,154,com.nitrome.throwgame.Controller.dragging = this;
com.nitrome.throwgame.Solid,com.nitrome.throwgame.Controller,reference,,__Packages/com/nitrome/throwgame/Solid.as,159,com.nitrome.throwgame.Controller.dragging = null;
com.nitrome.throwgame.Solid,com.nitrome.throwgame.Controller,reference,,__Packages/com/nitrome/throwgame/Solid.as,199,if(_loc9_ = com.nitrome.throwgame.Controller.tileSystem.tileGrid[_loc4_][_loc3_])
com.nitrome.throwgame.Solid,com.nitrome.throwgame.Controller,reference,,__Packages/com/nitrome/throwgame/Solid.as,221,while(_loc8_ < com.nitrome.throwgame.Controller.boxes.length)
com.nitrome.throwgame.Solid,com.nitrome.throwgame.Controller,reference,,__Packages/com/nitrome/throwgame/Solid.as,223,_loc2_ = com.nitrome.throwgame.Controller.boxes[_loc8_];
com.nitrome.throwgame.Solid,com.nitrome.throwgame.Controller,reference,,__Packages/com/nitrome/throwgame/Solid.as,297,if(_loc9_ = com.nitrome.throwgame.Controller.tileSystem.tileGrid[_loc4_][_loc3_])
com.nitrome.throwgame.Solid,com.nitrome.throwgame.Controller,reference,,__Packages/com/nitrome/throwgame/Solid.as,319,while(_loc8_ < com.nitrome.throwgame.Controller.boxes.length)
com.nitrome.throwgame.Solid,com.nitrome.throwgame.Controller,reference,,__Packages/com/nitrome/throwgame/Solid.as,321,_loc2_ = com.nitrome.throwgame.Controller.boxes[_loc8_];
com.nitrome.throwgame.SpeechBubble,com.nitrome.util.Clip,inheritance,,__Packages/com/nitrome/throwgame/SpeechBubble.as,3,class com.nitrome.throwgame.SpeechBubble extends com.nitrome.util.Clip
com.nitrome.throwgame.SpeechBubble,com.nitrome.throwgame.Controller,reference,,__Packages/com/nitrome/throwgame/SpeechBubble.as,16,"super(com.nitrome.throwgame.Controller.characterLayer,""speechBubble"");"
com.nitrome.throwgame.SweepingFlame,com.nitrome.util.Clip,inheritance,,__Packages/com/nitrome/throwgame/SweepingFlame.as,3,class com.nitrome.throwgame.SweepingFlame extends com.nitrome.util.Clip
com.nitrome.throwgame.SweepingFlame,com.nitrome.throwgame.Controller,reference,,__Packages/com/nitrome/throwgame/SweepingFlame.as,8,"super(com.nitrome.throwgame.Controller.characterLayer,""sweepingFlame"");"
com.nitrome.throwgame.SweepingFlame,com.nitrome.throwgame.Controller,reference,,__Packages/com/nitrome/throwgame/SweepingFlame.as,20,while(_loc9_ < com.nitrome.throwgame.Controller.teams.length)
com.nitrome.throwgame.SweepingFlame,com.nitrome.throwgame.Controller,reference,,__Packages/com/nitrome/throwgame/SweepingFlame.as,22,_loc7_ = com.nitrome.throwgame.Controller.teams[_loc9_];
com.nitrome.throwgame.SweepingFlame,com.nitrome.throwgame.Controller,reference,,__Packages/com/nitrome/throwgame/SweepingFlame.as,49,if(!com.nitrome.throwgame.Controller.tileSystem.tileGrid[_loc3_][_loc2_])
com.nitrome.throwgame.SweepingFlame,com.nitrome.throwgame.Controller,reference,,__Packages/com/nitrome/throwgame/SweepingFlame.as,53,if(com.nitrome.throwgame.Controller.tileSystem.tileGrid[_loc3_][_loc2_ - 1])
com.nitrome.throwgame.SweepingFlame,com.nitrome.throwgame.Controller,reference,,__Packages/com/nitrome/throwgame/SweepingFlame.as,58,com.nitrome.throwgame.Controller.inactivity = 0;
com.nitrome.throwgame.Team,com.nitrome.throwgame.Controller,reference,,__Packages/com/nitrome/throwgame/Team.as,36,if(!this.aiFinished && com.nitrome.throwgame.Controller.currentTeam == this)
com.nitrome.throwgame.Team,com.nitrome.throwgame.Controller,reference,,__Packages/com/nitrome/throwgame/Team.as,81,com.nitrome.throwgame.Controller.tileSystem.panToCharacter = _loc5_.player;
com.nitrome.throwgame.Team,com.nitrome.throwgame.Controller,qualified-call,nextTurn,__Packages/com/nitrome/throwgame/Team.as,85,com.nitrome.throwgame.Controller.nextTurn();
com.nitrome.throwgame.Team,com.nitrome.throwgame.Controller,reference,,__Packages/com/nitrome/throwgame/Team.as,89,else if(this.aiMoveDetails && com.nitrome.throwgame.Controller.tileSystem.panToCharacter == null)
com.nitrome.throwgame.Team,com.nitrome.throwgame.Controller,reference,,__Packages/com/nitrome/throwgame/Team.as,115,if(com.nitrome.throwgame.Controller.currentTeam == this && !this.selectedCharacter)
com.nitrome.throwgame.Team,com.nitrome.throwgame.Controller,reference,,__Packages/com/nitrome/throwgame/Team.as,117,com.nitrome.throwgame.Controller.inactivity = 0;
com.nitrome.throwgame.Team,com.nitrome.throwgame.Controller,reference,,__Packages/com/nitrome/throwgame/Team.as,128,"var _loc9_ = com.nitrome.throwgame.Controller.root[""team"" + this.number];"
com.nitrome.throwgame.Team,com.nitrome.util.Global,qualified-call,slide,__Packages/com/nitrome/throwgame/Team.as,130,"_loc9_.gotoAndStop(com.nitrome.util.Global.slide(_loc9_._currentframe,_loc10_,1));"
com.nitrome.throwgame.Team,com.nitrome.throwgame.Controller,reference,,__Packages/com/nitrome/throwgame/Team.as,261,_loc4_ = com.nitrome.throwgame.Controller.tileSystem.cameraX + 275 - this.characters[_loc2_].x;
com.nitrome.throwgame.Team,com.nitrome.throwgame.Controller,reference,,__Packages/com/nitrome/throwgame/Team.as,262,_loc3_ = com.nitrome.throwgame.Controller.tileSystem.cameraY + 275 - this.characters[_loc2_].y;
com.nitrome.throwgame.Team,com.nitrome.throwgame.Controller,reference,,__Packages/com/nitrome/throwgame/Team.as,275,com.nitrome.throwgame.Controller.tileSystem.panToCharacter = _loc7_;
com.nitrome.throwgame.Team,com.nitrome.throwgame.Controller,reference,,__Packages/com/nitrome/throwgame/Team.as,279,com.nitrome.throwgame.Controller.tileSystem.panToCharacter = _loc8_;
com.nitrome.throwgame.Team,com.nitrome.throwgame.Controller,reference,,__Packages/com/nitrome/throwgame/Team.as,282,"com.nitrome.throwgame.Controller.root.weapons.gotoAndStop(this.number != 2 ? ""red"" : ""blue"");"
com.nitrome.throwgame.Team,com.nitrome.throwgame.Controller,reference,,__Packages/com/nitrome/throwgame/Team.as,285,"com.nitrome.throwgame.Controller.text.say(""Computer, take your turn"");"
com.nitrome.throwgame.Team,com.nitrome.throwgame.Controller,reference,,__Packages/com/nitrome/throwgame/Team.as,289,"com.nitrome.throwgame.Controller.text.say(""Player "" + this.number + "", take your turn"");"
com.nitrome.throwgame.TidalWave,com.nitrome.throwgame.Weapon,inheritance,,__Packages/com/nitrome/throwgame/TidalWave.as,3,class com.nitrome.throwgame.TidalWave extends com.nitrome.throwgame.Weapon
com.nitrome.throwgame.TidalWave,com.nitrome.throwgame.Controller,reference,,__Packages/com/nitrome/throwgame/TidalWave.as,34,if(this.x > (com.nitrome.throwgame.Controller.tileSystem.levelWidth << 5) + 550)
com.nitrome.throwgame.TidalWave,com.nitrome.throwgame.Controller,reference,,__Packages/com/nitrome/throwgame/TidalWave.as,40,while(_loc6_ < com.nitrome.throwgame.Controller.teams.length)
com.nitrome.throwgame.TidalWave,com.nitrome.throwgame.Controller,reference,,__Packages/com/nitrome/throwgame/TidalWave.as,42,_loc5_ = com.nitrome.throwgame.Controller.teams[_loc6_];
com.nitrome.throwgame.TidalWave,com.nitrome.throwgame.Controller,reference,,__Packages/com/nitrome/throwgame/TidalWave.as,49,if(_loc3_.y >= com.nitrome.throwgame.Controller.water.y - 300)
com.nitrome.throwgame.TidalWave,com.nitrome.throwgame.Controller,reference,,__Packages/com/nitrome/throwgame/TidalWave.as,65,else if(com.nitrome.throwgame.Controller.tileSystem.mouseButtonDown)
com.nitrome.throwgame.TidalWave,com.nitrome.throwgame.Controller,reference,,__Packages/com/nitrome/throwgame/TidalWave.as,79,this.y = com.nitrome.throwgame.Controller.water.y;
com.nitrome.throwgame.TidalWave,com.nitrome.throwgame.Controller,reference,,__Packages/com/nitrome/throwgame/TidalWave.as,82,"this.mc.gotoAndPlay(""anim"" + com.nitrome.throwgame.Controller.skyColour.toString());"
com.nitrome.throwgame.Tile,com.nitrome.util.Clip,inheritance,,__Packages/com/nitrome/throwgame/Tile.as,3,class com.nitrome.throwgame.Tile extends com.nitrome.util.Clip
com.nitrome.throwgame.Tile,com.nitrome.throwgame.Controller,reference,,__Packages/com/nitrome/throwgame/Tile.as,14,super(com.nitrome.throwgame.Controller.tileLayer);
com.nitrome.throwgame.Tile,com.nitrome.throwgame.Controller,reference,,__Packages/com/nitrome/throwgame/Tile.as,27,this.mc.gotoAndPlay(1 + com.nitrome.throwgame.Controller.tileSystem.animationCounter % this.mc._totalframes);
com.nitrome.throwgame.TileSystem,com.nitrome.throwgame.Controller,reference,,__Packages/com/nitrome/throwgame/TileSystem.as,27,"com.nitrome.throwgame.Controller.content.onMouseDown = mx.utils.Delegate.create(this,this.mouseDown);"
com.nitrome.throwgame.TileSystem,mx.utils.Delegate,qualified-call,create,__Packages/com/nitrome/throwgame/TileSystem.as,27,"com.nitrome.throwgame.Controller.content.onMouseDown = mx.utils.Delegate.create(this,this.mouseDown);"
com.nitrome.throwgame.TileSystem,com.nitrome.throwgame.Controller,reference,,__Packages/com/nitrome/throwgame/TileSystem.as,28,"com.nitrome.throwgame.Controller.content.onMouseUp = mx.utils.Delegate.create(this,this.mouseUp);"
com.nitrome.throwgame.TileSystem,mx.utils.Delegate,qualified-call,create,__Packages/com/nitrome/throwgame/TileSystem.as,28,"com.nitrome.throwgame.Controller.content.onMouseUp = mx.utils.Delegate.create(this,this.mouseUp);"
com.nitrome.throwgame.TileSystem,NitromeGame,cast-or-call,,__Packages/com/nitrome/throwgame/TileSystem.as,37,"var _loc3_ = NitromeGame(_root.ng).getSwfPath() + ""levels/"" + NitromeGame(_root.ng).getLevelName(number,"".xml"");"
com.nitrome.throwgame.TileSystem,NitromeGame,cast-or-call,,__Packages/com/nitrome/throwgame/TileSystem.as,37,"var _loc3_ = NitromeGame(_root.ng).getSwfPath() + ""levels/"" + NitromeGame(_root.ng).getLevelName(number,"".xml"");"
com.nitrome.throwgame.TileSystem,com.nitrome.game.TransitionTween,cast-or-call,,__Packages/com/nitrome/throwgame/TileSystem.as,39,com.nitrome.game.TransitionTween(_root.tt).stop();
com.nitrome.throwgame.TileSystem,com.nitrome.throwgame.Controller,reference,,__Packages/com/nitrome/throwgame/TileSystem.as,44,com.nitrome.throwgame.Controller.tileSystem.readXML(com.nitrome.throwgame.Controller.tileSystem.xml);
com.nitrome.throwgame.TileSystem,com.nitrome.throwgame.Controller,reference,,__Packages/com/nitrome/throwgame/TileSystem.as,44,com.nitrome.throwgame.Controller.tileSystem.readXML(com.nitrome.throwgame.Controller.tileSystem.xml);
com.nitrome.throwgame.TileSystem,com.nitrome.game.TransitionTween,cast-or-call,,__Packages/com/nitrome/throwgame/TileSystem.as,45,com.nitrome.game.TransitionTween(_root.tt).play();
com.nitrome.throwgame.TileSystem,com.nitrome.throwgame.Controller,reference,,__Packages/com/nitrome/throwgame/TileSystem.as,71,com.nitrome.throwgame.Controller.objects = [];
com.nitrome.throwgame.TileSystem,com.nitrome.throwgame.Controller,reference,,__Packages/com/nitrome/throwgame/TileSystem.as,72,com.nitrome.throwgame.Controller.boxes = [];
com.nitrome.throwgame.TileSystem,com.nitrome.throwgame.Controller,reference,,__Packages/com/nitrome/throwgame/TileSystem.as,73,com.nitrome.throwgame.Controller.mines = [];
com.nitrome.throwgame.TileSystem,com.nitrome.throwgame.Controller,reference,,__Packages/com/nitrome/throwgame/TileSystem.as,74,com.nitrome.throwgame.Controller.chests = [];
com.nitrome.throwgame.TileSystem,com.nitrome.throwgame.Tile,constructor,,__Packages/com/nitrome/throwgame/TileSystem.as,94,"_loc9_ = new com.nitrome.throwgame.Tile(_loc8_,_loc3_,_loc6_);"
com.nitrome.throwgame.TileSystem,com.nitrome.util.Clip,constructor,,__Packages/com/nitrome/throwgame/TileSystem.as,113,"_loc7_ = new com.nitrome.util.Clip(com.nitrome.throwgame.Controller.backTileLayer,_loc8_);"
com.nitrome.throwgame.TileSystem,com.nitrome.throwgame.Controller,reference,,__Packages/com/nitrome/throwgame/TileSystem.as,113,"_loc7_ = new com.nitrome.util.Clip(com.nitrome.throwgame.Controller.backTileLayer,_loc8_);"
com.nitrome.throwgame.TileSystem,com.nitrome.throwgame.Character,constructor,,__Packages/com/nitrome/throwgame/TileSystem.as,156,_loc5_ = new com.nitrome.throwgame.Character(_loc4_.attributes.type);
com.nitrome.throwgame.TileSystem,com.nitrome.throwgame.Controller,reference,,__Packages/com/nitrome/throwgame/TileSystem.as,163,_loc5_.team = com.nitrome.throwgame.Controller.teams[_loc11_];
com.nitrome.throwgame.TileSystem,com.nitrome.throwgame.Controller,reference,,__Packages/com/nitrome/throwgame/TileSystem.as,165,_loc5_.index = com.nitrome.throwgame.Controller.teams[_loc11_].characters.length - 1;
com.nitrome.throwgame.TileSystem,com.nitrome.throwgame.Controller,reference,,__Packages/com/nitrome/throwgame/TileSystem.as,168,com.nitrome.throwgame.Controller.water = new com.nitrome.throwgame.Water();
com.nitrome.throwgame.TileSystem,com.nitrome.throwgame.Water,constructor,,__Packages/com/nitrome/throwgame/TileSystem.as,168,com.nitrome.throwgame.Controller.water = new com.nitrome.throwgame.Water();
com.nitrome.throwgame.TileSystem,com.nitrome.throwgame.Controller,reference,,__Packages/com/nitrome/throwgame/TileSystem.as,169,com.nitrome.throwgame.Controller.water.y = Number(_loc4_.attributes.y) * 32;
com.nitrome.throwgame.TileSystem,com.nitrome.throwgame.Controller,reference,,__Packages/com/nitrome/throwgame/TileSystem.as,170,com.nitrome.throwgame.Controller.water.update();
com.nitrome.throwgame.TileSystem,com.nitrome.throwgame.TreasureChest,reference,,__Packages/com/nitrome/throwgame/TileSystem.as,173,com.nitrome.throwgame.TreasureChest.potentialWeaponList = this.getPotentialWeaponList(_loc4_.attributes);
com.nitrome.throwgame.TileSystem,com.nitrome.throwgame.TreasureChest,reference,,__Packages/com/nitrome/throwgame/TileSystem.as,174,com.nitrome.throwgame.TreasureChest.maxCount = 3;
com.nitrome.throwgame.TileSystem,com.nitrome.throwgame.Controller,reference,,__Packages/com/nitrome/throwgame/TileSystem.as,178,com.nitrome.throwgame.Controller.map.reset();
com.nitrome.throwgame.TileSystem,com.nitrome.throwgame.Controller,reference,,__Packages/com/nitrome/throwgame/TileSystem.as,179,if(com.nitrome.throwgame.Controller.teams[1].aiControlled)
com.nitrome.throwgame.TileSystem,com.nitrome.throwgame.Controller,reference,,__Packages/com/nitrome/throwgame/TileSystem.as,181,com.nitrome.throwgame.Controller.speechBubble = new com.nitrome.throwgame.SpeechBubble();
com.nitrome.throwgame.TileSystem,com.nitrome.throwgame.SpeechBubble,constructor,,__Packages/com/nitrome/throwgame/TileSystem.as,181,com.nitrome.throwgame.Controller.speechBubble = new com.nitrome.throwgame.SpeechBubble();
com.nitrome.throwgame.TileSystem,com.nitrome.throwgame.Controller,reference,,__Packages/com/nitrome/throwgame/TileSystem.as,182,com.nitrome.throwgame.Controller.speechBubble.text = com.nitrome.throwgame.Controller.getLine(0);
com.nitrome.throwgame.TileSystem,com.nitrome.throwgame.Controller,qualified-call,getLine,__Packages/com/nitrome/throwgame/TileSystem.as,182,com.nitrome.throwgame.Controller.speechBubble.text = com.nitrome.throwgame.Controller.getLine(0);
com.nitrome.throwgame.TileSystem,com.nitrome.throwgame.Controller,reference,,__Packages/com/nitrome/throwgame/TileSystem.as,183,com.nitrome.throwgame.Controller.speechBubble.setTarget(com.nitrome.throwgame.Controller.teams[0].speaker());
com.nitrome.throwgame.TileSystem,com.nitrome.throwgame.Controller,reference,,__Packages/com/nitrome/throwgame/TileSystem.as,183,com.nitrome.throwgame.Controller.speechBubble.setTarget(com.nitrome.throwgame.Controller.teams[0].speaker());
com.nitrome.throwgame.TileSystem,com.nitrome.throwgame.Controller,reference,,__Packages/com/nitrome/throwgame/TileSystem.as,184,com.nitrome.throwgame.Controller.speechLineNumber = 1;
com.nitrome.throwgame.TileSystem,com.nitrome.throwgame.Controller,qualified-call,setSkyColour,__Packages/com/nitrome/throwgame/TileSystem.as,190,com.nitrome.throwgame.Controller.setSkyColour(1);
com.nitrome.throwgame.TileSystem,com.nitrome.throwgame.Controller,qualified-call,setSkyColour,__Packages/com/nitrome/throwgame/TileSystem.as,194,com.nitrome.throwgame.Controller.setSkyColour(2);
com.nitrome.throwgame.TileSystem,com.nitrome.throwgame.Controller,qualified-call,setSkyColour,__Packages/com/nitrome/throwgame/TileSystem.as,198,com.nitrome.throwgame.Controller.setSkyColour(3);
com.nitrome.throwgame.TileSystem,com.nitrome.throwgame.Controller,reference,,__Packages/com/nitrome/throwgame/TileSystem.as,201,com.nitrome.throwgame.Controller.currentTeam.startTurn();
com.nitrome.throwgame.TileSystem,com.nitrome.throwgame.Controller,reference,,__Packages/com/nitrome/throwgame/TileSystem.as,295,var _loc13_ = com.nitrome.throwgame.Controller.currentTeam.selectedCharacter.equippedWeapon;
com.nitrome.throwgame.TileSystem,com.nitrome.throwgame.Controller,reference,,__Packages/com/nitrome/throwgame/TileSystem.as,299,if(com.nitrome.throwgame.Controller.rangeCircle._alpha < 100)
com.nitrome.throwgame.TileSystem,com.nitrome.throwgame.Controller,reference,,__Packages/com/nitrome/throwgame/TileSystem.as,301,com.nitrome.throwgame.Controller.rangeCircle._alpha += 20;
com.nitrome.throwgame.TileSystem,com.nitrome.throwgame.Controller,reference,,__Packages/com/nitrome/throwgame/TileSystem.as,303,com.nitrome.throwgame.Controller.rangeCircle._x = com.nitrome.throwgame.Controller.currentTeam.selectedCharacter.x;
com.nitrome.throwgame.TileSystem,com.nitrome.throwgame.Controller,reference,,__Packages/com/nitrome/throwgame/TileSystem.as,303,com.nitrome.throwgame.Controller.rangeCircle._x = com.nitrome.throwgame.Controller.currentTeam.selectedCharacter.x;
com.nitrome.throwgame.TileSystem,com.nitrome.throwgame.Controller,reference,,__Packages/com/nitrome/throwgame/TileSystem.as,304,com.nitrome.throwgame.Controller.rangeCircle._y = com.nitrome.throwgame.Controller.currentTeam.selectedCharacter.y + _loc13_.dragOffset;
com.nitrome.throwgame.TileSystem,com.nitrome.throwgame.Controller,reference,,__Packages/com/nitrome/throwgame/TileSystem.as,304,com.nitrome.throwgame.Controller.rangeCircle._y = com.nitrome.throwgame.Controller.currentTeam.selectedCharacter.y + _loc13_.dragOffset;
com.nitrome.throwgame.TileSystem,com.nitrome.throwgame.Controller,reference,,__Packages/com/nitrome/throwgame/TileSystem.as,305,com.nitrome.throwgame.Controller.rangeCircle._xscale = com.nitrome.throwgame.Controller.rangeCircle._yscale = _loc13_.dragRange;
com.nitrome.throwgame.TileSystem,com.nitrome.throwgame.Controller,reference,,__Packages/com/nitrome/throwgame/TileSystem.as,305,com.nitrome.throwgame.Controller.rangeCircle._xscale = com.nitrome.throwgame.Controller.rangeCircle._yscale = _loc13_.dragRange;
com.nitrome.throwgame.TileSystem,com.nitrome.throwgame.Controller,reference,,__Packages/com/nitrome/throwgame/TileSystem.as,307,else if(com.nitrome.throwgame.Controller.rangeCircle._alpha > 0)
com.nitrome.throwgame.TileSystem,com.nitrome.throwgame.Controller,reference,,__Packages/com/nitrome/throwgame/TileSystem.as,309,com.nitrome.throwgame.Controller.rangeCircle._alpha -= 20;
com.nitrome.throwgame.TileSystem,com.nitrome.throwgame.Controller,reference,,__Packages/com/nitrome/throwgame/TileSystem.as,312,var _loc12_ = com.nitrome.throwgame.Controller.currentTeam.selectedCharacter.equippedWeapon.weaponType;
com.nitrome.throwgame.TileSystem,com.nitrome.throwgame.Controller,reference,,__Packages/com/nitrome/throwgame/TileSystem.as,314,if(!com.nitrome.throwgame.Controller.currentTeam.aiControlled)
com.nitrome.throwgame.TileSystem,com.nitrome.throwgame.Controller,reference,,__Packages/com/nitrome/throwgame/TileSystem.as,316,switch(com.nitrome.throwgame.Controller.currentTeam.selectedCharacter.equippedWeapon.weaponType)
com.nitrome.throwgame.TileSystem,com.nitrome.throwgame.Controller,reference,,__Packages/com/nitrome/throwgame/TileSystem.as,321,_loc10_ = !com.nitrome.throwgame.Controller.currentTeam.selectedCharacter.equippedWeapon.fired;
com.nitrome.throwgame.TileSystem,com.nitrome.throwgame.Controller,reference,,__Packages/com/nitrome/throwgame/TileSystem.as,325,_loc10_ = !com.nitrome.throwgame.Controller.currentTeam.selectedCharacter.equippedWeapon.finished;
com.nitrome.throwgame.TileSystem,com.nitrome.throwgame.BoxWeapon,cast-or-call,,__Packages/com/nitrome/throwgame/TileSystem.as,326,"if(!com.nitrome.throwgame.BoxWeapon(com.nitrome.throwgame.Controller.currentTeam.selectedCharacter.equippedWeapon).canPlace(com.nitrome.throwgame.Controller.content._xmouse,com.nitrome.throwgame.Controller.content._ymouse))"
com.nitrome.throwgame.TileSystem,com.nitrome.throwgame.Controller,reference,,__Packages/com/nitrome/throwgame/TileSystem.as,326,"if(!com.nitrome.throwgame.BoxWeapon(com.nitrome.throwgame.Controller.currentTeam.selectedCharacter.equippedWeapon).canPlace(com.nitrome.throwgame.Controller.content._xmouse,com.nitrome.throwgame.Controller.content._ymouse))"
com.nitrome.throwgame.TileSystem,com.nitrome.throwgame.Controller,reference,,__Packages/com/nitrome/throwgame/TileSystem.as,326,"if(!com.nitrome.throwgame.BoxWeapon(com.nitrome.throwgame.Controller.currentTeam.selectedCharacter.equippedWeapon).canPlace(com.nitrome.throwgame.Controller.content._xmouse,com.nitrome.throwgame.Controller.content._ymouse))"
com.nitrome.throwgame.TileSystem,com.nitrome.throwgame.Controller,reference,,__Packages/com/nitrome/throwgame/TileSystem.as,326,"if(!com.nitrome.throwgame.BoxWeapon(com.nitrome.throwgame.Controller.currentTeam.selectedCharacter.equippedWeapon).canPlace(com.nitrome.throwgame.Controller.content._xmouse,com.nitrome.throwgame.Controller.content._ymouse))"
com.nitrome.throwgame.TileSystem,com.nitrome.throwgame.Controller,reference,,__Packages/com/nitrome/throwgame/TileSystem.as,332,if(com.nitrome.throwgame.Controller.currentTeam.selectedCharacter.equippedWeapon.fired && !com.nitrome.throwgame.Controller.currentTeam.selectedCharacter.equippedWeapon.finished)
com.nitrome.throwgame.TileSystem,com.nitrome.throwgame.Controller,reference,,__Packages/com/nitrome/throwgame/TileSystem.as,332,if(com.nitrome.throwgame.Controller.currentTeam.selectedCharacter.equippedWeapon.fired && !com.nitrome.throwgame.Controller.currentTeam.selectedCharacter.equippedWeapon.finished)
com.nitrome.throwgame.TileSystem,com.nitrome.throwgame.Controller,reference,,__Packages/com/nitrome/throwgame/TileSystem.as,336,_loc11_ = com.nitrome.throwgame.Controller.content._xmouse >= com.nitrome.throwgame.Controller.currentTeam.selectedCharacter.equippedWeapon.x ? -90 : 90;
com.nitrome.throwgame.TileSystem,com.nitrome.throwgame.Controller,reference,,__Packages/com/nitrome/throwgame/TileSystem.as,336,_loc11_ = com.nitrome.throwgame.Controller.content._xmouse >= com.nitrome.throwgame.Controller.currentTeam.selectedCharacter.equippedWeapon.x ? -90 : 90;
com.nitrome.throwgame.TileSystem,com.nitrome.throwgame.Controller,reference,,__Packages/com/nitrome/throwgame/TileSystem.as,340,"_loc10_ = !com.nitrome.throwgame.Controller.currentTeam.selectedCharacter.equippedWeapon.fired && !com.nitrome.throwgame.Controller.currentTeam.selectedCharacter.equippedWeapon.mc.hitTest(_level0._xmouse,_level0._ymouse) && !com.nitrome.throwgame.VoodooDoll(com.nitrome.throwgame.Controller.currentTe"
com.nitrome.throwgame.TileSystem,com.nitrome.throwgame.Controller,reference,,__Packages/com/nitrome/throwgame/TileSystem.as,340,"_loc10_ = !com.nitrome.throwgame.Controller.currentTeam.selectedCharacter.equippedWeapon.fired && !com.nitrome.throwgame.Controller.currentTeam.selectedCharacter.equippedWeapon.mc.hitTest(_level0._xmouse,_level0._ymouse) && !com.nitrome.throwgame.VoodooDoll(com.nitrome.throwgame.Controller.currentTe"
com.nitrome.throwgame.TileSystem,com.nitrome.throwgame.VoodooDoll,cast-or-call,,__Packages/com/nitrome/throwgame/TileSystem.as,340,"_loc10_ = !com.nitrome.throwgame.Controller.currentTeam.selectedCharacter.equippedWeapon.fired && !com.nitrome.throwgame.Controller.currentTeam.selectedCharacter.equippedWeapon.mc.hitTest(_level0._xmouse,_level0._ymouse) && !com.nitrome.throwgame.VoodooDoll(com.nitrome.throwgame.Controller.currentTe"
com.nitrome.throwgame.TileSystem,com.nitrome.throwgame.Controller,reference,,__Packages/com/nitrome/throwgame/TileSystem.as,340,"_loc10_ = !com.nitrome.throwgame.Controller.currentTeam.selectedCharacter.equippedWeapon.fired && !com.nitrome.throwgame.Controller.currentTeam.selectedCharacter.equippedWeapon.mc.hitTest(_level0._xmouse,_level0._ymouse) && !com.nitrome.throwgame.VoodooDoll(com.nitrome.throwgame.Controller.currentTe"
com.nitrome.throwgame.TileSystem,com.nitrome.util.CustomCursor,qualified-call,setCursor,__Packages/com/nitrome/throwgame/TileSystem.as,359,com.nitrome.util.CustomCursor.setCursor(_loc12_);
com.nitrome.throwgame.TileSystem,com.nitrome.throwgame.Controller,reference,,__Packages/com/nitrome/throwgame/TileSystem.as,360,com.nitrome.throwgame.Controller.root.cursor._rotation = _loc11_;
com.nitrome.throwgame.TileSystem,com.nitrome.util.CustomCursor,qualified-call,restoreCursor,__Packages/com/nitrome/throwgame/TileSystem.as,364,com.nitrome.util.CustomCursor.restoreCursor();
com.nitrome.throwgame.TileSystem,com.nitrome.throwgame.Controller,reference,,__Packages/com/nitrome/throwgame/TileSystem.as,366,var _loc14_ = com.nitrome.throwgame.Controller.currentTeam.selectedCharacter.equippedWeapon instanceof com.nitrome.throwgame.VoodooDoll;
com.nitrome.throwgame.TileSystem,com.nitrome.throwgame.VoodooDoll,reference,,__Packages/com/nitrome/throwgame/TileSystem.as,366,var _loc14_ = com.nitrome.throwgame.Controller.currentTeam.selectedCharacter.equippedWeapon instanceof com.nitrome.throwgame.VoodooDoll;
com.nitrome.throwgame.TileSystem,com.nitrome.throwgame.Controller,reference,,__Packages/com/nitrome/throwgame/TileSystem.as,375,if((!com.nitrome.throwgame.Controller.currentTeam.selectedCharacter || _loc14_) && !com.nitrome.throwgame.Controller.currentTeam.aiControlled)
com.nitrome.throwgame.TileSystem,com.nitrome.throwgame.Controller,reference,,__Packages/com/nitrome/throwgame/TileSystem.as,375,if((!com.nitrome.throwgame.Controller.currentTeam.selectedCharacter || _loc14_) && !com.nitrome.throwgame.Controller.currentTeam.aiControlled)
com.nitrome.throwgame.TileSystem,com.nitrome.throwgame.Controller,reference,,__Packages/com/nitrome/throwgame/TileSystem.as,379,_loc7_ = com.nitrome.throwgame.Controller.teams[2 - com.nitrome.throwgame.Controller.currentTeam.number].characters;
com.nitrome.throwgame.TileSystem,com.nitrome.throwgame.Controller,reference,,__Packages/com/nitrome/throwgame/TileSystem.as,379,_loc7_ = com.nitrome.throwgame.Controller.teams[2 - com.nitrome.throwgame.Controller.currentTeam.number].characters;
com.nitrome.throwgame.TileSystem,com.nitrome.throwgame.Controller,reference,,__Packages/com/nitrome/throwgame/TileSystem.as,380,if(com.nitrome.throwgame.Controller.currentTeam.selectedCharacter.equippedWeapon.fired)
com.nitrome.throwgame.TileSystem,com.nitrome.throwgame.Controller,reference,,__Packages/com/nitrome/throwgame/TileSystem.as,382,com.nitrome.throwgame.Controller.hoverCharacter = com.nitrome.throwgame.VoodooDoll(com.nitrome.throwgame.Controller.currentTeam.selectedCharacter.equippedWeapon).targetCharacter;
com.nitrome.throwgame.TileSystem,com.nitrome.throwgame.VoodooDoll,cast-or-call,,__Packages/com/nitrome/throwgame/TileSystem.as,382,com.nitrome.throwgame.Controller.hoverCharacter = com.nitrome.throwgame.VoodooDoll(com.nitrome.throwgame.Controller.currentTeam.selectedCharacter.equippedWeapon).targetCharacter;
com.nitrome.throwgame.TileSystem,com.nitrome.throwgame.Controller,reference,,__Packages/com/nitrome/throwgame/TileSystem.as,382,com.nitrome.throwgame.Controller.hoverCharacter = com.nitrome.throwgame.VoodooDoll(com.nitrome.throwgame.Controller.currentTeam.selectedCharacter.equippedWeapon).targetCharacter;
com.nitrome.throwgame.TileSystem,com.nitrome.throwgame.Controller,reference,,__Packages/com/nitrome/throwgame/TileSystem.as,387,_loc7_ = com.nitrome.throwgame.Controller.currentTeam.characters;
com.nitrome.throwgame.TileSystem,com.nitrome.throwgame.VoodooDoll,cast-or-call,,__Packages/com/nitrome/throwgame/TileSystem.as,393,_loc9_ = com.nitrome.throwgame.VoodooDoll(com.nitrome.throwgame.Controller.currentTeam.selectedCharacter.equippedWeapon).targetCharacter;
com.nitrome.throwgame.TileSystem,com.nitrome.throwgame.Controller,reference,,__Packages/com/nitrome/throwgame/TileSystem.as,393,_loc9_ = com.nitrome.throwgame.VoodooDoll(com.nitrome.throwgame.Controller.currentTeam.selectedCharacter.equippedWeapon).targetCharacter;
com.nitrome.throwgame.TileSystem,com.nitrome.throwgame.Controller,reference,,__Packages/com/nitrome/throwgame/TileSystem.as,399,_loc5_ = _loc2_.x - com.nitrome.throwgame.Controller.content._xmouse;
com.nitrome.throwgame.TileSystem,com.nitrome.throwgame.Controller,reference,,__Packages/com/nitrome/throwgame/TileSystem.as,400,_loc4_ = _loc2_.y - com.nitrome.throwgame.Controller.content._ymouse;
com.nitrome.throwgame.TileSystem,com.nitrome.throwgame.Controller,reference,,__Packages/com/nitrome/throwgame/TileSystem.as,409,com.nitrome.throwgame.Controller.hoverCharacter = _loc9_;
com.nitrome.throwgame.TileSystem,com.nitrome.util.CustomCursor,qualified-call,setCursor,__Packages/com/nitrome/throwgame/TileSystem.as,412,"com.nitrome.util.CustomCursor.setCursor(""voodooDoll"");"
com.nitrome.throwgame.TileSystem,com.nitrome.throwgame.Controller,reference,,__Packages/com/nitrome/throwgame/TileSystem.as,417,com.nitrome.throwgame.Controller.hoverCharacter = null;
com.nitrome.throwgame.TileSystem,com.nitrome.throwgame.Controller,reference,,__Packages/com/nitrome/throwgame/TileSystem.as,422,if(com.nitrome.throwgame.Controller.dragging)
com.nitrome.throwgame.TileSystem,com.nitrome.throwgame.TreasureChest,qualified-call,fallingChest,__Packages/com/nitrome/throwgame/TileSystem.as,428,var _loc3_ = com.nitrome.throwgame.TreasureChest.fallingChest();
com.nitrome.throwgame.TileSystem,com.nitrome.throwgame.Controller,reference,,__Packages/com/nitrome/throwgame/TileSystem.as,429,if(com.nitrome.throwgame.Controller.speechBubble)
com.nitrome.throwgame.TileSystem,com.nitrome.throwgame.Controller,reference,,__Packages/com/nitrome/throwgame/TileSystem.as,431,"this.panTowards(com.nitrome.throwgame.Controller.speechBubble.x - 275,com.nitrome.throwgame.Controller.speechBubble.y - 200,50);"
com.nitrome.throwgame.TileSystem,com.nitrome.throwgame.Controller,reference,,__Packages/com/nitrome/throwgame/TileSystem.as,431,"this.panTowards(com.nitrome.throwgame.Controller.speechBubble.x - 275,com.nitrome.throwgame.Controller.speechBubble.y - 200,50);"
com.nitrome.throwgame.TileSystem,com.nitrome.throwgame.Controller,reference,,__Packages/com/nitrome/throwgame/TileSystem.as,434,if(com.nitrome.throwgame.Controller.popup.show)
com.nitrome.throwgame.TileSystem,com.nitrome.throwgame.Controller,reference,,__Packages/com/nitrome/throwgame/TileSystem.as,438,if(com.nitrome.throwgame.Controller.currentTeam.aiControlled && !com.nitrome.throwgame.Controller.currentTeam.aiFinished)
com.nitrome.throwgame.TileSystem,com.nitrome.throwgame.Controller,reference,,__Packages/com/nitrome/throwgame/TileSystem.as,438,if(com.nitrome.throwgame.Controller.currentTeam.aiControlled && !com.nitrome.throwgame.Controller.currentTeam.aiFinished)
com.nitrome.throwgame.TileSystem,com.nitrome.throwgame.Controller,reference,,__Packages/com/nitrome/throwgame/TileSystem.as,448,if(com.nitrome.throwgame.Controller.currentTeam.selectedCharacter.thrown && !com.nitrome.throwgame.Controller.currentTeam.selectedCharacter.throwFinished)
com.nitrome.throwgame.TileSystem,com.nitrome.throwgame.Controller,reference,,__Packages/com/nitrome/throwgame/TileSystem.as,448,if(com.nitrome.throwgame.Controller.currentTeam.selectedCharacter.thrown && !com.nitrome.throwgame.Controller.currentTeam.selectedCharacter.throwFinished)
com.nitrome.throwgame.TileSystem,com.nitrome.throwgame.Controller,reference,,__Packages/com/nitrome/throwgame/TileSystem.as,450,_loc5_ = com.nitrome.throwgame.Controller.currentTeam.selectedCharacter;
com.nitrome.throwgame.TileSystem,com.nitrome.throwgame.Controller,reference,,__Packages/com/nitrome/throwgame/TileSystem.as,455,if(!com.nitrome.throwgame.Controller.currentTeam.selectedCharacter.equippedWeapon.finished && com.nitrome.throwgame.Controller.currentTeam.selectedCharacter.equippedWeapon.track)
com.nitrome.throwgame.TileSystem,com.nitrome.throwgame.Controller,reference,,__Packages/com/nitrome/throwgame/TileSystem.as,455,if(!com.nitrome.throwgame.Controller.currentTeam.selectedCharacter.equippedWeapon.finished && com.nitrome.throwgame.Controller.currentTeam.selectedCharacter.equippedWeapon.track)
com.nitrome.throwgame.TileSystem,com.nitrome.throwgame.Controller,reference,,__Packages/com/nitrome/throwgame/TileSystem.as,457,_loc6_ = com.nitrome.throwgame.Controller.currentTeam.selectedCharacter.equippedWeapon;
com.nitrome.throwgame.TileSystem,com.nitrome.throwgame.Controller,reference,,__Packages/com/nitrome/throwgame/TileSystem.as,486,if(com.nitrome.throwgame.Controller.root.weapons._visible)
com.nitrome.throwgame.TileSystem,com.nitrome.util.Global,qualified-call,slide,__Packages/com/nitrome/throwgame/TileSystem.as,491,"this.scrollingX = com.nitrome.util.Global.slide(this.scrollingX,this.scrollDirectionX * 10,1);"
com.nitrome.throwgame.TileSystem,com.nitrome.util.Global,qualified-call,slide,__Packages/com/nitrome/throwgame/TileSystem.as,492,"this.scrollingY = com.nitrome.util.Global.slide(this.scrollingY,this.scrollDirectionY * 10,1);"
com.nitrome.throwgame.TileSystem,com.nitrome.throwgame.Controller,reference,,__Packages/com/nitrome/throwgame/TileSystem.as,515,if(newY > com.nitrome.throwgame.Controller.water.y - 320)
com.nitrome.throwgame.TileSystem,com.nitrome.throwgame.Controller,reference,,__Packages/com/nitrome/throwgame/TileSystem.as,517,newY = com.nitrome.throwgame.Controller.water.y - 320;
com.nitrome.throwgame.TileSystem,com.nitrome.throwgame.Controller,reference,,__Packages/com/nitrome/throwgame/TileSystem.as,597,com.nitrome.throwgame.Controller.content._x = - this.cameraX;
com.nitrome.throwgame.TileSystem,com.nitrome.throwgame.Controller,reference,,__Packages/com/nitrome/throwgame/TileSystem.as,598,com.nitrome.throwgame.Controller.content._y = - this.cameraY;
com.nitrome.throwgame.TileSystem,com.nitrome.throwgame.Controller,reference,,__Packages/com/nitrome/throwgame/TileSystem.as,616,if(com.nitrome.throwgame.Controller.speechBubble)
com.nitrome.throwgame.TileSystem,com.nitrome.throwgame.Controller,reference,,__Packages/com/nitrome/throwgame/TileSystem.as,618,if(com.nitrome.throwgame.Controller.speechBubble.completeTime > 1)
com.nitrome.throwgame.TileSystem,com.nitrome.throwgame.Controller,reference,,__Packages/com/nitrome/throwgame/TileSystem.as,620,com.nitrome.throwgame.Controller.speechBubble.completeTime = Infinity;
com.nitrome.throwgame.TileSystem,com.nitrome.throwgame.Controller,reference,,__Packages/com/nitrome/throwgame/TileSystem.as,624,com.nitrome.throwgame.Controller.speechBubble.mc.textField.text = com.nitrome.throwgame.Controller.speechBubble.text;
com.nitrome.throwgame.TileSystem,com.nitrome.throwgame.Controller,reference,,__Packages/com/nitrome/throwgame/TileSystem.as,624,com.nitrome.throwgame.Controller.speechBubble.mc.textField.text = com.nitrome.throwgame.Controller.speechBubble.text;
com.nitrome.throwgame.TileSystem,com.nitrome.throwgame.Controller,reference,,__Packages/com/nitrome/throwgame/TileSystem.as,628,"if(com.nitrome.throwgame.Controller.root.weapons._visible && com.nitrome.throwgame.Controller.root.weapons.hitTest(_level0._xmouse,_level0._ymouse))"
com.nitrome.throwgame.TileSystem,com.nitrome.throwgame.Controller,reference,,__Packages/com/nitrome/throwgame/TileSystem.as,628,"if(com.nitrome.throwgame.Controller.root.weapons._visible && com.nitrome.throwgame.Controller.root.weapons.hitTest(_level0._xmouse,_level0._ymouse))"
com.nitrome.throwgame.TileSystem,com.nitrome.throwgame.Controller,reference,,__Packages/com/nitrome/throwgame/TileSystem.as,632,"if(com.nitrome.throwgame.Controller.currentTeam.selectedCharacter.weaponSelected && com.nitrome.throwgame.Controller.currentTeam.selectedCharacter.mcHolder.overlay.cancelWeapon.hitTest(_level0._xmouse,_level0._ymouse))"
com.nitrome.throwgame.TileSystem,com.nitrome.throwgame.Controller,reference,,__Packages/com/nitrome/throwgame/TileSystem.as,632,"if(com.nitrome.throwgame.Controller.currentTeam.selectedCharacter.weaponSelected && com.nitrome.throwgame.Controller.currentTeam.selectedCharacter.mcHolder.overlay.cancelWeapon.hitTest(_level0._xmouse,_level0._ymouse))"
com.nitrome.throwgame.TileSystem,com.nitrome.throwgame.Controller,reference,,__Packages/com/nitrome/throwgame/TileSystem.as,637,if(com.nitrome.throwgame.Controller.currentTeam.aiControlled)
com.nitrome.throwgame.TileSystem,com.nitrome.throwgame.Controller,reference,,__Packages/com/nitrome/throwgame/TileSystem.as,647,if(!com.nitrome.throwgame.Controller.currentTeam.selectedCharacter)
com.nitrome.throwgame.TileSystem,com.nitrome.throwgame.Controller,reference,,__Packages/com/nitrome/throwgame/TileSystem.as,652,while(_loc4_ < com.nitrome.throwgame.Controller.currentTeam.characters.length)
com.nitrome.throwgame.TileSystem,com.nitrome.throwgame.Controller,reference,,__Packages/com/nitrome/throwgame/TileSystem.as,654,_loc3_ = com.nitrome.throwgame.Controller.currentTeam.characters[_loc4_];
com.nitrome.throwgame.TileSystem,com.nitrome.throwgame.Controller,reference,,__Packages/com/nitrome/throwgame/TileSystem.as,655,_loc11_ = _loc3_.x - com.nitrome.throwgame.Controller.content._xmouse;
com.nitrome.throwgame.TileSystem,com.nitrome.throwgame.Controller,reference,,__Packages/com/nitrome/throwgame/TileSystem.as,656,_loc10_ = _loc3_.y - com.nitrome.throwgame.Controller.content._ymouse;
com.nitrome.throwgame.TileSystem,com.nitrome.throwgame.Controller,reference,,__Packages/com/nitrome/throwgame/TileSystem.as,667,com.nitrome.throwgame.Controller.currentTeam.select(_loc7_);
com.nitrome.throwgame.TileSystem,com.nitrome.throwgame.Controller,reference,,__Packages/com/nitrome/throwgame/TileSystem.as,673,if(com.nitrome.throwgame.Controller.currentTeam.selectedCharacter.equippedWeapon instanceof com.nitrome.throwgame.VoodooDoll && !com.nitrome.throwgame.Controller.currentTeam.selectedCharacter.equippedWeapon.fired && !com.nitrome.throwgame.Controller.currentTeam.selectedCharacter.equippedWeapon.mc.hi
com.nitrome.throwgame.TileSystem,com.nitrome.throwgame.VoodooDoll,reference,,__Packages/com/nitrome/throwgame/TileSystem.as,673,if(com.nitrome.throwgame.Controller.currentTeam.selectedCharacter.equippedWeapon instanceof com.nitrome.throwgame.VoodooDoll && !com.nitrome.throwgame.Controller.currentTeam.selectedCharacter.equippedWeapon.fired && !com.nitrome.throwgame.Controller.currentTeam.selectedCharacter.equippedWeapon.mc.hi
com.nitrome.throwgame.TileSystem,com.nitrome.throwgame.Controller,reference,,__Packages/com/nitrome/throwgame/TileSystem.as,673,if(com.nitrome.throwgame.Controller.currentTeam.selectedCharacter.equippedWeapon instanceof com.nitrome.throwgame.VoodooDoll && !com.nitrome.throwgame.Controller.currentTeam.selectedCharacter.equippedWeapon.fired && !com.nitrome.throwgame.Controller.currentTeam.selectedCharacter.equippedWeapon.mc.hi
com.nitrome.throwgame.TileSystem,com.nitrome.throwgame.Controller,reference,,__Packages/com/nitrome/throwgame/TileSystem.as,673,if(com.nitrome.throwgame.Controller.currentTeam.selectedCharacter.equippedWeapon instanceof com.nitrome.throwgame.VoodooDoll && !com.nitrome.throwgame.Controller.currentTeam.selectedCharacter.equippedWeapon.fired && !com.nitrome.throwgame.Controller.currentTeam.selectedCharacter.equippedWeapon.mc.hi
com.nitrome.throwgame.TileSystem,com.nitrome.throwgame.Controller,reference,,__Packages/com/nitrome/throwgame/TileSystem.as,677,_loc9_ = com.nitrome.throwgame.Controller.teams[2 - com.nitrome.throwgame.Controller.currentTeam.number].characters;
com.nitrome.throwgame.TileSystem,com.nitrome.throwgame.Controller,reference,,__Packages/com/nitrome/throwgame/TileSystem.as,677,_loc9_ = com.nitrome.throwgame.Controller.teams[2 - com.nitrome.throwgame.Controller.currentTeam.number].characters;
com.nitrome.throwgame.TileSystem,com.nitrome.throwgame.Controller,reference,,__Packages/com/nitrome/throwgame/TileSystem.as,682,_loc11_ = _loc3_.x - com.nitrome.throwgame.Controller.content._xmouse;
com.nitrome.throwgame.TileSystem,com.nitrome.throwgame.Controller,reference,,__Packages/com/nitrome/throwgame/TileSystem.as,683,_loc10_ = _loc3_.y - com.nitrome.throwgame.Controller.content._ymouse;
com.nitrome.throwgame.TileSystem,com.nitrome.throwgame.VoodooDoll,cast-or-call,,__Packages/com/nitrome/throwgame/TileSystem.as,694,_loc12_ = com.nitrome.throwgame.VoodooDoll(com.nitrome.throwgame.Controller.currentTeam.selectedCharacter.equippedWeapon);
com.nitrome.throwgame.TileSystem,com.nitrome.throwgame.Controller,reference,,__Packages/com/nitrome/throwgame/TileSystem.as,694,_loc12_ = com.nitrome.throwgame.VoodooDoll(com.nitrome.throwgame.Controller.currentTeam.selectedCharacter.equippedWeapon);
com.nitrome.throwgame.TileSystem,com.nitrome.throwgame.Controller,reference,,__Packages/com/nitrome/throwgame/TileSystem.as,703,if(!com.nitrome.throwgame.Controller.currentTeam.selectedCharacter.weaponSelected)
com.nitrome.throwgame.TileSystem,com.nitrome.throwgame.Controller,reference,,__Packages/com/nitrome/throwgame/TileSystem.as,708,if(com.nitrome.throwgame.Controller.currentTeam.selectedCharacter.equippedWeapon)
com.nitrome.throwgame.TileSystem,com.nitrome.throwgame.Controller,reference,,__Packages/com/nitrome/throwgame/TileSystem.as,710,_loc8_ = com.nitrome.throwgame.Controller.currentTeam.selectedCharacter.equippedWeapon;
com.nitrome.throwgame.TileSystem,com.nitrome.throwgame.Controller,reference,,__Packages/com/nitrome/throwgame/TileSystem.as,711,if(com.nitrome.throwgame.Controller.currentTeam.selectedCharacter.equippedWeapon.fired)
com.nitrome.throwgame.TileSystem,com.nitrome.throwgame.Controller,reference,,__Packages/com/nitrome/throwgame/TileSystem.as,715,if(com.nitrome.throwgame.Controller.currentTeam.selectedCharacter.equippedWeapon.placeableWeapon)
com.nitrome.throwgame.TileSystem,com.nitrome.throwgame.Controller,reference,,__Packages/com/nitrome/throwgame/TileSystem.as,722,_loc8_ = com.nitrome.throwgame.Controller.currentTeam.selectedCharacter;
com.nitrome.throwgame.TileSystem,com.nitrome.throwgame.Controller,reference,,__Packages/com/nitrome/throwgame/TileSystem.as,723,if(com.nitrome.throwgame.Controller.currentTeam.selectedCharacter.thrown)
com.nitrome.throwgame.TileSystem,com.nitrome.throwgame.Controller,reference,,__Packages/com/nitrome/throwgame/TileSystem.as,727,if(!com.nitrome.throwgame.Controller.currentTeam.selectedCharacter.canThrow)
com.nitrome.throwgame.TileSystem,com.nitrome.throwgame.Controller,reference,,__Packages/com/nitrome/throwgame/TileSystem.as,736,_loc11_ = _loc8_.x - com.nitrome.throwgame.Controller.content._xmouse;
com.nitrome.throwgame.TileSystem,com.nitrome.throwgame.Controller,reference,,__Packages/com/nitrome/throwgame/TileSystem.as,737,_loc10_ = _loc8_.y - com.nitrome.throwgame.Controller.content._ymouse;
com.nitrome.throwgame.TileSystem,com.nitrome.throwgame.Controller,reference,,__Packages/com/nitrome/throwgame/TileSystem.as,742,com.nitrome.throwgame.Controller.twanging = _loc8_;
com.nitrome.throwgame.TileSystem,com.nitrome.throwgame.Controller,reference,,__Packages/com/nitrome/throwgame/TileSystem.as,746,com.nitrome.throwgame.Controller.dragging = _loc8_;
com.nitrome.throwgame.TileSystem,com.nitrome.throwgame.Controller,reference,,__Packages/com/nitrome/throwgame/TileSystem.as,755,if(com.nitrome.throwgame.Controller.dragging)
com.nitrome.throwgame.TileSystem,com.nitrome.throwgame.Controller,reference,,__Packages/com/nitrome/throwgame/TileSystem.as,757,com.nitrome.throwgame.Controller.dragging.release();
com.nitrome.throwgame.TileSystem,com.nitrome.throwgame.Controller,reference,,__Packages/com/nitrome/throwgame/TileSystem.as,758,com.nitrome.throwgame.Controller.dragging = null;
com.nitrome.throwgame.TileSystem,com.nitrome.throwgame.Controller,reference,,__Packages/com/nitrome/throwgame/TileSystem.as,760,if(com.nitrome.throwgame.Controller.twanging)
com.nitrome.throwgame.TileSystem,com.nitrome.throwgame.Controller,reference,,__Packages/com/nitrome/throwgame/TileSystem.as,762,com.nitrome.throwgame.Controller.twanging.twang();
com.nitrome.throwgame.TileSystem,com.nitrome.throwgame.Controller,reference,,__Packages/com/nitrome/throwgame/TileSystem.as,763,com.nitrome.throwgame.Controller.twanging = null;
com.nitrome.throwgame.TreasureChest,com.nitrome.util.Clip,inheritance,,__Packages/com/nitrome/throwgame/TreasureChest.as,3,class com.nitrome.throwgame.TreasureChest extends com.nitrome.util.Clip
com.nitrome.throwgame.TreasureChest,com.nitrome.throwgame.Controller,reference,,__Packages/com/nitrome/throwgame/TreasureChest.as,18,"super(com.nitrome.throwgame.Controller.objectLayer,""treasureChest"");"
com.nitrome.throwgame.TreasureChest,com.nitrome.throwgame.Controller,reference,,__Packages/com/nitrome/throwgame/TreasureChest.as,39,if(com.nitrome.throwgame.Controller.chests.length >= com.nitrome.throwgame.TreasureChest.maxCount)
com.nitrome.throwgame.TreasureChest,com.nitrome.throwgame.Controller,reference,,__Packages/com/nitrome/throwgame/TreasureChest.as,43,var _loc12_ = Math.floor(Math.random() * com.nitrome.throwgame.Controller.tileSystem.validDropColumns.length);
com.nitrome.throwgame.TreasureChest,com.nitrome.throwgame.Controller,reference,,__Packages/com/nitrome/throwgame/TreasureChest.as,44,var _loc10_ = com.nitrome.throwgame.Controller.tileSystem.validDropColumns[_loc12_];
com.nitrome.throwgame.TreasureChest,com.nitrome.throwgame.Controller,reference,,__Packages/com/nitrome/throwgame/TreasureChest.as,47,while(_loc5_ < com.nitrome.throwgame.Controller.tileSystem.levelHeight)
com.nitrome.throwgame.TreasureChest,com.nitrome.throwgame.Controller,reference,,__Packages/com/nitrome/throwgame/TreasureChest.as,49,if(com.nitrome.throwgame.Controller.tileSystem.tileGrid[_loc10_][_loc5_])
com.nitrome.throwgame.TreasureChest,com.nitrome.throwgame.Controller,reference,,__Packages/com/nitrome/throwgame/TreasureChest.as,67,while(_loc7_ < com.nitrome.throwgame.Controller.teams.length)
com.nitrome.throwgame.TreasureChest,com.nitrome.throwgame.Controller,reference,,__Packages/com/nitrome/throwgame/TreasureChest.as,69,_loc4_ = com.nitrome.throwgame.Controller.teams[_loc7_];
com.nitrome.throwgame.TreasureChest,com.nitrome.throwgame.Controller,reference,,__Packages/com/nitrome/throwgame/TreasureChest.as,98,while(_loc8_ < com.nitrome.throwgame.Controller.chests.length)
com.nitrome.throwgame.TreasureChest,com.nitrome.throwgame.Controller,reference,,__Packages/com/nitrome/throwgame/TreasureChest.as,100,if(com.nitrome.throwgame.Controller.chests[_loc8_].x == _loc3_)
com.nitrome.throwgame.TreasureChest,com.nitrome.throwgame.Controller,reference,,__Packages/com/nitrome/throwgame/TreasureChest.as,107,while(_loc6_ < com.nitrome.throwgame.Controller.boxes.length)
com.nitrome.throwgame.TreasureChest,com.nitrome.throwgame.Controller,reference,,__Packages/com/nitrome/throwgame/TreasureChest.as,109,if(Math.abs(com.nitrome.throwgame.Controller.boxes[_loc6_].x - _loc3_) < 32)
com.nitrome.throwgame.TreasureChest,com.nitrome.throwgame.Controller,reference,,__Packages/com/nitrome/throwgame/TreasureChest.as,115,"com.nitrome.throwgame.Controller.chests.push(new com.nitrome.throwgame.TreasureChest(_loc3_,_loc9_));"
com.nitrome.throwgame.TreasureChest,com.nitrome.throwgame.Controller,reference,,__Packages/com/nitrome/throwgame/TreasureChest.as,120,while(_loc1_ < com.nitrome.throwgame.Controller.chests.length)
com.nitrome.throwgame.TreasureChest,com.nitrome.throwgame.Controller,reference,,__Packages/com/nitrome/throwgame/TreasureChest.as,122,if(com.nitrome.throwgame.Controller.chests[_loc1_].falling)
com.nitrome.throwgame.TreasureChest,com.nitrome.throwgame.Controller,reference,,__Packages/com/nitrome/throwgame/TreasureChest.as,124,return com.nitrome.throwgame.Controller.chests[_loc1_];
com.nitrome.throwgame.TreasureChest,com.nitrome.throwgame.Controller,reference,,__Packages/com/nitrome/throwgame/TreasureChest.as,163,"com.nitrome.throwgame.Controller.text.say(""collected "" + com.nitrome.game.WeaponSelectButton.hoverText[""hover_"" + this.releasedWeapon][0]);"
com.nitrome.throwgame.TreasureChest,com.nitrome.game.WeaponSelectButton,reference,,__Packages/com/nitrome/throwgame/TreasureChest.as,163,"com.nitrome.throwgame.Controller.text.say(""collected "" + com.nitrome.game.WeaponSelectButton.hoverText[""hover_"" + this.releasedWeapon][0]);"
com.nitrome.throwgame.TreasureChest,com.nitrome.throwgame.Controller,reference,,__Packages/com/nitrome/throwgame/TreasureChest.as,184,while(_loc6_ < com.nitrome.throwgame.Controller.teams.length)
com.nitrome.throwgame.TreasureChest,com.nitrome.throwgame.Controller,reference,,__Packages/com/nitrome/throwgame/TreasureChest.as,186,_loc5_ = com.nitrome.throwgame.Controller.teams[_loc6_];
com.nitrome.throwgame.TreasureChest,com.nitrome.throwgame.Controller,reference,,__Packages/com/nitrome/throwgame/TreasureChest.as,193,if(com.nitrome.throwgame.Controller.dragging != _loc3_)
com.nitrome.throwgame.TreasureChest,com.nitrome.throwgame.Controller,reference,,__Packages/com/nitrome/throwgame/TreasureChest.as,224,com.nitrome.throwgame.Controller.inactivity = 0;
com.nitrome.throwgame.TreasureChest,com.nitrome.throwgame.Controller,reference,,__Packages/com/nitrome/throwgame/TreasureChest.as,231,var _loc3_ = com.nitrome.throwgame.Controller.chests.length - 1;
com.nitrome.throwgame.TreasureChest,com.nitrome.throwgame.Controller,reference,,__Packages/com/nitrome/throwgame/TreasureChest.as,234,if(com.nitrome.throwgame.Controller.chests[_loc3_] == this)
com.nitrome.throwgame.TreasureChest,com.nitrome.throwgame.Controller,reference,,__Packages/com/nitrome/throwgame/TreasureChest.as,236,"com.nitrome.throwgame.Controller.chests.splice(_loc3_,1);"
com.nitrome.throwgame.VoodooDoll,com.nitrome.throwgame.Weapon,inheritance,,__Packages/com/nitrome/throwgame/VoodooDoll.as,3,class com.nitrome.throwgame.VoodooDoll extends com.nitrome.throwgame.Weapon
com.nitrome.throwgame.VoodooDoll,com.nitrome.throwgame.Controller,reference,,__Packages/com/nitrome/throwgame/VoodooDoll.as,36,com.nitrome.throwgame.Controller.tileSystem.panToCharacter = this.owner;
com.nitrome.throwgame.VoodooDoll,com.nitrome.throwgame.Controller,reference,,__Packages/com/nitrome/throwgame/VoodooDoll.as,60,com.nitrome.throwgame.Controller.tileSystem.panToCharacter = this.targetCharacter;
com.nitrome.throwgame.VoodooDoll,com.nitrome.throwgame.Controller,reference,,__Packages/com/nitrome/throwgame/VoodooDoll.as,64,else if(com.nitrome.throwgame.Controller.tileSystem.panToCharacter != this.targetCharacter)
com.nitrome.throwgame.VoodooDoll,com.nitrome.throwgame.Controller,reference,,__Packages/com/nitrome/throwgame/VoodooDoll.as,86,if(!this.fired && com.nitrome.throwgame.Controller.twanging == this)
com.nitrome.throwgame.Water,com.nitrome.util.Clip,inheritance,,__Packages/com/nitrome/throwgame/Water.as,3,class com.nitrome.throwgame.Water extends com.nitrome.util.Clip
com.nitrome.throwgame.Water,com.nitrome.throwgame.Controller,reference,,__Packages/com/nitrome/throwgame/Water.as,12,"super(com.nitrome.throwgame.Controller.waterLayer,""water"");"
com.nitrome.throwgame.Water,com.nitrome.throwgame.Controller,reference,,__Packages/com/nitrome/throwgame/Water.as,14,"this.mc.gotoAndStop(""water"" + com.nitrome.throwgame.Controller.skyColour.toString());"
com.nitrome.throwgame.Water,com.nitrome.throwgame.Controller,reference,,__Packages/com/nitrome/throwgame/Water.as,18,this.x = -49 * Math.ceil(com.nitrome.throwgame.Controller.content._x / 49);
com.nitrome.throwgame.Water,com.nitrome.throwgame.Controller,reference,,__Packages/com/nitrome/throwgame/Water.as,20,com.nitrome.throwgame.Controller.root.background.waterBackground._y = this.y + com.nitrome.throwgame.Controller.content._y;
com.nitrome.throwgame.Water,com.nitrome.throwgame.Controller,reference,,__Packages/com/nitrome/throwgame/Water.as,20,com.nitrome.throwgame.Controller.root.background.waterBackground._y = this.y + com.nitrome.throwgame.Controller.content._y;
com.nitrome.throwgame.Water,com.nitrome.throwgame.Controller,reference,,__Packages/com/nitrome/throwgame/Water.as,21,var _loc2_ = this.y + com.nitrome.throwgame.Controller.content._y - 350;
com.nitrome.throwgame.Water,com.nitrome.throwgame.Controller,reference,,__Packages/com/nitrome/throwgame/Water.as,22,com.nitrome.throwgame.Controller.root.background.cloudBase._y = Math.floor(_loc2_ * 0.5);
com.nitrome.throwgame.Water,com.nitrome.throwgame.Controller,reference,,__Packages/com/nitrome/throwgame/Water.as,23,com.nitrome.throwgame.Controller.root.background.hills._y = Math.floor(_loc2_ * 0.3 + 45);
com.nitrome.throwgame.Water,com.nitrome.throwgame.Controller,reference,,__Packages/com/nitrome/throwgame/Water.as,24,com.nitrome.throwgame.Controller.root.background.frontClouds._y = Math.floor(_loc2_ * 0.4 - 30);
com.nitrome.throwgame.Water,com.nitrome.throwgame.Controller,reference,,__Packages/com/nitrome/throwgame/Water.as,25,com.nitrome.throwgame.Controller.root.background.backClouds._y = Math.floor(_loc2_ * 0.2 - 30);
com.nitrome.throwgame.Water,com.nitrome.throwgame.Controller,reference,,__Packages/com/nitrome/throwgame/Water.as,26,_loc2_ = com.nitrome.throwgame.Controller.content._x;
com.nitrome.throwgame.Water,com.nitrome.throwgame.Controller,reference,,__Packages/com/nitrome/throwgame/Water.as,27,"com.nitrome.throwgame.Controller.root.background.cloudBase._x = Math.floor(com.nitrome.util.Global.negativeModulo(_loc2_ * 0.3,550));"
com.nitrome.throwgame.Water,com.nitrome.util.Global,qualified-call,negativeModulo,__Packages/com/nitrome/throwgame/Water.as,27,"com.nitrome.throwgame.Controller.root.background.cloudBase._x = Math.floor(com.nitrome.util.Global.negativeModulo(_loc2_ * 0.3,550));"
com.nitrome.throwgame.Water,com.nitrome.throwgame.Controller,reference,,__Packages/com/nitrome/throwgame/Water.as,28,"com.nitrome.throwgame.Controller.root.background.hills._x = Math.floor(com.nitrome.util.Global.negativeModulo(_loc2_ * 0.25,840));"
com.nitrome.throwgame.Water,com.nitrome.util.Global,qualified-call,negativeModulo,__Packages/com/nitrome/throwgame/Water.as,28,"com.nitrome.throwgame.Controller.root.background.hills._x = Math.floor(com.nitrome.util.Global.negativeModulo(_loc2_ * 0.25,840));"
com.nitrome.throwgame.Water,com.nitrome.throwgame.Controller,reference,,__Packages/com/nitrome/throwgame/Water.as,29,"com.nitrome.throwgame.Controller.root.background.frontClouds._x = Math.floor(com.nitrome.util.Global.negativeModulo(_loc2_ * 0.3,1000));"
com.nitrome.throwgame.Water,com.nitrome.util.Global,qualified-call,negativeModulo,__Packages/com/nitrome/throwgame/Water.as,29,"com.nitrome.throwgame.Controller.root.background.frontClouds._x = Math.floor(com.nitrome.util.Global.negativeModulo(_loc2_ * 0.3,1000));"
com.nitrome.throwgame.Water,com.nitrome.throwgame.Controller,reference,,__Packages/com/nitrome/throwgame/Water.as,30,"com.nitrome.throwgame.Controller.root.background.backClouds._x = Math.floor(com.nitrome.util.Global.negativeModulo(_loc2_ * 0.2,900)) - 450;"
com.nitrome.throwgame.Water,com.nitrome.util.Global,qualified-call,negativeModulo,__Packages/com/nitrome/throwgame/Water.as,30,"com.nitrome.throwgame.Controller.root.background.backClouds._x = Math.floor(com.nitrome.util.Global.negativeModulo(_loc2_ * 0.2,900)) - 450;"
com.nitrome.throwgame.Water,com.nitrome.throwgame.Controller,reference,,__Packages/com/nitrome/throwgame/Water.as,31,this.mc._visible = com.nitrome.throwgame.Controller.tileSystem.cameraY > this.y - 420;
com.nitrome.throwgame.Weapon,com.nitrome.throwgame.Solid,inheritance,,__Packages/com/nitrome/throwgame/Weapon.as,3,class com.nitrome.throwgame.Weapon extends com.nitrome.throwgame.Solid
com.nitrome.throwgame.Weapon,com.nitrome.throwgame.Controller,reference,,__Packages/com/nitrome/throwgame/Weapon.as,29,"super(com.nitrome.throwgame.Controller.characterLayer,linkageName);"
com.nitrome.throwgame.Weapon,com.nitrome.throwgame.Controller,reference,,__Packages/com/nitrome/throwgame/Weapon.as,66,if(this.velocityY > 0 && this.y > com.nitrome.throwgame.Controller.tileSystem.levelHeight << 5)
com.nitrome.throwgame.Weapon,com.nitrome.throwgame.Controller,reference,,__Packages/com/nitrome/throwgame/Weapon.as,79,if(!this.fired && com.nitrome.throwgame.Controller.twanging == this)
com.nitrome.throwgame.Weapon,com.nitrome.util.Trig,reference,,__Packages/com/nitrome/throwgame/Weapon.as,100,_loc7_ = com.nitrome.util.Trig.cosTable[_loc4_] * _loc5_;
com.nitrome.throwgame.Weapon,com.nitrome.util.Trig,reference,,__Packages/com/nitrome/throwgame/Weapon.as,101,_loc6_ = com.nitrome.util.Trig.sinTable[_loc4_] * _loc5_;
com.nitrome.throwgame.WoodenCrate,com.nitrome.throwgame.BoxWeapon,inheritance,,__Packages/com/nitrome/throwgame/WoodenCrate.as,3,class com.nitrome.throwgame.WoodenCrate extends com.nitrome.throwgame.BoxWeapon
com.nitrome.util.CustomCursor,com.nitrome.throwgame.Controller,reference,,__Packages/com/nitrome/util/CustomCursor.as,21,if(com.nitrome.throwgame.Controller.root.cursor)
com.nitrome.util.CustomCursor,com.nitrome.throwgame.Controller,reference,,__Packages/com/nitrome/util/CustomCursor.as,23,com.nitrome.throwgame.Controller.root.cursor._visible = true;
com.nitrome.util.CustomCursor,com.nitrome.throwgame.Controller,reference,,__Packages/com/nitrome/util/CustomCursor.as,24,com.nitrome.throwgame.Controller.root.cursor.gotoAndStop(cursorType);
com.nitrome.util.CustomCursor,com.nitrome.throwgame.Controller,reference,,__Packages/com/nitrome/util/CustomCursor.as,35,com.nitrome.throwgame.Controller.root.cursor._visible = false;
DangleFont,mx.core.UIComponent,inheritance,,__Packages/DangleFont.as,3,class DangleFont extends mx.core.UIComponent
mx.controls.SimpleButton,mx.core.UIComponent,inheritance,,__Packages/mx/controls/SimpleButton.as,3,class mx.controls.SimpleButton extends mx.core.UIComponent
mx.core.ext.UIComponentExtensions,mx.core.UIComponent,reference,,__Packages/mx/core/ext/UIComponentExtensions.as,10,static var UIComponentDependency = mx.core.UIComponent;
mx.core.ext.UIComponentExtensions,mx.managers.FocusManager,reference,,__Packages/mx/core/ext/UIComponentExtensions.as,11,static var FocusManagerDependency = mx.managers.FocusManager;
mx.core.ext.UIComponentExtensions,mx.managers.OverlappedWindows,reference,,__Packages/mx/core/ext/UIComponentExtensions.as,12,static var OverlappedWindowsDependency = mx.managers.OverlappedWindows;
mx.core.ext.UIComponentExtensions,mx.core.UIComponent,reference,,__Packages/mx/core/ext/UIComponentExtensions.as,44,TextField.prototype.drawFocus = mx.core.UIComponent.prototype.drawFocus;
mx.core.ext.UIComponentExtensions,mx.core.UIComponent,reference,,__Packages/mx/core/ext/UIComponentExtensions.as,45,TextField.prototype.getFocusManager = mx.core.UIComponent.prototype.getFocusManager;
mx.core.ext.UIComponentExtensions,mx.managers.OverlappedWindows,qualified-call,enableOverlappedWindows,__Packages/mx/core/ext/UIComponentExtensions.as,46,mx.managers.OverlappedWindows.enableOverlappedWindows();
mx.core.ext.UIComponentExtensions,mx.styles.CSSSetStyle,qualified-call,enableRunTimeCSS,__Packages/mx/core/ext/UIComponentExtensions.as,47,mx.styles.CSSSetStyle.enableRunTimeCSS();
mx.core.ext.UIComponentExtensions,mx.managers.FocusManager,qualified-call,enableFocusManagement,__Packages/mx/core/ext/UIComponentExtensions.as,48,mx.managers.FocusManager.enableFocusManagement();
mx.core.ext.UIObjectExtensions,mx.core.UIObject,reference,,__Packages/mx/core/ext/UIObjectExtensions.as,29,static var UIObjectDependency = mx.core.UIObject;
mx.core.ext.UIObjectExtensions,mx.skins.SkinElement,reference,,__Packages/mx/core/ext/UIObjectExtensions.as,30,static var SkinElementDependency = mx.skins.SkinElement;
mx.core.ext.UIObjectExtensions,mx.styles.CSSTextStyles,reference,,__Packages/mx/core/ext/UIObjectExtensions.as,31,static var CSSTextStylesDependency = mx.styles.CSSTextStyles;
mx.core.ext.UIObjectExtensions,mx.events.UIEventDispatcher,reference,,__Packages/mx/core/ext/UIObjectExtensions.as,32,static var UIEventDispatcherDependency = mx.events.UIEventDispatcher;
mx.core.ext.UIObjectExtensions,mx.core.UIObject,reference,,__Packages/mx/core/ext/UIObjectExtensions.as,55,var _loc6_ = mx.core.UIObject.prototype;
mx.core.ext.UIObjectExtensions,mx.skins.SkinElement,reference,,__Packages/mx/core/ext/UIObjectExtensions.as,56,var _loc9_ = mx.skins.SkinElement.prototype;
mx.core.ext.UIObjectExtensions,mx.events.UIEventDispatcher,qualified-call,initialize,__Packages/mx/core/ext/UIObjectExtensions.as,58,mx.events.UIEventDispatcher.initialize(_loc6_);
mx.core.ext.UIObjectExtensions,mx.skins.ColoredSkinElement,reference,,__Packages/mx/core/ext/UIObjectExtensions.as,59,var _loc13_ = mx.skins.ColoredSkinElement;
mx.core.ext.UIObjectExtensions,mx.styles.CSSTextStyles,qualified-call,addTextStyles,__Packages/mx/core/ext/UIObjectExtensions.as,60,mx.styles.CSSTextStyles.addTextStyles(_loc6_);
mx.core.ext.UIObjectExtensions,mx.styles.CSSStyleDeclaration,constructor,,__Packages/mx/core/ext/UIObjectExtensions.as,203,_global.style = new mx.styles.CSSStyleDeclaration();
mx.core.UIComponent,mx.core.UIObject,inheritance,,__Packages/mx/core/UIComponent.as,3,class mx.core.UIComponent extends mx.core.UIObject
mx.core.UIComponent,mx.core.UIObject,qualified-call,mergeClipParameters,__Packages/mx/core/UIComponent.as,26,"static var mergedClipParameters = mx.core.UIObject.mergeClipParameters(mx.core.UIComponent.prototype.clipParameters,mx.core.UIObject.prototype.clipParameters);"
mx.core.UIComponent,mx.core.UIObject,reference,,__Packages/mx/core/UIComponent.as,26,"static var mergedClipParameters = mx.core.UIObject.mergeClipParameters(mx.core.UIComponent.prototype.clipParameters,mx.core.UIObject.prototype.clipParameters);"
mx.core.UIObject,mx.skins.SkinElement,qualified-call,registerElement,__Packages/mx/core/UIObject.as,308,"mx.skins.SkinElement.registerElement(linkageName,mx.skins.SkinElement);"
mx.core.UIObject,mx.skins.SkinElement,reference,,__Packages/mx/core/UIObject.as,308,"mx.skins.SkinElement.registerElement(linkageName,mx.skins.SkinElement);"
mx.core.UIObject,mx.styles.StyleManager,reference,,__Packages/mx/core/UIObject.as,414,for(_loc3_ in mx.styles.StyleManager.TextFormatStyleProps)
mx.core.UIObject,mx.styles.StyleManager,reference,,__Packages/mx/core/UIObject.as,416,if(bAll || mx.styles.StyleManager.TextFormatStyleProps[_loc3_])
mx.core.UIObject,mx.styles.StyleManager,reference,,__Packages/mx/core/UIObject.as,428,for(_loc3_ in mx.styles.StyleManager.TextFormatStyleProps)
mx.core.UIObject,mx.styles.StyleManager,reference,,__Packages/mx/core/UIObject.as,430,if(bAll || mx.styles.StyleManager.TextFormatStyleProps[_loc3_])
mx.core.UIObject,mx.styles.StyleManager,qualified-call,isInheritingStyle,__Packages/mx/core/UIObject.as,604,if(mx.styles.StyleManager.isInheritingStyle(styleProp) || mx.styles.StyleManager.isColorStyle(styleProp))
mx.core.UIObject,mx.styles.StyleManager,qualified-call,isColorStyle,__Packages/mx/core/UIObject.as,604,if(mx.styles.StyleManager.isInheritingStyle(styleProp) || mx.styles.StyleManager.isColorStyle(styleProp))
mx.events.UIEventDispatcher,mx.events.EventDispatcher,inheritance,,__Packages/mx/events/UIEventDispatcher.as,3,class mx.events.UIEventDispatcher extends mx.events.EventDispatcher
mx.events.UIEventDispatcher,mx.events.EventDispatcher,reference,,__Packages/mx/events/UIEventDispatcher.as,69,"this.dispatchQueue(mx.events.EventDispatcher,eventObj);"
mx.events.UIEventDispatcher,mx.events.EventDispatcher,qualified-call,_removeEventListener,__Packages/mx/events/UIEventDispatcher.as,109,"mx.events.EventDispatcher._removeEventListener(this[_loc6_],event,handler);"
mx.managers.FocusManager,mx.core.UIComponent,inheritance,,__Packages/mx/managers/FocusManager.as,3,class mx.managers.FocusManager extends mx.core.UIComponent
mx.managers.FocusManager,mx.core.ext.UIObjectExtensions,reference,,__Packages/mx/managers/FocusManager.as,47,static var UIObjectExtensionsDependency = mx.core.ext.UIObjectExtensions;
mx.managers.FocusManager,mx.managers.SystemManager,reference,,__Packages/mx/managers/FocusManager.as,106,var _loc2_ = mx.managers.SystemManager.screen;
mx.managers.FocusManager,mx.managers.SystemManager,qualified-call,init,__Packages/mx/managers/FocusManager.as,122,mx.managers.SystemManager.init();
mx.managers.FocusManager,mx.managers.SystemManager,qualified-call,addFocusManager,__Packages/mx/managers/FocusManager.as,123,mx.managers.SystemManager.addFocusManager(this.form);
mx.managers.FocusManager,mx.managers.SystemManager,reference,,__Packages/mx/managers/FocusManager.as,144,if(!mx.managers.SystemManager.isMouseDown)
mx.managers.FocusManager,mx.managers.SystemManager,qualified-call,removeFocusManager,__Packages/mx/managers/FocusManager.as,226,mx.managers.SystemManager.removeFocusManager(this.form);
mx.managers.FocusManager,mx.controls.SimpleButton,cast-or-call,,__Packages/mx/managers/FocusManager.as,594,this.defPushButton = mx.controls.SimpleButton(_loc2_);
mx.managers.FocusManager,mx.managers.SystemManager,reference,,__Packages/mx/managers/FocusManager.as,609,mx.managers.SystemManager.idleFrames = 0;
mx.managers.FocusManager,mx.core.UIComponent,reference,,__Packages/mx/managers/FocusManager.as,660,if(_loc2_ instanceof mx.core.UIComponent)
mx.managers.FocusManager,mx.managers.SystemManager,reference,,__Packages/mx/managers/FocusManager.as,699,mx.managers.SystemManager.idleFrames = 0;
mx.managers.FocusManager,mx.managers.SystemManager,qualified-call,activate,__Packages/mx/managers/FocusManager.as,718,mx.managers.SystemManager.activate(this.form);
mx.managers.FocusManager,mx.managers.SystemManager,qualified-call,deactivate,__Packages/mx/managers/FocusManager.as,722,mx.managers.SystemManager.deactivate(this.form);
mx.managers.FocusManager,mx.managers.DepthManager,reference,,__Packages/mx/managers/FocusManager.as,733,"_root.createClassObject(mx.managers.FocusManager,""focusManager"",mx.managers.DepthManager.highestDepth--);"
mx.managers.OverlappedWindows,mx.managers.SystemManager,reference,,__Packages/mx/managers/OverlappedWindows.as,6,static var SystemManagerDependency = mx.managers.SystemManager;
mx.managers.OverlappedWindows,mx.managers.SystemManager,reference,,__Packages/mx/managers/OverlappedWindows.as,12,if(mx.managers.SystemManager.idleFrames > 10)
mx.managers.OverlappedWindows,mx.managers.SystemManager,qualified-call,dispatchEvent,__Packages/mx/managers/OverlappedWindows.as,14,"mx.managers.SystemManager.dispatchEvent({type:""idle""});"
mx.managers.OverlappedWindows,mx.managers.SystemManager,reference,,__Packages/mx/managers/OverlappedWindows.as,18,mx.managers.SystemManager.idleFrames++;
mx.managers.OverlappedWindows,mx.managers.SystemManager,reference,,__Packages/mx/managers/OverlappedWindows.as,25,if(mx.managers.SystemManager.interval == undefined)
mx.managers.OverlappedWindows,mx.managers.SystemManager,reference,,__Packages/mx/managers/OverlappedWindows.as,27,"mx.managers.SystemManager.interval = setInterval(mx.managers.SystemManager.checkIdle,100);"
mx.managers.OverlappedWindows,mx.managers.SystemManager,reference,,__Packages/mx/managers/OverlappedWindows.as,27,"mx.managers.SystemManager.interval = setInterval(mx.managers.SystemManager.checkIdle,100);"
mx.managers.OverlappedWindows,mx.managers.SystemManager,qualified-call,_xAddEventListener,__Packages/mx/managers/OverlappedWindows.as,30,"mx.managers.SystemManager._xAddEventListener(e,o,l);"
mx.managers.OverlappedWindows,mx.managers.SystemManager,qualified-call,_xRemoveEventListener,__Packages/mx/managers/OverlappedWindows.as,36,"if(mx.managers.SystemManager._xRemoveEventListener(e,o,l) == 0)"
mx.managers.OverlappedWindows,mx.managers.SystemManager,reference,,__Packages/mx/managers/OverlappedWindows.as,38,clearInterval(mx.managers.SystemManager.interval);
mx.managers.OverlappedWindows,mx.managers.SystemManager,qualified-call,_xRemoveEventListener,__Packages/mx/managers/OverlappedWindows.as,43,"mx.managers.SystemManager._xRemoveEventListener(e,o,l);"
mx.managers.OverlappedWindows,mx.managers.SystemManager,reference,,__Packages/mx/managers/OverlappedWindows.as,48,mx.managers.SystemManager.idleFrames = 0;
mx.managers.OverlappedWindows,mx.managers.SystemManager,reference,,__Packages/mx/managers/OverlappedWindows.as,49,mx.managers.SystemManager.isMouseDown = true;
mx.managers.OverlappedWindows,mx.managers.SystemManager,reference,,__Packages/mx/managers/OverlappedWindows.as,57,if(mx.managers.SystemManager.form.modalWindow == undefined)
mx.managers.OverlappedWindows,mx.managers.SystemManager,reference,,__Packages/mx/managers/OverlappedWindows.as,59,if(mx.managers.SystemManager.forms.length > 1)
mx.managers.OverlappedWindows,mx.managers.SystemManager,reference,,__Packages/mx/managers/OverlappedWindows.as,61,_loc6_ = mx.managers.SystemManager.forms.length;
mx.managers.OverlappedWindows,mx.managers.SystemManager,reference,,__Packages/mx/managers/OverlappedWindows.as,65,_loc2_ = mx.managers.SystemManager.forms[_loc4_];
mx.managers.OverlappedWindows,mx.managers.SystemManager,reference,,__Packages/mx/managers/OverlappedWindows.as,84,if(_loc5_ != mx.managers.SystemManager.form)
mx.managers.OverlappedWindows,mx.managers.SystemManager,qualified-call,activate,__Packages/mx/managers/OverlappedWindows.as,86,mx.managers.SystemManager.activate(_loc5_);
mx.managers.OverlappedWindows,mx.managers.SystemManager,reference,,__Packages/mx/managers/OverlappedWindows.as,90,var _loc9_ = mx.managers.SystemManager.form;
mx.managers.OverlappedWindows,mx.managers.SystemManager,reference,,__Packages/mx/managers/OverlappedWindows.as,95,mx.managers.SystemManager.idleFrames = 0;
mx.managers.OverlappedWindows,mx.managers.SystemManager,reference,,__Packages/mx/managers/OverlappedWindows.as,99,mx.managers.SystemManager.isMouseDown = false;
mx.managers.OverlappedWindows,mx.managers.SystemManager,reference,,__Packages/mx/managers/OverlappedWindows.as,100,mx.managers.SystemManager.idleFrames = 0;
mx.managers.OverlappedWindows,mx.managers.SystemManager,reference,,__Packages/mx/managers/OverlappedWindows.as,105,if(mx.managers.SystemManager.form != undefined)
mx.managers.OverlappedWindows,mx.managers.SystemManager,reference,,__Packages/mx/managers/OverlappedWindows.as,107,if(mx.managers.SystemManager.form != f && mx.managers.SystemManager.forms.length > 1)
mx.managers.OverlappedWindows,mx.managers.SystemManager,reference,,__Packages/mx/managers/OverlappedWindows.as,107,if(mx.managers.SystemManager.form != f && mx.managers.SystemManager.forms.length > 1)
mx.managers.OverlappedWindows,mx.managers.SystemManager,reference,,__Packages/mx/managers/OverlappedWindows.as,109,_loc1_ = mx.managers.SystemManager.form;
mx.managers.OverlappedWindows,mx.managers.SystemManager,reference,,__Packages/mx/managers/OverlappedWindows.as,113,mx.managers.SystemManager.form = f;
mx.managers.OverlappedWindows,mx.managers.SystemManager,reference,,__Packages/mx/managers/OverlappedWindows.as,122,if(mx.managers.SystemManager.form != undefined)
mx.managers.OverlappedWindows,mx.managers.SystemManager,reference,,__Packages/mx/managers/OverlappedWindows.as,124,if(mx.managers.SystemManager.form == f && mx.managers.SystemManager.forms.length > 1)
mx.managers.OverlappedWindows,mx.managers.SystemManager,reference,,__Packages/mx/managers/OverlappedWindows.as,124,if(mx.managers.SystemManager.form == f && mx.managers.SystemManager.forms.length > 1)
mx.managers.OverlappedWindows,mx.managers.SystemManager,reference,,__Packages/mx/managers/OverlappedWindows.as,126,_loc5_ = mx.managers.SystemManager.form;
mx.managers.OverlappedWindows,mx.managers.SystemManager,reference,,__Packages/mx/managers/OverlappedWindows.as,128,_loc3_ = mx.managers.SystemManager.forms.length;
mx.managers.OverlappedWindows,mx.managers.SystemManager,reference,,__Packages/mx/managers/OverlappedWindows.as,132,if(mx.managers.SystemManager.forms[_loc1_] == f)
mx.managers.OverlappedWindows,mx.managers.SystemManager,reference,,__Packages/mx/managers/OverlappedWindows.as,137,if(mx.managers.SystemManager.forms[_loc1_]._visible == true)
mx.managers.OverlappedWindows,mx.managers.SystemManager,reference,,__Packages/mx/managers/OverlappedWindows.as,139,_loc2_ = mx.managers.SystemManager.forms[_loc1_];
mx.managers.OverlappedWindows,mx.managers.SystemManager,reference,,__Packages/mx/managers/OverlappedWindows.as,143,mx.managers.SystemManager.form = _loc2_;
mx.managers.OverlappedWindows,mx.managers.SystemManager,reference,,__Packages/mx/managers/OverlappedWindows.as,146,if(mx.managers.SystemManager.forms[_loc1_]._visible == true)
mx.managers.OverlappedWindows,mx.managers.SystemManager,reference,,__Packages/mx/managers/OverlappedWindows.as,148,_loc2_ = mx.managers.SystemManager.forms[_loc1_];
mx.managers.OverlappedWindows,mx.managers.SystemManager,reference,,__Packages/mx/managers/OverlappedWindows.as,152,_loc5_ = mx.managers.SystemManager.form;
mx.managers.OverlappedWindows,mx.managers.SystemManager,reference,,__Packages/mx/managers/OverlappedWindows.as,159,mx.managers.SystemManager.forms.push(f);
mx.managers.OverlappedWindows,mx.managers.SystemManager,qualified-call,activate,__Packages/mx/managers/OverlappedWindows.as,160,mx.managers.SystemManager.activate(f);
mx.managers.OverlappedWindows,mx.managers.SystemManager,reference,,__Packages/mx/managers/OverlappedWindows.as,164,var _loc3_ = mx.managers.SystemManager.forms.length;
mx.managers.OverlappedWindows,mx.managers.SystemManager,reference,,__Packages/mx/managers/OverlappedWindows.as,169,if(mx.managers.SystemManager.forms[_loc1_] == f)
mx.managers.OverlappedWindows,mx.managers.SystemManager,reference,,__Packages/mx/managers/OverlappedWindows.as,171,if(mx.managers.SystemManager.form == f)
mx.managers.OverlappedWindows,mx.managers.SystemManager,qualified-call,deactivate,__Packages/mx/managers/OverlappedWindows.as,173,mx.managers.SystemManager.deactivate(f);
mx.managers.OverlappedWindows,mx.managers.SystemManager,reference,,__Packages/mx/managers/OverlappedWindows.as,175,"mx.managers.SystemManager.forms.splice(_loc1_,1);"
mx.managers.OverlappedWindows,mx.managers.SystemManager,reference,,__Packages/mx/managers/OverlappedWindows.as,186,mx.managers.SystemManager.checkIdle = mx.managers.OverlappedWindows.checkIdle;
mx.managers.OverlappedWindows,mx.managers.SystemManager,reference,,__Packages/mx/managers/OverlappedWindows.as,187,mx.managers.SystemManager.__addEventListener = mx.managers.OverlappedWindows.__addEventListener;
mx.managers.OverlappedWindows,mx.managers.SystemManager,reference,,__Packages/mx/managers/OverlappedWindows.as,188,mx.managers.SystemManager.__removeEventListener = mx.managers.OverlappedWindows.__removeEventListener;
mx.managers.OverlappedWindows,mx.managers.SystemManager,reference,,__Packages/mx/managers/OverlappedWindows.as,189,mx.managers.SystemManager.onMouseDown = mx.managers.OverlappedWindows.onMouseDown;
mx.managers.OverlappedWindows,mx.managers.SystemManager,reference,,__Packages/mx/managers/OverlappedWindows.as,190,mx.managers.SystemManager.onMouseMove = mx.managers.OverlappedWindows.onMouseMove;
mx.managers.OverlappedWindows,mx.managers.SystemManager,reference,,__Packages/mx/managers/OverlappedWindows.as,191,mx.managers.SystemManager.onMouseUp = mx.managers.OverlappedWindows.onMouseUp;
mx.managers.OverlappedWindows,mx.managers.SystemManager,reference,,__Packages/mx/managers/OverlappedWindows.as,192,mx.managers.SystemManager.activate = mx.managers.OverlappedWindows.activate;
mx.managers.OverlappedWindows,mx.managers.SystemManager,reference,,__Packages/mx/managers/OverlappedWindows.as,193,mx.managers.SystemManager.deactivate = mx.managers.OverlappedWindows.deactivate;
mx.managers.OverlappedWindows,mx.managers.SystemManager,reference,,__Packages/mx/managers/OverlappedWindows.as,194,mx.managers.SystemManager.addFocusManager = mx.managers.OverlappedWindows.addFocusManager;
mx.managers.OverlappedWindows,mx.managers.SystemManager,reference,,__Packages/mx/managers/OverlappedWindows.as,195,mx.managers.SystemManager.removeFocusManager = mx.managers.OverlappedWindows.removeFocusManager;
mx.managers.SystemManager,mx.events.EventDispatcher,qualified-call,initialize,__Packages/mx/managers/SystemManager.as,32,mx.events.EventDispatcher.initialize(mx.managers.SystemManager);
mx.skins.halo.Defaults,mx.styles.CSSStyleDeclaration,reference,,__Packages/mx/skins/halo/Defaults.as,12,static var CSSStyleDeclarationDependency = mx.styles.CSSStyleDeclaration;
mx.skins.halo.Defaults,mx.core.ext.UIObjectExtensions,reference,,__Packages/mx/skins/halo/Defaults.as,13,static var UIObjectExtensionsDependency = mx.core.ext.UIObjectExtensions;
mx.skins.halo.Defaults,mx.core.UIObject,reference,,__Packages/mx/skins/halo/Defaults.as,14,static var UIObjectDependency = mx.core.UIObject;
mx.skins.halo.Defaults,mx.styles.CSSStyleDeclaration,constructor,,__Packages/mx/skins/halo/Defaults.as,59,_loc2_ = _global.styles.ScrollSelectList = new mx.styles.CSSStyleDeclaration();
mx.skins.halo.Defaults,mx.styles.CSSStyleDeclaration,constructor,,__Packages/mx/skins/halo/Defaults.as,63,_loc2_ = _global.styles.ComboBox = new mx.styles.CSSStyleDeclaration();
mx.skins.halo.Defaults,mx.styles.CSSStyleDeclaration,constructor,,__Packages/mx/skins/halo/Defaults.as,65,_loc2_ = _global.styles.NumericStepper = new mx.styles.CSSStyleDeclaration();
mx.skins.halo.Defaults,mx.styles.CSSStyleDeclaration,constructor,,__Packages/mx/skins/halo/Defaults.as,67,_loc2_ = _global.styles.RectBorder = new mx.styles.CSSStyleDeclaration();
mx.skins.halo.Defaults,mx.core.UIComponent,reference,,__Packages/mx/skins/halo/Defaults.as,81,mx.core.UIComponent.prototype.origBorderStyles = _loc4_;
mx.skins.halo.Defaults,mx.styles.CSSStyleDeclaration,constructor,,__Packages/mx/skins/halo/Defaults.as,83,_loc3_ = _global.styles.TextInput = new mx.styles.CSSStyleDeclaration();
mx.skins.halo.Defaults,mx.styles.CSSStyleDeclaration,constructor,,__Packages/mx/skins/halo/Defaults.as,87,_loc3_ = _global.styles.Window = new mx.styles.CSSStyleDeclaration();
mx.skins.halo.Defaults,mx.styles.CSSStyleDeclaration,constructor,,__Packages/mx/skins/halo/Defaults.as,89,_loc3_ = _global.styles.windowStyles = new mx.styles.CSSStyleDeclaration();
mx.skins.halo.Defaults,mx.styles.CSSStyleDeclaration,constructor,,__Packages/mx/skins/halo/Defaults.as,91,_loc3_ = _global.styles.dataGridStyles = new mx.styles.CSSStyleDeclaration();
mx.skins.halo.Defaults,mx.styles.CSSStyleDeclaration,constructor,,__Packages/mx/skins/halo/Defaults.as,93,_loc3_ = _global.styles.Alert = new mx.styles.CSSStyleDeclaration();
mx.skins.halo.Defaults,mx.styles.CSSStyleDeclaration,constructor,,__Packages/mx/skins/halo/Defaults.as,95,_loc3_ = _global.styles.ScrollView = new mx.styles.CSSStyleDeclaration();
mx.skins.halo.Defaults,mx.styles.CSSStyleDeclaration,constructor,,__Packages/mx/skins/halo/Defaults.as,97,_loc3_ = _global.styles.View = new mx.styles.CSSStyleDeclaration();
mx.skins.halo.Defaults,mx.styles.CSSStyleDeclaration,constructor,,__Packages/mx/skins/halo/Defaults.as,99,_loc3_ = _global.styles.ProgressBar = new mx.styles.CSSStyleDeclaration();
mx.skins.halo.Defaults,mx.styles.CSSStyleDeclaration,constructor,,__Packages/mx/skins/halo/Defaults.as,102,_loc3_ = _global.styles.AccordionHeader = new mx.styles.CSSStyleDeclaration();
mx.skins.halo.Defaults,mx.styles.CSSStyleDeclaration,constructor,,__Packages/mx/skins/halo/Defaults.as,105,_loc3_ = _global.styles.Accordion = new mx.styles.CSSStyleDeclaration();
mx.skins.halo.Defaults,mx.styles.CSSStyleDeclaration,constructor,,__Packages/mx/skins/halo/Defaults.as,112,_loc3_ = _global.styles.DateChooser = new mx.styles.CSSStyleDeclaration();
mx.skins.halo.Defaults,mx.styles.CSSStyleDeclaration,constructor,,__Packages/mx/skins/halo/Defaults.as,115,_loc3_ = _global.styles.CalendarLayout = new mx.styles.CSSStyleDeclaration();
mx.skins.halo.Defaults,mx.styles.CSSStyleDeclaration,constructor,,__Packages/mx/skins/halo/Defaults.as,119,_loc3_ = _global.styles.WeekDayStyle = new mx.styles.CSSStyleDeclaration();
mx.skins.halo.Defaults,mx.styles.CSSStyleDeclaration,constructor,,__Packages/mx/skins/halo/Defaults.as,124,_loc3_ = _global.styles.TodayStyle = new mx.styles.CSSStyleDeclaration();
mx.skins.halo.Defaults,mx.styles.CSSStyleDeclaration,constructor,,__Packages/mx/skins/halo/Defaults.as,126,_loc3_ = _global.styles.HeaderDateText = new mx.styles.CSSStyleDeclaration();
mx.skins.halo.Defaults,mx.core.ext.UIObjectExtensions,qualified-call,Extensions,__Packages/mx/skins/halo/Defaults.as,220,mx.core.ext.UIObjectExtensions.Extensions();
mx.skins.halo.Defaults,mx.core.UIObject,reference,,__Packages/mx/skins/halo/Defaults.as,222,mx.core.UIObject.prototype.drawRoundRect = mx.skins.halo.Defaults.prototype.drawRoundRect;
mx.skins.halo.FocusRect,mx.skins.SkinElement,inheritance,,__Packages/mx/skins/halo/FocusRect.as,3,class mx.skins.halo.FocusRect extends mx.skins.SkinElement
mx.skins.halo.FocusRect,mx.skins.halo.Defaults,reference,,__Packages/mx/skins/halo/FocusRect.as,23,static var DefaultsDependency = mx.skins.halo.Defaults;
mx.skins.halo.FocusRect,mx.core.UIComponent,reference,,__Packages/mx/skins/halo/FocusRect.as,24,static var UIComponentDependency = mx.core.UIComponent;
mx.skins.halo.FocusRect,mx.core.UIComponent,reference,,__Packages/mx/skins/halo/FocusRect.as,110,mx.core.UIComponent.prototype.drawFocus = function(focused)
mx.skins.halo.FocusRect,mx.managers.DepthManager,reference,,__Packages/mx/skins/halo/FocusRect.as,124,"_loc2_ = this._parent.createChildAtDepth(""FocusRect"",mx.managers.DepthManager.kTop);"
mx.skins.halo.FocusRect,mx.core.UIComponent,reference,,__Packages/mx/skins/halo/FocusRect.as,142,mx.core.UIComponent.prototype.adjustFocusRect = function()
mx.skins.halo.FocusRect,mx.core.UIComponent,reference,,__Packages/mx/skins/halo/FocusRect.as,153,TextField.prototype.drawFocus = mx.core.UIComponent.prototype.drawFocus;
mx.skins.halo.FocusRect,mx.core.UIComponent,reference,,__Packages/mx/skins/halo/FocusRect.as,154,TextField.prototype.adjustFocusRect = mx.core.UIComponent.prototype.adjustFocusRect;
mx.skins.halo.FocusRect,mx.skins.halo.Defaults,reference,,__Packages/mx/skins/halo/FocusRect.as,155,mx.skins.halo.FocusRect.prototype.drawRoundRect = mx.skins.halo.Defaults.prototype.drawRoundRect;
mx.styles.CSSSetStyle,mx.styles.CSSStyleDeclaration,reference,,__Packages/mx/styles/CSSSetStyle.as,11,static var CSSStyleDeclarationDependency = mx.styles.CSSStyleDeclaration;
mx.styles.CSSSetStyle,mx.styles.StyleManager,reference,,__Packages/mx/styles/CSSSetStyle.as,18,if(mx.styles.StyleManager.TextStyleMap[styleProp] != undefined)
mx.styles.CSSSetStyle,mx.styles.StyleManager,qualified-call,getColorName,__Packages/mx/styles/CSSSetStyle.as,24,newValue = mx.styles.StyleManager.getColorName(newValue);
mx.styles.CSSSetStyle,mx.styles.StyleManager,qualified-call,isColorStyle,__Packages/mx/styles/CSSSetStyle.as,42,if(mx.styles.StyleManager.isColorStyle(styleProp))
mx.styles.CSSSetStyle,mx.styles.StyleManager,qualified-call,getColorName,__Packages/mx/styles/CSSSetStyle.as,46,newValue = mx.styles.StyleManager.getColorName(newValue);
mx.styles.CSSSetStyle,mx.styles.StyleManager,reference,,__Packages/mx/styles/CSSSetStyle.as,55,_loc7_ = mx.styles.StyleManager.colorNames.haloBlue;
mx.styles.CSSSetStyle,mx.styles.StyleManager,reference,,__Packages/mx/styles/CSSSetStyle.as,56,_loc6_ = mx.styles.StyleManager.colorNames.haloGreen;
mx.styles.CSSSetStyle,mx.styles.StyleManager,reference,,__Packages/mx/styles/CSSSetStyle.as,57,_loc8_ = mx.styles.StyleManager.colorNames.haloOrange;
mx.styles.CSSSetStyle,mx.styles.StyleManager,qualified-call,getColorName,__Packages/mx/styles/CSSSetStyle.as,85,newValue = mx.styles.StyleManager.getColorName(newValue);
mx.styles.CSSSetStyle,mx.styles.StyleManager,qualified-call,isColorStyle,__Packages/mx/styles/CSSSetStyle.as,214,if(mx.styles.StyleManager.isColorStyle(styleProp))
mx.styles.CSSSetStyle,mx.styles.StyleManager,qualified-call,getColorName,__Packages/mx/styles/CSSSetStyle.as,218,newValue = mx.styles.StyleManager.getColorName(newValue);
mx.styles.CSSSetStyle,mx.styles.StyleManager,reference,,__Packages/mx/styles/CSSSetStyle.as,227,_loc10_ = mx.styles.StyleManager.colorNames.haloBlue;
mx.styles.CSSSetStyle,mx.styles.StyleManager,reference,,__Packages/mx/styles/CSSSetStyle.as,228,_loc9_ = mx.styles.StyleManager.colorNames.haloGreen;
mx.styles.CSSSetStyle,mx.styles.StyleManager,reference,,__Packages/mx/styles/CSSSetStyle.as,229,_loc11_ = mx.styles.StyleManager.colorNames.haloOrange;
mx.styles.CSSSetStyle,mx.styles.StyleManager,qualified-call,getColorName,__Packages/mx/styles/CSSSetStyle.as,275,newValue = mx.styles.StyleManager.getColorName(newValue);
mx.styles.CSSSetStyle,mx.styles.StyleManager,qualified-call,isInheritingStyle,__Packages/mx/styles/CSSSetStyle.as,286,"if(mx.styles.StyleManager.isInheritingStyle(styleProp) || styleProp == ""styleName"")"
mx.styles.CSSSetStyle,mx.styles.CSSStyleDeclaration,reference,,__Packages/mx/styles/CSSSetStyle.as,308,mx.styles.CSSStyleDeclaration.prototype.setStyle = _loc3_._setStyle;
mx.styles.CSSStyleDeclaration,mx.styles.CSSTextStyles,reference,,__Packages/mx/styles/CSSStyleDeclaration.as,7,static var CSSTextStylesDependency = mx.styles.CSSTextStyles;
mx.styles.CSSStyleDeclaration,mx.styles.StyleManager,reference,,__Packages/mx/styles/CSSStyleDeclaration.as,18,for(_loc2_ in mx.styles.StyleManager.TextFormatStyleProps)
mx.styles.CSSStyleDeclaration,mx.styles.StyleManager,reference,,__Packages/mx/styles/CSSStyleDeclaration.as,20,if(bAll || mx.styles.StyleManager.TextFormatStyleProps[_loc2_])
mx.styles.CSSStyleDeclaration,mx.styles.StyleManager,qualified-call,getColorName,__Packages/mx/styles/CSSStyleDeclaration.as,46,var _loc3_ = mx.styles.StyleManager.getColorName(_loc2_);
mx.styles.CSSStyleDeclaration,mx.styles.CSSTextStyles,qualified-call,addTextStyles,__Packages/mx/styles/CSSStyleDeclaration.as,51,"mx.styles.CSSTextStyles.addTextStyles(mx.styles.CSSStyleDeclaration.prototype,true);"
NitromeGame,com.nitrome.util.MD5,constructor,,__Packages/NitromeGame.as,80,var _loc3_ = new com.nitrome.util.MD5();
PirateFont,mx.core.UIComponent,inheritance,,__Packages/PirateFont.as,3,class PirateFont extends mx.core.UIComponent
DangleFont.as,DangleFont,reference,,DangleFont.as,3,"Object.registerClass(""DangleFont"",DangleFont);"
DoInitAction.as,mx.managers.FocusManager,reference,,DoInitAction.as,3,"Object.registerClass(""FocusManager"",mx.managers.FocusManager);"
DoInitAction.as,mx.managers.FocusManager,reference,,DoInitAction.as,6,"_root.createClassObject(mx.managers.FocusManager,""focusManager"",mx.managers.DepthManager.highestDepth--);"
DoInitAction.as,mx.managers.DepthManager,reference,,DoInitAction.as,6,"_root.createClassObject(mx.managers.FocusManager,""focusManager"",mx.managers.DepthManager.highestDepth--);"
frame_121/DoAction.as,com.nitrome.throwgame.Controller,qualified-call,startGame,frame_121/DoAction.as,2,"com.nitrome.throwgame.Controller.startGame(this,raw);"
frame_2/DoAction.as,NitromeGame,constructor,,frame_2/DoAction.as,140,_root.ng = new NitromeGame();
PirateFont.as,PirateFont,reference,,PirateFont.as,3,"Object.registerClass(""PirateFont"",PirateFont);"
