parent_symbol_id,frame,tag_type,depth,child_symbol_id,move,matrix_original,instance_name
4,1,PlaceObject2Tag,1,3,false,"{""hasRotate"": ""false"", ""hasScale"": ""true"", ""nRotateBits"": ""0"", ""nScaleBits"": ""25"", ""nTranslateBits"": ""17"", ""scaleX"": ""128.0"", ""scaleY"": ""7.0"", ""translateX"": ""35840"", ""translateY"": ""0"", ""type"": ""MATRIX""}",
9,1,PlaceObject2Tag,1,8,false,"{""hasRotate"": ""false"", ""hasScale"": ""false"", ""nRotateBits"": ""0"", ""nScaleBits"": ""0"", ""nTranslateBits"": ""0"", ""translateX"": ""0"", ""translateY"": ""0"", ""type"": ""MATRIX""}",
12,1,PlaceObject2Tag,1,11,false,"{""hasRotate"": ""false"", ""hasScale"": ""false"", ""nRotateBits"": ""0"", ""nScaleBits"": ""0"", ""nTranslateBits"": ""0"", ""translateX"": ""0"", ""translateY"": ""0"", ""type"": ""MATRIX""}",
15,1,PlaceObject2Tag,1,14,false,"{""hasRotate"": ""false"", ""hasScale"": ""false"", ""nRotateBits"": ""0"", ""nScaleBits"": ""0"", ""nTranslateBits"": ""0"", ""translateX"": ""0"", ""translateY"": ""0"", ""type"": ""MATRIX""}",
18,1,PlaceObject2Tag,1,17,false,"{""hasRotate"": ""false"", ""hasScale"": ""false"", ""nRotateBits"": ""0"", ""nScaleBits"": ""0"", ""nTranslateBits"": ""0"", ""translateX"": ""0"", ""translateY"": ""0"", ""type"": ""MATRIX""}",
21,1,PlaceObject2Tag,1,20,false,"{""hasRotate"": ""false"", ""hasScale"": ""false"", ""nRotateBits"": ""0"", ""nScaleBits"": ""0"", ""nTranslateBits"": ""0"", ""translateX"": ""0"", ""translateY"": ""0"", ""type"": ""MATRIX""}",
24,1,PlaceObject2Tag,1,23,false,"{""hasRotate"": ""false"", ""hasScale"": ""false"", ""nRotateBits"": ""0"", ""nScaleBits"": ""0"", ""nTranslateBits"": ""0"", ""translateX"": ""0"", ""translateY"": ""0"", ""type"": ""MATRIX""}",
27,1,PlaceObject2Tag,1,26,false,"{""hasRotate"": ""false"", ""hasScale"": ""false"", ""nRotateBits"": ""0"", ""nScaleBits"": ""0"", ""nTranslateBits"": ""0"", ""translateX"": ""0"", ""translateY"": ""0"", ""type"": ""MATRIX""}",
30,1,PlaceObject2Tag,1,29,false,"{""hasRotate"": ""false"", ""hasScale"": ""false"", ""nRotateBits"": ""0"", ""nScaleBits"": ""0"", ""nTranslateBits"": ""0"", ""translateX"": ""0"", ""translateY"": ""0"", ""type"": ""MATRIX""}",
33,1,PlaceObject2Tag,1,32,false,"{""hasRotate"": ""false"", ""hasScale"": ""false"", ""nRotateBits"": ""0"", ""nScaleBits"": ""0"", ""nTranslateBits"": ""0"", ""translateX"": ""0"", ""translateY"": ""0"", ""type"": ""MATRIX""}",
36,1,PlaceObject2Tag,1,35,false,"{""hasRotate"": ""false"", ""hasScale"": ""false"", ""nRotateBits"": ""0"", ""nScaleBits"": ""0"", ""nTranslateBits"": ""0"", ""translateX"": ""0"", ""translateY"": ""0"", ""type"": ""MATRIX""}",
39,1,PlaceObject2Tag,1,38,false,"{""hasRotate"": ""false"", ""hasScale"": ""false"", ""nRotateBits"": ""0"", ""nScaleBits"": ""0"", ""nTranslateBits"": ""0"", ""translateX"": ""0"", ""translateY"": ""0"", ""type"": ""MATRIX""}",
42,1,PlaceObject2Tag,1,41,false,"{""hasRotate"": ""false"", ""hasScale"": ""false"", ""nRotateBits"": ""0"", ""nScaleBits"": ""0"", ""nTranslateBits"": ""0"", ""translateX"": ""0"", ""translateY"": ""0"", ""type"": ""MATRIX""}",
45,1,PlaceObject2Tag,1,44,false,"{""hasRotate"": ""false"", ""hasScale"": ""false"", ""nRotateBits"": ""0"", ""nScaleBits"": ""0"", ""nTranslateBits"": ""0"", ""translateX"": ""0"", ""translateY"": ""0"", ""type"": ""MATRIX""}",
48,1,PlaceObject2Tag,1,47,false,"{""hasRotate"": ""false"", ""hasScale"": ""false"", ""nRotateBits"": ""0"", ""nScaleBits"": ""0"", ""nTranslateBits"": ""0"", ""translateX"": ""0"", ""translateY"": ""0"", ""type"": ""MATRIX""}",
51,1,PlaceObject2Tag,1,50,false,"{""hasRotate"": ""false"", ""hasScale"": ""false"", ""nRotateBits"": ""0"", ""nScaleBits"": ""0"", ""nTranslateBits"": ""0"", ""translateX"": ""0"", ""translateY"": ""0"", ""type"": ""MATRIX""}",
54,1,PlaceObject2Tag,1,53,false,"{""hasRotate"": ""false"", ""hasScale"": ""false"", ""nRotateBits"": ""0"", ""nScaleBits"": ""0"", ""nTranslateBits"": ""0"", ""translateX"": ""0"", ""translateY"": ""0"", ""type"": ""MATRIX""}",
57,1,PlaceObject2Tag,1,56,false,"{""hasRotate"": ""false"", ""hasScale"": ""false"", ""nRotateBits"": ""0"", ""nScaleBits"": ""0"", ""nTranslateBits"": ""0"", ""translateX"": ""0"", ""translateY"": ""0"", ""type"": ""MATRIX""}",
60,1,PlaceObject2Tag,1,59,false,"{""hasRotate"": ""false"", ""hasScale"": ""false"", ""nRotateBits"": ""0"", ""nScaleBits"": ""0"", ""nTranslateBits"": ""0"", ""translateX"": ""0"", ""translateY"": ""0"", ""type"": ""MATRIX""}",
63,1,PlaceObject2Tag,1,62,false,"{""hasRotate"": ""false"", ""hasScale"": ""false"", ""nRotateBits"": ""0"", ""nScaleBits"": ""0"", ""nTranslateBits"": ""0"", ""translateX"": ""0"", ""translateY"": ""0"", ""type"": ""MATRIX""}",
66,1,PlaceObject2Tag,1,65,false,"{""hasRotate"": ""false"", ""hasScale"": ""false"", ""nRotateBits"": ""0"", ""nScaleBits"": ""0"", ""nTranslateBits"": ""0"", ""translateX"": ""0"", ""translateY"": ""0"", ""type"": ""MATRIX""}",
69,1,PlaceObject2Tag,1,68,false,"{""hasRotate"": ""false"", ""hasScale"": ""false"", ""nRotateBits"": ""0"", ""nScaleBits"": ""0"", ""nTranslateBits"": ""0"", ""translateX"": ""0"", ""translateY"": ""0"", ""type"": ""MATRIX""}",
72,1,PlaceObject2Tag,1,71,false,"{""hasRotate"": ""false"", ""hasScale"": ""false"", ""nRotateBits"": ""0"", ""nScaleBits"": ""0"", ""nTranslateBits"": ""0"", ""translateX"": ""0"", ""translateY"": ""0"", ""type"": ""MATRIX""}",
75,1,PlaceObject2Tag,1,74,false,"{""hasRotate"": ""false"", ""hasScale"": ""false"", ""nRotateBits"": ""0"", ""nScaleBits"": ""0"", ""nTranslateBits"": ""0"", ""translateX"": ""0"", ""translateY"": ""0"", ""type"": ""MATRIX""}",
78,1,PlaceObject2Tag,1,77,false,"{""hasRotate"": ""false"", ""hasScale"": ""false"", ""nRotateBits"": ""0"", ""nScaleBits"": ""0"", ""nTranslateBits"": ""0"", ""translateX"": ""0"", ""translateY"": ""0"", ""type"": ""MATRIX""}",
81,1,PlaceObject2Tag,1,80,false,"{""hasRotate"": ""false"", ""hasScale"": ""false"", ""nRotateBits"": ""0"", ""nScaleBits"": ""0"", ""nTranslateBits"": ""0"", ""translateX"": ""0"", ""translateY"": ""0"", ""type"": ""MATRIX""}",
84,1,PlaceObject2Tag,1,83,false,"{""hasRotate"": ""false"", ""hasScale"": ""false"", ""nRotateBits"": ""0"", ""nScaleBits"": ""0"", ""nTranslateBits"": ""0"", ""translateX"": ""0"", ""translateY"": ""0"", ""type"": ""MATRIX""}",
85,1,PlaceObject2Tag,1,11,false,"{""hasRotate"": ""false"", ""hasScale"": ""false"", ""nRotateBits"": ""0"", ""nScaleBits"": ""0"", ""nTranslateBits"": ""0"", ""translateX"": ""0"", ""translateY"": ""0"", ""type"": ""MATRIX""}",
88,1,PlaceObject2Tag,1,87,false,"{""hasRotate"": ""false"", ""hasScale"": ""false"", ""nRotateBits"": ""0"", ""nScaleBits"": ""0"", ""nTranslateBits"": ""0"", ""translateX"": ""0"", ""translateY"": ""0"", ""type"": ""MATRIX""}",
92,1,PlaceObject2Tag,1,90,false,"{""hasRotate"": ""false"", ""hasScale"": ""false"", ""nRotateBits"": ""0"", ""nScaleBits"": ""0"", ""nTranslateBits"": ""0"", ""translateX"": ""0"", ""translateY"": ""0"", ""type"": ""MATRIX""}",
92,1,PlaceObject2Tag,2,91,false,"{""hasRotate"": ""false"", ""hasScale"": ""false"", ""nRotateBits"": ""0"", ""nScaleBits"": ""0"", ""nTranslateBits"": ""9"", ""translateX"": ""160"", ""translateY"": ""0"", ""type"": ""MATRIX""}",kerning
95,1,PlaceObject2Tag,1,94,false,"{""hasRotate"": ""false"", ""hasScale"": ""false"", ""nRotateBits"": ""0"", ""nScaleBits"": ""0"", ""nTranslateBits"": ""0"", ""translateX"": ""0"", ""translateY"": ""0"", ""type"": ""MATRIX""}",
98,1,PlaceObject2Tag,1,97,false,"{""hasRotate"": ""false"", ""hasScale"": ""false"", ""nRotateBits"": ""0"", ""nScaleBits"": ""0"", ""nTranslateBits"": ""0"", ""translateX"": ""0"", ""translateY"": ""0"", ""type"": ""MATRIX""}",
101,1,PlaceObject2Tag,1,100,false,"{""hasRotate"": ""false"", ""hasScale"": ""false"", ""nRotateBits"": ""0"", ""nScaleBits"": ""0"", ""nTranslateBits"": ""0"", ""translateX"": ""0"", ""translateY"": ""0"", ""type"": ""MATRIX""}",
104,1,PlaceObject2Tag,1,103,false,"{""hasRotate"": ""false"", ""hasScale"": ""false"", ""nRotateBits"": ""0"", ""nScaleBits"": ""0"", ""nTranslateBits"": ""0"", ""translateX"": ""0"", ""translateY"": ""0"", ""type"": ""MATRIX""}",
107,1,PlaceObject2Tag,1,106,false,"{""hasRotate"": ""false"", ""hasScale"": ""false"", ""nRotateBits"": ""0"", ""nScaleBits"": ""0"", ""nTranslateBits"": ""0"", ""translateX"": ""0"", ""translateY"": ""0"", ""type"": ""MATRIX""}",
110,1,PlaceObject2Tag,1,109,false,"{""hasRotate"": ""false"", ""hasScale"": ""false"", ""nRotateBits"": ""0"", ""nScaleBits"": ""0"", ""nTranslateBits"": ""0"", ""translateX"": ""0"", ""translateY"": ""0"", ""type"": ""MATRIX""}",
113,1,PlaceObject2Tag,1,112,false,"{""hasRotate"": ""false"", ""hasScale"": ""false"", ""nRotateBits"": ""0"", ""nScaleBits"": ""0"", ""nTranslateBits"": ""0"", ""translateX"": ""0"", ""translateY"": ""0"", ""type"": ""MATRIX""}",
116,1,PlaceObject2Tag,1,115,false,"{""hasRotate"": ""false"", ""hasScale"": ""false"", ""nRotateBits"": ""0"", ""nScaleBits"": ""0"", ""nTranslateBits"": ""0"", ""translateX"": ""0"", ""translateY"": ""0"", ""type"": ""MATRIX""}",
119,1,PlaceObject2Tag,1,118,false,"{""hasRotate"": ""false"", ""hasScale"": ""false"", ""nRotateBits"": ""0"", ""nScaleBits"": ""0"", ""nTranslateBits"": ""0"", ""translateX"": ""0"", ""translateY"": ""0"", ""type"": ""MATRIX""}",
122,1,PlaceObject2Tag,1,121,false,"{""hasRotate"": ""false"", ""hasScale"": ""false"", ""nRotateBits"": ""0"", ""nScaleBits"": ""0"", ""nTranslateBits"": ""0"", ""translateX"": ""0"", ""translateY"": ""0"", ""type"": ""MATRIX""}",
125,1,PlaceObject2Tag,1,124,false,"{""hasRotate"": ""false"", ""hasScale"": ""false"", ""nRotateBits"": ""0"", ""nScaleBits"": ""0"", ""nTranslateBits"": ""0"", ""translateX"": ""0"", ""translateY"": ""0"", ""type"": ""MATRIX""}",
128,1,PlaceObject2Tag,1,127,false,"{""hasRotate"": ""false"", ""hasScale"": ""false"", ""nRotateBits"": ""0"", ""nScaleBits"": ""0"", ""nTranslateBits"": ""0"", ""translateX"": ""0"", ""translateY"": ""0"", ""type"": ""MATRIX""}",
131,2,PlaceObject2Tag,1,129,false,"{""hasRotate"": ""false"", ""hasScale"": ""false"", ""nRotateBits"": ""0"", ""nScaleBits"": ""0"", ""nTranslateBits"": ""9"", ""translateX"": ""217"", ""translateY"": ""97"", ""type"": ""MATRIX""}",
131,2,PlaceObject2Tag,3,130,false,"{""hasRotate"": ""false"", ""hasScale"": ""false"", ""nRotateBits"": ""0"", ""nScaleBits"": ""0"", ""nTranslateBits"": ""10"", ""translateX"": ""57"", ""translateY"": ""437"", ""type"": ""MATRIX""}",
136,1,PlaceObject2Tag,1,9,false,"{""hasRotate"": ""false"", ""hasScale"": ""false"", ""nRotateBits"": ""0"", ""nScaleBits"": ""0"", ""nTranslateBits"": ""0"", ""translateX"": ""0"", ""translateY"": ""0"", ""type"": ""MATRIX""}",boundingBox_mc
137,1,PlaceObject2Tag,1,134,false,"{""hasRotate"": ""false"", ""hasScale"": ""false"", ""nRotateBits"": ""0"", ""nScaleBits"": ""0"", ""nTranslateBits"": ""0"", ""translateX"": ""0"", ""translateY"": ""0"", ""type"": ""MATRIX""}",tabCapture
137,1,PlaceObject2Tag,3,135,false,"{""hasRotate"": ""false"", ""hasScale"": ""false"", ""nRotateBits"": ""0"", ""nScaleBits"": ""0"", ""nTranslateBits"": ""0"", ""translateX"": ""0"", ""translateY"": ""0"", ""type"": ""MATRIX""}",
137,2,PlaceObject2Tag,1,136,false,"{""hasRotate"": ""false"", ""hasScale"": ""false"", ""nRotateBits"": ""0"", ""nScaleBits"": ""0"", ""nTranslateBits"": ""12"", ""translateX"": ""1356"", ""translateY"": ""136"", ""type"": ""MATRIX""}",
137,2,PlaceObject2Tag,3,131,false,"{""hasRotate"": ""false"", ""hasScale"": ""false"", ""nRotateBits"": ""0"", ""nScaleBits"": ""0"", ""nTranslateBits"": ""8"", ""translateX"": ""77"", ""translateY"": ""57"", ""type"": ""MATRIX""}",
139,2,PlaceObject2Tag,1,131,false,"{""hasRotate"": ""false"", ""hasScale"": ""false"", ""nRotateBits"": ""0"", ""nScaleBits"": ""0"", ""nTranslateBits"": ""9"", ""translateX"": ""177"", ""translateY"": ""157"", ""type"": ""MATRIX""}",
139,2,PlaceObject2Tag,5,137,false,"{""hasRotate"": ""false"", ""hasScale"": ""false"", ""nRotateBits"": ""0"", ""nScaleBits"": ""0"", ""nTranslateBits"": ""10"", ""translateX"": ""507"", ""translateY"": ""7"", ""type"": ""MATRIX""}",
139,2,PlaceObject2Tag,9,138,false,"{""hasRotate"": ""false"", ""hasScale"": ""false"", ""nRotateBits"": ""0"", ""nScaleBits"": ""0"", ""nTranslateBits"": ""11"", ""translateX"": ""197"", ""translateY"": ""557"", ""type"": ""MATRIX""}",
142,1,PlaceObject2Tag,1,141,false,"{""hasRotate"": ""false"", ""hasScale"": ""false"", ""nRotateBits"": ""0"", ""nScaleBits"": ""0"", ""nTranslateBits"": ""0"", ""translateX"": ""0"", ""translateY"": ""0"", ""type"": ""MATRIX""}",
145,1,PlaceObject2Tag,1,144,false,"{""hasRotate"": ""false"", ""hasScale"": ""false"", ""nRotateBits"": ""0"", ""nScaleBits"": ""0"", ""nTranslateBits"": ""0"", ""translateX"": ""0"", ""translateY"": ""0"", ""type"": ""MATRIX""}",
148,1,PlaceObject2Tag,1,147,false,"{""hasRotate"": ""false"", ""hasScale"": ""false"", ""nRotateBits"": ""0"", ""nScaleBits"": ""0"", ""nTranslateBits"": ""0"", ""translateX"": ""0"", ""translateY"": ""0"", ""type"": ""MATRIX""}",
149,1,PlaceObject2Tag,1,9,false,"{""hasRotate"": ""false"", ""hasScale"": ""true"", ""nRotateBits"": ""0"", ""nScaleBits"": ""17"", ""nTranslateBits"": ""0"", ""scaleX"": ""0.5"", ""scaleY"": ""0.19999695"", ""translateX"": ""0"", ""translateY"": ""0"", ""type"": ""MATRIX""}",boundingBox_mc
149,2,PlaceObject2Tag,1,12,false,"{""hasRotate"": ""false"", ""hasScale"": ""false"", ""nRotateBits"": ""0"", ""nScaleBits"": ""0"", ""nTranslateBits"": ""13"", ""translateX"": ""-2532"", ""translateY"": ""-543"", ""type"": ""MATRIX""}",
149,2,PlaceObject2Tag,3,15,false,"{""hasRotate"": ""false"", ""hasScale"": ""false"", ""nRotateBits"": ""0"", ""nScaleBits"": ""0"", ""nTranslateBits"": ""13"", ""translateX"": ""-2212"", ""translateY"": ""-543"", ""type"": ""MATRIX""}",
149,2,PlaceObject2Tag,5,18,false,"{""hasRotate"": ""false"", ""hasScale"": ""false"", ""nRotateBits"": ""0"", ""nScaleBits"": ""0"", ""nTranslateBits"": ""12"", ""translateX"": ""-1912"", ""translateY"": ""-463"", ""type"": ""MATRIX""}",
149,2,PlaceObject2Tag,7,21,false,"{""hasRotate"": ""false"", ""hasScale"": ""false"", ""nRotateBits"": ""0"", ""nScaleBits"": ""0"", ""nTranslateBits"": ""12"", ""translateX"": ""-1533"", ""translateY"": ""-243"", ""type"": ""MATRIX""}",
149,2,PlaceObject2Tag,9,24,false,"{""hasRotate"": ""false"", ""hasScale"": ""false"", ""nRotateBits"": ""0"", ""nScaleBits"": ""0"", ""nTranslateBits"": ""12"", ""translateX"": ""-1253"", ""translateY"": ""-243"", ""type"": ""MATRIX""}",
149,2,PlaceObject2Tag,11,27,false,"{""hasRotate"": ""false"", ""hasScale"": ""false"", ""nRotateBits"": ""0"", ""nScaleBits"": ""0"", ""nTranslateBits"": ""11"", ""translateX"": ""-773"", ""translateY"": ""-163"", ""type"": ""MATRIX""}",
149,2,PlaceObject2Tag,13,30,false,"{""hasRotate"": ""false"", ""hasScale"": ""false"", ""nRotateBits"": ""0"", ""nScaleBits"": ""0"", ""nTranslateBits"": ""10"", ""translateX"": ""-373"", ""translateY"": ""-163"", ""type"": ""MATRIX""}",
149,2,PlaceObject2Tag,15,33,false,"{""hasRotate"": ""false"", ""hasScale"": ""false"", ""nRotateBits"": ""0"", ""nScaleBits"": ""0"", ""nTranslateBits"": ""9"", ""translateX"": ""247"", ""translateY"": ""-163"", ""type"": ""MATRIX""}",
149,2,PlaceObject2Tag,17,36,false,"{""hasRotate"": ""false"", ""hasScale"": ""false"", ""nRotateBits"": ""0"", ""nScaleBits"": ""0"", ""nTranslateBits"": ""11"", ""translateX"": ""727"", ""translateY"": ""-163"", ""type"": ""MATRIX""}",
149,2,PlaceObject2Tag,19,39,false,"{""hasRotate"": ""false"", ""hasScale"": ""false"", ""nRotateBits"": ""0"", ""nScaleBits"": ""0"", ""nTranslateBits"": ""12"", ""translateX"": ""1247"", ""translateY"": ""-163"", ""type"": ""MATRIX""}",
149,2,PlaceObject2Tag,21,42,false,"{""hasRotate"": ""false"", ""hasScale"": ""false"", ""nRotateBits"": ""0"", ""nScaleBits"": ""0"", ""nTranslateBits"": ""12"", ""translateX"": ""-1073"", ""translateY"": ""360"", ""type"": ""MATRIX""}",
149,2,PlaceObject2Tag,23,45,false,"{""hasRotate"": ""false"", ""hasScale"": ""false"", ""nRotateBits"": ""0"", ""nScaleBits"": ""0"", ""nTranslateBits"": ""11"", ""translateX"": ""-613"", ""translateY"": ""360"", ""type"": ""MATRIX""}",
149,2,PlaceObject2Tag,25,48,false,"{""hasRotate"": ""false"", ""hasScale"": ""false"", ""nRotateBits"": ""0"", ""nScaleBits"": ""0"", ""nTranslateBits"": ""10"", ""translateX"": ""-153"", ""translateY"": ""360"", ""type"": ""MATRIX""}",
149,2,PlaceObject2Tag,27,51,false,"{""hasRotate"": ""false"", ""hasScale"": ""false"", ""nRotateBits"": ""0"", ""nScaleBits"": ""0"", ""nTranslateBits"": ""10"", ""translateX"": ""207"", ""translateY"": ""360"", ""type"": ""MATRIX""}",
149,2,PlaceObject2Tag,29,54,false,"{""hasRotate"": ""false"", ""hasScale"": ""false"", ""nRotateBits"": ""0"", ""nScaleBits"": ""0"", ""nTranslateBits"": ""11"", ""translateX"": ""747"", ""translateY"": ""360"", ""type"": ""MATRIX""}",
149,2,PlaceObject2Tag,31,57,false,"{""hasRotate"": ""false"", ""hasScale"": ""false"", ""nRotateBits"": ""0"", ""nScaleBits"": ""0"", ""nTranslateBits"": ""12"", ""translateX"": ""1307"", ""translateY"": ""457"", ""type"": ""MATRIX""}",
149,2,PlaceObject2Tag,33,60,false,"{""hasRotate"": ""false"", ""hasScale"": ""false"", ""nRotateBits"": ""0"", ""nScaleBits"": ""0"", ""nTranslateBits"": ""12"", ""translateX"": ""-1153"", ""translateY"": ""897"", ""type"": ""MATRIX""}",
149,2,PlaceObject2Tag,35,63,false,"{""hasRotate"": ""false"", ""hasScale"": ""false"", ""nRotateBits"": ""0"", ""nScaleBits"": ""0"", ""nTranslateBits"": ""11"", ""translateX"": ""-613"", ""translateY"": ""897"", ""type"": ""MATRIX""}",
149,2,PlaceObject2Tag,37,66,false,"{""hasRotate"": ""false"", ""hasScale"": ""false"", ""nRotateBits"": ""0"", ""nScaleBits"": ""0"", ""nTranslateBits"": ""11"", ""translateX"": ""-233"", ""translateY"": ""937"", ""type"": ""MATRIX""}",
149,2,PlaceObject2Tag,39,69,false,"{""hasRotate"": ""false"", ""hasScale"": ""false"", ""nRotateBits"": ""0"", ""nScaleBits"": ""0"", ""nTranslateBits"": ""11"", ""translateX"": ""187"", ""translateY"": ""897"", ""type"": ""MATRIX""}",
149,2,PlaceObject2Tag,41,72,false,"{""hasRotate"": ""false"", ""hasScale"": ""false"", ""nRotateBits"": ""0"", ""nScaleBits"": ""0"", ""nTranslateBits"": ""11"", ""translateX"": ""587"", ""translateY"": ""897"", ""type"": ""MATRIX""}",
149,2,PlaceObject2Tag,43,75,false,"{""hasRotate"": ""false"", ""hasScale"": ""false"", ""nRotateBits"": ""0"", ""nScaleBits"": ""0"", ""nTranslateBits"": ""11"", ""translateX"": ""940"", ""translateY"": ""897"", ""type"": ""MATRIX""}",
149,2,PlaceObject2Tag,45,78,false,"{""hasRotate"": ""false"", ""hasScale"": ""false"", ""nRotateBits"": ""0"", ""nScaleBits"": ""0"", ""nTranslateBits"": ""12"", ""translateX"": ""1387"", ""translateY"": ""897"", ""type"": ""MATRIX""}",
149,2,PlaceObject2Tag,47,81,false,"{""hasRotate"": ""false"", ""hasScale"": ""false"", ""nRotateBits"": ""0"", ""nScaleBits"": ""0"", ""nTranslateBits"": ""12"", ""translateX"": ""-1153"", ""translateY"": ""1397"", ""type"": ""MATRIX""}",
149,2,PlaceObject2Tag,49,84,false,"{""hasRotate"": ""false"", ""hasScale"": ""false"", ""nRotateBits"": ""0"", ""nScaleBits"": ""0"", ""nTranslateBits"": ""12"", ""translateX"": ""-733"", ""translateY"": ""1397"", ""type"": ""MATRIX""}",
149,2,PlaceObject2Tag,51,85,false,"{""hasRotate"": ""false"", ""hasScale"": ""false"", ""nRotateBits"": ""0"", ""nScaleBits"": ""0"", ""nTranslateBits"": ""12"", ""translateX"": ""-313"", ""translateY"": ""1397"", ""type"": ""MATRIX""}",
149,2,PlaceObject2Tag,53,88,false,"{""hasRotate"": ""false"", ""hasScale"": ""false"", ""nRotateBits"": ""0"", ""nScaleBits"": ""0"", ""nTranslateBits"": ""12"", ""translateX"": ""47"", ""translateY"": ""1357"", ""type"": ""MATRIX""}",
149,2,PlaceObject2Tag,55,92,false,"{""hasRotate"": ""false"", ""hasScale"": ""false"", ""nRotateBits"": ""0"", ""nScaleBits"": ""0"", ""nTranslateBits"": ""12"", ""translateX"": ""360"", ""translateY"": ""1357"", ""type"": ""MATRIX""}",
149,2,PlaceObject2Tag,58,95,false,"{""hasRotate"": ""false"", ""hasScale"": ""false"", ""nRotateBits"": ""0"", ""nScaleBits"": ""0"", ""nTranslateBits"": ""12"", ""translateX"": ""747"", ""translateY"": ""1397"", ""type"": ""MATRIX""}",
149,2,PlaceObject2Tag,60,98,false,"{""hasRotate"": ""false"", ""hasScale"": ""false"", ""nRotateBits"": ""0"", ""nScaleBits"": ""0"", ""nTranslateBits"": ""12"", ""translateX"": ""1100"", ""translateY"": ""1457"", ""type"": ""MATRIX""}",
149,2,PlaceObject2Tag,62,101,false,"{""hasRotate"": ""false"", ""hasScale"": ""false"", ""nRotateBits"": ""0"", ""nScaleBits"": ""0"", ""nTranslateBits"": ""12"", ""translateX"": ""1447"", ""translateY"": ""1457"", ""type"": ""MATRIX""}",
149,2,PlaceObject2Tag,64,104,false,"{""hasRotate"": ""false"", ""hasScale"": ""false"", ""nRotateBits"": ""0"", ""nScaleBits"": ""0"", ""nTranslateBits"": ""12"", ""translateX"": ""-1752"", ""translateY"": ""1917"", ""type"": ""MATRIX""}",
149,2,PlaceObject2Tag,66,107,false,"{""hasRotate"": ""false"", ""hasScale"": ""false"", ""nRotateBits"": ""0"", ""nScaleBits"": ""0"", ""nTranslateBits"": ""12"", ""translateX"": ""-1333"", ""translateY"": ""1917"", ""type"": ""MATRIX""}",
149,2,PlaceObject2Tag,68,110,false,"{""hasRotate"": ""false"", ""hasScale"": ""false"", ""nRotateBits"": ""0"", ""nScaleBits"": ""0"", ""nTranslateBits"": ""12"", ""translateX"": ""-773"", ""translateY"": ""1857"", ""type"": ""MATRIX""}",
149,2,PlaceObject2Tag,70,113,false,"{""hasRotate"": ""false"", ""hasScale"": ""false"", ""nRotateBits"": ""0"", ""nScaleBits"": ""0"", ""nTranslateBits"": ""12"", ""translateX"": ""-313"", ""translateY"": ""1957"", ""type"": ""MATRIX""}",
149,2,PlaceObject2Tag,72,116,false,"{""hasRotate"": ""false"", ""hasScale"": ""false"", ""nRotateBits"": ""0"", ""nScaleBits"": ""0"", ""nTranslateBits"": ""12"", ""translateX"": ""107"", ""translateY"": ""1797"", ""type"": ""MATRIX""}",
149,2,PlaceObject2Tag,74,119,false,"{""hasRotate"": ""false"", ""hasScale"": ""false"", ""nRotateBits"": ""0"", ""nScaleBits"": ""0"", ""nTranslateBits"": ""12"", ""translateX"": ""407"", ""translateY"": ""1857"", ""type"": ""MATRIX""}",
149,2,PlaceObject2Tag,76,122,false,"{""hasRotate"": ""false"", ""hasScale"": ""false"", ""nRotateBits"": ""0"", ""nScaleBits"": ""0"", ""nTranslateBits"": ""12"", ""translateX"": ""807"", ""translateY"": ""1797"", ""type"": ""MATRIX""}",
149,2,PlaceObject2Tag,78,125,false,"{""hasRotate"": ""false"", ""hasScale"": ""false"", ""nRotateBits"": ""0"", ""nScaleBits"": ""0"", ""nTranslateBits"": ""12"", ""translateX"": ""1100"", ""translateY"": ""1857"", ""type"": ""MATRIX""}",
149,2,PlaceObject2Tag,80,128,false,"{""hasRotate"": ""false"", ""hasScale"": ""false"", ""nRotateBits"": ""0"", ""nScaleBits"": ""0"", ""nTranslateBits"": ""12"", ""translateX"": ""1387"", ""translateY"": ""1857"", ""type"": ""MATRIX""}",
149,2,PlaceObject2Tag,82,139,false,"{""hasRotate"": ""false"", ""hasScale"": ""false"", ""nRotateBits"": ""0"", ""nScaleBits"": ""0"", ""nTranslateBits"": ""12"", ""translateX"": ""1100"", ""translateY"": ""-460"", ""type"": ""MATRIX""}",
149,2,PlaceObject2Tag,92,142,false,"{""hasRotate"": ""false"", ""hasScale"": ""false"", ""nRotateBits"": ""0"", ""nScaleBits"": ""0"", ""nTranslateBits"": ""13"", ""translateX"": ""-1093"", ""translateY"": ""2372"", ""type"": ""MATRIX""}",
149,2,PlaceObject2Tag,94,145,false,"{""hasRotate"": ""false"", ""hasScale"": ""false"", ""nRotateBits"": ""0"", ""nScaleBits"": ""0"", ""nTranslateBits"": ""13"", ""translateX"": ""-573"", ""translateY"": ""2388"", ""type"": ""MATRIX""}",
149,2,PlaceObject2Tag,96,148,false,"{""hasRotate"": ""false"", ""hasScale"": ""false"", ""nRotateBits"": ""0"", ""nScaleBits"": ""0"", ""nTranslateBits"": ""13"", ""translateX"": ""-153"", ""translateY"": ""2392"", ""type"": ""MATRIX""}",
167,1,PlaceObject2Tag,1,2,false,"{""hasRotate"": ""false"", ""hasScale"": ""false"", ""nRotateBits"": ""0"", ""nScaleBits"": ""0"", ""nTranslateBits"": ""0"", ""translateX"": ""0"", ""translateY"": ""0"", ""type"": ""MATRIX""}",
167,1,PlaceObject2Tag,2,4,false,"{""hasRotate"": ""false"", ""hasScale"": ""false"", ""nRotateBits"": ""0"", ""nScaleBits"": ""0"", ""nTranslateBits"": ""12"", ""translateX"": ""-1280"", ""translateY"": ""-20"", ""type"": ""MATRIX""}",load_bar
167,1,PlaceObject2Tag,4,149,false,"{""hasRotate"": ""false"", ""hasScale"": ""false"", ""nRotateBits"": ""0"", ""nScaleBits"": ""0"", ""nTranslateBits"": ""8"", ""translateX"": ""0"", ""translateY"": ""-120"", ""type"": ""MATRIX""}",load_text
175,1,PlaceObject2Tag,10,174,false,"{""hasRotate"": ""false"", ""hasScale"": ""false"", ""nRotateBits"": ""0"", ""nScaleBits"": ""0"", ""nTranslateBits"": ""0"", ""translateX"": ""0"", ""translateY"": ""0"", ""type"": ""MATRIX""}",
178,1,PlaceObject2Tag,2,177,false,"{""hasRotate"": ""false"", ""hasScale"": ""false"", ""nRotateBits"": ""0"", ""nScaleBits"": ""0"", ""nTranslateBits"": ""0"", ""translateX"": ""0"", ""translateY"": ""0"", ""type"": ""MATRIX""}",
181,1,PlaceObject2Tag,10,180,false,"{""hasRotate"": ""false"", ""hasScale"": ""false"", ""nRotateBits"": ""0"", ""nScaleBits"": ""0"", ""nTranslateBits"": ""0"", ""translateX"": ""0"", ""translateY"": ""0"", ""type"": ""MATRIX""}",
184,1,PlaceObject2Tag,2,183,false,"{""hasRotate"": ""false"", ""hasScale"": ""false"", ""nRotateBits"": ""0"", ""nScaleBits"": ""0"", ""nTranslateBits"": ""0"", ""translateX"": ""0"", ""translateY"": ""0"", ""type"": ""MATRIX""}",
186,1,PlaceObject2Tag,1,185,false,"{""hasRotate"": ""false"", ""hasScale"": ""false"", ""nRotateBits"": ""0"", ""nScaleBits"": ""0"", ""nTranslateBits"": ""0"", ""translateX"": ""0"", ""translateY"": ""0"", ""type"": ""MATRIX""}",
187,1,PlaceObject2Tag,1,169,false,"{""hasRotate"": ""false"", ""hasScale"": ""false"", ""nRotateBits"": ""0"", ""nScaleBits"": ""0"", ""nTranslateBits"": ""0"", ""translateX"": ""0"", ""translateY"": ""0"", ""type"": ""MATRIX""}",
187,1,PlaceObject2Tag,2,175,false,"{""hasRotate"": ""false"", ""hasScale"": ""false"", ""nRotateBits"": ""0"", ""nScaleBits"": ""0"", ""nTranslateBits"": ""0"", ""translateX"": ""0"", ""translateY"": ""0"", ""type"": ""MATRIX""}",backClouds
187,1,PlaceObject2Tag,13,178,false,"{""hasRotate"": ""false"", ""hasScale"": ""true"", ""nRotateBits"": ""0"", ""nScaleBits"": ""18"", ""nTranslateBits"": ""12"", ""scaleX"": ""1.000061"", ""scaleY"": ""0.99983215"", ""translateX"": ""0"", ""translateY"": ""1060"", ""type"": ""MATRIX""}",hills
187,1,PlaceObject2Tag,16,181,false,"{""hasRotate"": ""false"", ""hasScale"": ""false"", ""nRotateBits"": ""0"", ""nScaleBits"": ""0"", ""nTranslateBits"": ""0"", ""translateX"": ""0"", ""translateY"": ""0"", ""type"": ""MATRIX""}",frontClouds
187,1,PlaceObject2Tag,27,184,false,"{""hasRotate"": ""false"", ""hasScale"": ""true"", ""nRotateBits"": ""0"", ""nScaleBits"": ""18"", ""nTranslateBits"": ""11"", ""scaleX"": ""1.0"", ""scaleY"": ""0.99967957"", ""translateX"": ""0"", ""translateY"": ""599"", ""type"": ""MATRIX""}",cloudBase
187,1,PlaceObject2Tag,30,186,false,"{""hasRotate"": ""false"", ""hasScale"": ""false"", ""nRotateBits"": ""0"", ""nScaleBits"": ""0"", ""nTranslateBits"": ""14"", ""translateX"": ""0"", ""translateY"": ""7200"", ""type"": ""MATRIX""}",waterBackground
190,1,PlaceObject2Tag,17,189,false,"{""hasRotate"": ""false"", ""hasScale"": ""false"", ""nRotateBits"": ""0"", ""nScaleBits"": ""0"", ""nTranslateBits"": ""0"", ""translateX"": ""0"", ""translateY"": ""0"", ""type"": ""MATRIX""}",
191,1,PlaceObject2Tag,1,187,false,"{""hasRotate"": ""false"", ""hasScale"": ""false"", ""nRotateBits"": ""0"", ""nScaleBits"": ""0"", ""nTranslateBits"": ""0"", ""translateX"": ""0"", ""translateY"": ""0"", ""type"": ""MATRIX""}",bg
191,1,PlaceObject2Tag,32,190,false,"{""hasRotate"": ""false"", ""hasScale"": ""false"", ""nRotateBits"": ""0"", ""nScaleBits"": ""0"", ""nTranslateBits"": ""14"", ""translateX"": ""0"", ""translateY"": ""7240"", ""type"": ""MATRIX""}",water
195,1,PlaceObject2Tag,1,194,false,"{""hasRotate"": ""false"", ""hasScale"": ""false"", ""nRotateBits"": ""0"", ""nScaleBits"": ""0"", ""nTranslateBits"": ""0"", ""translateX"": ""0"", ""translateY"": ""0"", ""type"": ""MATRIX""}",
198,1,PlaceObject2Tag,1,197,false,"{""hasRotate"": ""false"", ""hasScale"": ""false"", ""nRotateBits"": ""0"", ""nScaleBits"": ""0"", ""nTranslateBits"": ""0"", ""translateX"": ""0"", ""translateY"": ""0"", ""type"": ""MATRIX""}",
201,1,PlaceObject2Tag,1,200,false,"{""hasRotate"": ""false"", ""hasScale"": ""false"", ""nRotateBits"": ""0"", ""nScaleBits"": ""0"", ""nTranslateBits"": ""0"", ""translateX"": ""0"", ""translateY"": ""0"", ""type"": ""MATRIX""}",
204,1,PlaceObject2Tag,1,203,false,"{""hasRotate"": ""false"", ""hasScale"": ""false"", ""nRotateBits"": ""0"", ""nScaleBits"": ""0"", ""nTranslateBits"": ""0"", ""translateX"": ""0"", ""translateY"": ""0"", ""type"": ""MATRIX""}",
207,1,PlaceObject2Tag,1,206,false,"{""hasRotate"": ""false"", ""hasScale"": ""false"", ""nRotateBits"": ""0"", ""nScaleBits"": ""0"", ""nTranslateBits"": ""0"", ""translateX"": ""0"", ""translateY"": ""0"", ""type"": ""MATRIX""}",
210,1,PlaceObject2Tag,1,209,false,"{""hasRotate"": ""false"", ""hasScale"": ""false"", ""nRotateBits"": ""0"", ""nScaleBits"": ""0"", ""nTranslateBits"": ""0"", ""translateX"": ""0"", ""translateY"": ""0"", ""type"": ""MATRIX""}",
213,1,PlaceObject2Tag,1,212,false,"{""hasRotate"": ""false"", ""hasScale"": ""false"", ""nRotateBits"": ""0"", ""nScaleBits"": ""0"", ""nTranslateBits"": ""0"", ""translateX"": ""0"", ""translateY"": ""0"", ""type"": ""MATRIX""}",
216,1,PlaceObject2Tag,1,215,false,"{""hasRotate"": ""false"", ""hasScale"": ""false"", ""nRotateBits"": ""0"", ""nScaleBits"": ""0"", ""nTranslateBits"": ""0"", ""translateX"": ""0"", ""translateY"": ""0"", ""type"": ""MATRIX""}",
219,1,PlaceObject2Tag,1,218,false,"{""hasRotate"": ""false"", ""hasScale"": ""false"", ""nRotateBits"": ""0"", ""nScaleBits"": ""0"", ""nTranslateBits"": ""0"", ""translateX"": ""0"", ""translateY"": ""0"", ""type"": ""MATRIX""}",
222,1,PlaceObject2Tag,1,221,false,"{""hasRotate"": ""false"", ""hasScale"": ""false"", ""nRotateBits"": ""0"", ""nScaleBits"": ""0"", ""nTranslateBits"": ""0"", ""translateX"": ""0"", ""translateY"": ""0"", ""type"": ""MATRIX""}",
225,1,PlaceObject2Tag,1,224,false,"{""hasRotate"": ""false"", ""hasScale"": ""false"", ""nRotateBits"": ""0"", ""nScaleBits"": ""0"", ""nTranslateBits"": ""0"", ""translateX"": ""0"", ""translateY"": ""0"", ""type"": ""MATRIX""}",
228,1,PlaceObject2Tag,1,227,false,"{""hasRotate"": ""false"", ""hasScale"": ""false"", ""nRotateBits"": ""0"", ""nScaleBits"": ""0"", ""nTranslateBits"": ""0"", ""translateX"": ""0"", ""translateY"": ""0"", ""type"": ""MATRIX""}",
231,1,PlaceObject2Tag,1,230,false,"{""hasRotate"": ""false"", ""hasScale"": ""false"", ""nRotateBits"": ""0"", ""nScaleBits"": ""0"", ""nTranslateBits"": ""0"", ""translateX"": ""0"", ""translateY"": ""0"", ""type"": ""MATRIX""}",
234,1,PlaceObject2Tag,1,233,false,"{""hasRotate"": ""false"", ""hasScale"": ""false"", ""nRotateBits"": ""0"", ""nScaleBits"": ""0"", ""nTranslateBits"": ""0"", ""translateX"": ""0"", ""translateY"": ""0"", ""type"": ""MATRIX""}",
237,1,PlaceObject2Tag,1,236,false,"{""hasRotate"": ""false"", ""hasScale"": ""false"", ""nRotateBits"": ""0"", ""nScaleBits"": ""0"", ""nTranslateBits"": ""0"", ""translateX"": ""0"", ""translateY"": ""0"", ""type"": ""MATRIX""}",
240,1,PlaceObject2Tag,1,239,false,"{""hasRotate"": ""false"", ""hasScale"": ""false"", ""nRotateBits"": ""0"", ""nScaleBits"": ""0"", ""nTranslateBits"": ""0"", ""translateX"": ""0"", ""translateY"": ""0"", ""type"": ""MATRIX""}",
243,1,PlaceObject2Tag,1,242,false,"{""hasRotate"": ""false"", ""hasScale"": ""false"", ""nRotateBits"": ""0"", ""nScaleBits"": ""0"", ""nTranslateBits"": ""0"", ""translateX"": ""0"", ""translateY"": ""0"", ""type"": ""MATRIX""}",
246,1,PlaceObject2Tag,1,245,false,"{""hasRotate"": ""false"", ""hasScale"": ""false"", ""nRotateBits"": ""0"", ""nScaleBits"": ""0"", ""nTranslateBits"": ""0"", ""translateX"": ""0"", ""translateY"": ""0"", ""type"": ""MATRIX""}",
249,1,PlaceObject2Tag,1,248,false,"{""hasRotate"": ""false"", ""hasScale"": ""false"", ""nRotateBits"": ""0"", ""nScaleBits"": ""0"", ""nTranslateBits"": ""0"", ""translateX"": ""0"", ""translateY"": ""0"", ""type"": ""MATRIX""}",
252,1,PlaceObject2Tag,1,251,false,"{""hasRotate"": ""false"", ""hasScale"": ""false"", ""nRotateBits"": ""0"", ""nScaleBits"": ""0"", ""nTranslateBits"": ""0"", ""translateX"": ""0"", ""translateY"": ""0"", ""type"": ""MATRIX""}",
255,1,PlaceObject2Tag,1,254,false,"{""hasRotate"": ""false"", ""hasScale"": ""false"", ""nRotateBits"": ""0"", ""nScaleBits"": ""0"", ""nTranslateBits"": ""0"", ""translateX"": ""0"", ""translateY"": ""0"", ""type"": ""MATRIX""}",
258,1,PlaceObject2Tag,1,257,false,"{""hasRotate"": ""false"", ""hasScale"": ""false"", ""nRotateBits"": ""0"", ""nScaleBits"": ""0"", ""nTranslateBits"": ""0"", ""translateX"": ""0"", ""translateY"": ""0"", ""type"": ""MATRIX""}",
258,1,PlaceObject2Tag,2,91,false,"{""hasRotate"": ""false"", ""hasScale"": ""false"", ""nRotateBits"": ""0"", ""nScaleBits"": ""0"", ""nTranslateBits"": ""11"", ""translateX"": ""540"", ""translateY"": ""420"", ""type"": ""MATRIX""}",kerning
261,1,PlaceObject2Tag,1,260,false,"{""hasRotate"": ""false"", ""hasScale"": ""false"", ""nRotateBits"": ""0"", ""nScaleBits"": ""0"", ""nTranslateBits"": ""0"", ""translateX"": ""0"", ""translateY"": ""0"", ""type"": ""MATRIX""}",
264,1,PlaceObject2Tag,1,263,false,"{""hasRotate"": ""false"", ""hasScale"": ""false"", ""nRotateBits"": ""0"", ""nScaleBits"": ""0"", ""nTranslateBits"": ""0"", ""translateX"": ""0"", ""translateY"": ""0"", ""type"": ""MATRIX""}",
267,1,PlaceObject2Tag,1,266,false,"{""hasRotate"": ""false"", ""hasScale"": ""false"", ""nRotateBits"": ""0"", ""nScaleBits"": ""0"", ""nTranslateBits"": ""0"", ""translateX"": ""0"", ""translateY"": ""0"", ""type"": ""MATRIX""}",
267,1,PlaceObject2Tag,2,91,false,"{""hasRotate"": ""false"", ""hasScale"": ""false"", ""nRotateBits"": ""0"", ""nScaleBits"": ""0"", ""nTranslateBits"": ""11"", ""translateX"": ""560"", ""translateY"": ""420"", ""type"": ""MATRIX""}",kerning
270,1,PlaceObject2Tag,1,269,false,"{""hasRotate"": ""false"", ""hasScale"": ""false"", ""nRotateBits"": ""0"", ""nScaleBits"": ""0"", ""nTranslateBits"": ""0"", ""translateX"": ""0"", ""translateY"": ""0"", ""type"": ""MATRIX""}",
273,1,PlaceObject2Tag,1,272,false,"{""hasRotate"": ""false"", ""hasScale"": ""false"", ""nRotateBits"": ""0"", ""nScaleBits"": ""0"", ""nTranslateBits"": ""0"", ""translateX"": ""0"", ""translateY"": ""0"", ""type"": ""MATRIX""}",
276,1,PlaceObject2Tag,1,275,false,"{""hasRotate"": ""false"", ""hasScale"": ""false"", ""nRotateBits"": ""0"", ""nScaleBits"": ""0"", ""nTranslateBits"": ""0"", ""translateX"": ""0"", ""translateY"": ""0"", ""type"": ""MATRIX""}",
279,1,PlaceObject2Tag,1,278,false,"{""hasRotate"": ""false"", ""hasScale"": ""false"", ""nRotateBits"": ""0"", ""nScaleBits"": ""0"", ""nTranslateBits"": ""0"", ""translateX"": ""0"", ""translateY"": ""0"", ""type"": ""MATRIX""}",
282,1,PlaceObject2Tag,1,281,false,"{""hasRotate"": ""false"", ""hasScale"": ""false"", ""nRotateBits"": ""0"", ""nScaleBits"": ""0"", ""nTranslateBits"": ""0"", ""translateX"": ""0"", ""translateY"": ""0"", ""type"": ""MATRIX""}",
282,1,PlaceObject2Tag,2,91,false,"{""hasRotate"": ""false"", ""hasScale"": ""false"", ""nRotateBits"": ""0"", ""nScaleBits"": ""0"", ""nTranslateBits"": ""11"", ""translateX"": ""580"", ""translateY"": ""420"", ""type"": ""MATRIX""}",kerning
285,1,PlaceObject2Tag,1,284,false,"{""hasRotate"": ""false"", ""hasScale"": ""false"", ""nRotateBits"": ""0"", ""nScaleBits"": ""0"", ""nTranslateBits"": ""0"", ""translateX"": ""0"", ""translateY"": ""0"", ""type"": ""MATRIX""}",
287,1,PlaceObject2Tag,1,286,false,"{""hasRotate"": ""false"", ""hasScale"": ""false"", ""nRotateBits"": ""0"", ""nScaleBits"": ""0"", ""nTranslateBits"": ""0"", ""translateX"": ""0"", ""translateY"": ""0"", ""type"": ""MATRIX""}",
288,1,PlaceObject2Tag,1,287,false,"{""hasRotate"": ""false"", ""hasScale"": ""true"", ""nRotateBits"": ""0"", ""nScaleBits"": ""18"", ""nTranslateBits"": ""9"", ""scaleX"": ""1.6000061"", ""scaleY"": ""1.0"", ""translateX"": ""160"", ""translateY"": ""180"", ""type"": ""MATRIX""}",
291,1,PlaceObject2Tag,1,290,false,"{""hasRotate"": ""false"", ""hasScale"": ""false"", ""nRotateBits"": ""0"", ""nScaleBits"": ""0"", ""nTranslateBits"": ""0"", ""translateX"": ""0"", ""translateY"": ""0"", ""type"": ""MATRIX""}",
294,1,PlaceObject2Tag,1,293,false,"{""hasRotate"": ""false"", ""hasScale"": ""false"", ""nRotateBits"": ""0"", ""nScaleBits"": ""0"", ""nTranslateBits"": ""0"", ""translateX"": ""0"", ""translateY"": ""0"", ""type"": ""MATRIX""}",
297,1,PlaceObject2Tag,1,296,false,"{""hasRotate"": ""false"", ""hasScale"": ""false"", ""nRotateBits"": ""0"", ""nScaleBits"": ""0"", ""nTranslateBits"": ""0"", ""translateX"": ""0"", ""translateY"": ""0"", ""type"": ""MATRIX""}",
300,1,PlaceObject2Tag,1,299,false,"{""hasRotate"": ""false"", ""hasScale"": ""false"", ""nRotateBits"": ""0"", ""nScaleBits"": ""0"", ""nTranslateBits"": ""0"", ""translateX"": ""0"", ""translateY"": ""0"", ""type"": ""MATRIX""}",
303,1,PlaceObject2Tag,1,302,false,"{""hasRotate"": ""false"", ""hasScale"": ""false"", ""nRotateBits"": ""0"", ""nScaleBits"": ""0"", ""nTranslateBits"": ""0"", ""translateX"": ""0"", ""translateY"": ""0"", ""type"": ""MATRIX""}",
306,1,PlaceObject2Tag,1,305,false,"{""hasRotate"": ""false"", ""hasScale"": ""false"", ""nRotateBits"": ""0"", ""nScaleBits"": ""0"", ""nTranslateBits"": ""0"", ""translateX"": ""0"", ""translateY"": ""0"", ""type"": ""MATRIX""}",
309,1,PlaceObject2Tag,1,308,false,"{""hasRotate"": ""false"", ""hasScale"": ""false"", ""nRotateBits"": ""0"", ""nScaleBits"": ""0"", ""nTranslateBits"": ""0"", ""translateX"": ""0"", ""translateY"": ""0"", ""type"": ""MATRIX""}",
312,1,PlaceObject2Tag,1,311,false,"{""hasRotate"": ""false"", ""hasScale"": ""false"", ""nRotateBits"": ""0"", ""nScaleBits"": ""0"", ""nTranslateBits"": ""0"", ""translateX"": ""0"", ""translateY"": ""0"", ""type"": ""MATRIX""}",
315,1,PlaceObject2Tag,1,314,false,"{""hasRotate"": ""false"", ""hasScale"": ""false"", ""nRotateBits"": ""0"", ""nScaleBits"": ""0"", ""nTranslateBits"": ""0"", ""translateX"": ""0"", ""translateY"": ""0"", ""type"": ""MATRIX""}",
318,1,PlaceObject2Tag,1,317,false,"{""hasRotate"": ""false"", ""hasScale"": ""false"", ""nRotateBits"": ""0"", ""nScaleBits"": ""0"", ""nTranslateBits"": ""0"", ""translateX"": ""0"", ""translateY"": ""0"", ""type"": ""MATRIX""}",
319,1,PlaceObject2Tag,98,9,false,"{""hasRotate"": ""false"", ""hasScale"": ""true"", ""nRotateBits"": ""0"", ""nScaleBits"": ""18"", ""nTranslateBits"": ""0"", ""scaleX"": ""1.0"", ""scaleY"": ""0.13999939"", ""translateX"": ""0"", ""translateY"": ""0"", ""type"": ""MATRIX""}",boundingBox_mc
319,2,PlaceObject2Tag,1,195,false,"{""hasRotate"": ""false"", ""hasScale"": ""false"", ""nRotateBits"": ""0"", ""nScaleBits"": ""0"", ""nTranslateBits"": ""13"", ""translateX"": ""-2532"", ""translateY"": ""-543"", ""type"": ""MATRIX""}",
319,2,PlaceObject2Tag,3,198,false,"{""hasRotate"": ""false"", ""hasScale"": ""false"", ""nRotateBits"": ""0"", ""nScaleBits"": ""0"", ""nTranslateBits"": ""13"", ""translateX"": ""-2212"", ""translateY"": ""-543"", ""type"": ""MATRIX""}",
319,2,PlaceObject2Tag,5,201,false,"{""hasRotate"": ""false"", ""hasScale"": ""false"", ""nRotateBits"": ""0"", ""nScaleBits"": ""0"", ""nTranslateBits"": ""12"", ""translateX"": ""-1912"", ""translateY"": ""-463"", ""type"": ""MATRIX""}",
319,2,PlaceObject2Tag,7,204,false,"{""hasRotate"": ""false"", ""hasScale"": ""false"", ""nRotateBits"": ""0"", ""nScaleBits"": ""0"", ""nTranslateBits"": ""12"", ""translateX"": ""-1533"", ""translateY"": ""-243"", ""type"": ""MATRIX""}",
319,2,PlaceObject2Tag,9,207,false,"{""hasRotate"": ""false"", ""hasScale"": ""false"", ""nRotateBits"": ""0"", ""nScaleBits"": ""0"", ""nTranslateBits"": ""12"", ""translateX"": ""-1253"", ""translateY"": ""-243"", ""type"": ""MATRIX""}",
319,2,PlaceObject2Tag,11,210,false,"{""hasRotate"": ""false"", ""hasScale"": ""false"", ""nRotateBits"": ""0"", ""nScaleBits"": ""0"", ""nTranslateBits"": ""11"", ""translateX"": ""-773"", ""translateY"": ""-163"", ""type"": ""MATRIX""}",
319,2,PlaceObject2Tag,13,213,false,"{""hasRotate"": ""false"", ""hasScale"": ""false"", ""nRotateBits"": ""0"", ""nScaleBits"": ""0"", ""nTranslateBits"": ""10"", ""translateX"": ""-373"", ""translateY"": ""-163"", ""type"": ""MATRIX""}",
319,2,PlaceObject2Tag,15,216,false,"{""hasRotate"": ""false"", ""hasScale"": ""false"", ""nRotateBits"": ""0"", ""nScaleBits"": ""0"", ""nTranslateBits"": ""9"", ""translateX"": ""247"", ""translateY"": ""-163"", ""type"": ""MATRIX""}",
319,2,PlaceObject2Tag,17,219,false,"{""hasRotate"": ""false"", ""hasScale"": ""false"", ""nRotateBits"": ""0"", ""nScaleBits"": ""0"", ""nTranslateBits"": ""11"", ""translateX"": ""727"", ""translateY"": ""-163"", ""type"": ""MATRIX""}",
319,2,PlaceObject2Tag,19,222,false,"{""hasRotate"": ""false"", ""hasScale"": ""false"", ""nRotateBits"": ""0"", ""nScaleBits"": ""0"", ""nTranslateBits"": ""12"", ""translateX"": ""1247"", ""translateY"": ""-163"", ""type"": ""MATRIX""}",
319,2,PlaceObject2Tag,21,225,false,"{""hasRotate"": ""false"", ""hasScale"": ""false"", ""nRotateBits"": ""0"", ""nScaleBits"": ""0"", ""nTranslateBits"": ""12"", ""translateX"": ""-1073"", ""translateY"": ""360"", ""type"": ""MATRIX""}",
319,2,PlaceObject2Tag,23,228,false,"{""hasRotate"": ""false"", ""hasScale"": ""false"", ""nRotateBits"": ""0"", ""nScaleBits"": ""0"", ""nTranslateBits"": ""11"", ""translateX"": ""-613"", ""translateY"": ""360"", ""type"": ""MATRIX""}",
319,2,PlaceObject2Tag,25,231,false,"{""hasRotate"": ""false"", ""hasScale"": ""false"", ""nRotateBits"": ""0"", ""nScaleBits"": ""0"", ""nTranslateBits"": ""10"", ""translateX"": ""-153"", ""translateY"": ""360"", ""type"": ""MATRIX""}",
319,2,PlaceObject2Tag,27,234,false,"{""hasRotate"": ""false"", ""hasScale"": ""false"", ""nRotateBits"": ""0"", ""nScaleBits"": ""0"", ""nTranslateBits"": ""10"", ""translateX"": ""207"", ""translateY"": ""360"", ""type"": ""MATRIX""}",
319,2,PlaceObject2Tag,29,237,false,"{""hasRotate"": ""false"", ""hasScale"": ""false"", ""nRotateBits"": ""0"", ""nScaleBits"": ""0"", ""nTranslateBits"": ""11"", ""translateX"": ""747"", ""translateY"": ""360"", ""type"": ""MATRIX""}",
319,2,PlaceObject2Tag,31,240,false,"{""hasRotate"": ""false"", ""hasScale"": ""false"", ""nRotateBits"": ""0"", ""nScaleBits"": ""0"", ""nTranslateBits"": ""12"", ""translateX"": ""1307"", ""translateY"": ""457"", ""type"": ""MATRIX""}",
319,2,PlaceObject2Tag,33,243,false,"{""hasRotate"": ""false"", ""hasScale"": ""false"", ""nRotateBits"": ""0"", ""nScaleBits"": ""0"", ""nTranslateBits"": ""12"", ""translateX"": ""-1153"", ""translateY"": ""897"", ""type"": ""MATRIX""}",
319,2,PlaceObject2Tag,35,246,false,"{""hasRotate"": ""false"", ""hasScale"": ""false"", ""nRotateBits"": ""0"", ""nScaleBits"": ""0"", ""nTranslateBits"": ""11"", ""translateX"": ""-613"", ""translateY"": ""897"", ""type"": ""MATRIX""}",
319,2,PlaceObject2Tag,37,249,false,"{""hasRotate"": ""false"", ""hasScale"": ""false"", ""nRotateBits"": ""0"", ""nScaleBits"": ""0"", ""nTranslateBits"": ""11"", ""translateX"": ""-233"", ""translateY"": ""937"", ""type"": ""MATRIX""}",
319,2,PlaceObject2Tag,39,252,false,"{""hasRotate"": ""false"", ""hasScale"": ""false"", ""nRotateBits"": ""0"", ""nScaleBits"": ""0"", ""nTranslateBits"": ""11"", ""translateX"": ""187"", ""translateY"": ""897"", ""type"": ""MATRIX""}",
319,2,PlaceObject2Tag,41,255,false,"{""hasRotate"": ""false"", ""hasScale"": ""false"", ""nRotateBits"": ""0"", ""nScaleBits"": ""0"", ""nTranslateBits"": ""11"", ""translateX"": ""587"", ""translateY"": ""897"", ""type"": ""MATRIX""}",
319,2,PlaceObject2Tag,43,258,false,"{""hasRotate"": ""false"", ""hasScale"": ""false"", ""nRotateBits"": ""0"", ""nScaleBits"": ""0"", ""nTranslateBits"": ""11"", ""translateX"": ""940"", ""translateY"": ""897"", ""type"": ""MATRIX""}",
319,2,PlaceObject2Tag,46,261,false,"{""hasRotate"": ""false"", ""hasScale"": ""false"", ""nRotateBits"": ""0"", ""nScaleBits"": ""0"", ""nTranslateBits"": ""12"", ""translateX"": ""1387"", ""translateY"": ""897"", ""type"": ""MATRIX""}",
319,2,PlaceObject2Tag,48,264,false,"{""hasRotate"": ""false"", ""hasScale"": ""false"", ""nRotateBits"": ""0"", ""nScaleBits"": ""0"", ""nTranslateBits"": ""12"", ""translateX"": ""-1153"", ""translateY"": ""1397"", ""type"": ""MATRIX""}",
319,2,PlaceObject2Tag,50,267,false,"{""hasRotate"": ""false"", ""hasScale"": ""false"", ""nRotateBits"": ""0"", ""nScaleBits"": ""0"", ""nTranslateBits"": ""12"", ""translateX"": ""-733"", ""translateY"": ""1397"", ""type"": ""MATRIX""}",
319,2,PlaceObject2Tag,53,270,false,"{""hasRotate"": ""false"", ""hasScale"": ""false"", ""nRotateBits"": ""0"", ""nScaleBits"": ""0"", ""nTranslateBits"": ""12"", ""translateX"": ""-313"", ""translateY"": ""1397"", ""type"": ""MATRIX""}",
319,2,PlaceObject2Tag,55,273,false,"{""hasRotate"": ""false"", ""hasScale"": ""false"", ""nRotateBits"": ""0"", ""nScaleBits"": ""0"", ""nTranslateBits"": ""12"", ""translateX"": ""47"", ""translateY"": ""1357"", ""type"": ""MATRIX""}",
319,2,PlaceObject2Tag,57,276,false,"{""hasRotate"": ""false"", ""hasScale"": ""false"", ""nRotateBits"": ""0"", ""nScaleBits"": ""0"", ""nTranslateBits"": ""12"", ""translateX"": ""360"", ""translateY"": ""1357"", ""type"": ""MATRIX""}",
319,2,PlaceObject2Tag,59,279,false,"{""hasRotate"": ""false"", ""hasScale"": ""false"", ""nRotateBits"": ""0"", ""nScaleBits"": ""0"", ""nTranslateBits"": ""12"", ""translateX"": ""747"", ""translateY"": ""1397"", ""type"": ""MATRIX""}",
319,2,PlaceObject2Tag,61,282,false,"{""hasRotate"": ""false"", ""hasScale"": ""false"", ""nRotateBits"": ""0"", ""nScaleBits"": ""0"", ""nTranslateBits"": ""12"", ""translateX"": ""1100"", ""translateY"": ""1457"", ""type"": ""MATRIX""}",
319,2,PlaceObject2Tag,64,285,false,"{""hasRotate"": ""false"", ""hasScale"": ""false"", ""nRotateBits"": ""0"", ""nScaleBits"": ""0"", ""nTranslateBits"": ""12"", ""translateX"": ""1447"", ""translateY"": ""1457"", ""type"": ""MATRIX""}",
319,2,PlaceObject2Tag,66,288,false,"{""hasRotate"": ""false"", ""hasScale"": ""false"", ""nRotateBits"": ""0"", ""nScaleBits"": ""0"", ""nTranslateBits"": ""12"", ""translateX"": ""-1752"", ""translateY"": ""1917"", ""type"": ""MATRIX""}",
319,2,PlaceObject2Tag,68,291,false,"{""hasRotate"": ""false"", ""hasScale"": ""false"", ""nRotateBits"": ""0"", ""nScaleBits"": ""0"", ""nTranslateBits"": ""12"", ""translateX"": ""-1333"", ""translateY"": ""1917"", ""type"": ""MATRIX""}",
319,2,PlaceObject2Tag,70,294,false,"{""hasRotate"": ""false"", ""hasScale"": ""false"", ""nRotateBits"": ""0"", ""nScaleBits"": ""0"", ""nTranslateBits"": ""12"", ""translateX"": ""-773"", ""translateY"": ""1857"", ""type"": ""MATRIX""}",
319,2,PlaceObject2Tag,72,297,false,"{""hasRotate"": ""false"", ""hasScale"": ""false"", ""nRotateBits"": ""0"", ""nScaleBits"": ""0"", ""nTranslateBits"": ""12"", ""translateX"": ""-313"", ""translateY"": ""1957"", ""type"": ""MATRIX""}",
319,2,PlaceObject2Tag,74,300,false,"{""hasRotate"": ""false"", ""hasScale"": ""false"", ""nRotateBits"": ""0"", ""nScaleBits"": ""0"", ""nTranslateBits"": ""12"", ""translateX"": ""107"", ""translateY"": ""1797"", ""type"": ""MATRIX""}",
319,2,PlaceObject2Tag,76,303,false,"{""hasRotate"": ""false"", ""hasScale"": ""false"", ""nRotateBits"": ""0"", ""nScaleBits"": ""0"", ""nTranslateBits"": ""12"", ""translateX"": ""407"", ""translateY"": ""1857"", ""type"": ""MATRIX""}",
319,2,PlaceObject2Tag,78,306,false,"{""hasRotate"": ""false"", ""hasScale"": ""false"", ""nRotateBits"": ""0"", ""nScaleBits"": ""0"", ""nTranslateBits"": ""12"", ""translateX"": ""807"", ""translateY"": ""1797"", ""type"": ""MATRIX""}",
319,2,PlaceObject2Tag,80,309,false,"{""hasRotate"": ""false"", ""hasScale"": ""false"", ""nRotateBits"": ""0"", ""nScaleBits"": ""0"", ""nTranslateBits"": ""12"", ""translateX"": ""1100"", ""translateY"": ""1857"", ""type"": ""MATRIX""}",
319,2,PlaceObject2Tag,82,312,false,"{""hasRotate"": ""false"", ""hasScale"": ""false"", ""nRotateBits"": ""0"", ""nScaleBits"": ""0"", ""nTranslateBits"": ""12"", ""translateX"": ""1387"", ""translateY"": ""1857"", ""type"": ""MATRIX""}",
319,2,PlaceObject2Tag,84,139,false,"{""hasRotate"": ""false"", ""hasScale"": ""false"", ""nRotateBits"": ""0"", ""nScaleBits"": ""0"", ""nTranslateBits"": ""12"", ""translateX"": ""407"", ""translateY"": ""-1780"", ""type"": ""MATRIX""}",
319,2,PlaceObject2Tag,94,315,false,"{""hasRotate"": ""false"", ""hasScale"": ""false"", ""nRotateBits"": ""0"", ""nScaleBits"": ""0"", ""nTranslateBits"": ""12"", ""translateX"": ""-1769"", ""translateY"": ""1657"", ""type"": ""MATRIX""}",
319,2,PlaceObject2Tag,96,318,false,"{""hasRotate"": ""false"", ""hasScale"": ""false"", ""nRotateBits"": ""0"", ""nScaleBits"": ""0"", ""nTranslateBits"": ""12"", ""translateX"": ""-1692"", ""translateY"": ""1327"", ""type"": ""MATRIX""}",
319,2,PlaceObject2Tag,98,,true,"{""hasRotate"": ""false"", ""hasScale"": ""false"", ""nRotateBits"": ""0"", ""nScaleBits"": ""0"", ""nTranslateBits"": ""13"", ""translateX"": ""1026"", ""translateY"": ""-2853"", ""type"": ""MATRIX""}",
321,2,PlaceObject2Tag,1,320,false,"{""hasRotate"": ""false"", ""hasScale"": ""true"", ""nRotateBits"": ""0"", ""nScaleBits"": ""18"", ""nTranslateBits"": ""14"", ""scaleX"": ""0.99990845"", ""scaleY"": ""1.0"", ""translateX"": ""-5499"", ""translateY"": ""-4000"", ""type"": ""MATRIX""}",
321,3,PlaceObject2Tag,1,,true,,
321,4,PlaceObject2Tag,1,,true,,
321,5,PlaceObject2Tag,1,,true,,
321,6,PlaceObject2Tag,1,,true,,
321,7,PlaceObject2Tag,1,,true,,
321,8,PlaceObject2Tag,1,,true,,
321,9,PlaceObject2Tag,1,,true,,
321,10,PlaceObject2Tag,1,,true,,
321,11,PlaceObject2Tag,1,,true,,
321,12,PlaceObject2Tag,1,,true,,
321,13,PlaceObject2Tag,1,,true,,
321,14,PlaceObject2Tag,1,,true,,
321,15,PlaceObject2Tag,1,,true,,
321,16,PlaceObject2Tag,1,,true,,
321,17,PlaceObject2Tag,1,,true,,
321,18,PlaceObject2Tag,1,,true,,
324,1,PlaceObject2Tag,4,323,false,"{""hasRotate"": ""false"", ""hasScale"": ""false"", ""nRotateBits"": ""0"", ""nScaleBits"": ""0"", ""nTranslateBits"": ""0"", ""translateX"": ""0"", ""translateY"": ""0"", ""type"": ""MATRIX""}",
329,1,PlaceObject2Tag,1,319,false,"{""hasRotate"": ""false"", ""hasScale"": ""false"", ""nRotateBits"": ""0"", ""nScaleBits"": ""0"", ""nTranslateBits"": ""0"", ""translateX"": ""0"", ""translateY"": ""0"", ""type"": ""MATRIX""}",
330,1,PlaceObject2Tag,1,328,false,"{""hasRotate"": ""false"", ""hasScale"": ""false"", ""nRotateBits"": ""0"", ""nScaleBits"": ""0"", ""nTranslateBits"": ""0"", ""translateX"": ""0"", ""translateY"": ""0"", ""type"": ""MATRIX""}",
330,1,PlaceObject3Tag,2,329,false,"{""hasRotate"": ""false"", ""hasScale"": ""false"", ""nRotateBits"": ""0"", ""nScaleBits"": ""0"", ""nTranslateBits"": ""8"", ""translateX"": ""100"", ""translateY"": ""0"", ""type"": ""MATRIX""}",
330,10,PlaceObject2Tag,2,,true,,
332,1,PlaceObject2Tag,1,319,false,"{""hasRotate"": ""false"", ""hasScale"": ""false"", ""nRotateBits"": ""0"", ""nScaleBits"": ""0"", ""nTranslateBits"": ""8"", ""translateX"": ""-100"", ""translateY"": ""0"", ""type"": ""MATRIX""}",
333,1,PlaceObject2Tag,1,331,false,"{""hasRotate"": ""false"", ""hasScale"": ""false"", ""nRotateBits"": ""0"", ""nScaleBits"": ""0"", ""nTranslateBits"": ""0"", ""translateX"": ""0"", ""translateY"": ""0"", ""type"": ""MATRIX""}",
333,1,PlaceObject3Tag,2,332,false,"{""hasRotate"": ""false"", ""hasScale"": ""false"", ""nRotateBits"": ""0"", ""nScaleBits"": ""0"", ""nTranslateBits"": ""8"", ""translateX"": ""100"", ""translateY"": ""0"", ""type"": ""MATRIX""}",
333,10,PlaceObject2Tag,2,,true,,
334,1,PlaceObject2Tag,1,319,false,"{""hasRotate"": ""false"", ""hasScale"": ""false"", ""nRotateBits"": ""0"", ""nScaleBits"": ""0"", ""nTranslateBits"": ""0"", ""translateX"": ""0"", ""translateY"": ""0"", ""type"": ""MATRIX""}",
335,1,PlaceObject2Tag,1,328,false,"{""hasRotate"": ""false"", ""hasScale"": ""false"", ""nRotateBits"": ""0"", ""nScaleBits"": ""0"", ""nTranslateBits"": ""0"", ""translateX"": ""0"", ""translateY"": ""0"", ""type"": ""MATRIX""}",
335,1,PlaceObject3Tag,2,334,false,"{""hasRotate"": ""false"", ""hasScale"": ""false"", ""nRotateBits"": ""0"", ""nScaleBits"": ""0"", ""nTranslateBits"": ""8"", ""translateX"": ""100"", ""translateY"": ""0"", ""type"": ""MATRIX""}",
335,10,PlaceObject2Tag,2,,true,,
336,1,PlaceObject2Tag,1,319,false,"{""hasRotate"": ""false"", ""hasScale"": ""false"", ""nRotateBits"": ""0"", ""nScaleBits"": ""0"", ""nTranslateBits"": ""8"", ""translateX"": ""-100"", ""translateY"": ""0"", ""type"": ""MATRIX""}",
337,1,PlaceObject2Tag,1,328,false,"{""hasRotate"": ""false"", ""hasScale"": ""false"", ""nRotateBits"": ""0"", ""nScaleBits"": ""0"", ""nTranslateBits"": ""0"", ""translateX"": ""0"", ""translateY"": ""0"", ""type"": ""MATRIX""}",
337,1,PlaceObject3Tag,2,336,false,"{""hasRotate"": ""false"", ""hasScale"": ""false"", ""nRotateBits"": ""0"", ""nScaleBits"": ""0"", ""nTranslateBits"": ""8"", ""translateX"": ""100"", ""translateY"": ""0"", ""type"": ""MATRIX""}",
337,10,PlaceObject2Tag,2,,true,,
338,1,PlaceObject2Tag,1,319,false,"{""hasRotate"": ""false"", ""hasScale"": ""false"", ""nRotateBits"": ""0"", ""nScaleBits"": ""0"", ""nTranslateBits"": ""0"", ""translateX"": ""0"", ""translateY"": ""0"", ""type"": ""MATRIX""}",
339,1,PlaceObject2Tag,1,328,false,"{""hasRotate"": ""false"", ""hasScale"": ""false"", ""nRotateBits"": ""0"", ""nScaleBits"": ""0"", ""nTranslateBits"": ""0"", ""translateX"": ""0"", ""translateY"": ""0"", ""type"": ""MATRIX""}",
339,1,PlaceObject3Tag,2,338,false,"{""hasRotate"": ""false"", ""hasScale"": ""false"", ""nRotateBits"": ""0"", ""nScaleBits"": ""0"", ""nTranslateBits"": ""8"", ""translateX"": ""100"", ""translateY"": ""0"", ""type"": ""MATRIX""}",
339,10,PlaceObject2Tag,2,,true,,
340,1,PlaceObject2Tag,1,319,false,"{""hasRotate"": ""false"", ""hasScale"": ""false"", ""nRotateBits"": ""0"", ""nScaleBits"": ""0"", ""nTranslateBits"": ""0"", ""translateX"": ""0"", ""translateY"": ""0"", ""type"": ""MATRIX""}",
341,1,PlaceObject2Tag,1,328,false,"{""hasRotate"": ""false"", ""hasScale"": ""false"", ""nRotateBits"": ""0"", ""nScaleBits"": ""0"", ""nTranslateBits"": ""0"", ""translateX"": ""0"", ""translateY"": ""0"", ""type"": ""MATRIX""}",
341,1,PlaceObject3Tag,2,340,false,"{""hasRotate"": ""false"", ""hasScale"": ""false"", ""nRotateBits"": ""0"", ""nScaleBits"": ""0"", ""nTranslateBits"": ""8"", ""translateX"": ""100"", ""translateY"": ""0"", ""type"": ""MATRIX""}",
341,10,PlaceObject2Tag,2,,true,,
342,1,PlaceObject2Tag,1,326,false,"{""hasRotate"": ""false"", ""hasScale"": ""false"", ""nRotateBits"": ""0"", ""nScaleBits"": ""0"", ""nTranslateBits"": ""0"", ""translateX"": ""0"", ""translateY"": ""0"", ""type"": ""MATRIX""}",
342,1,PlaceObject2Tag,2,330,false,"{""hasRotate"": ""false"", ""hasScale"": ""false"", ""nRotateBits"": ""0"", ""nScaleBits"": ""0"", ""nTranslateBits"": ""11"", ""translateX"": ""0"", ""translateY"": ""900"", ""type"": ""MATRIX""}",
342,1,PlaceObject2Tag,5,333,false,"{""hasRotate"": ""false"", ""hasScale"": ""false"", ""nRotateBits"": ""0"", ""nScaleBits"": ""0"", ""nTranslateBits"": ""12"", ""translateX"": ""0"", ""translateY"": ""1600"", ""type"": ""MATRIX""}",
342,1,PlaceObject2Tag,8,149,false,"{""hasRotate"": ""false"", ""hasScale"": ""false"", ""nRotateBits"": ""0"", ""nScaleBits"": ""0"", ""nTranslateBits"": ""12"", ""translateX"": ""-2000"", ""translateY"": ""-800"", ""type"": ""MATRIX""}",
342,1,PlaceObject2Tag,9,149,false,"{""hasRotate"": ""false"", ""hasScale"": ""false"", ""nRotateBits"": ""0"", ""nScaleBits"": ""0"", ""nTranslateBits"": ""12"", ""translateX"": ""-2000"", ""translateY"": ""-200"", ""type"": ""MATRIX""}",
342,1,PlaceObject2Tag,10,149,false,"{""hasRotate"": ""false"", ""hasScale"": ""false"", ""nRotateBits"": ""0"", ""nScaleBits"": ""0"", ""nTranslateBits"": ""11"", ""translateX"": ""400"", ""translateY"": ""-800"", ""type"": ""MATRIX""}",levelScore
342,1,PlaceObject2Tag,11,149,false,"{""hasRotate"": ""false"", ""hasScale"": ""false"", ""nRotateBits"": ""0"", ""nScaleBits"": ""0"", ""nTranslateBits"": ""10"", ""translateX"": ""400"", ""translateY"": ""-200"", ""type"": ""MATRIX""}",totalScore
342,1,PlaceObject2Tag,12,319,false,"{""hasRotate"": ""false"", ""hasScale"": ""false"", ""nRotateBits"": ""0"", ""nScaleBits"": ""0"", ""nTranslateBits"": ""13"", ""translateX"": ""0"", ""translateY"": ""-2100"", ""type"": ""MATRIX""}",
342,11,PlaceObject2Tag,2,335,false,"{""hasRotate"": ""false"", ""hasScale"": ""false"", ""nRotateBits"": ""0"", ""nScaleBits"": ""0"", ""nTranslateBits"": ""11"", ""translateX"": ""0"", ""translateY"": ""900"", ""type"": ""MATRIX""}",
342,11,PlaceObject2Tag,9,149,false,"{""hasRotate"": ""false"", ""hasScale"": ""false"", ""nRotateBits"": ""0"", ""nScaleBits"": ""0"", ""nTranslateBits"": ""12"", ""translateX"": ""-2000"", ""translateY"": ""-200"", ""type"": ""MATRIX""}",
342,21,PlaceObject2Tag,2,337,false,"{""hasRotate"": ""false"", ""hasScale"": ""false"", ""nRotateBits"": ""0"", ""nScaleBits"": ""0"", ""nTranslateBits"": ""9"", ""translateX"": ""0"", ""translateY"": ""180"", ""type"": ""MATRIX""}",submitScoreButton
342,21,PlaceObject2Tag,8,339,false,"{""hasRotate"": ""false"", ""hasScale"": ""false"", ""nRotateBits"": ""0"", ""nScaleBits"": ""0"", ""nTranslateBits"": ""11"", ""translateX"": ""0"", ""translateY"": ""900"", ""type"": ""MATRIX""}",
342,21,PlaceObject2Tag,11,149,false,"{""hasRotate"": ""false"", ""hasScale"": ""false"", ""nRotateBits"": ""0"", ""nScaleBits"": ""0"", ""nTranslateBits"": ""12"", ""translateX"": ""-2000"", ""translateY"": ""-880"", ""type"": ""MATRIX""}",
342,21,PlaceObject2Tag,12,149,false,"{""hasRotate"": ""false"", ""hasScale"": ""false"", ""nRotateBits"": ""0"", ""nScaleBits"": ""0"", ""nTranslateBits"": ""11"", ""translateX"": ""400"", ""translateY"": ""-880"", ""type"": ""MATRIX""}",finalScore
342,21,PlaceObject2Tag,13,319,false,"{""hasRotate"": ""false"", ""hasScale"": ""false"", ""nRotateBits"": ""0"", ""nScaleBits"": ""0"", ""nTranslateBits"": ""13"", ""translateX"": ""0"", ""translateY"": ""-2100"", ""type"": ""MATRIX""}",
342,31,PlaceObject2Tag,2,341,false,"{""hasRotate"": ""false"", ""hasScale"": ""false"", ""nRotateBits"": ""0"", ""nScaleBits"": ""0"", ""nTranslateBits"": ""11"", ""translateX"": ""0"", ""translateY"": ""900"", ""type"": ""MATRIX""}",
342,31,PlaceObject2Tag,8,319,false,"{""hasRotate"": ""false"", ""hasScale"": ""false"", ""nRotateBits"": ""0"", ""nScaleBits"": ""0"", ""nTranslateBits"": ""13"", ""translateX"": ""0"", ""translateY"": ""-2100"", ""type"": ""MATRIX""}",
342,41,PlaceObject2Tag,2,339,false,"{""hasRotate"": ""false"", ""hasScale"": ""false"", ""nRotateBits"": ""0"", ""nScaleBits"": ""0"", ""nTranslateBits"": ""11"", ""translateX"": ""0"", ""translateY"": ""900"", ""type"": ""MATRIX""}",
342,41,PlaceObject2Tag,8,319,false,"{""hasRotate"": ""false"", ""hasScale"": ""false"", ""nRotateBits"": ""0"", ""nScaleBits"": ""0"", ""nTranslateBits"": ""13"", ""translateX"": ""0"", ""translateY"": ""-2100"", ""type"": ""MATRIX""}",
342,51,PlaceObject2Tag,8,319,false,"{""hasRotate"": ""false"", ""hasScale"": ""false"", ""nRotateBits"": ""0"", ""nScaleBits"": ""0"", ""nTranslateBits"": ""13"", ""translateX"": ""0"", ""translateY"": ""-2100"", ""type"": ""MATRIX""}",
342,61,PlaceObject2Tag,8,319,false,"{""hasRotate"": ""false"", ""hasScale"": ""false"", ""nRotateBits"": ""0"", ""nScaleBits"": ""0"", ""nTranslateBits"": ""13"", ""translateX"": ""0"", ""translateY"": ""-2100"", ""type"": ""MATRIX""}",
349,1,PlaceObject2Tag,2,344,false,"{""hasRotate"": ""false"", ""hasScale"": ""false"", ""nRotateBits"": ""0"", ""nScaleBits"": ""0"", ""nTranslateBits"": ""0"", ""translateX"": ""0"", ""translateY"": ""0"", ""type"": ""MATRIX""}",
349,6,PlaceObject2Tag,1,346,false,"{""hasRotate"": ""false"", ""hasScale"": ""false"", ""nRotateBits"": ""0"", ""nScaleBits"": ""0"", ""nTranslateBits"": ""0"", ""translateX"": ""0"", ""translateY"": ""0"", ""type"": ""MATRIX""}",
349,11,PlaceObject2Tag,3,348,false,"{""hasRotate"": ""false"", ""hasScale"": ""false"", ""nRotateBits"": ""0"", ""nScaleBits"": ""0"", ""nTranslateBits"": ""0"", ""translateX"": ""0"", ""translateY"": ""0"", ""type"": ""MATRIX""}",
349,16,PlaceObject2Tag,1,346,false,"{""hasRotate"": ""false"", ""hasScale"": ""false"", ""nRotateBits"": ""0"", ""nScaleBits"": ""0"", ""nTranslateBits"": ""0"", ""translateX"": ""0"", ""translateY"": ""0"", ""type"": ""MATRIX""}",
354,1,PlaceObject2Tag,2,351,false,"{""hasRotate"": ""false"", ""hasScale"": ""false"", ""nRotateBits"": ""0"", ""nScaleBits"": ""0"", ""nTranslateBits"": ""0"", ""translateX"": ""0"", ""translateY"": ""0"", ""type"": ""MATRIX""}",
354,6,PlaceObject2Tag,1,353,false,"{""hasRotate"": ""false"", ""hasScale"": ""false"", ""nRotateBits"": ""0"", ""nScaleBits"": ""0"", ""nTranslateBits"": ""0"", ""translateX"": ""0"", ""translateY"": ""0"", ""type"": ""MATRIX""}",
354,11,PlaceObject2Tag,3,348,false,"{""hasRotate"": ""false"", ""hasScale"": ""false"", ""nRotateBits"": ""0"", ""nScaleBits"": ""0"", ""nTranslateBits"": ""0"", ""translateX"": ""0"", ""translateY"": ""0"", ""type"": ""MATRIX""}",
354,16,PlaceObject2Tag,1,353,false,"{""hasRotate"": ""false"", ""hasScale"": ""false"", ""nRotateBits"": ""0"", ""nScaleBits"": ""0"", ""nTranslateBits"": ""0"", ""translateX"": ""0"", ""translateY"": ""0"", ""type"": ""MATRIX""}",
358,1,PlaceObject2Tag,2,355,false,"{""hasRotate"": ""false"", ""hasScale"": ""false"", ""nRotateBits"": ""0"", ""nScaleBits"": ""0"", ""nTranslateBits"": ""0"", ""translateX"": ""0"", ""translateY"": ""0"", ""type"": ""MATRIX""}",
358,6,PlaceObject2Tag,1,357,false,"{""hasRotate"": ""false"", ""hasScale"": ""false"", ""nRotateBits"": ""0"", ""nScaleBits"": ""0"", ""nTranslateBits"": ""0"", ""translateX"": ""0"", ""translateY"": ""0"", ""type"": ""MATRIX""}",
434,1,PlaceObject2Tag,1,359,false,"{""hasRotate"": ""false"", ""hasScale"": ""false"", ""nRotateBits"": ""0"", ""nScaleBits"": ""0"", ""nTranslateBits"": ""0"", ""translateX"": ""0"", ""translateY"": ""0"", ""type"": ""MATRIX""}",
434,1,PlaceObject2Tag,2,361,false,"{""hasRotate"": ""false"", ""hasScale"": ""false"", ""nRotateBits"": ""0"", ""nScaleBits"": ""0"", ""nTranslateBits"": ""8"", ""translateX"": ""100"", ""translateY"": ""97"", ""type"": ""MATRIX""}",alternative_bannana
434,1,PlaceObject2Tag,4,363,false,"{""hasRotate"": ""false"", ""hasScale"": ""false"", ""nRotateBits"": ""0"", ""nScaleBits"": ""0"", ""nTranslateBits"": ""10"", ""translateX"": ""300"", ""translateY"": ""97"", ""type"": ""MATRIX""}",anchor
434,1,PlaceObject2Tag,6,365,false,"{""hasRotate"": ""false"", ""hasScale"": ""false"", ""nRotateBits"": ""0"", ""nScaleBits"": ""0"", ""nTranslateBits"": ""10"", ""translateX"": ""500"", ""translateY"": ""97"", ""type"": ""MATRIX""}",banana_bounce
434,1,PlaceObject2Tag,8,367,false,"{""hasRotate"": ""false"", ""hasScale"": ""false"", ""nRotateBits"": ""0"", ""nScaleBits"": ""0"", ""nTranslateBits"": ""11"", ""translateX"": ""700"", ""translateY"": ""97"", ""type"": ""MATRIX""}",blindPirate
434,1,PlaceObject2Tag,10,369,false,"{""hasRotate"": ""false"", ""hasScale"": ""false"", ""nRotateBits"": ""0"", ""nScaleBits"": ""0"", ""nTranslateBits"": ""11"", ""translateX"": ""900"", ""translateY"": ""97"", ""type"": ""MATRIX""}",bluePirate
434,1,PlaceObject2Tag,12,371,false,"{""hasRotate"": ""false"", ""hasScale"": ""false"", ""nRotateBits"": ""0"", ""nScaleBits"": ""0"", ""nTranslateBits"": ""12"", ""translateX"": ""1100"", ""translateY"": ""97"", ""type"": ""MATRIX""}",bossGuy
434,1,PlaceObject2Tag,14,373,false,"{""hasRotate"": ""false"", ""hasScale"": ""false"", ""nRotateBits"": ""0"", ""nScaleBits"": ""0"", ""nTranslateBits"": ""12"", ""translateX"": ""1300"", ""translateY"": ""97"", ""type"": ""MATRIX""}",bossGuyZombie
434,1,PlaceObject2Tag,16,375,false,"{""hasRotate"": ""false"", ""hasScale"": ""false"", ""nRotateBits"": ""0"", ""nScaleBits"": ""0"", ""nTranslateBits"": ""12"", ""translateX"": ""1500"", ""translateY"": ""97"", ""type"": ""MATRIX""}",cabinBoy
434,1,PlaceObject2Tag,18,377,false,"{""hasRotate"": ""false"", ""hasScale"": ""false"", ""nRotateBits"": ""0"", ""nScaleBits"": ""0"", ""nTranslateBits"": ""12"", ""translateX"": ""1700"", ""translateY"": ""97"", ""type"": ""MATRIX""}",cannon explosion
434,1,PlaceObject2Tag,20,379,false,"{""hasRotate"": ""false"", ""hasScale"": ""false"", ""nRotateBits"": ""0"", ""nScaleBits"": ""0"", ""nTranslateBits"": ""12"", ""translateX"": ""1900"", ""translateY"": ""97"", ""type"": ""MATRIX""}",chest_appear
434,1,PlaceObject2Tag,22,381,false,"{""hasRotate"": ""false"", ""hasScale"": ""false"", ""nRotateBits"": ""0"", ""nScaleBits"": ""0"", ""nTranslateBits"": ""13"", ""translateX"": ""2100"", ""translateY"": ""97"", ""type"": ""MATRIX""}",ching
434,1,PlaceObject2Tag,24,383,false,"{""hasRotate"": ""false"", ""hasScale"": ""false"", ""nRotateBits"": ""0"", ""nScaleBits"": ""0"", ""nTranslateBits"": ""13"", ""translateX"": ""2300"", ""translateY"": ""97"", ""type"": ""MATRIX""}",click
434,1,PlaceObject2Tag,26,385,false,"{""hasRotate"": ""false"", ""hasScale"": ""false"", ""nRotateBits"": ""0"", ""nScaleBits"": ""0"", ""nTranslateBits"": ""13"", ""translateX"": ""2500"", ""translateY"": ""97"", ""type"": ""MATRIX""}",crab
434,1,PlaceObject2Tag,28,387,false,"{""hasRotate"": ""false"", ""hasScale"": ""false"", ""nRotateBits"": ""0"", ""nScaleBits"": ""0"", ""nTranslateBits"": ""13"", ""translateX"": ""2700"", ""translateY"": ""97"", ""type"": ""MATRIX""}",die
434,1,PlaceObject2Tag,30,389,false,"{""hasRotate"": ""false"", ""hasScale"": ""false"", ""nRotateBits"": ""0"", ""nScaleBits"": ""0"", ""nTranslateBits"": ""13"", ""translateX"": ""2900"", ""translateY"": ""97"", ""type"": ""MATRIX""}",fan
434,1,PlaceObject2Tag,32,391,false,"{""hasRotate"": ""false"", ""hasScale"": ""false"", ""nRotateBits"": ""0"", ""nScaleBits"": ""0"", ""nTranslateBits"": ""13"", ""translateX"": ""3100"", ""translateY"": ""97"", ""type"": ""MATRIX""}",femalePirate
434,1,PlaceObject2Tag,34,393,false,"{""hasRotate"": ""false"", ""hasScale"": ""false"", ""nRotateBits"": ""0"", ""nScaleBits"": ""0"", ""nTranslateBits"": ""13"", ""translateX"": ""3300"", ""translateY"": ""97"", ""type"": ""MATRIX""}",hitwall
434,1,PlaceObject2Tag,36,395,false,"{""hasRotate"": ""false"", ""hasScale"": ""false"", ""nRotateBits"": ""0"", ""nScaleBits"": ""0"", ""nTranslateBits"": ""13"", ""translateX"": ""3500"", ""translateY"": ""97"", ""type"": ""MATRIX""}",icon_collect
434,1,PlaceObject2Tag,38,397,false,"{""hasRotate"": ""false"", ""hasScale"": ""false"", ""nRotateBits"": ""0"", ""nScaleBits"": ""0"", ""nTranslateBits"": ""9"", ""translateX"": ""200"", ""translateY"": ""217"", ""type"": ""MATRIX""}",mine_beep
434,1,PlaceObject2Tag,40,399,false,"{""hasRotate"": ""false"", ""hasScale"": ""false"", ""nRotateBits"": ""0"", ""nScaleBits"": ""0"", ""nTranslateBits"": ""10"", ""translateX"": ""400"", ""translateY"": ""217"", ""type"": ""MATRIX""}",monkey
434,1,PlaceObject2Tag,42,401,false,"{""hasRotate"": ""false"", ""hasScale"": ""false"", ""nRotateBits"": ""0"", ""nScaleBits"": ""0"", ""nTranslateBits"": ""11"", ""translateX"": ""600"", ""translateY"": ""217"", ""type"": ""MATRIX""}",nitrome_sound
434,1,PlaceObject2Tag,44,403,false,"{""hasRotate"": ""false"", ""hasScale"": ""false"", ""nRotateBits"": ""0"", ""nScaleBits"": ""0"", ""nTranslateBits"": ""11"", ""translateX"": ""800"", ""translateY"": ""217"", ""type"": ""MATRIX""}",oldPirate
434,1,PlaceObject2Tag,46,405,false,"{""hasRotate"": ""false"", ""hasScale"": ""false"", ""nRotateBits"": ""0"", ""nScaleBits"": ""0"", ""nTranslateBits"": ""11"", ""translateX"": ""1000"", ""translateY"": ""217"", ""type"": ""MATRIX""}",parrot
434,1,PlaceObject2Tag,48,407,false,"{""hasRotate"": ""false"", ""hasScale"": ""false"", ""nRotateBits"": ""0"", ""nScaleBits"": ""0"", ""nTranslateBits"": ""12"", ""translateX"": ""1200"", ""translateY"": ""217"", ""type"": ""MATRIX""}",poop1
434,1,PlaceObject2Tag,50,409,false,"{""hasRotate"": ""false"", ""hasScale"": ""false"", ""nRotateBits"": ""0"", ""nScaleBits"": ""0"", ""nTranslateBits"": ""12"", ""translateX"": ""1400"", ""translateY"": ""217"", ""type"": ""MATRIX""}",poop2
434,1,PlaceObject2Tag,52,411,false,"{""hasRotate"": ""false"", ""hasScale"": ""false"", ""nRotateBits"": ""0"", ""nScaleBits"": ""0"", ""nTranslateBits"": ""12"", ""translateX"": ""1600"", ""translateY"": ""217"", ""type"": ""MATRIX""}",poop3
434,1,PlaceObject2Tag,54,413,false,"{""hasRotate"": ""false"", ""hasScale"": ""false"", ""nRotateBits"": ""0"", ""nScaleBits"": ""0"", ""nTranslateBits"": ""12"", ""translateX"": ""1800"", ""translateY"": ""217"", ""type"": ""MATRIX""}",pop
434,1,PlaceObject2Tag,56,415,false,"{""hasRotate"": ""false"", ""hasScale"": ""false"", ""nRotateBits"": ""0"", ""nScaleBits"": ""0"", ""nTranslateBits"": ""12"", ""translateX"": ""2000"", ""translateY"": ""217"", ""type"": ""MATRIX""}",rainbowBeard
434,1,PlaceObject2Tag,58,417,false,"{""hasRotate"": ""false"", ""hasScale"": ""false"", ""nRotateBits"": ""0"", ""nScaleBits"": ""0"", ""nTranslateBits"": ""13"", ""translateX"": ""2200"", ""translateY"": ""217"", ""type"": ""MATRIX""}",redPirate
434,1,PlaceObject2Tag,60,419,false,"{""hasRotate"": ""false"", ""hasScale"": ""false"", ""nRotateBits"": ""0"", ""nScaleBits"": ""0"", ""nTranslateBits"": ""13"", ""translateX"": ""2400"", ""translateY"": ""217"", ""type"": ""MATRIX""}",shark
434,1,PlaceObject2Tag,62,421,false,"{""hasRotate"": ""false"", ""hasScale"": ""false"", ""nRotateBits"": ""0"", ""nScaleBits"": ""0"", ""nTranslateBits"": ""13"", ""translateX"": ""2600"", ""translateY"": ""217"", ""type"": ""MATRIX""}",skeletonPirate
434,1,PlaceObject2Tag,64,423,false,"{""hasRotate"": ""false"", ""hasScale"": ""false"", ""nRotateBits"": ""0"", ""nScaleBits"": ""0"", ""nTranslateBits"": ""13"", ""translateX"": ""2800"", ""translateY"": ""217"", ""type"": ""MATRIX""}",smack
434,1,PlaceObject2Tag,66,425,false,"{""hasRotate"": ""false"", ""hasScale"": ""false"", ""nRotateBits"": ""0"", ""nScaleBits"": ""0"", ""nTranslateBits"": ""13"", ""translateX"": ""3000"", ""translateY"": ""217"", ""type"": ""MATRIX""}",soldier
434,1,PlaceObject2Tag,68,427,false,"{""hasRotate"": ""false"", ""hasScale"": ""false"", ""nRotateBits"": ""0"", ""nScaleBits"": ""0"", ""nTranslateBits"": ""13"", ""translateX"": ""3200"", ""translateY"": ""217"", ""type"": ""MATRIX""}",splash
434,1,PlaceObject2Tag,70,429,false,"{""hasRotate"": ""false"", ""hasScale"": ""false"", ""nRotateBits"": ""0"", ""nScaleBits"": ""0"", ""nTranslateBits"": ""13"", ""translateX"": ""3400"", ""translateY"": ""217"", ""type"": ""MATRIX""}",tribe
434,1,PlaceObject2Tag,72,431,false,"{""hasRotate"": ""false"", ""hasScale"": ""false"", ""nRotateBits"": ""0"", ""nScaleBits"": ""0"", ""nTranslateBits"": ""13"", ""translateX"": ""3600"", ""translateY"": ""220"", ""type"": ""MATRIX""}",voodoo
434,1,PlaceObject2Tag,74,433,false,"{""hasRotate"": ""false"", ""hasScale"": ""false"", ""nRotateBits"": ""0"", ""nScaleBits"": ""0"", ""nTranslateBits"": ""13"", ""translateX"": ""3700"", ""translateY"": ""100"", ""type"": ""MATRIX""}",squid
440,1,PlaceObject2Tag,1,435,false,"{""hasRotate"": ""false"", ""hasScale"": ""false"", ""nRotateBits"": ""0"", ""nScaleBits"": ""0"", ""nTranslateBits"": ""0"", ""translateX"": ""0"", ""translateY"": ""0"", ""type"": ""MATRIX""}",
440,1,PlaceObject2Tag,2,437,false,"{""hasRotate"": ""false"", ""hasScale"": ""false"", ""nRotateBits"": ""0"", ""nScaleBits"": ""0"", ""nTranslateBits"": ""8"", ""translateX"": ""100"", ""translateY"": ""100"", ""type"": ""MATRIX""}",menuMusicForTheLinkage
440,1,PlaceObject2Tag,4,439,false,"{""hasRotate"": ""false"", ""hasScale"": ""false"", ""nRotateBits"": ""0"", ""nScaleBits"": ""0"", ""nTranslateBits"": ""9"", ""translateX"": ""220"", ""translateY"": ""220"", ""type"": ""MATRIX""}",gameMusicForTheLinkage
443,1,PlaceObject2Tag,1,442,false,"{""hasRotate"": ""false"", ""hasScale"": ""false"", ""nRotateBits"": ""0"", ""nScaleBits"": ""0"", ""nTranslateBits"": ""0"", ""translateX"": ""0"", ""translateY"": ""0"", ""type"": ""MATRIX""}",
446,1,PlaceObject2Tag,1,445,false,"{""hasRotate"": ""false"", ""hasScale"": ""false"", ""nRotateBits"": ""0"", ""nScaleBits"": ""0"", ""nTranslateBits"": ""0"", ""translateX"": ""0"", ""translateY"": ""0"", ""type"": ""MATRIX""}",
449,1,PlaceObject2Tag,1,448,false,"{""hasRotate"": ""false"", ""hasScale"": ""false"", ""nRotateBits"": ""0"", ""nScaleBits"": ""0"", ""nTranslateBits"": ""0"", ""translateX"": ""0"", ""translateY"": ""0"", ""type"": ""MATRIX""}",
452,1,PlaceObject2Tag,1,451,false,"{""hasRotate"": ""false"", ""hasScale"": ""false"", ""nRotateBits"": ""0"", ""nScaleBits"": ""0"", ""nTranslateBits"": ""0"", ""translateX"": ""0"", ""translateY"": ""0"", ""type"": ""MATRIX""}",
455,1,PlaceObject2Tag,1,454,false,"{""hasRotate"": ""false"", ""hasScale"": ""false"", ""nRotateBits"": ""0"", ""nScaleBits"": ""0"", ""nTranslateBits"": ""0"", ""translateX"": ""0"", ""translateY"": ""0"", ""type"": ""MATRIX""}",
458,1,PlaceObject2Tag,1,457,false,"{""hasRotate"": ""false"", ""hasScale"": ""false"", ""nRotateBits"": ""0"", ""nScaleBits"": ""0"", ""nTranslateBits"": ""0"", ""translateX"": ""0"", ""translateY"": ""0"", ""type"": ""MATRIX""}",
461,1,PlaceObject2Tag,1,460,false,"{""hasRotate"": ""false"", ""hasScale"": ""false"", ""nRotateBits"": ""0"", ""nScaleBits"": ""0"", ""nTranslateBits"": ""0"", ""translateX"": ""0"", ""translateY"": ""0"", ""type"": ""MATRIX""}",
464,1,PlaceObject2Tag,1,149,false,"{""hasRotate"": ""false"", ""hasScale"": ""false"", ""nRotateBits"": ""0"", ""nScaleBits"": ""0"", ""nTranslateBits"": ""10"", ""translateX"": ""-500"", ""translateY"": ""-200"", ""type"": ""MATRIX""}",textField
465,1,PlaceObject2Tag,1,463,false,"{""hasRotate"": ""false"", ""hasScale"": ""false"", ""nRotateBits"": ""0"", ""nScaleBits"": ""0"", ""nTranslateBits"": ""0"", ""translateX"": ""0"", ""translateY"": ""0"", ""type"": ""MATRIX""}",
465,1,PlaceObject3Tag,2,464,false,"{""hasRotate"": ""false"", ""hasScale"": ""false"", ""nRotateBits"": ""0"", ""nScaleBits"": ""0"", ""nTranslateBits"": ""12"", ""translateX"": ""-1500"", ""translateY"": ""-420"", ""type"": ""MATRIX""}",textHolder
468,1,PlaceObject2Tag,1,467,false,"{""hasRotate"": ""false"", ""hasScale"": ""false"", ""nRotateBits"": ""0"", ""nScaleBits"": ""0"", ""nTranslateBits"": ""0"", ""translateX"": ""0"", ""translateY"": ""0"", ""type"": ""MATRIX""}",
471,1,PlaceObject2Tag,1,470,false,"{""hasRotate"": ""false"", ""hasScale"": ""false"", ""nRotateBits"": ""0"", ""nScaleBits"": ""0"", ""nTranslateBits"": ""0"", ""translateX"": ""0"", ""translateY"": ""0"", ""type"": ""MATRIX""}",
474,1,PlaceObject2Tag,1,473,false,"{""hasRotate"": ""false"", ""hasScale"": ""false"", ""nRotateBits"": ""0"", ""nScaleBits"": ""0"", ""nTranslateBits"": ""0"", ""translateX"": ""0"", ""translateY"": ""0"", ""type"": ""MATRIX""}",
477,1,PlaceObject2Tag,1,476,false,"{""hasRotate"": ""false"", ""hasScale"": ""false"", ""nRotateBits"": ""0"", ""nScaleBits"": ""0"", ""nTranslateBits"": ""0"", ""translateX"": ""0"", ""translateY"": ""0"", ""type"": ""MATRIX""}",
480,1,PlaceObject2Tag,1,479,false,"{""hasRotate"": ""false"", ""hasScale"": ""false"", ""nRotateBits"": ""0"", ""nScaleBits"": ""0"", ""nTranslateBits"": ""0"", ""translateX"": ""0"", ""translateY"": ""0"", ""type"": ""MATRIX""}",
483,1,PlaceObject2Tag,1,482,false,"{""hasRotate"": ""false"", ""hasScale"": ""false"", ""nRotateBits"": ""0"", ""nScaleBits"": ""0"", ""nTranslateBits"": ""0"", ""translateX"": ""0"", ""translateY"": ""0"", ""type"": ""MATRIX""}",
486,1,PlaceObject2Tag,1,485,false,"{""hasRotate"": ""false"", ""hasScale"": ""false"", ""nRotateBits"": ""0"", ""nScaleBits"": ""0"", ""nTranslateBits"": ""0"", ""translateX"": ""0"", ""translateY"": ""0"", ""type"": ""MATRIX""}",
489,1,PlaceObject2Tag,1,488,false,"{""hasRotate"": ""false"", ""hasScale"": ""false"", ""nRotateBits"": ""0"", ""nScaleBits"": ""0"", ""nTranslateBits"": ""0"", ""translateX"": ""0"", ""translateY"": ""0"", ""type"": ""MATRIX""}",
492,1,PlaceObject2Tag,1,491,false,"{""hasRotate"": ""false"", ""hasScale"": ""false"", ""nRotateBits"": ""0"", ""nScaleBits"": ""0"", ""nTranslateBits"": ""0"", ""translateX"": ""0"", ""translateY"": ""0"", ""type"": ""MATRIX""}",
495,1,PlaceObject2Tag,1,494,false,"{""hasRotate"": ""false"", ""hasScale"": ""false"", ""nRotateBits"": ""0"", ""nScaleBits"": ""0"", ""nTranslateBits"": ""0"", ""translateX"": ""0"", ""translateY"": ""0"", ""type"": ""MATRIX""}",
498,1,PlaceObject2Tag,1,497,false,"{""hasRotate"": ""false"", ""hasScale"": ""false"", ""nRotateBits"": ""0"", ""nScaleBits"": ""0"", ""nTranslateBits"": ""0"", ""translateX"": ""0"", ""translateY"": ""0"", ""type"": ""MATRIX""}",
501,1,PlaceObject2Tag,1,500,false,"{""hasRotate"": ""false"", ""hasScale"": ""false"", ""nRotateBits"": ""0"", ""nScaleBits"": ""0"", ""nTranslateBits"": ""0"", ""translateX"": ""0"", ""translateY"": ""0"", ""type"": ""MATRIX""}",
504,1,PlaceObject2Tag,1,503,false,"{""hasRotate"": ""false"", ""hasScale"": ""false"", ""nRotateBits"": ""0"", ""nScaleBits"": ""0"", ""nTranslateBits"": ""0"", ""translateX"": ""0"", ""translateY"": ""0"", ""type"": ""MATRIX""}",
507,1,PlaceObject2Tag,1,506,false,"{""hasRotate"": ""false"", ""hasScale"": ""false"", ""nRotateBits"": ""0"", ""nScaleBits"": ""0"", ""nTranslateBits"": ""0"", ""translateX"": ""0"", ""translateY"": ""0"", ""type"": ""MATRIX""}",
510,1,PlaceObject2Tag,1,509,false,"{""hasRotate"": ""false"", ""hasScale"": ""false"", ""nRotateBits"": ""0"", ""nScaleBits"": ""0"", ""nTranslateBits"": ""0"", ""translateX"": ""0"", ""translateY"": ""0"", ""type"": ""MATRIX""}",
513,1,PlaceObject2Tag,1,512,false,"{""hasRotate"": ""false"", ""hasScale"": ""false"", ""nRotateBits"": ""0"", ""nScaleBits"": ""0"", ""nTranslateBits"": ""0"", ""translateX"": ""0"", ""translateY"": ""0"", ""type"": ""MATRIX""}",
516,1,PlaceObject2Tag,1,515,false,"{""hasRotate"": ""false"", ""hasScale"": ""false"", ""nRotateBits"": ""0"", ""nScaleBits"": ""0"", ""nTranslateBits"": ""0"", ""translateX"": ""0"", ""translateY"": ""0"", ""type"": ""MATRIX""}",
519,1,PlaceObject2Tag,1,518,false,"{""hasRotate"": ""false"", ""hasScale"": ""false"", ""nRotateBits"": ""0"", ""nScaleBits"": ""0"", ""nTranslateBits"": ""0"", ""translateX"": ""0"", ""translateY"": ""0"", ""type"": ""MATRIX""}",
522,1,PlaceObject2Tag,1,521,false,"{""hasRotate"": ""false"", ""hasScale"": ""false"", ""nRotateBits"": ""0"", ""nScaleBits"": ""0"", ""nTranslateBits"": ""0"", ""translateX"": ""0"", ""translateY"": ""0"", ""type"": ""MATRIX""}",
525,1,PlaceObject2Tag,1,524,false,"{""hasRotate"": ""false"", ""hasScale"": ""false"", ""nRotateBits"": ""0"", ""nScaleBits"": ""0"", ""nTranslateBits"": ""0"", ""translateX"": ""0"", ""translateY"": ""0"", ""type"": ""MATRIX""}",
528,1,PlaceObject2Tag,1,527,false,"{""hasRotate"": ""false"", ""hasScale"": ""false"", ""nRotateBits"": ""0"", ""nScaleBits"": ""0"", ""nTranslateBits"": ""0"", ""translateX"": ""0"", ""translateY"": ""0"", ""type"": ""MATRIX""}",
531,1,PlaceObject2Tag,1,530,false,"{""hasRotate"": ""false"", ""hasScale"": ""false"", ""nRotateBits"": ""0"", ""nScaleBits"": ""0"", ""nTranslateBits"": ""0"", ""translateX"": ""0"", ""translateY"": ""0"", ""type"": ""MATRIX""}",
534,1,PlaceObject2Tag,1,533,false,"{""hasRotate"": ""false"", ""hasScale"": ""false"", ""nRotateBits"": ""0"", ""nScaleBits"": ""0"", ""nTranslateBits"": ""0"", ""translateX"": ""0"", ""translateY"": ""0"", ""type"": ""MATRIX""}",
537,1,PlaceObject2Tag,1,536,false,"{""hasRotate"": ""false"", ""hasScale"": ""false"", ""nRotateBits"": ""0"", ""nScaleBits"": ""0"", ""nTranslateBits"": ""0"", ""translateX"": ""0"", ""translateY"": ""0"", ""type"": ""MATRIX""}",
540,1,PlaceObject2Tag,1,539,false,"{""hasRotate"": ""false"", ""hasScale"": ""false"", ""nRotateBits"": ""0"", ""nScaleBits"": ""0"", ""nTranslateBits"": ""0"", ""translateX"": ""0"", ""translateY"": ""0"", ""type"": ""MATRIX""}",
543,1,PlaceObject2Tag,1,542,false,"{""hasRotate"": ""false"", ""hasScale"": ""false"", ""nRotateBits"": ""0"", ""nScaleBits"": ""0"", ""nTranslateBits"": ""0"", ""translateX"": ""0"", ""translateY"": ""0"", ""type"": ""MATRIX""}",
546,1,PlaceObject2Tag,1,545,false,"{""hasRotate"": ""false"", ""hasScale"": ""false"", ""nRotateBits"": ""0"", ""nScaleBits"": ""0"", ""nTranslateBits"": ""0"", ""translateX"": ""0"", ""translateY"": ""0"", ""type"": ""MATRIX""}",
549,1,PlaceObject2Tag,1,548,false,"{""hasRotate"": ""false"", ""hasScale"": ""false"", ""nRotateBits"": ""0"", ""nScaleBits"": ""0"", ""nTranslateBits"": ""0"", ""translateX"": ""0"", ""translateY"": ""0"", ""type"": ""MATRIX""}",
552,1,PlaceObject2Tag,1,551,false,"{""hasRotate"": ""false"", ""hasScale"": ""false"", ""nRotateBits"": ""0"", ""nScaleBits"": ""0"", ""nTranslateBits"": ""0"", ""translateX"": ""0"", ""translateY"": ""0"", ""type"": ""MATRIX""}",
555,1,PlaceObject2Tag,1,554,false,"{""hasRotate"": ""false"", ""hasScale"": ""false"", ""nRotateBits"": ""0"", ""nScaleBits"": ""0"", ""nTranslateBits"": ""0"", ""translateX"": ""0"", ""translateY"": ""0"", ""type"": ""MATRIX""}",
558,1,PlaceObject2Tag,1,557,false,"{""hasRotate"": ""false"", ""hasScale"": ""false"", ""nRotateBits"": ""0"", ""nScaleBits"": ""0"", ""nTranslateBits"": ""0"", ""translateX"": ""0"", ""translateY"": ""0"", ""type"": ""MATRIX""}",
561,1,PlaceObject2Tag,1,560,false,"{""hasRotate"": ""false"", ""hasScale"": ""false"", ""nRotateBits"": ""0"", ""nScaleBits"": ""0"", ""nTranslateBits"": ""0"", ""translateX"": ""0"", ""translateY"": ""0"", ""type"": ""MATRIX""}",
564,1,PlaceObject2Tag,1,563,false,"{""hasRotate"": ""false"", ""hasScale"": ""false"", ""nRotateBits"": ""0"", ""nScaleBits"": ""0"", ""nTranslateBits"": ""0"", ""translateX"": ""0"", ""translateY"": ""0"", ""type"": ""MATRIX""}",
567,1,PlaceObject2Tag,1,566,false,"{""hasRotate"": ""false"", ""hasScale"": ""false"", ""nRotateBits"": ""0"", ""nScaleBits"": ""0"", ""nTranslateBits"": ""0"", ""translateX"": ""0"", ""translateY"": ""0"", ""type"": ""MATRIX""}",
570,1,PlaceObject2Tag,1,569,false,"{""hasRotate"": ""false"", ""hasScale"": ""false"", ""nRotateBits"": ""0"", ""nScaleBits"": ""0"", ""nTranslateBits"": ""0"", ""translateX"": ""0"", ""translateY"": ""0"", ""type"": ""MATRIX""}",
573,1,PlaceObject2Tag,1,572,false,"{""hasRotate"": ""false"", ""hasScale"": ""false"", ""nRotateBits"": ""0"", ""nScaleBits"": ""0"", ""nTranslateBits"": ""0"", ""translateX"": ""0"", ""translateY"": ""0"", ""type"": ""MATRIX""}",
576,1,PlaceObject2Tag,1,575,false,"{""hasRotate"": ""false"", ""hasScale"": ""false"", ""nRotateBits"": ""0"", ""nScaleBits"": ""0"", ""nTranslateBits"": ""0"", ""translateX"": ""0"", ""translateY"": ""0"", ""type"": ""MATRIX""}",
581,1,PlaceObject2Tag,1,580,false,"{""hasRotate"": ""false"", ""hasScale"": ""false"", ""nRotateBits"": ""0"", ""nScaleBits"": ""0"", ""nTranslateBits"": ""0"", ""translateX"": ""0"", ""translateY"": ""0"", ""type"": ""MATRIX""}",
582,1,PlaceObject2Tag,1,581,false,"{""hasRotate"": ""false"", ""hasScale"": ""false"", ""nRotateBits"": ""0"", ""nScaleBits"": ""0"", ""nTranslateBits"": ""0"", ""translateX"": ""0"", ""translateY"": ""0"", ""type"": ""MATRIX""}",
582,10,PlaceObject2Tag,1,,true,,
585,1,PlaceObject2Tag,1,584,false,"{""hasRotate"": ""false"", ""hasScale"": ""false"", ""nRotateBits"": ""0"", ""nScaleBits"": ""0"", ""nTranslateBits"": ""0"", ""translateX"": ""0"", ""translateY"": ""0"", ""type"": ""MATRIX""}",
586,1,PlaceObject2Tag,1,585,false,"{""hasRotate"": ""false"", ""hasScale"": ""false"", ""nRotateBits"": ""0"", ""nScaleBits"": ""0"", ""nTranslateBits"": ""0"", ""translateX"": ""0"", ""translateY"": ""0"", ""type"": ""MATRIX""}",
586,10,PlaceObject2Tag,1,,true,,
588,1,PlaceObject2Tag,1,319,false,"{""hasRotate"": ""false"", ""hasScale"": ""false"", ""nRotateBits"": ""0"", ""nScaleBits"": ""0"", ""nTranslateBits"": ""0"", ""translateX"": ""0"", ""translateY"": ""0"", ""type"": ""MATRIX""}",
589,1,PlaceObject2Tag,1,587,false,"{""hasRotate"": ""false"", ""hasScale"": ""false"", ""nRotateBits"": ""0"", ""nScaleBits"": ""0"", ""nTranslateBits"": ""0"", ""translateX"": ""0"", ""translateY"": ""0"", ""type"": ""MATRIX""}",
589,1,PlaceObject3Tag,2,588,false,"{""hasRotate"": ""false"", ""hasScale"": ""false"", ""nRotateBits"": ""0"", ""nScaleBits"": ""0"", ""nTranslateBits"": ""0"", ""translateX"": ""0"", ""translateY"": ""0"", ""type"": ""MATRIX""}",
589,10,PlaceObject2Tag,2,,true,,
628,1,PlaceObject2Tag,1,591,false,"{""hasRotate"": ""false"", ""hasScale"": ""false"", ""nRotateBits"": ""0"", ""nScaleBits"": ""0"", ""nTranslateBits"": ""0"", ""translateX"": ""0"", ""translateY"": ""0"", ""type"": ""MATRIX""}",
628,1,PlaceObject2Tag,2,320,false,"{""hasRotate"": ""false"", ""hasScale"": ""true"", ""nRotateBits"": ""0"", ""nScaleBits"": ""16"", ""nTranslateBits"": ""0"", ""scaleX"": ""0.34909058"", ""scaleY"": ""0.3224945"", ""translateX"": ""0"", ""translateY"": ""0"", ""type"": ""MATRIX""}",
628,1,PlaceObject2Tag,3,320,false,"{""hasRotate"": ""false"", ""hasScale"": ""true"", ""nRotateBits"": ""0"", ""nScaleBits"": ""16"", ""nTranslateBits"": ""0"", ""scaleX"": ""0.34909058"", ""scaleY"": ""0.3224945"", ""translateX"": ""0"", ""translateY"": ""0"", ""type"": ""MATRIX""}",
628,1,PlaceObject2Tag,4,593,false,"{""hasRotate"": ""false"", ""hasScale"": ""false"", ""nRotateBits"": ""0"", ""nScaleBits"": ""0"", ""nTranslateBits"": ""0"", ""translateX"": ""0"", ""translateY"": ""0"", ""type"": ""MATRIX""}",
628,1,PlaceObject2Tag,6,149,false,"{""hasRotate"": ""false"", ""hasScale"": ""false"", ""nRotateBits"": ""0"", ""nScaleBits"": ""0"", ""nTranslateBits"": ""13"", ""translateX"": ""1920"", ""translateY"": ""2640"", ""type"": ""MATRIX""}",level_name
628,2,PlaceObject2Tag,4,595,true,,
628,2,PlaceObject2Tag,6,149,false,"{""hasRotate"": ""false"", ""hasScale"": ""false"", ""nRotateBits"": ""0"", ""nScaleBits"": ""0"", ""nTranslateBits"": ""13"", ""translateX"": ""1920"", ""translateY"": ""2640"", ""type"": ""MATRIX""}",level_name
628,3,PlaceObject2Tag,4,597,true,,
628,3,PlaceObject2Tag,6,149,false,"{""hasRotate"": ""false"", ""hasScale"": ""false"", ""nRotateBits"": ""0"", ""nScaleBits"": ""0"", ""nTranslateBits"": ""13"", ""translateX"": ""1920"", ""translateY"": ""2640"", ""type"": ""MATRIX""}",level_name
628,4,PlaceObject2Tag,4,599,true,,
628,4,PlaceObject2Tag,6,149,false,"{""hasRotate"": ""false"", ""hasScale"": ""false"", ""nRotateBits"": ""0"", ""nScaleBits"": ""0"", ""nTranslateBits"": ""13"", ""translateX"": ""1920"", ""translateY"": ""2640"", ""type"": ""MATRIX""}",level_name
628,5,PlaceObject2Tag,4,601,true,,
628,5,PlaceObject2Tag,6,149,false,"{""hasRotate"": ""false"", ""hasScale"": ""false"", ""nRotateBits"": ""0"", ""nScaleBits"": ""0"", ""nTranslateBits"": ""13"", ""translateX"": ""1920"", ""translateY"": ""2640"", ""type"": ""MATRIX""}",level_name
628,6,PlaceObject2Tag,4,603,true,,
628,6,PlaceObject2Tag,6,149,false,"{""hasRotate"": ""false"", ""hasScale"": ""false"", ""nRotateBits"": ""0"", ""nScaleBits"": ""0"", ""nTranslateBits"": ""13"", ""translateX"": ""1920"", ""translateY"": ""2640"", ""type"": ""MATRIX""}",level_name
628,7,PlaceObject2Tag,4,605,true,,
628,7,PlaceObject2Tag,6,149,false,"{""hasRotate"": ""false"", ""hasScale"": ""false"", ""nRotateBits"": ""0"", ""nScaleBits"": ""0"", ""nTranslateBits"": ""13"", ""translateX"": ""1920"", ""translateY"": ""2640"", ""type"": ""MATRIX""}",level_name
628,8,PlaceObject2Tag,4,607,true,,
628,8,PlaceObject2Tag,6,149,false,"{""hasRotate"": ""false"", ""hasScale"": ""false"", ""nRotateBits"": ""0"", ""nScaleBits"": ""0"", ""nTranslateBits"": ""13"", ""translateX"": ""1920"", ""translateY"": ""2640"", ""type"": ""MATRIX""}",level_name
628,9,PlaceObject2Tag,4,609,true,,
628,9,PlaceObject2Tag,6,149,false,"{""hasRotate"": ""false"", ""hasScale"": ""false"", ""nRotateBits"": ""0"", ""nScaleBits"": ""0"", ""nTranslateBits"": ""13"", ""translateX"": ""1920"", ""translateY"": ""2640"", ""type"": ""MATRIX""}",level_name
628,10,PlaceObject2Tag,4,611,true,,
628,10,PlaceObject2Tag,6,149,false,"{""hasRotate"": ""false"", ""hasScale"": ""false"", ""nRotateBits"": ""0"", ""nScaleBits"": ""0"", ""nTranslateBits"": ""13"", ""translateX"": ""1920"", ""translateY"": ""2640"", ""type"": ""MATRIX""}",level_name
628,11,PlaceObject2Tag,4,613,true,,
628,11,PlaceObject2Tag,6,149,false,"{""hasRotate"": ""false"", ""hasScale"": ""false"", ""nRotateBits"": ""0"", ""nScaleBits"": ""0"", ""nTranslateBits"": ""13"", ""translateX"": ""1920"", ""translateY"": ""2640"", ""type"": ""MATRIX""}",level_name
628,12,PlaceObject2Tag,4,615,true,,
628,12,PlaceObject2Tag,6,149,false,"{""hasRotate"": ""false"", ""hasScale"": ""false"", ""nRotateBits"": ""0"", ""nScaleBits"": ""0"", ""nTranslateBits"": ""13"", ""translateX"": ""1920"", ""translateY"": ""2640"", ""type"": ""MATRIX""}",level_name
628,13,PlaceObject2Tag,4,617,true,,
628,13,PlaceObject2Tag,6,149,false,"{""hasRotate"": ""false"", ""hasScale"": ""false"", ""nRotateBits"": ""0"", ""nScaleBits"": ""0"", ""nTranslateBits"": ""13"", ""translateX"": ""1920"", ""translateY"": ""2640"", ""type"": ""MATRIX""}",level_name
628,14,PlaceObject2Tag,4,619,true,,
628,14,PlaceObject2Tag,6,149,false,"{""hasRotate"": ""false"", ""hasScale"": ""false"", ""nRotateBits"": ""0"", ""nScaleBits"": ""0"", ""nTranslateBits"": ""13"", ""translateX"": ""1920"", ""translateY"": ""2640"", ""type"": ""MATRIX""}",level_name
628,15,PlaceObject2Tag,4,621,true,,
628,15,PlaceObject2Tag,6,149,false,"{""hasRotate"": ""false"", ""hasScale"": ""false"", ""nRotateBits"": ""0"", ""nScaleBits"": ""0"", ""nTranslateBits"": ""13"", ""translateX"": ""1920"", ""translateY"": ""2640"", ""type"": ""MATRIX""}",level_name
628,16,PlaceObject2Tag,4,623,true,,
628,16,PlaceObject2Tag,6,149,false,"{""hasRotate"": ""false"", ""hasScale"": ""false"", ""nRotateBits"": ""0"", ""nScaleBits"": ""0"", ""nTranslateBits"": ""13"", ""translateX"": ""1920"", ""translateY"": ""2640"", ""type"": ""MATRIX""}",level_name
628,17,PlaceObject2Tag,4,625,true,,
628,17,PlaceObject2Tag,6,149,false,"{""hasRotate"": ""false"", ""hasScale"": ""false"", ""nRotateBits"": ""0"", ""nScaleBits"": ""0"", ""nTranslateBits"": ""13"", ""translateX"": ""1920"", ""translateY"": ""2640"", ""type"": ""MATRIX""}",level_name
628,18,PlaceObject2Tag,4,627,true,,
628,18,PlaceObject2Tag,6,149,false,"{""hasRotate"": ""false"", ""hasScale"": ""false"", ""nRotateBits"": ""0"", ""nScaleBits"": ""0"", ""nTranslateBits"": ""13"", ""translateX"": ""1920"", ""translateY"": ""2640"", ""type"": ""MATRIX""}",level_name
629,1,PlaceObject2Tag,1,578,false,"{""hasRotate"": ""false"", ""hasScale"": ""false"", ""nRotateBits"": ""0"", ""nScaleBits"": ""0"", ""nTranslateBits"": ""0"", ""translateX"": ""0"", ""translateY"": ""0"", ""type"": ""MATRIX""}",
629,1,PlaceObject2Tag,2,582,false,"{""hasRotate"": ""false"", ""hasScale"": ""false"", ""nRotateBits"": ""0"", ""nScaleBits"": ""0"", ""nTranslateBits"": ""13"", ""translateX"": ""-2800"", ""translateY"": ""0"", ""type"": ""MATRIX""}",prev_button
629,1,PlaceObject2Tag,4,586,false,"{""hasRotate"": ""false"", ""hasScale"": ""false"", ""nRotateBits"": ""0"", ""nScaleBits"": ""0"", ""nTranslateBits"": ""13"", ""translateX"": ""2740"", ""translateY"": ""0"", ""type"": ""MATRIX""}",next_button
629,1,PlaceObject2Tag,6,589,false,"{""hasRotate"": ""false"", ""hasScale"": ""false"", ""nRotateBits"": ""0"", ""nScaleBits"": ""0"", ""nTranslateBits"": ""12"", ""translateX"": ""0"", ""translateY"": ""1900"", ""type"": ""MATRIX""}",play_button
629,1,PlaceObject2Tag,9,628,false,"{""hasRotate"": ""false"", ""hasScale"": ""false"", ""nRotateBits"": ""0"", ""nScaleBits"": ""0"", ""nTranslateBits"": ""12"", ""translateX"": ""-1920"", ""translateY"": ""-1420"", ""type"": ""MATRIX""}",content_clip
630,1,PlaceObject2Tag,1,319,false,"{""hasRotate"": ""false"", ""hasScale"": ""false"", ""nRotateBits"": ""0"", ""nScaleBits"": ""0"", ""nTranslateBits"": ""0"", ""translateX"": ""0"", ""translateY"": ""0"", ""type"": ""MATRIX""}",
631,1,PlaceObject2Tag,1,587,false,"{""hasRotate"": ""false"", ""hasScale"": ""false"", ""nRotateBits"": ""0"", ""nScaleBits"": ""0"", ""nTranslateBits"": ""0"", ""translateX"": ""0"", ""translateY"": ""0"", ""type"": ""MATRIX""}",
631,1,PlaceObject3Tag,2,630,false,"{""hasRotate"": ""false"", ""hasScale"": ""false"", ""nRotateBits"": ""0"", ""nScaleBits"": ""0"", ""nTranslateBits"": ""8"", ""translateX"": ""100"", ""translateY"": ""0"", ""type"": ""MATRIX""}",
631,10,PlaceObject2Tag,2,,true,,
664,1,PlaceObject2Tag,1,635,false,"{""hasRotate"": ""false"", ""hasScale"": ""false"", ""nRotateBits"": ""0"", ""nScaleBits"": ""0"", ""nTranslateBits"": ""0"", ""translateX"": ""0"", ""translateY"": ""0"", ""type"": ""MATRIX""}",
664,2,PlaceObject2Tag,1,637,true,"{""hasRotate"": ""false"", ""hasScale"": ""false"", ""nRotateBits"": ""0"", ""nScaleBits"": ""0"", ""nTranslateBits"": ""6"", ""translateX"": ""-20"", ""translateY"": ""30"", ""type"": ""MATRIX""}",
664,3,PlaceObject2Tag,1,639,true,"{""hasRotate"": ""false"", ""hasScale"": ""false"", ""nRotateBits"": ""0"", ""nScaleBits"": ""0"", ""nTranslateBits"": ""0"", ""translateX"": ""0"", ""translateY"": ""0"", ""type"": ""MATRIX""}",
664,4,PlaceObject2Tag,1,641,true,"{""hasRotate"": ""false"", ""hasScale"": ""false"", ""nRotateBits"": ""0"", ""nScaleBits"": ""0"", ""nTranslateBits"": ""8"", ""translateX"": ""-18"", ""translateY"": ""65"", ""type"": ""MATRIX""}",
664,5,PlaceObject2Tag,1,643,true,"{""hasRotate"": ""false"", ""hasScale"": ""false"", ""nRotateBits"": ""0"", ""nScaleBits"": ""0"", ""nTranslateBits"": ""0"", ""translateX"": ""0"", ""translateY"": ""0"", ""type"": ""MATRIX""}",
664,6,PlaceObject2Tag,1,645,true,"{""hasRotate"": ""false"", ""hasScale"": ""false"", ""nRotateBits"": ""0"", ""nScaleBits"": ""0"", ""nTranslateBits"": ""6"", ""translateX"": ""7"", ""translateY"": ""25"", ""type"": ""MATRIX""}",
664,7,PlaceObject2Tag,1,647,true,"{""hasRotate"": ""false"", ""hasScale"": ""false"", ""nRotateBits"": ""0"", ""nScaleBits"": ""0"", ""nTranslateBits"": ""10"", ""translateX"": ""20"", ""translateY"": ""320"", ""type"": ""MATRIX""}",
664,8,PlaceObject2Tag,1,649,true,"{""hasRotate"": ""false"", ""hasScale"": ""false"", ""nRotateBits"": ""0"", ""nScaleBits"": ""0"", ""nTranslateBits"": ""6"", ""translateX"": ""-20"", ""translateY"": ""0"", ""type"": ""MATRIX""}",
664,9,PlaceObject2Tag,1,651,true,"{""hasRotate"": ""false"", ""hasScale"": ""false"", ""nRotateBits"": ""0"", ""nScaleBits"": ""0"", ""nTranslateBits"": ""8"", ""translateX"": ""-13"", ""translateY"": ""120"", ""type"": ""MATRIX""}",
664,10,PlaceObject2Tag,1,653,true,"{""hasRotate"": ""false"", ""hasScale"": ""false"", ""nRotateBits"": ""0"", ""nScaleBits"": ""0"", ""nTranslateBits"": ""7"", ""translateX"": ""-3"", ""translateY"": ""40"", ""type"": ""MATRIX""}",
664,11,PlaceObject2Tag,1,655,true,"{""hasRotate"": ""false"", ""hasScale"": ""false"", ""nRotateBits"": ""0"", ""nScaleBits"": ""0"", ""nTranslateBits"": ""6"", ""translateX"": ""-20"", ""translateY"": ""20"", ""type"": ""MATRIX""}",
664,12,PlaceObject2Tag,1,657,true,"{""hasRotate"": ""false"", ""hasScale"": ""false"", ""nRotateBits"": ""0"", ""nScaleBits"": ""0"", ""nTranslateBits"": ""0"", ""translateX"": ""0"", ""translateY"": ""0"", ""type"": ""MATRIX""}",
664,13,PlaceObject2Tag,1,659,true,"{""hasRotate"": ""false"", ""hasScale"": ""false"", ""nRotateBits"": ""0"", ""nScaleBits"": ""0"", ""nTranslateBits"": ""6"", ""translateX"": ""-23"", ""translateY"": ""20"", ""type"": ""MATRIX""}",
664,14,PlaceObject2Tag,1,661,true,"{""hasRotate"": ""false"", ""hasScale"": ""false"", ""nRotateBits"": ""0"", ""nScaleBits"": ""0"", ""nTranslateBits"": ""8"", ""translateX"": ""-28"", ""translateY"": ""100"", ""type"": ""MATRIX""}",
664,15,PlaceObject2Tag,1,663,true,"{""hasRotate"": ""false"", ""hasScale"": ""false"", ""nRotateBits"": ""0"", ""nScaleBits"": ""0"", ""nTranslateBits"": ""10"", ""translateX"": ""20"", ""translateY"": ""320"", ""type"": ""MATRIX""}",
665,1,PlaceObject2Tag,1,149,false,"{""hasRotate"": ""false"", ""hasScale"": ""false"", ""nRotateBits"": ""0"", ""nScaleBits"": ""0"", ""nTranslateBits"": ""10"", ""translateX"": ""-500"", ""translateY"": ""-200"", ""type"": ""MATRIX""}",
668,1,PlaceObject2Tag,1,667,false,"{""hasRotate"": ""false"", ""hasScale"": ""false"", ""nRotateBits"": ""0"", ""nScaleBits"": ""0"", ""nTranslateBits"": ""0"", ""translateX"": ""0"", ""translateY"": ""0"", ""type"": ""MATRIX""}",
669,1,PlaceObject2Tag,1,633,false,"{""hasRotate"": ""false"", ""hasScale"": ""false"", ""nRotateBits"": ""0"", ""nScaleBits"": ""0"", ""nTranslateBits"": ""0"", ""translateX"": ""0"", ""translateY"": ""0"", ""type"": ""MATRIX""}",
669,1,PlaceObject2Tag,2,664,false,"{""hasRotate"": ""false"", ""hasScale"": ""false"", ""nRotateBits"": ""0"", ""nScaleBits"": ""0"", ""nTranslateBits"": ""11"", ""translateX"": ""525"", ""translateY"": ""620"", ""type"": ""MATRIX""}",pirate_clip
669,1,PlaceObject2Tag,4,665,false,"{""hasRotate"": ""false"", ""hasScale"": ""false"", ""nRotateBits"": ""0"", ""nScaleBits"": ""0"", ""nTranslateBits"": ""11"", ""translateX"": ""980"", ""translateY"": ""740"", ""type"": ""MATRIX""}",question_mark
669,1,PlaceObject2Tag,6,149,false,"{""hasRotate"": ""false"", ""hasScale"": ""false"", ""nRotateBits"": ""0"", ""nScaleBits"": ""0"", ""nTranslateBits"": ""12"", ""translateX"": ""500"", ""translateY"": ""1240"", ""type"": ""MATRIX""}",level_number
669,10,PlaceObject2Tag,7,668,false,"{""hasRotate"": ""false"", ""hasScale"": ""false"", ""nRotateBits"": ""0"", ""nScaleBits"": ""0"", ""nTranslateBits"": ""11"", ""translateX"": ""460"", ""translateY"": ""520"", ""type"": ""MATRIX""}",
671,1,PlaceObject2Tag,1,319,false,"{""hasRotate"": ""false"", ""hasScale"": ""false"", ""nRotateBits"": ""0"", ""nScaleBits"": ""0"", ""nTranslateBits"": ""0"", ""translateX"": ""0"", ""translateY"": ""0"", ""type"": ""MATRIX""}",
672,1,PlaceObject2Tag,1,670,false,"{""hasRotate"": ""false"", ""hasScale"": ""false"", ""nRotateBits"": ""0"", ""nScaleBits"": ""0"", ""nTranslateBits"": ""0"", ""translateX"": ""0"", ""translateY"": ""0"", ""type"": ""MATRIX""}",
672,1,PlaceObject3Tag,2,671,false,"{""hasRotate"": ""false"", ""hasScale"": ""false"", ""nRotateBits"": ""0"", ""nScaleBits"": ""0"", ""nTranslateBits"": ""0"", ""translateX"": ""0"", ""translateY"": ""0"", ""type"": ""MATRIX""}",
672,10,PlaceObject2Tag,2,,true,,
673,1,PlaceObject2Tag,1,319,false,"{""hasRotate"": ""false"", ""hasScale"": ""false"", ""nRotateBits"": ""0"", ""nScaleBits"": ""0"", ""nTranslateBits"": ""0"", ""translateX"": ""0"", ""translateY"": ""0"", ""type"": ""MATRIX""}",
674,1,PlaceObject2Tag,1,670,false,"{""hasRotate"": ""false"", ""hasScale"": ""false"", ""nRotateBits"": ""0"", ""nScaleBits"": ""0"", ""nTranslateBits"": ""0"", ""translateX"": ""0"", ""translateY"": ""0"", ""type"": ""MATRIX""}",
674,1,PlaceObject3Tag,2,673,false,"{""hasRotate"": ""false"", ""hasScale"": ""false"", ""nRotateBits"": ""0"", ""nScaleBits"": ""0"", ""nTranslateBits"": ""0"", ""translateX"": ""0"", ""translateY"": ""0"", ""type"": ""MATRIX""}",
674,10,PlaceObject2Tag,2,,true,,
676,1,PlaceObject2Tag,1,675,false,"{""hasRotate"": ""false"", ""hasScale"": ""false"", ""nRotateBits"": ""0"", ""nScaleBits"": ""0"", ""nTranslateBits"": ""0"", ""translateX"": ""0"", ""translateY"": ""0"", ""type"": ""MATRIX""}",
676,1,PlaceObject3Tag,2,588,false,"{""hasRotate"": ""false"", ""hasScale"": ""false"", ""nRotateBits"": ""0"", ""nScaleBits"": ""0"", ""nTranslateBits"": ""0"", ""translateX"": ""0"", ""translateY"": ""0"", ""type"": ""MATRIX""}",
676,10,PlaceObject2Tag,2,,true,,
677,1,PlaceObject2Tag,1,319,false,"{""hasRotate"": ""false"", ""hasScale"": ""false"", ""nRotateBits"": ""0"", ""nScaleBits"": ""0"", ""nTranslateBits"": ""0"", ""translateX"": ""0"", ""translateY"": ""0"", ""type"": ""MATRIX""}",
678,1,PlaceObject2Tag,1,675,false,"{""hasRotate"": ""false"", ""hasScale"": ""false"", ""nRotateBits"": ""0"", ""nScaleBits"": ""0"", ""nTranslateBits"": ""0"", ""translateX"": ""0"", ""translateY"": ""0"", ""type"": ""MATRIX""}",
678,1,PlaceObject3Tag,2,677,false,"{""hasRotate"": ""false"", ""hasScale"": ""false"", ""nRotateBits"": ""0"", ""nScaleBits"": ""0"", ""nTranslateBits"": ""0"", ""translateX"": ""0"", ""translateY"": ""0"", ""type"": ""MATRIX""}",
678,10,PlaceObject2Tag,2,,true,,
679,1,PlaceObject2Tag,1,319,false,"{""hasRotate"": ""false"", ""hasScale"": ""false"", ""nRotateBits"": ""0"", ""nScaleBits"": ""0"", ""nTranslateBits"": ""0"", ""translateX"": ""0"", ""translateY"": ""0"", ""type"": ""MATRIX""}",
680,1,PlaceObject2Tag,1,675,false,"{""hasRotate"": ""false"", ""hasScale"": ""false"", ""nRotateBits"": ""0"", ""nScaleBits"": ""0"", ""nTranslateBits"": ""0"", ""translateX"": ""0"", ""translateY"": ""0"", ""type"": ""MATRIX""}",
680,1,PlaceObject3Tag,2,679,false,"{""hasRotate"": ""false"", ""hasScale"": ""false"", ""nRotateBits"": ""0"", ""nScaleBits"": ""0"", ""nTranslateBits"": ""0"", ""translateX"": ""0"", ""translateY"": ""0"", ""type"": ""MATRIX""}",
680,10,PlaceObject2Tag,2,,true,,
681,1,PlaceObject2Tag,1,319,false,"{""hasRotate"": ""false"", ""hasScale"": ""false"", ""nRotateBits"": ""0"", ""nScaleBits"": ""0"", ""nTranslateBits"": ""0"", ""translateX"": ""0"", ""translateY"": ""0"", ""type"": ""MATRIX""}",
682,1,PlaceObject2Tag,1,675,false,"{""hasRotate"": ""false"", ""hasScale"": ""false"", ""nRotateBits"": ""0"", ""nScaleBits"": ""0"", ""nTranslateBits"": ""0"", ""translateX"": ""0"", ""translateY"": ""0"", ""type"": ""MATRIX""}",
682,1,PlaceObject3Tag,2,681,false,"{""hasRotate"": ""false"", ""hasScale"": ""false"", ""nRotateBits"": ""0"", ""nScaleBits"": ""0"", ""nTranslateBits"": ""0"", ""translateX"": ""0"", ""translateY"": ""0"", ""type"": ""MATRIX""}",
682,10,PlaceObject2Tag,2,,true,,
685,1,PlaceObject2Tag,1,684,false,"{""hasRotate"": ""false"", ""hasScale"": ""false"", ""nRotateBits"": ""0"", ""nScaleBits"": ""0"", ""nTranslateBits"": ""0"", ""translateX"": ""0"", ""translateY"": ""0"", ""type"": ""MATRIX""}",
690,1,PlaceObject2Tag,1,689,false,"{""hasRotate"": ""false"", ""hasScale"": ""false"", ""nRotateBits"": ""0"", ""nScaleBits"": ""0"", ""nTranslateBits"": ""10"", ""translateX"": ""340"", ""translateY"": ""320"", ""type"": ""MATRIX""}",
707,1,PlaceObject2Tag,1,692,false,"{""hasRotate"": ""false"", ""hasScale"": ""false"", ""nRotateBits"": ""0"", ""nScaleBits"": ""0"", ""nTranslateBits"": ""0"", ""translateX"": ""0"", ""translateY"": ""0"", ""type"": ""MATRIX""}",
707,3,PlaceObject2Tag,1,694,true,,
707,5,PlaceObject2Tag,1,696,true,,
707,7,PlaceObject2Tag,1,698,true,,
707,9,PlaceObject2Tag,1,700,true,,
707,11,PlaceObject2Tag,1,702,true,,
707,13,PlaceObject2Tag,1,704,true,,
707,15,PlaceObject2Tag,1,706,true,,
724,1,PlaceObject2Tag,1,709,false,"{""hasRotate"": ""false"", ""hasScale"": ""false"", ""nRotateBits"": ""0"", ""nScaleBits"": ""0"", ""nTranslateBits"": ""0"", ""translateX"": ""0"", ""translateY"": ""0"", ""type"": ""MATRIX""}",
724,3,PlaceObject2Tag,1,711,true,,
724,5,PlaceObject2Tag,1,713,true,,
724,7,PlaceObject2Tag,1,715,true,,
724,9,PlaceObject2Tag,1,717,true,,
724,11,PlaceObject2Tag,1,719,true,,
724,13,PlaceObject2Tag,1,721,true,,
724,15,PlaceObject2Tag,1,723,true,,
741,1,PlaceObject2Tag,1,726,false,"{""hasRotate"": ""false"", ""hasScale"": ""false"", ""nRotateBits"": ""0"", ""nScaleBits"": ""0"", ""nTranslateBits"": ""0"", ""translateX"": ""0"", ""translateY"": ""0"", ""type"": ""MATRIX""}",
741,3,PlaceObject2Tag,1,728,true,,
741,5,PlaceObject2Tag,1,730,true,,
741,7,PlaceObject2Tag,1,732,true,,
741,9,PlaceObject2Tag,1,734,true,,
741,11,PlaceObject2Tag,1,736,true,,
741,13,PlaceObject2Tag,1,738,true,,
741,15,PlaceObject2Tag,1,740,true,,
758,1,PlaceObject2Tag,1,743,false,"{""hasRotate"": ""false"", ""hasScale"": ""false"", ""nRotateBits"": ""0"", ""nScaleBits"": ""0"", ""nTranslateBits"": ""0"", ""translateX"": ""0"", ""translateY"": ""0"", ""type"": ""MATRIX""}",
758,3,PlaceObject2Tag,1,745,true,,
758,5,PlaceObject2Tag,1,747,true,,
758,7,PlaceObject2Tag,1,749,true,,
758,9,PlaceObject2Tag,1,751,true,,
758,11,PlaceObject2Tag,1,753,true,,
758,13,PlaceObject2Tag,1,755,true,,
758,15,PlaceObject2Tag,1,757,true,,
767,1,PlaceObject2Tag,1,760,false,"{""hasRotate"": ""false"", ""hasScale"": ""false"", ""nRotateBits"": ""0"", ""nScaleBits"": ""0"", ""nTranslateBits"": ""10"", ""translateX"": ""220"", ""translateY"": ""280"", ""type"": ""MATRIX""}",
767,4,PlaceObject2Tag,1,762,true,,
767,7,PlaceObject2Tag,1,764,true,,
767,10,PlaceObject2Tag,1,766,true,,
779,1,PlaceObject2Tag,2,769,false,"{""hasRotate"": ""false"", ""hasScale"": ""false"", ""nRotateBits"": ""0"", ""nScaleBits"": ""0"", ""nTranslateBits"": ""0"", ""translateX"": ""0"", ""translateY"": ""0"", ""type"": ""MATRIX""}",
779,4,PlaceObject2Tag,2,772,true,,
779,7,PlaceObject2Tag,2,775,true,,
779,10,PlaceObject2Tag,2,778,true,,
780,1,PlaceObject2Tag,1,685,false,"{""hasRotate"": ""false"", ""hasScale"": ""false"", ""nRotateBits"": ""0"", ""nScaleBits"": ""0"", ""nTranslateBits"": ""13"", ""translateX"": ""2754"", ""translateY"": ""2670"", ""type"": ""MATRIX""}",
780,1,PlaceObject2Tag,3,687,false,"{""hasRotate"": ""false"", ""hasScale"": ""false"", ""nRotateBits"": ""0"", ""nScaleBits"": ""0"", ""nTranslateBits"": ""0"", ""translateX"": ""0"", ""translateY"": ""0"", ""type"": ""MATRIX""}",
780,1,PlaceObject2Tag,4,685,false,"{""hasRotate"": ""false"", ""hasScale"": ""false"", ""nRotateBits"": ""0"", ""nScaleBits"": ""0"", ""nTranslateBits"": ""11"", ""translateX"": ""740"", ""translateY"": ""760"", ""type"": ""MATRIX""}",
780,1,PlaceObject2Tag,6,690,false,"{""hasRotate"": ""false"", ""hasScale"": ""false"", ""nRotateBits"": ""0"", ""nScaleBits"": ""0"", ""nTranslateBits"": ""12"", ""translateX"": ""1945"", ""translateY"": ""0"", ""type"": ""MATRIX""}",
780,1,PlaceObject2Tag,8,707,false,"{""hasRotate"": ""false"", ""hasScale"": ""false"", ""nRotateBits"": ""0"", ""nScaleBits"": ""0"", ""nTranslateBits"": ""14"", ""translateX"": ""735"", ""translateY"": ""5100"", ""type"": ""MATRIX""}",
780,1,PlaceObject2Tag,10,724,false,"{""hasRotate"": ""false"", ""hasScale"": ""false"", ""nRotateBits"": ""0"", ""nScaleBits"": ""0"", ""nTranslateBits"": ""14"", ""translateX"": ""2015"", ""translateY"": ""5100"", ""type"": ""MATRIX""}",
780,1,PlaceObject2Tag,12,741,false,"{""hasRotate"": ""false"", ""hasScale"": ""false"", ""nRotateBits"": ""0"", ""nScaleBits"": ""0"", ""nTranslateBits"": ""14"", ""translateX"": ""75"", ""translateY"": ""5100"", ""type"": ""MATRIX""}",
780,1,PlaceObject2Tag,14,758,false,"{""hasRotate"": ""false"", ""hasScale"": ""false"", ""nRotateBits"": ""0"", ""nScaleBits"": ""0"", ""nTranslateBits"": ""14"", ""translateX"": ""2655"", ""translateY"": ""5100"", ""type"": ""MATRIX""}",
780,1,PlaceObject2Tag,16,724,false,"{""hasRotate"": ""false"", ""hasScale"": ""false"", ""nRotateBits"": ""0"", ""nScaleBits"": ""0"", ""nTranslateBits"": ""14"", ""translateX"": ""1375"", ""translateY"": ""5100"", ""type"": ""MATRIX""}",
780,1,PlaceObject2Tag,18,690,false,"{""hasRotate"": ""false"", ""hasScale"": ""false"", ""nRotateBits"": ""0"", ""nScaleBits"": ""0"", ""nTranslateBits"": ""13"", ""translateX"": ""60"", ""translateY"": ""2560"", ""type"": ""MATRIX""}",
780,1,PlaceObject2Tag,20,690,false,"{""hasRotate"": ""false"", ""hasScale"": ""false"", ""nRotateBits"": ""0"", ""nScaleBits"": ""0"", ""nTranslateBits"": ""13"", ""translateX"": ""1345"", ""translateY"": ""3200"", ""type"": ""MATRIX""}",
780,1,PlaceObject2Tag,22,690,false,"{""hasRotate"": ""false"", ""hasScale"": ""false"", ""nRotateBits"": ""0"", ""nScaleBits"": ""0"", ""nTranslateBits"": ""13"", ""translateX"": ""3700"", ""translateY"": ""2560"", ""type"": ""MATRIX""}",
780,1,PlaceObject2Tag,24,767,false,"{""hasRotate"": ""false"", ""hasScale"": ""false"", ""nRotateBits"": ""0"", ""nScaleBits"": ""0"", ""nTranslateBits"": ""13"", ""translateX"": ""1760"", ""translateY"": ""2120"", ""type"": ""MATRIX""}",
780,1,PlaceObject2Tag,26,767,false,"{""hasRotate"": ""false"", ""hasScale"": ""false"", ""nRotateBits"": ""0"", ""nScaleBits"": ""0"", ""nTranslateBits"": ""11"", ""translateX"": ""225"", ""translateY"": ""800"", ""type"": ""MATRIX""}",
780,1,PlaceObject2Tag,28,767,false,"{""hasRotate"": ""false"", ""hasScale"": ""false"", ""nRotateBits"": ""0"", ""nScaleBits"": ""0"", ""nTranslateBits"": ""13"", ""translateX"": ""220"", ""translateY"": ""2720"", ""type"": ""MATRIX""}",
780,1,PlaceObject2Tag,30,690,false,"{""hasRotate"": ""false"", ""hasScale"": ""false"", ""nRotateBits"": ""0"", ""nScaleBits"": ""0"", ""nTranslateBits"": ""13"", ""translateX"": ""3040"", ""translateY"": ""2560"", ""type"": ""MATRIX""}",
780,1,PlaceObject2Tag,32,779,false,"{""hasRotate"": ""false"", ""hasScale"": ""false"", ""nRotateBits"": ""0"", ""nScaleBits"": ""0"", ""nTranslateBits"": ""13"", ""translateX"": ""3420"", ""translateY"": ""2000"", ""type"": ""MATRIX""}",
780,1,PlaceObject2Tag,35,685,false,"{""hasRotate"": ""false"", ""hasScale"": ""false"", ""nRotateBits"": ""0"", ""nScaleBits"": ""0"", ""nTranslateBits"": ""13"", ""translateX"": ""3490"", ""translateY"": ""2680"", ""type"": ""MATRIX""}",
780,1,PlaceObject2Tag,37,690,false,"{""hasRotate"": ""false"", ""hasScale"": ""false"", ""nRotateBits"": ""0"", ""nScaleBits"": ""0"", ""nTranslateBits"": ""13"", ""translateX"": ""1640"", ""translateY"": ""2570"", ""type"": ""MATRIX""}",
780,1,PlaceObject2Tag,39,690,false,"{""hasRotate"": ""false"", ""hasScale"": ""false"", ""nRotateBits"": ""0"", ""nScaleBits"": ""0"", ""nTranslateBits"": ""13"", ""translateX"": ""1965"", ""translateY"": ""3190"", ""type"": ""MATRIX""}",
780,1,PlaceObject2Tag,41,685,false,"{""hasRotate"": ""false"", ""hasScale"": ""false"", ""nRotateBits"": ""0"", ""nScaleBits"": ""0"", ""nTranslateBits"": ""13"", ""translateX"": ""200"", ""translateY"": ""2080"", ""type"": ""MATRIX""}",
780,1,PlaceObject2Tag,43,685,false,"{""hasRotate"": ""false"", ""hasScale"": ""false"", ""nRotateBits"": ""0"", ""nScaleBits"": ""0"", ""nTranslateBits"": ""13"", ""translateX"": ""1000"", ""translateY"": ""2680"", ""type"": ""MATRIX""}",
780,1,PlaceObject2Tag,45,685,false,"{""hasRotate"": ""false"", ""hasScale"": ""false"", ""nRotateBits"": ""0"", ""nScaleBits"": ""0"", ""nTranslateBits"": ""13"", ""translateX"": ""965"", ""translateY"": ""2430"", ""type"": ""MATRIX""}",
780,1,PlaceObject2Tag,47,685,false,"{""hasRotate"": ""false"", ""hasScale"": ""false"", ""nRotateBits"": ""0"", ""nScaleBits"": ""0"", ""nTranslateBits"": ""13"", ""translateX"": ""720"", ""translateY"": ""2680"", ""type"": ""MATRIX""}",
780,1,PlaceObject2Tag,49,685,false,"{""hasRotate"": ""false"", ""hasScale"": ""false"", ""nRotateBits"": ""0"", ""nScaleBits"": ""0"", ""nTranslateBits"": ""13"", ""translateX"": ""1240"", ""translateY"": ""2700"", ""type"": ""MATRIX""}",
780,1,PlaceObject2Tag,51,685,false,"{""hasRotate"": ""false"", ""hasScale"": ""false"", ""nRotateBits"": ""0"", ""nScaleBits"": ""0"", ""nTranslateBits"": ""13"", ""translateX"": ""2900"", ""translateY"": ""760"", ""type"": ""MATRIX""}",
780,1,PlaceObject2Tag,53,685,false,"{""hasRotate"": ""false"", ""hasScale"": ""false"", ""nRotateBits"": ""0"", ""nScaleBits"": ""0"", ""nTranslateBits"": ""12"", ""translateX"": ""1480"", ""translateY"": ""120"", ""type"": ""MATRIX""}",
780,1,PlaceObject2Tag,55,767,false,"{""hasRotate"": ""false"", ""hasScale"": ""false"", ""nRotateBits"": ""0"", ""nScaleBits"": ""0"", ""nTranslateBits"": ""13"", ""translateX"": ""3315"", ""translateY"": ""790"", ""type"": ""MATRIX""}",
783,1,PlaceObject2Tag,1,782,false,"{""hasRotate"": ""false"", ""hasScale"": ""false"", ""nRotateBits"": ""0"", ""nScaleBits"": ""0"", ""nTranslateBits"": ""0"", ""translateX"": ""0"", ""translateY"": ""0"", ""type"": ""MATRIX""}",
784,1,PlaceObject2Tag,1,149,false,"{""hasRotate"": ""false"", ""hasScale"": ""false"", ""nRotateBits"": ""0"", ""nScaleBits"": ""0"", ""nTranslateBits"": ""10"", ""translateX"": ""-500"", ""translateY"": ""-200"", ""type"": ""MATRIX""}",
786,1,PlaceObject2Tag,1,785,false,"{""hasRotate"": ""false"", ""hasScale"": ""false"", ""nRotateBits"": ""0"", ""nScaleBits"": ""0"", ""nTranslateBits"": ""0"", ""translateX"": ""0"", ""translateY"": ""0"", ""type"": ""MATRIX""}",
787,1,PlaceObject2Tag,1,783,false,"{""hasRotate"": ""false"", ""hasScale"": ""false"", ""nRotateBits"": ""0"", ""nScaleBits"": ""0"", ""nTranslateBits"": ""10"", ""translateX"": ""-420"", ""translateY"": ""-320"", ""type"": ""MATRIX""}",
787,1,PlaceObject3Tag,3,784,false,"{""hasRotate"": ""false"", ""hasScale"": ""false"", ""nRotateBits"": ""0"", ""nScaleBits"": ""0"", ""nTranslateBits"": ""11"", ""translateX"": ""620"", ""translateY"": ""220"", ""type"": ""MATRIX""}",
787,1,PlaceObject2Tag,5,786,false,"{""hasRotate"": ""false"", ""hasScale"": ""false"", ""nRotateBits"": ""0"", ""nScaleBits"": ""0"", ""nTranslateBits"": ""12"", ""translateX"": ""117"", ""translateY"": ""1560"", ""type"": ""MATRIX""}",
787,1,PlaceObject2Tag,7,786,false,"{""hasRotate"": ""false"", ""hasScale"": ""false"", ""nRotateBits"": ""0"", ""nScaleBits"": ""0"", ""nTranslateBits"": ""12"", ""translateX"": ""117"", ""translateY"": ""1300"", ""type"": ""MATRIX""}",
787,1,PlaceObject2Tag,9,786,false,"{""hasRotate"": ""false"", ""hasScale"": ""false"", ""nRotateBits"": ""0"", ""nScaleBits"": ""0"", ""nTranslateBits"": ""12"", ""translateX"": ""117"", ""translateY"": ""1040"", ""type"": ""MATRIX""}",
787,1,PlaceObject2Tag,11,786,false,"{""hasRotate"": ""false"", ""hasScale"": ""false"", ""nRotateBits"": ""0"", ""nScaleBits"": ""0"", ""nTranslateBits"": ""11"", ""translateX"": ""87"", ""translateY"": ""780"", ""type"": ""MATRIX""}",
787,1,PlaceObject2Tag,13,786,false,"{""hasRotate"": ""false"", ""hasScale"": ""false"", ""nRotateBits"": ""0"", ""nScaleBits"": ""0"", ""nTranslateBits"": ""11"", ""translateX"": ""87"", ""translateY"": ""520"", ""type"": ""MATRIX""}",
787,1,PlaceObject2Tag,15,786,false,"{""hasRotate"": ""false"", ""hasScale"": ""false"", ""nRotateBits"": ""0"", ""nScaleBits"": ""0"", ""nTranslateBits"": ""10"", ""translateX"": ""77"", ""translateY"": ""260"", ""type"": ""MATRIX""}",
787,1,PlaceObject2Tag,17,786,false,"{""hasRotate"": ""false"", ""hasScale"": ""false"", ""nRotateBits"": ""0"", ""nScaleBits"": ""0"", ""nTranslateBits"": ""8"", ""translateX"": ""80"", ""translateY"": ""0"", ""type"": ""MATRIX""}",
787,2,PlaceObject2Tag,17,,true,"{""hasRotate"": ""false"", ""hasScale"": ""true"", ""nRotateBits"": ""0"", ""nScaleBits"": ""18"", ""nTranslateBits"": ""11"", ""scaleX"": ""0.8937683"", ""scaleY"": ""1.0"", ""translateX"": ""531"", ""translateY"": ""0"", ""type"": ""MATRIX""}",
787,3,PlaceObject2Tag,17,,true,"{""hasRotate"": ""false"", ""hasScale"": ""true"", ""nRotateBits"": ""0"", ""nScaleBits"": ""18"", ""nTranslateBits"": ""11"", ""scaleX"": ""0.78752136"", ""scaleY"": ""1.0"", ""translateX"": ""980"", ""translateY"": ""0"", ""type"": ""MATRIX""}",
787,4,PlaceObject2Tag,17,,true,"{""hasRotate"": ""false"", ""hasScale"": ""true"", ""nRotateBits"": ""0"", ""nScaleBits"": ""18"", ""nTranslateBits"": ""12"", ""scaleX"": ""0.68130493"", ""scaleY"": ""1.0"", ""translateX"": ""1431"", ""translateY"": ""0"", ""type"": ""MATRIX""}",
787,5,PlaceObject2Tag,17,,true,"{""hasRotate"": ""false"", ""hasScale"": ""true"", ""nRotateBits"": ""0"", ""nScaleBits"": ""18"", ""nTranslateBits"": ""12"", ""scaleX"": ""0.57507324"", ""scaleY"": ""1.0"", ""translateX"": ""1881"", ""translateY"": ""0"", ""type"": ""MATRIX""}",
787,6,PlaceObject2Tag,17,,true,"{""hasRotate"": ""false"", ""hasScale"": ""true"", ""nRotateBits"": ""0"", ""nScaleBits"": ""18"", ""nTranslateBits"": ""13"", ""scaleX"": ""0.4688263"", ""scaleY"": ""1.0"", ""translateX"": ""2332"", ""translateY"": ""0"", ""type"": ""MATRIX""}",
787,7,PlaceObject2Tag,17,,true,"{""hasRotate"": ""false"", ""hasScale"": ""true"", ""nRotateBits"": ""0"", ""nScaleBits"": ""18"", ""nTranslateBits"": ""13"", ""scaleX"": ""0.3625946"", ""scaleY"": ""1.0"", ""translateX"": ""2781"", ""translateY"": ""0"", ""type"": ""MATRIX""}",
787,8,PlaceObject2Tag,17,,true,"{""hasRotate"": ""false"", ""hasScale"": ""true"", ""nRotateBits"": ""0"", ""nScaleBits"": ""18"", ""nTranslateBits"": ""13"", ""scaleX"": ""0.25637817"", ""scaleY"": ""1.0"", ""translateX"": ""3232"", ""translateY"": ""0"", ""type"": ""MATRIX""}",
787,9,PlaceObject2Tag,17,,true,"{""hasRotate"": ""false"", ""hasScale"": ""true"", ""nRotateBits"": ""0"", ""nScaleBits"": ""18"", ""nTranslateBits"": ""13"", ""scaleX"": ""0.15013123"", ""scaleY"": ""1.0"", ""translateX"": ""3682"", ""translateY"": ""0"", ""type"": ""MATRIX""}",
787,10,PlaceObject2Tag,15,,true,"{""hasRotate"": ""false"", ""hasScale"": ""false"", ""nRotateBits"": ""0"", ""nScaleBits"": ""0"", ""nTranslateBits"": ""10"", ""translateX"": ""117"", ""translateY"": ""260"", ""type"": ""MATRIX""}",
787,10,PlaceObject2Tag,17,,true,"{""hasRotate"": ""false"", ""hasScale"": ""true"", ""nRotateBits"": ""0"", ""nScaleBits"": ""18"", ""nTranslateBits"": ""14"", ""scaleX"": ""0.043899536"", ""scaleY"": ""1.0"", ""translateX"": ""4132"", ""translateY"": ""0"", ""type"": ""MATRIX""}",
787,11,PlaceObject2Tag,15,,true,"{""hasRotate"": ""false"", ""hasScale"": ""true"", ""nRotateBits"": ""0"", ""nScaleBits"": ""18"", ""nTranslateBits"": ""11"", ""scaleX"": ""0.90512085"", ""scaleY"": ""1.0"", ""translateX"": ""519"", ""translateY"": ""260"", ""type"": ""MATRIX""}",
787,12,PlaceObject2Tag,15,,true,"{""hasRotate"": ""false"", ""hasScale"": ""true"", ""nRotateBits"": ""0"", ""nScaleBits"": ""18"", ""nTranslateBits"": ""11"", ""scaleX"": ""0.8102417"", ""scaleY"": ""1.0"", ""translateX"": ""921"", ""translateY"": ""260"", ""type"": ""MATRIX""}",
787,13,PlaceObject2Tag,15,,true,"{""hasRotate"": ""false"", ""hasScale"": ""true"", ""nRotateBits"": ""0"", ""nScaleBits"": ""18"", ""nTranslateBits"": ""12"", ""scaleX"": ""0.71536255"", ""scaleY"": ""1.0"", ""translateX"": ""1324"", ""translateY"": ""260"", ""type"": ""MATRIX""}",
787,14,PlaceObject2Tag,15,,true,"{""hasRotate"": ""false"", ""hasScale"": ""true"", ""nRotateBits"": ""0"", ""nScaleBits"": ""18"", ""nTranslateBits"": ""12"", ""scaleX"": ""0.6204834"", ""scaleY"": ""1.0"", ""translateX"": ""1726"", ""translateY"": ""260"", ""type"": ""MATRIX""}",
787,15,PlaceObject2Tag,15,,true,"{""hasRotate"": ""false"", ""hasScale"": ""true"", ""nRotateBits"": ""0"", ""nScaleBits"": ""18"", ""nTranslateBits"": ""13"", ""scaleX"": ""0.52560425"", ""scaleY"": ""1.0"", ""translateX"": ""2127"", ""translateY"": ""260"", ""type"": ""MATRIX""}",
787,16,PlaceObject2Tag,15,,true,"{""hasRotate"": ""false"", ""hasScale"": ""true"", ""nRotateBits"": ""0"", ""nScaleBits"": ""18"", ""nTranslateBits"": ""13"", ""scaleX"": ""0.4307251"", ""scaleY"": ""1.0"", ""translateX"": ""2529"", ""translateY"": ""260"", ""type"": ""MATRIX""}",
787,17,PlaceObject2Tag,15,,true,"{""hasRotate"": ""false"", ""hasScale"": ""true"", ""nRotateBits"": ""0"", ""nScaleBits"": ""18"", ""nTranslateBits"": ""13"", ""scaleX"": ""0.33584595"", ""scaleY"": ""1.0"", ""translateX"": ""2931"", ""translateY"": ""260"", ""type"": ""MATRIX""}",
787,18,PlaceObject2Tag,15,,true,"{""hasRotate"": ""false"", ""hasScale"": ""true"", ""nRotateBits"": ""0"", ""nScaleBits"": ""18"", ""nTranslateBits"": ""13"", ""scaleX"": ""0.2409668"", ""scaleY"": ""1.0"", ""translateX"": ""3334"", ""translateY"": ""260"", ""type"": ""MATRIX""}",
787,19,PlaceObject2Tag,15,,true,"{""hasRotate"": ""false"", ""hasScale"": ""true"", ""nRotateBits"": ""0"", ""nScaleBits"": ""18"", ""nTranslateBits"": ""13"", ""scaleX"": ""0.14608765"", ""scaleY"": ""1.0"", ""translateX"": ""3736"", ""translateY"": ""260"", ""type"": ""MATRIX""}",
787,20,PlaceObject2Tag,13,,true,"{""hasRotate"": ""false"", ""hasScale"": ""false"", ""nRotateBits"": ""0"", ""nScaleBits"": ""0"", ""nTranslateBits"": ""11"", ""translateX"": ""117"", ""translateY"": ""520"", ""type"": ""MATRIX""}",
787,20,PlaceObject2Tag,15,,true,"{""hasRotate"": ""false"", ""hasScale"": ""true"", ""nRotateBits"": ""0"", ""nScaleBits"": ""18"", ""nTranslateBits"": ""14"", ""scaleX"": ""0.051208496"", ""scaleY"": ""1.0"", ""translateX"": ""4138"", ""translateY"": ""260"", ""type"": ""MATRIX""}",
787,21,PlaceObject2Tag,13,,true,"{""hasRotate"": ""false"", ""hasScale"": ""true"", ""nRotateBits"": ""0"", ""nScaleBits"": ""18"", ""nTranslateBits"": ""11"", ""scaleX"": ""0.90512085"", ""scaleY"": ""1.0"", ""translateX"": ""519"", ""translateY"": ""520"", ""type"": ""MATRIX""}",
787,22,PlaceObject2Tag,13,,true,"{""hasRotate"": ""false"", ""hasScale"": ""true"", ""nRotateBits"": ""0"", ""nScaleBits"": ""18"", ""nTranslateBits"": ""11"", ""scaleX"": ""0.8102417"", ""scaleY"": ""1.0"", ""translateX"": ""921"", ""translateY"": ""520"", ""type"": ""MATRIX""}",
787,23,PlaceObject2Tag,13,,true,"{""hasRotate"": ""false"", ""hasScale"": ""true"", ""nRotateBits"": ""0"", ""nScaleBits"": ""18"", ""nTranslateBits"": ""12"", ""scaleX"": ""0.71536255"", ""scaleY"": ""1.0"", ""translateX"": ""1324"", ""translateY"": ""520"", ""type"": ""MATRIX""}",
787,24,PlaceObject2Tag,13,,true,"{""hasRotate"": ""false"", ""hasScale"": ""true"", ""nRotateBits"": ""0"", ""nScaleBits"": ""18"", ""nTranslateBits"": ""12"", ""scaleX"": ""0.6204834"", ""scaleY"": ""1.0"", ""translateX"": ""1726"", ""translateY"": ""520"", ""type"": ""MATRIX""}",
787,25,PlaceObject2Tag,13,,true,"{""hasRotate"": ""false"", ""hasScale"": ""true"", ""nRotateBits"": ""0"", ""nScaleBits"": ""18"", ""nTranslateBits"": ""13"", ""scaleX"": ""0.52560425"", ""scaleY"": ""1.0"", ""translateX"": ""2127"", ""translateY"": ""520"", ""type"": ""MATRIX""}",
787,26,PlaceObject2Tag,13,,true,"{""hasRotate"": ""false"", ""hasScale"": ""true"", ""nRotateBits"": ""0"", ""nScaleBits"": ""18"", ""nTranslateBits"": ""13"", ""scaleX"": ""0.4307251"", ""scaleY"": ""1.0"", ""translateX"": ""2529"", ""translateY"": ""520"", ""type"": ""MATRIX""}",
787,27,PlaceObject2Tag,13,,true,"{""hasRotate"": ""false"", ""hasScale"": ""true"", ""nRotateBits"": ""0"", ""nScaleBits"": ""18"", ""nTranslateBits"": ""13"", ""scaleX"": ""0.33584595"", ""scaleY"": ""1.0"", ""translateX"": ""2931"", ""translateY"": ""520"", ""type"": ""MATRIX""}",
787,28,PlaceObject2Tag,13,,true,"{""hasRotate"": ""false"", ""hasScale"": ""true"", ""nRotateBits"": ""0"", ""nScaleBits"": ""18"", ""nTranslateBits"": ""13"", ""scaleX"": ""0.2409668"", ""scaleY"": ""1.0"", ""translateX"": ""3334"", ""translateY"": ""520"", ""type"": ""MATRIX""}",
787,29,PlaceObject2Tag,13,,true,"{""hasRotate"": ""false"", ""hasScale"": ""true"", ""nRotateBits"": ""0"", ""nScaleBits"": ""18"", ""nTranslateBits"": ""13"", ""scaleX"": ""0.14608765"", ""scaleY"": ""1.0"", ""translateX"": ""3736"", ""translateY"": ""520"", ""type"": ""MATRIX""}",
787,30,PlaceObject2Tag,11,,true,"{""hasRotate"": ""false"", ""hasScale"": ""false"", ""nRotateBits"": ""0"", ""nScaleBits"": ""0"", ""nTranslateBits"": ""11"", ""translateX"": ""117"", ""translateY"": ""780"", ""type"": ""MATRIX""}",
787,30,PlaceObject2Tag,13,,true,"{""hasRotate"": ""false"", ""hasScale"": ""true"", ""nRotateBits"": ""0"", ""nScaleBits"": ""18"", ""nTranslateBits"": ""14"", ""scaleX"": ""0.051208496"", ""scaleY"": ""1.0"", ""translateX"": ""4138"", ""translateY"": ""520"", ""type"": ""MATRIX""}",
787,31,PlaceObject2Tag,11,,true,"{""hasRotate"": ""false"", ""hasScale"": ""true"", ""nRotateBits"": ""0"", ""nScaleBits"": ""18"", ""nTranslateBits"": ""11"", ""scaleX"": ""0.90512085"", ""scaleY"": ""1.0"", ""translateX"": ""519"", ""translateY"": ""780"", ""type"": ""MATRIX""}",
787,32,PlaceObject2Tag,11,,true,"{""hasRotate"": ""false"", ""hasScale"": ""true"", ""nRotateBits"": ""0"", ""nScaleBits"": ""18"", ""nTranslateBits"": ""11"", ""scaleX"": ""0.8102417"", ""scaleY"": ""1.0"", ""translateX"": ""921"", ""translateY"": ""780"", ""type"": ""MATRIX""}",
787,33,PlaceObject2Tag,11,,true,"{""hasRotate"": ""false"", ""hasScale"": ""true"", ""nRotateBits"": ""0"", ""nScaleBits"": ""18"", ""nTranslateBits"": ""12"", ""scaleX"": ""0.71536255"", ""scaleY"": ""1.0"", ""translateX"": ""1324"", ""translateY"": ""780"", ""type"": ""MATRIX""}",
787,34,PlaceObject2Tag,11,,true,"{""hasRotate"": ""false"", ""hasScale"": ""true"", ""nRotateBits"": ""0"", ""nScaleBits"": ""18"", ""nTranslateBits"": ""12"", ""scaleX"": ""0.6204834"", ""scaleY"": ""1.0"", ""translateX"": ""1726"", ""translateY"": ""780"", ""type"": ""MATRIX""}",
787,35,PlaceObject2Tag,11,,true,"{""hasRotate"": ""false"", ""hasScale"": ""true"", ""nRotateBits"": ""0"", ""nScaleBits"": ""18"", ""nTranslateBits"": ""13"", ""scaleX"": ""0.52560425"", ""scaleY"": ""1.0"", ""translateX"": ""2127"", ""translateY"": ""780"", ""type"": ""MATRIX""}",
787,36,PlaceObject2Tag,11,,true,"{""hasRotate"": ""false"", ""hasScale"": ""true"", ""nRotateBits"": ""0"", ""nScaleBits"": ""18"", ""nTranslateBits"": ""13"", ""scaleX"": ""0.4307251"", ""scaleY"": ""1.0"", ""translateX"": ""2529"", ""translateY"": ""780"", ""type"": ""MATRIX""}",
787,37,PlaceObject2Tag,11,,true,"{""hasRotate"": ""false"", ""hasScale"": ""true"", ""nRotateBits"": ""0"", ""nScaleBits"": ""18"", ""nTranslateBits"": ""13"", ""scaleX"": ""0.33584595"", ""scaleY"": ""1.0"", ""translateX"": ""2931"", ""translateY"": ""780"", ""type"": ""MATRIX""}",
787,38,PlaceObject2Tag,11,,true,"{""hasRotate"": ""false"", ""hasScale"": ""true"", ""nRotateBits"": ""0"", ""nScaleBits"": ""18"", ""nTranslateBits"": ""13"", ""scaleX"": ""0.2409668"", ""scaleY"": ""1.0"", ""translateX"": ""3334"", ""translateY"": ""780"", ""type"": ""MATRIX""}",
787,39,PlaceObject2Tag,11,,true,"{""hasRotate"": ""false"", ""hasScale"": ""true"", ""nRotateBits"": ""0"", ""nScaleBits"": ""18"", ""nTranslateBits"": ""13"", ""scaleX"": ""0.14608765"", ""scaleY"": ""1.0"", ""translateX"": ""3736"", ""translateY"": ""780"", ""type"": ""MATRIX""}",
787,40,PlaceObject2Tag,11,,true,"{""hasRotate"": ""false"", ""hasScale"": ""true"", ""nRotateBits"": ""0"", ""nScaleBits"": ""18"", ""nTranslateBits"": ""14"", ""scaleX"": ""0.051208496"", ""scaleY"": ""1.0"", ""translateX"": ""4138"", ""translateY"": ""780"", ""type"": ""MATRIX""}",
787,41,PlaceObject2Tag,9,,true,"{""hasRotate"": ""false"", ""hasScale"": ""true"", ""nRotateBits"": ""0"", ""nScaleBits"": ""18"", ""nTranslateBits"": ""12"", ""scaleX"": ""0.90512085"", ""scaleY"": ""1.0"", ""translateX"": ""519"", ""translateY"": ""1040"", ""type"": ""MATRIX""}",
787,42,PlaceObject2Tag,9,,true,"{""hasRotate"": ""false"", ""hasScale"": ""true"", ""nRotateBits"": ""0"", ""nScaleBits"": ""18"", ""nTranslateBits"": ""12"", ""scaleX"": ""0.8102417"", ""scaleY"": ""1.0"", ""translateX"": ""921"", ""translateY"": ""1040"", ""type"": ""MATRIX""}",
787,43,PlaceObject2Tag,9,,true,"{""hasRotate"": ""false"", ""hasScale"": ""true"", ""nRotateBits"": ""0"", ""nScaleBits"": ""18"", ""nTranslateBits"": ""12"", ""scaleX"": ""0.71536255"", ""scaleY"": ""1.0"", ""translateX"": ""1324"", ""translateY"": ""1040"", ""type"": ""MATRIX""}",
787,44,PlaceObject2Tag,9,,true,"{""hasRotate"": ""false"", ""hasScale"": ""true"", ""nRotateBits"": ""0"", ""nScaleBits"": ""18"", ""nTranslateBits"": ""12"", ""scaleX"": ""0.6204834"", ""scaleY"": ""1.0"", ""translateX"": ""1726"", ""translateY"": ""1040"", ""type"": ""MATRIX""}",
787,45,PlaceObject2Tag,9,,true,"{""hasRotate"": ""false"", ""hasScale"": ""true"", ""nRotateBits"": ""0"", ""nScaleBits"": ""18"", ""nTranslateBits"": ""13"", ""scaleX"": ""0.52560425"", ""scaleY"": ""1.0"", ""translateX"": ""2127"", ""translateY"": ""1040"", ""type"": ""MATRIX""}",
787,46,PlaceObject2Tag,9,,true,"{""hasRotate"": ""false"", ""hasScale"": ""true"", ""nRotateBits"": ""0"", ""nScaleBits"": ""18"", ""nTranslateBits"": ""13"", ""scaleX"": ""0.4307251"", ""scaleY"": ""1.0"", ""translateX"": ""2529"", ""translateY"": ""1040"", ""type"": ""MATRIX""}",
787,47,PlaceObject2Tag,9,,true,"{""hasRotate"": ""false"", ""hasScale"": ""true"", ""nRotateBits"": ""0"", ""nScaleBits"": ""18"", ""nTranslateBits"": ""13"", ""scaleX"": ""0.33584595"", ""scaleY"": ""1.0"", ""translateX"": ""2931"", ""translateY"": ""1040"", ""type"": ""MATRIX""}",
787,48,PlaceObject2Tag,9,,true,"{""hasRotate"": ""false"", ""hasScale"": ""true"", ""nRotateBits"": ""0"", ""nScaleBits"": ""18"", ""nTranslateBits"": ""13"", ""scaleX"": ""0.2409668"", ""scaleY"": ""1.0"", ""translateX"": ""3334"", ""translateY"": ""1040"", ""type"": ""MATRIX""}",
787,49,PlaceObject2Tag,9,,true,"{""hasRotate"": ""false"", ""hasScale"": ""true"", ""nRotateBits"": ""0"", ""nScaleBits"": ""18"", ""nTranslateBits"": ""13"", ""scaleX"": ""0.14608765"", ""scaleY"": ""1.0"", ""translateX"": ""3736"", ""translateY"": ""1040"", ""type"": ""MATRIX""}",
787,50,PlaceObject2Tag,9,,true,"{""hasRotate"": ""false"", ""hasScale"": ""true"", ""nRotateBits"": ""0"", ""nScaleBits"": ""18"", ""nTranslateBits"": ""14"", ""scaleX"": ""0.051208496"", ""scaleY"": ""1.0"", ""translateX"": ""4138"", ""translateY"": ""1040"", ""type"": ""MATRIX""}",
787,51,PlaceObject2Tag,7,,true,"{""hasRotate"": ""false"", ""hasScale"": ""true"", ""nRotateBits"": ""0"", ""nScaleBits"": ""18"", ""nTranslateBits"": ""12"", ""scaleX"": ""0.90512085"", ""scaleY"": ""1.0"", ""translateX"": ""519"", ""translateY"": ""1300"", ""type"": ""MATRIX""}",
787,52,PlaceObject2Tag,7,,true,"{""hasRotate"": ""false"", ""hasScale"": ""true"", ""nRotateBits"": ""0"", ""nScaleBits"": ""18"", ""nTranslateBits"": ""12"", ""scaleX"": ""0.8102417"", ""scaleY"": ""1.0"", ""translateX"": ""921"", ""translateY"": ""1300"", ""type"": ""MATRIX""}",
787,53,PlaceObject2Tag,7,,true,"{""hasRotate"": ""false"", ""hasScale"": ""true"", ""nRotateBits"": ""0"", ""nScaleBits"": ""18"", ""nTranslateBits"": ""12"", ""scaleX"": ""0.71536255"", ""scaleY"": ""1.0"", ""translateX"": ""1324"", ""translateY"": ""1300"", ""type"": ""MATRIX""}",
787,54,PlaceObject2Tag,7,,true,"{""hasRotate"": ""false"", ""hasScale"": ""true"", ""nRotateBits"": ""0"", ""nScaleBits"": ""18"", ""nTranslateBits"": ""12"", ""scaleX"": ""0.6204834"", ""scaleY"": ""1.0"", ""translateX"": ""1726"", ""translateY"": ""1300"", ""type"": ""MATRIX""}",
787,55,PlaceObject2Tag,7,,true,"{""hasRotate"": ""false"", ""hasScale"": ""true"", ""nRotateBits"": ""0"", ""nScaleBits"": ""18"", ""nTranslateBits"": ""13"", ""scaleX"": ""0.52560425"", ""scaleY"": ""1.0"", ""translateX"": ""2127"", ""translateY"": ""1300"", ""type"": ""MATRIX""}",
787,56,PlaceObject2Tag,7,,true,"{""hasRotate"": ""false"", ""hasScale"": ""true"", ""nRotateBits"": ""0"", ""nScaleBits"": ""18"", ""nTranslateBits"": ""13"", ""scaleX"": ""0.4307251"", ""scaleY"": ""1.0"", ""translateX"": ""2529"", ""translateY"": ""1300"", ""type"": ""MATRIX""}",
787,57,PlaceObject2Tag,7,,true,"{""hasRotate"": ""false"", ""hasScale"": ""true"", ""nRotateBits"": ""0"", ""nScaleBits"": ""18"", ""nTranslateBits"": ""13"", ""scaleX"": ""0.33584595"", ""scaleY"": ""1.0"", ""translateX"": ""2931"", ""translateY"": ""1300"", ""type"": ""MATRIX""}",
787,58,PlaceObject2Tag,7,,true,"{""hasRotate"": ""false"", ""hasScale"": ""true"", ""nRotateBits"": ""0"", ""nScaleBits"": ""18"", ""nTranslateBits"": ""13"", ""scaleX"": ""0.2409668"", ""scaleY"": ""1.0"", ""translateX"": ""3334"", ""translateY"": ""1300"", ""type"": ""MATRIX""}",
787,59,PlaceObject2Tag,7,,true,"{""hasRotate"": ""false"", ""hasScale"": ""true"", ""nRotateBits"": ""0"", ""nScaleBits"": ""18"", ""nTranslateBits"": ""13"", ""scaleX"": ""0.14608765"", ""scaleY"": ""1.0"", ""translateX"": ""3736"", ""translateY"": ""1300"", ""type"": ""MATRIX""}",
787,60,PlaceObject2Tag,7,,true,"{""hasRotate"": ""false"", ""hasScale"": ""true"", ""nRotateBits"": ""0"", ""nScaleBits"": ""18"", ""nTranslateBits"": ""14"", ""scaleX"": ""0.051208496"", ""scaleY"": ""1.0"", ""translateX"": ""4138"", ""translateY"": ""1300"", ""type"": ""MATRIX""}",
787,61,PlaceObject2Tag,5,,true,"{""hasRotate"": ""false"", ""hasScale"": ""true"", ""nRotateBits"": ""0"", ""nScaleBits"": ""18"", ""nTranslateBits"": ""12"", ""scaleX"": ""0.90512085"", ""scaleY"": ""1.0"", ""translateX"": ""519"", ""translateY"": ""1560"", ""type"": ""MATRIX""}",
787,62,PlaceObject2Tag,5,,true,"{""hasRotate"": ""false"", ""hasScale"": ""true"", ""nRotateBits"": ""0"", ""nScaleBits"": ""18"", ""nTranslateBits"": ""12"", ""scaleX"": ""0.8102417"", ""scaleY"": ""1.0"", ""translateX"": ""921"", ""translateY"": ""1560"", ""type"": ""MATRIX""}",
787,63,PlaceObject2Tag,5,,true,"{""hasRotate"": ""false"", ""hasScale"": ""true"", ""nRotateBits"": ""0"", ""nScaleBits"": ""18"", ""nTranslateBits"": ""12"", ""scaleX"": ""0.71536255"", ""scaleY"": ""1.0"", ""translateX"": ""1324"", ""translateY"": ""1560"", ""type"": ""MATRIX""}",
787,64,PlaceObject2Tag,5,,true,"{""hasRotate"": ""false"", ""hasScale"": ""true"", ""nRotateBits"": ""0"", ""nScaleBits"": ""18"", ""nTranslateBits"": ""12"", ""scaleX"": ""0.6204834"", ""scaleY"": ""1.0"", ""translateX"": ""1726"", ""translateY"": ""1560"", ""type"": ""MATRIX""}",
787,65,PlaceObject2Tag,5,,true,"{""hasRotate"": ""false"", ""hasScale"": ""true"", ""nRotateBits"": ""0"", ""nScaleBits"": ""18"", ""nTranslateBits"": ""13"", ""scaleX"": ""0.52560425"", ""scaleY"": ""1.0"", ""translateX"": ""2127"", ""translateY"": ""1560"", ""type"": ""MATRIX""}",
787,66,PlaceObject2Tag,5,,true,"{""hasRotate"": ""false"", ""hasScale"": ""true"", ""nRotateBits"": ""0"", ""nScaleBits"": ""18"", ""nTranslateBits"": ""13"", ""scaleX"": ""0.4307251"", ""scaleY"": ""1.0"", ""translateX"": ""2529"", ""translateY"": ""1560"", ""type"": ""MATRIX""}",
787,67,PlaceObject2Tag,5,,true,"{""hasRotate"": ""false"", ""hasScale"": ""true"", ""nRotateBits"": ""0"", ""nScaleBits"": ""18"", ""nTranslateBits"": ""13"", ""scaleX"": ""0.33584595"", ""scaleY"": ""1.0"", ""translateX"": ""2931"", ""translateY"": ""1560"", ""type"": ""MATRIX""}",
787,68,PlaceObject2Tag,5,,true,"{""hasRotate"": ""false"", ""hasScale"": ""true"", ""nRotateBits"": ""0"", ""nScaleBits"": ""18"", ""nTranslateBits"": ""13"", ""scaleX"": ""0.2409668"", ""scaleY"": ""1.0"", ""translateX"": ""3334"", ""translateY"": ""1560"", ""type"": ""MATRIX""}",
787,69,PlaceObject2Tag,5,,true,"{""hasRotate"": ""false"", ""hasScale"": ""true"", ""nRotateBits"": ""0"", ""nScaleBits"": ""18"", ""nTranslateBits"": ""13"", ""scaleX"": ""0.14608765"", ""scaleY"": ""1.0"", ""translateX"": ""3736"", ""translateY"": ""1560"", ""type"": ""MATRIX""}",
787,70,PlaceObject2Tag,5,,true,"{""hasRotate"": ""false"", ""hasScale"": ""true"", ""nRotateBits"": ""0"", ""nScaleBits"": ""18"", ""nTranslateBits"": ""14"", ""scaleX"": ""0.051208496"", ""scaleY"": ""1.0"", ""translateX"": ""4138"", ""translateY"": ""1560"", ""type"": ""MATRIX""}",
788,1,PlaceObject2Tag,1,149,false,"{""hasRotate"": ""false"", ""hasScale"": ""false"", ""nRotateBits"": ""0"", ""nScaleBits"": ""0"", ""nTranslateBits"": ""10"", ""translateX"": ""-500"", ""translateY"": ""-200"", ""type"": ""MATRIX""}",
789,1,PlaceObject2Tag,1,783,false,"{""hasRotate"": ""false"", ""hasScale"": ""false"", ""nRotateBits"": ""0"", ""nScaleBits"": ""0"", ""nTranslateBits"": ""10"", ""translateX"": ""0"", ""translateY"": ""-300"", ""type"": ""MATRIX""}",
789,1,PlaceObject3Tag,3,788,false,"{""hasRotate"": ""false"", ""hasScale"": ""false"", ""nRotateBits"": ""0"", ""nScaleBits"": ""0"", ""nTranslateBits"": ""11"", ""translateX"": ""980"", ""translateY"": ""200"", ""type"": ""MATRIX""}",
789,1,PlaceObject2Tag,5,786,false,"{""hasRotate"": ""false"", ""hasScale"": ""false"", ""nRotateBits"": ""0"", ""nScaleBits"": ""0"", ""nTranslateBits"": ""11"", ""translateX"": ""317"", ""translateY"": ""520"", ""type"": ""MATRIX""}",
789,1,PlaceObject2Tag,7,786,false,"{""hasRotate"": ""false"", ""hasScale"": ""false"", ""nRotateBits"": ""0"", ""nScaleBits"": ""0"", ""nTranslateBits"": ""10"", ""translateX"": ""317"", ""translateY"": ""260"", ""type"": ""MATRIX""}",
789,1,PlaceObject2Tag,9,786,false,"{""hasRotate"": ""false"", ""hasScale"": ""false"", ""nRotateBits"": ""0"", ""nScaleBits"": ""0"", ""nTranslateBits"": ""9"", ""translateX"": ""230"", ""translateY"": ""0"", ""type"": ""MATRIX""}",
789,2,PlaceObject2Tag,9,,true,"{""hasRotate"": ""false"", ""hasScale"": ""true"", ""nRotateBits"": ""0"", ""nScaleBits"": ""18"", ""nTranslateBits"": ""11"", ""scaleX"": ""0.8937683"", ""scaleY"": ""1.0"", ""translateX"": ""687"", ""translateY"": ""0"", ""type"": ""MATRIX""}",
789,3,PlaceObject2Tag,9,,true,"{""hasRotate"": ""false"", ""hasScale"": ""true"", ""nRotateBits"": ""0"", ""nScaleBits"": ""18"", ""nTranslateBits"": ""12"", ""scaleX"": ""0.78752136"", ""scaleY"": ""1.0"", ""translateX"": ""1141"", ""translateY"": ""0"", ""type"": ""MATRIX""}",
789,4,PlaceObject2Tag,9,,true,"{""hasRotate"": ""false"", ""hasScale"": ""true"", ""nRotateBits"": ""0"", ""nScaleBits"": ""18"", ""nTranslateBits"": ""12"", ""scaleX"": ""0.68130493"", ""scaleY"": ""1.0"", ""translateX"": ""1598"", ""translateY"": ""0"", ""type"": ""MATRIX""}",
789,5,PlaceObject2Tag,9,,true,"{""hasRotate"": ""false"", ""hasScale"": ""true"", ""nRotateBits"": ""0"", ""nScaleBits"": ""18"", ""nTranslateBits"": ""13"", ""scaleX"": ""0.57507324"", ""scaleY"": ""1.0"", ""translateX"": ""2053"", ""translateY"": ""0"", ""type"": ""MATRIX""}",
789,6,PlaceObject2Tag,9,,true,"{""hasRotate"": ""false"", ""hasScale"": ""true"", ""nRotateBits"": ""0"", ""nScaleBits"": ""18"", ""nTranslateBits"": ""13"", ""scaleX"": ""0.4688263"", ""scaleY"": ""1.0"", ""translateX"": ""2509"", ""translateY"": ""0"", ""type"": ""MATRIX""}",
789,7,PlaceObject2Tag,9,,true,"{""hasRotate"": ""false"", ""hasScale"": ""true"", ""nRotateBits"": ""0"", ""nScaleBits"": ""18"", ""nTranslateBits"": ""13"", ""scaleX"": ""0.3625946"", ""scaleY"": ""1.0"", ""translateX"": ""2964"", ""translateY"": ""0"", ""type"": ""MATRIX""}",
789,8,PlaceObject2Tag,9,,true,"{""hasRotate"": ""false"", ""hasScale"": ""true"", ""nRotateBits"": ""0"", ""nScaleBits"": ""18"", ""nTranslateBits"": ""13"", ""scaleX"": ""0.25637817"", ""scaleY"": ""1.0"", ""translateX"": ""3421"", ""translateY"": ""0"", ""type"": ""MATRIX""}",
789,9,PlaceObject2Tag,9,,true,"{""hasRotate"": ""false"", ""hasScale"": ""true"", ""nRotateBits"": ""0"", ""nScaleBits"": ""18"", ""nTranslateBits"": ""13"", ""scaleX"": ""0.15013123"", ""scaleY"": ""1.0"", ""translateX"": ""3876"", ""translateY"": ""0"", ""type"": ""MATRIX""}",
789,10,PlaceObject2Tag,9,,true,"{""hasRotate"": ""false"", ""hasScale"": ""true"", ""nRotateBits"": ""0"", ""nScaleBits"": ""18"", ""nTranslateBits"": ""14"", ""scaleX"": ""0.043899536"", ""scaleY"": ""1.0"", ""translateX"": ""4332"", ""translateY"": ""0"", ""type"": ""MATRIX""}",
789,11,PlaceObject2Tag,7,,true,"{""hasRotate"": ""false"", ""hasScale"": ""true"", ""nRotateBits"": ""0"", ""nScaleBits"": ""18"", ""nTranslateBits"": ""11"", ""scaleX"": ""0.90512085"", ""scaleY"": ""1.0"", ""translateX"": ""719"", ""translateY"": ""260"", ""type"": ""MATRIX""}",
789,12,PlaceObject2Tag,7,,true,"{""hasRotate"": ""false"", ""hasScale"": ""true"", ""nRotateBits"": ""0"", ""nScaleBits"": ""18"", ""nTranslateBits"": ""12"", ""scaleX"": ""0.8102417"", ""scaleY"": ""1.0"", ""translateX"": ""1121"", ""translateY"": ""260"", ""type"": ""MATRIX""}",
789,13,PlaceObject2Tag,7,,true,"{""hasRotate"": ""false"", ""hasScale"": ""true"", ""nRotateBits"": ""0"", ""nScaleBits"": ""18"", ""nTranslateBits"": ""12"", ""scaleX"": ""0.71536255"", ""scaleY"": ""1.0"", ""translateX"": ""1524"", ""translateY"": ""260"", ""type"": ""MATRIX""}",
789,14,PlaceObject2Tag,7,,true,"{""hasRotate"": ""false"", ""hasScale"": ""true"", ""nRotateBits"": ""0"", ""nScaleBits"": ""18"", ""nTranslateBits"": ""12"", ""scaleX"": ""0.6204834"", ""scaleY"": ""1.0"", ""translateX"": ""1926"", ""translateY"": ""260"", ""type"": ""MATRIX""}",
789,15,PlaceObject2Tag,7,,true,"{""hasRotate"": ""false"", ""hasScale"": ""true"", ""nRotateBits"": ""0"", ""nScaleBits"": ""18"", ""nTranslateBits"": ""13"", ""scaleX"": ""0.52560425"", ""scaleY"": ""1.0"", ""translateX"": ""2328"", ""translateY"": ""260"", ""type"": ""MATRIX""}",
789,16,PlaceObject2Tag,7,,true,"{""hasRotate"": ""false"", ""hasScale"": ""true"", ""nRotateBits"": ""0"", ""nScaleBits"": ""18"", ""nTranslateBits"": ""13"", ""scaleX"": ""0.4307251"", ""scaleY"": ""1.0"", ""translateX"": ""2730"", ""translateY"": ""260"", ""type"": ""MATRIX""}",
789,17,PlaceObject2Tag,7,,true,"{""hasRotate"": ""false"", ""hasScale"": ""true"", ""nRotateBits"": ""0"", ""nScaleBits"": ""18"", ""nTranslateBits"": ""13"", ""scaleX"": ""0.33584595"", ""scaleY"": ""1.0"", ""translateX"": ""3131"", ""translateY"": ""260"", ""type"": ""MATRIX""}",
789,18,PlaceObject2Tag,7,,true,"{""hasRotate"": ""false"", ""hasScale"": ""true"", ""nRotateBits"": ""0"", ""nScaleBits"": ""18"", ""nTranslateBits"": ""13"", ""scaleX"": ""0.2409668"", ""scaleY"": ""1.0"", ""translateX"": ""3533"", ""translateY"": ""260"", ""type"": ""MATRIX""}",
789,19,PlaceObject2Tag,7,,true,"{""hasRotate"": ""false"", ""hasScale"": ""true"", ""nRotateBits"": ""0"", ""nScaleBits"": ""18"", ""nTranslateBits"": ""13"", ""scaleX"": ""0.14608765"", ""scaleY"": ""1.0"", ""translateX"": ""3936"", ""translateY"": ""260"", ""type"": ""MATRIX""}",
789,20,PlaceObject2Tag,7,,true,"{""hasRotate"": ""false"", ""hasScale"": ""true"", ""nRotateBits"": ""0"", ""nScaleBits"": ""18"", ""nTranslateBits"": ""14"", ""scaleX"": ""0.051208496"", ""scaleY"": ""1.0"", ""translateX"": ""4338"", ""translateY"": ""260"", ""type"": ""MATRIX""}",
789,21,PlaceObject2Tag,5,,true,"{""hasRotate"": ""false"", ""hasScale"": ""true"", ""nRotateBits"": ""0"", ""nScaleBits"": ""18"", ""nTranslateBits"": ""11"", ""scaleX"": ""0.90512085"", ""scaleY"": ""1.0"", ""translateX"": ""719"", ""translateY"": ""520"", ""type"": ""MATRIX""}",
789,22,PlaceObject2Tag,5,,true,"{""hasRotate"": ""false"", ""hasScale"": ""true"", ""nRotateBits"": ""0"", ""nScaleBits"": ""18"", ""nTranslateBits"": ""12"", ""scaleX"": ""0.8102417"", ""scaleY"": ""1.0"", ""translateX"": ""1121"", ""translateY"": ""520"", ""type"": ""MATRIX""}",
789,23,PlaceObject2Tag,5,,true,"{""hasRotate"": ""false"", ""hasScale"": ""true"", ""nRotateBits"": ""0"", ""nScaleBits"": ""18"", ""nTranslateBits"": ""12"", ""scaleX"": ""0.71536255"", ""scaleY"": ""1.0"", ""translateX"": ""1524"", ""translateY"": ""520"", ""type"": ""MATRIX""}",
789,24,PlaceObject2Tag,5,,true,"{""hasRotate"": ""false"", ""hasScale"": ""true"", ""nRotateBits"": ""0"", ""nScaleBits"": ""18"", ""nTranslateBits"": ""12"", ""scaleX"": ""0.6204834"", ""scaleY"": ""1.0"", ""translateX"": ""1926"", ""translateY"": ""520"", ""type"": ""MATRIX""}",
789,25,PlaceObject2Tag,5,,true,"{""hasRotate"": ""false"", ""hasScale"": ""true"", ""nRotateBits"": ""0"", ""nScaleBits"": ""18"", ""nTranslateBits"": ""13"", ""scaleX"": ""0.52560425"", ""scaleY"": ""1.0"", ""translateX"": ""2328"", ""translateY"": ""520"", ""type"": ""MATRIX""}",
789,26,PlaceObject2Tag,5,,true,"{""hasRotate"": ""false"", ""hasScale"": ""true"", ""nRotateBits"": ""0"", ""nScaleBits"": ""18"", ""nTranslateBits"": ""13"", ""scaleX"": ""0.4307251"", ""scaleY"": ""1.0"", ""translateX"": ""2730"", ""translateY"": ""520"", ""type"": ""MATRIX""}",
789,27,PlaceObject2Tag,5,,true,"{""hasRotate"": ""false"", ""hasScale"": ""true"", ""nRotateBits"": ""0"", ""nScaleBits"": ""18"", ""nTranslateBits"": ""13"", ""scaleX"": ""0.33584595"", ""scaleY"": ""1.0"", ""translateX"": ""3131"", ""translateY"": ""520"", ""type"": ""MATRIX""}",
789,28,PlaceObject2Tag,5,,true,"{""hasRotate"": ""false"", ""hasScale"": ""true"", ""nRotateBits"": ""0"", ""nScaleBits"": ""18"", ""nTranslateBits"": ""13"", ""scaleX"": ""0.2409668"", ""scaleY"": ""1.0"", ""translateX"": ""3533"", ""translateY"": ""520"", ""type"": ""MATRIX""}",
789,29,PlaceObject2Tag,5,,true,"{""hasRotate"": ""false"", ""hasScale"": ""true"", ""nRotateBits"": ""0"", ""nScaleBits"": ""18"", ""nTranslateBits"": ""13"", ""scaleX"": ""0.14608765"", ""scaleY"": ""1.0"", ""translateX"": ""3936"", ""translateY"": ""520"", ""type"": ""MATRIX""}",
789,30,PlaceObject2Tag,5,,true,"{""hasRotate"": ""false"", ""hasScale"": ""true"", ""nRotateBits"": ""0"", ""nScaleBits"": ""18"", ""nTranslateBits"": ""14"", ""scaleX"": ""0.051208496"", ""scaleY"": ""1.0"", ""translateX"": ""4338"", ""translateY"": ""520"", ""type"": ""MATRIX""}",
791,1,PlaceObject2Tag,1,149,false,"{""hasRotate"": ""false"", ""hasScale"": ""false"", ""nRotateBits"": ""0"", ""nScaleBits"": ""0"", ""nTranslateBits"": ""10"", ""translateX"": ""-500"", ""translateY"": ""-200"", ""type"": ""MATRIX""}",
792,1,PlaceObject2Tag,1,790,false,"{""hasRotate"": ""false"", ""hasScale"": ""false"", ""nRotateBits"": ""0"", ""nScaleBits"": ""0"", ""nTranslateBits"": ""0"", ""translateX"": ""0"", ""translateY"": ""0"", ""type"": ""MATRIX""}",
792,1,PlaceObject3Tag,2,791,false,"{""hasRotate"": ""false"", ""hasScale"": ""false"", ""nRotateBits"": ""0"", ""nScaleBits"": ""0"", ""nTranslateBits"": ""11"", ""translateX"": ""580"", ""translateY"": ""240"", ""type"": ""MATRIX""}",
792,1,PlaceObject2Tag,4,786,false,"{""hasRotate"": ""false"", ""hasScale"": ""false"", ""nRotateBits"": ""0"", ""nScaleBits"": ""0"", ""nTranslateBits"": ""8"", ""translateX"": ""80"", ""translateY"": ""20"", ""type"": ""MATRIX""}",
792,2,PlaceObject2Tag,4,,true,"{""hasRotate"": ""false"", ""hasScale"": ""true"", ""nRotateBits"": ""0"", ""nScaleBits"": ""18"", ""nTranslateBits"": ""11"", ""scaleX"": ""0.8937683"", ""scaleY"": ""1.0"", ""translateX"": ""531"", ""translateY"": ""18"", ""type"": ""MATRIX""}",
792,3,PlaceObject2Tag,4,,true,"{""hasRotate"": ""false"", ""hasScale"": ""true"", ""nRotateBits"": ""0"", ""nScaleBits"": ""18"", ""nTranslateBits"": ""11"", ""scaleX"": ""0.78752136"", ""scaleY"": ""1.0"", ""translateX"": ""980"", ""translateY"": ""16"", ""type"": ""MATRIX""}",
792,4,PlaceObject2Tag,4,,true,"{""hasRotate"": ""false"", ""hasScale"": ""true"", ""nRotateBits"": ""0"", ""nScaleBits"": ""18"", ""nTranslateBits"": ""12"", ""scaleX"": ""0.68130493"", ""scaleY"": ""1.0"", ""translateX"": ""1431"", ""translateY"": ""13"", ""type"": ""MATRIX""}",
792,5,PlaceObject2Tag,4,,true,"{""hasRotate"": ""false"", ""hasScale"": ""true"", ""nRotateBits"": ""0"", ""nScaleBits"": ""18"", ""nTranslateBits"": ""12"", ""scaleX"": ""0.57507324"", ""scaleY"": ""1.0"", ""translateX"": ""1881"", ""translateY"": ""11"", ""type"": ""MATRIX""}",
792,6,PlaceObject2Tag,4,,true,"{""hasRotate"": ""false"", ""hasScale"": ""true"", ""nRotateBits"": ""0"", ""nScaleBits"": ""18"", ""nTranslateBits"": ""13"", ""scaleX"": ""0.4688263"", ""scaleY"": ""1.0"", ""translateX"": ""2332"", ""translateY"": ""9"", ""type"": ""MATRIX""}",
792,7,PlaceObject2Tag,4,,true,"{""hasRotate"": ""false"", ""hasScale"": ""true"", ""nRotateBits"": ""0"", ""nScaleBits"": ""18"", ""nTranslateBits"": ""13"", ""scaleX"": ""0.3625946"", ""scaleY"": ""1.0"", ""translateX"": ""2781"", ""translateY"": ""7"", ""type"": ""MATRIX""}",
792,8,PlaceObject2Tag,4,,true,"{""hasRotate"": ""false"", ""hasScale"": ""true"", ""nRotateBits"": ""0"", ""nScaleBits"": ""18"", ""nTranslateBits"": ""13"", ""scaleX"": ""0.25637817"", ""scaleY"": ""1.0"", ""translateX"": ""3232"", ""translateY"": ""4"", ""type"": ""MATRIX""}",
792,9,PlaceObject2Tag,4,,true,"{""hasRotate"": ""false"", ""hasScale"": ""true"", ""nRotateBits"": ""0"", ""nScaleBits"": ""18"", ""nTranslateBits"": ""13"", ""scaleX"": ""0.15013123"", ""scaleY"": ""1.0"", ""translateX"": ""3682"", ""translateY"": ""2"", ""type"": ""MATRIX""}",
792,10,PlaceObject2Tag,4,,true,"{""hasRotate"": ""false"", ""hasScale"": ""true"", ""nRotateBits"": ""0"", ""nScaleBits"": ""18"", ""nTranslateBits"": ""14"", ""scaleX"": ""0.043899536"", ""scaleY"": ""1.0"", ""translateX"": ""4132"", ""translateY"": ""0"", ""type"": ""MATRIX""}",
792,200,PlaceObject2Tag,2,149,false,"{""hasRotate"": ""false"", ""hasScale"": ""false"", ""nRotateBits"": ""0"", ""nScaleBits"": ""0"", ""nTranslateBits"": ""8"", ""translateX"": ""80"", ""translateY"": ""40"", ""type"": ""MATRIX""}",
793,1,PlaceObject2Tag,1,149,false,"{""hasRotate"": ""false"", ""hasScale"": ""false"", ""nRotateBits"": ""0"", ""nScaleBits"": ""0"", ""nTranslateBits"": ""10"", ""translateX"": ""-500"", ""translateY"": ""-200"", ""type"": ""MATRIX""}",
794,1,PlaceObject2Tag,1,783,false,"{""hasRotate"": ""false"", ""hasScale"": ""false"", ""nRotateBits"": ""0"", ""nScaleBits"": ""0"", ""nTranslateBits"": ""10"", ""translateX"": ""-420"", ""translateY"": ""-320"", ""type"": ""MATRIX""}",
794,1,PlaceObject3Tag,3,793,false,"{""hasRotate"": ""false"", ""hasScale"": ""false"", ""nRotateBits"": ""0"", ""nScaleBits"": ""0"", ""nTranslateBits"": ""11"", ""translateX"": ""620"", ""translateY"": ""220"", ""type"": ""MATRIX""}",
794,1,PlaceObject2Tag,5,786,false,"{""hasRotate"": ""false"", ""hasScale"": ""false"", ""nRotateBits"": ""0"", ""nScaleBits"": ""0"", ""nTranslateBits"": ""12"", ""translateX"": ""117"", ""translateY"": ""1560"", ""type"": ""MATRIX""}",
794,1,PlaceObject2Tag,7,786,false,"{""hasRotate"": ""false"", ""hasScale"": ""false"", ""nRotateBits"": ""0"", ""nScaleBits"": ""0"", ""nTranslateBits"": ""12"", ""translateX"": ""117"", ""translateY"": ""1300"", ""type"": ""MATRIX""}",
794,1,PlaceObject2Tag,9,786,false,"{""hasRotate"": ""false"", ""hasScale"": ""false"", ""nRotateBits"": ""0"", ""nScaleBits"": ""0"", ""nTranslateBits"": ""12"", ""translateX"": ""117"", ""translateY"": ""1040"", ""type"": ""MATRIX""}",
794,1,PlaceObject2Tag,11,786,false,"{""hasRotate"": ""false"", ""hasScale"": ""false"", ""nRotateBits"": ""0"", ""nScaleBits"": ""0"", ""nTranslateBits"": ""11"", ""translateX"": ""87"", ""translateY"": ""780"", ""type"": ""MATRIX""}",
794,1,PlaceObject2Tag,13,786,false,"{""hasRotate"": ""false"", ""hasScale"": ""false"", ""nRotateBits"": ""0"", ""nScaleBits"": ""0"", ""nTranslateBits"": ""11"", ""translateX"": ""87"", ""translateY"": ""520"", ""type"": ""MATRIX""}",
794,1,PlaceObject2Tag,15,786,false,"{""hasRotate"": ""false"", ""hasScale"": ""false"", ""nRotateBits"": ""0"", ""nScaleBits"": ""0"", ""nTranslateBits"": ""10"", ""translateX"": ""77"", ""translateY"": ""260"", ""type"": ""MATRIX""}",
794,1,PlaceObject2Tag,17,786,false,"{""hasRotate"": ""false"", ""hasScale"": ""false"", ""nRotateBits"": ""0"", ""nScaleBits"": ""0"", ""nTranslateBits"": ""8"", ""translateX"": ""80"", ""translateY"": ""0"", ""type"": ""MATRIX""}",
794,2,PlaceObject2Tag,17,,true,"{""hasRotate"": ""false"", ""hasScale"": ""true"", ""nRotateBits"": ""0"", ""nScaleBits"": ""18"", ""nTranslateBits"": ""11"", ""scaleX"": ""0.8937683"", ""scaleY"": ""1.0"", ""translateX"": ""531"", ""translateY"": ""0"", ""type"": ""MATRIX""}",
794,3,PlaceObject2Tag,17,,true,"{""hasRotate"": ""false"", ""hasScale"": ""true"", ""nRotateBits"": ""0"", ""nScaleBits"": ""18"", ""nTranslateBits"": ""11"", ""scaleX"": ""0.78752136"", ""scaleY"": ""1.0"", ""translateX"": ""980"", ""translateY"": ""0"", ""type"": ""MATRIX""}",
794,4,PlaceObject2Tag,17,,true,"{""hasRotate"": ""false"", ""hasScale"": ""true"", ""nRotateBits"": ""0"", ""nScaleBits"": ""18"", ""nTranslateBits"": ""12"", ""scaleX"": ""0.68130493"", ""scaleY"": ""1.0"", ""translateX"": ""1431"", ""translateY"": ""0"", ""type"": ""MATRIX""}",
794,5,PlaceObject2Tag,17,,true,"{""hasRotate"": ""false"", ""hasScale"": ""true"", ""nRotateBits"": ""0"", ""nScaleBits"": ""18"", ""nTranslateBits"": ""12"", ""scaleX"": ""0.57507324"", ""scaleY"": ""1.0"", ""translateX"": ""1881"", ""translateY"": ""0"", ""type"": ""MATRIX""}",
794,6,PlaceObject2Tag,17,,true,"{""hasRotate"": ""false"", ""hasScale"": ""true"", ""nRotateBits"": ""0"", ""nScaleBits"": ""18"", ""nTranslateBits"": ""13"", ""scaleX"": ""0.4688263"", ""scaleY"": ""1.0"", ""translateX"": ""2332"", ""translateY"": ""0"", ""type"": ""MATRIX""}",
794,7,PlaceObject2Tag,17,,true,"{""hasRotate"": ""false"", ""hasScale"": ""true"", ""nRotateBits"": ""0"", ""nScaleBits"": ""18"", ""nTranslateBits"": ""13"", ""scaleX"": ""0.3625946"", ""scaleY"": ""1.0"", ""translateX"": ""2781"", ""translateY"": ""0"", ""type"": ""MATRIX""}",
794,8,PlaceObject2Tag,17,,true,"{""hasRotate"": ""false"", ""hasScale"": ""true"", ""nRotateBits"": ""0"", ""nScaleBits"": ""18"", ""nTranslateBits"": ""13"", ""scaleX"": ""0.25637817"", ""scaleY"": ""1.0"", ""translateX"": ""3232"", ""translateY"": ""0"", ""type"": ""MATRIX""}",
794,9,PlaceObject2Tag,17,,true,"{""hasRotate"": ""false"", ""hasScale"": ""true"", ""nRotateBits"": ""0"", ""nScaleBits"": ""18"", ""nTranslateBits"": ""13"", ""scaleX"": ""0.15013123"", ""scaleY"": ""1.0"", ""translateX"": ""3682"", ""translateY"": ""0"", ""type"": ""MATRIX""}",
794,10,PlaceObject2Tag,15,,true,"{""hasRotate"": ""false"", ""hasScale"": ""false"", ""nRotateBits"": ""0"", ""nScaleBits"": ""0"", ""nTranslateBits"": ""10"", ""translateX"": ""117"", ""translateY"": ""260"", ""type"": ""MATRIX""}",
794,10,PlaceObject2Tag,17,,true,"{""hasRotate"": ""false"", ""hasScale"": ""true"", ""nRotateBits"": ""0"", ""nScaleBits"": ""18"", ""nTranslateBits"": ""14"", ""scaleX"": ""0.043899536"", ""scaleY"": ""1.0"", ""translateX"": ""4132"", ""translateY"": ""0"", ""type"": ""MATRIX""}",
794,11,PlaceObject2Tag,15,,true,"{""hasRotate"": ""false"", ""hasScale"": ""true"", ""nRotateBits"": ""0"", ""nScaleBits"": ""18"", ""nTranslateBits"": ""11"", ""scaleX"": ""0.90512085"", ""scaleY"": ""1.0"", ""translateX"": ""519"", ""translateY"": ""260"", ""type"": ""MATRIX""}",
794,12,PlaceObject2Tag,15,,true,"{""hasRotate"": ""false"", ""hasScale"": ""true"", ""nRotateBits"": ""0"", ""nScaleBits"": ""18"", ""nTranslateBits"": ""11"", ""scaleX"": ""0.8102417"", ""scaleY"": ""1.0"", ""translateX"": ""921"", ""translateY"": ""260"", ""type"": ""MATRIX""}",
794,13,PlaceObject2Tag,15,,true,"{""hasRotate"": ""false"", ""hasScale"": ""true"", ""nRotateBits"": ""0"", ""nScaleBits"": ""18"", ""nTranslateBits"": ""12"", ""scaleX"": ""0.71536255"", ""scaleY"": ""1.0"", ""translateX"": ""1324"", ""translateY"": ""260"", ""type"": ""MATRIX""}",
794,14,PlaceObject2Tag,15,,true,"{""hasRotate"": ""false"", ""hasScale"": ""true"", ""nRotateBits"": ""0"", ""nScaleBits"": ""18"", ""nTranslateBits"": ""12"", ""scaleX"": ""0.6204834"", ""scaleY"": ""1.0"", ""translateX"": ""1726"", ""translateY"": ""260"", ""type"": ""MATRIX""}",
794,15,PlaceObject2Tag,15,,true,"{""hasRotate"": ""false"", ""hasScale"": ""true"", ""nRotateBits"": ""0"", ""nScaleBits"": ""18"", ""nTranslateBits"": ""13"", ""scaleX"": ""0.52560425"", ""scaleY"": ""1.0"", ""translateX"": ""2127"", ""translateY"": ""260"", ""type"": ""MATRIX""}",
794,16,PlaceObject2Tag,15,,true,"{""hasRotate"": ""false"", ""hasScale"": ""true"", ""nRotateBits"": ""0"", ""nScaleBits"": ""18"", ""nTranslateBits"": ""13"", ""scaleX"": ""0.4307251"", ""scaleY"": ""1.0"", ""translateX"": ""2529"", ""translateY"": ""260"", ""type"": ""MATRIX""}",
794,17,PlaceObject2Tag,15,,true,"{""hasRotate"": ""false"", ""hasScale"": ""true"", ""nRotateBits"": ""0"", ""nScaleBits"": ""18"", ""nTranslateBits"": ""13"", ""scaleX"": ""0.33584595"", ""scaleY"": ""1.0"", ""translateX"": ""2931"", ""translateY"": ""260"", ""type"": ""MATRIX""}",
794,18,PlaceObject2Tag,15,,true,"{""hasRotate"": ""false"", ""hasScale"": ""true"", ""nRotateBits"": ""0"", ""nScaleBits"": ""18"", ""nTranslateBits"": ""13"", ""scaleX"": ""0.2409668"", ""scaleY"": ""1.0"", ""translateX"": ""3334"", ""translateY"": ""260"", ""type"": ""MATRIX""}",
794,19,PlaceObject2Tag,15,,true,"{""hasRotate"": ""false"", ""hasScale"": ""true"", ""nRotateBits"": ""0"", ""nScaleBits"": ""18"", ""nTranslateBits"": ""13"", ""scaleX"": ""0.14608765"", ""scaleY"": ""1.0"", ""translateX"": ""3736"", ""translateY"": ""260"", ""type"": ""MATRIX""}",
794,20,PlaceObject2Tag,13,,true,"{""hasRotate"": ""false"", ""hasScale"": ""false"", ""nRotateBits"": ""0"", ""nScaleBits"": ""0"", ""nTranslateBits"": ""11"", ""translateX"": ""117"", ""translateY"": ""520"", ""type"": ""MATRIX""}",
794,20,PlaceObject2Tag,15,,true,"{""hasRotate"": ""false"", ""hasScale"": ""true"", ""nRotateBits"": ""0"", ""nScaleBits"": ""18"", ""nTranslateBits"": ""14"", ""scaleX"": ""0.051208496"", ""scaleY"": ""1.0"", ""translateX"": ""4138"", ""translateY"": ""260"", ""type"": ""MATRIX""}",
794,21,PlaceObject2Tag,13,,true,"{""hasRotate"": ""false"", ""hasScale"": ""true"", ""nRotateBits"": ""0"", ""nScaleBits"": ""18"", ""nTranslateBits"": ""11"", ""scaleX"": ""0.90512085"", ""scaleY"": ""1.0"", ""translateX"": ""519"", ""translateY"": ""520"", ""type"": ""MATRIX""}",
794,22,PlaceObject2Tag,13,,true,"{""hasRotate"": ""false"", ""hasScale"": ""true"", ""nRotateBits"": ""0"", ""nScaleBits"": ""18"", ""nTranslateBits"": ""11"", ""scaleX"": ""0.8102417"", ""scaleY"": ""1.0"", ""translateX"": ""921"", ""translateY"": ""520"", ""type"": ""MATRIX""}",
794,23,PlaceObject2Tag,13,,true,"{""hasRotate"": ""false"", ""hasScale"": ""true"", ""nRotateBits"": ""0"", ""nScaleBits"": ""18"", ""nTranslateBits"": ""12"", ""scaleX"": ""0.71536255"", ""scaleY"": ""1.0"", ""translateX"": ""1324"", ""translateY"": ""520"", ""type"": ""MATRIX""}",
794,24,PlaceObject2Tag,13,,true,"{""hasRotate"": ""false"", ""hasScale"": ""true"", ""nRotateBits"": ""0"", ""nScaleBits"": ""18"", ""nTranslateBits"": ""12"", ""scaleX"": ""0.6204834"", ""scaleY"": ""1.0"", ""translateX"": ""1726"", ""translateY"": ""520"", ""type"": ""MATRIX""}",
794,25,PlaceObject2Tag,13,,true,"{""hasRotate"": ""false"", ""hasScale"": ""true"", ""nRotateBits"": ""0"", ""nScaleBits"": ""18"", ""nTranslateBits"": ""13"", ""scaleX"": ""0.52560425"", ""scaleY"": ""1.0"", ""translateX"": ""2127"", ""translateY"": ""520"", ""type"": ""MATRIX""}",
794,26,PlaceObject2Tag,13,,true,"{""hasRotate"": ""false"", ""hasScale"": ""true"", ""nRotateBits"": ""0"", ""nScaleBits"": ""18"", ""nTranslateBits"": ""13"", ""scaleX"": ""0.4307251"", ""scaleY"": ""1.0"", ""translateX"": ""2529"", ""translateY"": ""520"", ""type"": ""MATRIX""}",
794,27,PlaceObject2Tag,13,,true,"{""hasRotate"": ""false"", ""hasScale"": ""true"", ""nRotateBits"": ""0"", ""nScaleBits"": ""18"", ""nTranslateBits"": ""13"", ""scaleX"": ""0.33584595"", ""scaleY"": ""1.0"", ""translateX"": ""2931"", ""translateY"": ""520"", ""type"": ""MATRIX""}",
794,28,PlaceObject2Tag,13,,true,"{""hasRotate"": ""false"", ""hasScale"": ""true"", ""nRotateBits"": ""0"", ""nScaleBits"": ""18"", ""nTranslateBits"": ""13"", ""scaleX"": ""0.2409668"", ""scaleY"": ""1.0"", ""translateX"": ""3334"", ""translateY"": ""520"", ""type"": ""MATRIX""}",
794,29,PlaceObject2Tag,13,,true,"{""hasRotate"": ""false"", ""hasScale"": ""true"", ""nRotateBits"": ""0"", ""nScaleBits"": ""18"", ""nTranslateBits"": ""13"", ""scaleX"": ""0.14608765"", ""scaleY"": ""1.0"", ""translateX"": ""3736"", ""translateY"": ""520"", ""type"": ""MATRIX""}",
794,30,PlaceObject2Tag,11,,true,"{""hasRotate"": ""false"", ""hasScale"": ""false"", ""nRotateBits"": ""0"", ""nScaleBits"": ""0"", ""nTranslateBits"": ""11"", ""translateX"": ""117"", ""translateY"": ""780"", ""type"": ""MATRIX""}",
794,30,PlaceObject2Tag,13,,true,"{""hasRotate"": ""false"", ""hasScale"": ""true"", ""nRotateBits"": ""0"", ""nScaleBits"": ""18"", ""nTranslateBits"": ""14"", ""scaleX"": ""0.051208496"", ""scaleY"": ""1.0"", ""translateX"": ""4138"", ""translateY"": ""520"", ""type"": ""MATRIX""}",
794,31,PlaceObject2Tag,11,,true,"{""hasRotate"": ""false"", ""hasScale"": ""true"", ""nRotateBits"": ""0"", ""nScaleBits"": ""18"", ""nTranslateBits"": ""11"", ""scaleX"": ""0.90512085"", ""scaleY"": ""1.0"", ""translateX"": ""519"", ""translateY"": ""780"", ""type"": ""MATRIX""}",
794,32,PlaceObject2Tag,11,,true,"{""hasRotate"": ""false"", ""hasScale"": ""true"", ""nRotateBits"": ""0"", ""nScaleBits"": ""18"", ""nTranslateBits"": ""11"", ""scaleX"": ""0.8102417"", ""scaleY"": ""1.0"", ""translateX"": ""921"", ""translateY"": ""780"", ""type"": ""MATRIX""}",
794,33,PlaceObject2Tag,11,,true,"{""hasRotate"": ""false"", ""hasScale"": ""true"", ""nRotateBits"": ""0"", ""nScaleBits"": ""18"", ""nTranslateBits"": ""12"", ""scaleX"": ""0.71536255"", ""scaleY"": ""1.0"", ""translateX"": ""1324"", ""translateY"": ""780"", ""type"": ""MATRIX""}",
794,34,PlaceObject2Tag,11,,true,"{""hasRotate"": ""false"", ""hasScale"": ""true"", ""nRotateBits"": ""0"", ""nScaleBits"": ""18"", ""nTranslateBits"": ""12"", ""scaleX"": ""0.6204834"", ""scaleY"": ""1.0"", ""translateX"": ""1726"", ""translateY"": ""780"", ""type"": ""MATRIX""}",
794,35,PlaceObject2Tag,11,,true,"{""hasRotate"": ""false"", ""hasScale"": ""true"", ""nRotateBits"": ""0"", ""nScaleBits"": ""18"", ""nTranslateBits"": ""13"", ""scaleX"": ""0.52560425"", ""scaleY"": ""1.0"", ""translateX"": ""2127"", ""translateY"": ""780"", ""type"": ""MATRIX""}",
794,36,PlaceObject2Tag,11,,true,"{""hasRotate"": ""false"", ""hasScale"": ""true"", ""nRotateBits"": ""0"", ""nScaleBits"": ""18"", ""nTranslateBits"": ""13"", ""scaleX"": ""0.4307251"", ""scaleY"": ""1.0"", ""translateX"": ""2529"", ""translateY"": ""780"", ""type"": ""MATRIX""}",
794,37,PlaceObject2Tag,11,,true,"{""hasRotate"": ""false"", ""hasScale"": ""true"", ""nRotateBits"": ""0"", ""nScaleBits"": ""18"", ""nTranslateBits"": ""13"", ""scaleX"": ""0.33584595"", ""scaleY"": ""1.0"", ""translateX"": ""2931"", ""translateY"": ""780"", ""type"": ""MATRIX""}",
794,38,PlaceObject2Tag,11,,true,"{""hasRotate"": ""false"", ""hasScale"": ""true"", ""nRotateBits"": ""0"", ""nScaleBits"": ""18"", ""nTranslateBits"": ""13"", ""scaleX"": ""0.2409668"", ""scaleY"": ""1.0"", ""translateX"": ""3334"", ""translateY"": ""780"", ""type"": ""MATRIX""}",
794,39,PlaceObject2Tag,11,,true,"{""hasRotate"": ""false"", ""hasScale"": ""true"", ""nRotateBits"": ""0"", ""nScaleBits"": ""18"", ""nTranslateBits"": ""13"", ""scaleX"": ""0.14608765"", ""scaleY"": ""1.0"", ""translateX"": ""3736"", ""translateY"": ""780"", ""type"": ""MATRIX""}",
794,40,PlaceObject2Tag,11,,true,"{""hasRotate"": ""false"", ""hasScale"": ""true"", ""nRotateBits"": ""0"", ""nScaleBits"": ""18"", ""nTranslateBits"": ""14"", ""scaleX"": ""0.051208496"", ""scaleY"": ""1.0"", ""translateX"": ""4138"", ""translateY"": ""780"", ""type"": ""MATRIX""}",
794,41,PlaceObject2Tag,9,,true,"{""hasRotate"": ""false"", ""hasScale"": ""true"", ""nRotateBits"": ""0"", ""nScaleBits"": ""18"", ""nTranslateBits"": ""12"", ""scaleX"": ""0.90512085"", ""scaleY"": ""1.0"", ""translateX"": ""519"", ""translateY"": ""1040"", ""type"": ""MATRIX""}",
794,42,PlaceObject2Tag,9,,true,"{""hasRotate"": ""false"", ""hasScale"": ""true"", ""nRotateBits"": ""0"", ""nScaleBits"": ""18"", ""nTranslateBits"": ""12"", ""scaleX"": ""0.8102417"", ""scaleY"": ""1.0"", ""translateX"": ""921"", ""translateY"": ""1040"", ""type"": ""MATRIX""}",
794,43,PlaceObject2Tag,9,,true,"{""hasRotate"": ""false"", ""hasScale"": ""true"", ""nRotateBits"": ""0"", ""nScaleBits"": ""18"", ""nTranslateBits"": ""12"", ""scaleX"": ""0.71536255"", ""scaleY"": ""1.0"", ""translateX"": ""1324"", ""translateY"": ""1040"", ""type"": ""MATRIX""}",
794,44,PlaceObject2Tag,9,,true,"{""hasRotate"": ""false"", ""hasScale"": ""true"", ""nRotateBits"": ""0"", ""nScaleBits"": ""18"", ""nTranslateBits"": ""12"", ""scaleX"": ""0.6204834"", ""scaleY"": ""1.0"", ""translateX"": ""1726"", ""translateY"": ""1040"", ""type"": ""MATRIX""}",
794,45,PlaceObject2Tag,9,,true,"{""hasRotate"": ""false"", ""hasScale"": ""true"", ""nRotateBits"": ""0"", ""nScaleBits"": ""18"", ""nTranslateBits"": ""13"", ""scaleX"": ""0.52560425"", ""scaleY"": ""1.0"", ""translateX"": ""2127"", ""translateY"": ""1040"", ""type"": ""MATRIX""}",
794,46,PlaceObject2Tag,9,,true,"{""hasRotate"": ""false"", ""hasScale"": ""true"", ""nRotateBits"": ""0"", ""nScaleBits"": ""18"", ""nTranslateBits"": ""13"", ""scaleX"": ""0.4307251"", ""scaleY"": ""1.0"", ""translateX"": ""2529"", ""translateY"": ""1040"", ""type"": ""MATRIX""}",
794,47,PlaceObject2Tag,9,,true,"{""hasRotate"": ""false"", ""hasScale"": ""true"", ""nRotateBits"": ""0"", ""nScaleBits"": ""18"", ""nTranslateBits"": ""13"", ""scaleX"": ""0.33584595"", ""scaleY"": ""1.0"", ""translateX"": ""2931"", ""translateY"": ""1040"", ""type"": ""MATRIX""}",
794,48,PlaceObject2Tag,9,,true,"{""hasRotate"": ""false"", ""hasScale"": ""true"", ""nRotateBits"": ""0"", ""nScaleBits"": ""18"", ""nTranslateBits"": ""13"", ""scaleX"": ""0.2409668"", ""scaleY"": ""1.0"", ""translateX"": ""3334"", ""translateY"": ""1040"", ""type"": ""MATRIX""}",
794,49,PlaceObject2Tag,9,,true,"{""hasRotate"": ""false"", ""hasScale"": ""true"", ""nRotateBits"": ""0"", ""nScaleBits"": ""18"", ""nTranslateBits"": ""13"", ""scaleX"": ""0.14608765"", ""scaleY"": ""1.0"", ""translateX"": ""3736"", ""translateY"": ""1040"", ""type"": ""MATRIX""}",
794,50,PlaceObject2Tag,9,,true,"{""hasRotate"": ""false"", ""hasScale"": ""true"", ""nRotateBits"": ""0"", ""nScaleBits"": ""18"", ""nTranslateBits"": ""14"", ""scaleX"": ""0.051208496"", ""scaleY"": ""1.0"", ""translateX"": ""4138"", ""translateY"": ""1040"", ""type"": ""MATRIX""}",
794,51,PlaceObject2Tag,7,,true,"{""hasRotate"": ""false"", ""hasScale"": ""true"", ""nRotateBits"": ""0"", ""nScaleBits"": ""18"", ""nTranslateBits"": ""12"", ""scaleX"": ""0.90512085"", ""scaleY"": ""1.0"", ""translateX"": ""519"", ""translateY"": ""1300"", ""type"": ""MATRIX""}",
794,52,PlaceObject2Tag,7,,true,"{""hasRotate"": ""false"", ""hasScale"": ""true"", ""nRotateBits"": ""0"", ""nScaleBits"": ""18"", ""nTranslateBits"": ""12"", ""scaleX"": ""0.8102417"", ""scaleY"": ""1.0"", ""translateX"": ""921"", ""translateY"": ""1300"", ""type"": ""MATRIX""}",
794,53,PlaceObject2Tag,7,,true,"{""hasRotate"": ""false"", ""hasScale"": ""true"", ""nRotateBits"": ""0"", ""nScaleBits"": ""18"", ""nTranslateBits"": ""12"", ""scaleX"": ""0.71536255"", ""scaleY"": ""1.0"", ""translateX"": ""1324"", ""translateY"": ""1300"", ""type"": ""MATRIX""}",
794,54,PlaceObject2Tag,7,,true,"{""hasRotate"": ""false"", ""hasScale"": ""true"", ""nRotateBits"": ""0"", ""nScaleBits"": ""18"", ""nTranslateBits"": ""12"", ""scaleX"": ""0.6204834"", ""scaleY"": ""1.0"", ""translateX"": ""1726"", ""translateY"": ""1300"", ""type"": ""MATRIX""}",
794,55,PlaceObject2Tag,7,,true,"{""hasRotate"": ""false"", ""hasScale"": ""true"", ""nRotateBits"": ""0"", ""nScaleBits"": ""18"", ""nTranslateBits"": ""13"", ""scaleX"": ""0.52560425"", ""scaleY"": ""1.0"", ""translateX"": ""2127"", ""translateY"": ""1300"", ""type"": ""MATRIX""}",
794,56,PlaceObject2Tag,7,,true,"{""hasRotate"": ""false"", ""hasScale"": ""true"", ""nRotateBits"": ""0"", ""nScaleBits"": ""18"", ""nTranslateBits"": ""13"", ""scaleX"": ""0.4307251"", ""scaleY"": ""1.0"", ""translateX"": ""2529"", ""translateY"": ""1300"", ""type"": ""MATRIX""}",
794,57,PlaceObject2Tag,7,,true,"{""hasRotate"": ""false"", ""hasScale"": ""true"", ""nRotateBits"": ""0"", ""nScaleBits"": ""18"", ""nTranslateBits"": ""13"", ""scaleX"": ""0.33584595"", ""scaleY"": ""1.0"", ""translateX"": ""2931"", ""translateY"": ""1300"", ""type"": ""MATRIX""}",
794,58,PlaceObject2Tag,7,,true,"{""hasRotate"": ""false"", ""hasScale"": ""true"", ""nRotateBits"": ""0"", ""nScaleBits"": ""18"", ""nTranslateBits"": ""13"", ""scaleX"": ""0.2409668"", ""scaleY"": ""1.0"", ""translateX"": ""3334"", ""translateY"": ""1300"", ""type"": ""MATRIX""}",
794,59,PlaceObject2Tag,7,,true,"{""hasRotate"": ""false"", ""hasScale"": ""true"", ""nRotateBits"": ""0"", ""nScaleBits"": ""18"", ""nTranslateBits"": ""13"", ""scaleX"": ""0.14608765"", ""scaleY"": ""1.0"", ""translateX"": ""3736"", ""translateY"": ""1300"", ""type"": ""MATRIX""}",
794,60,PlaceObject2Tag,7,,true,"{""hasRotate"": ""false"", ""hasScale"": ""true"", ""nRotateBits"": ""0"", ""nScaleBits"": ""18"", ""nTranslateBits"": ""14"", ""scaleX"": ""0.051208496"", ""scaleY"": ""1.0"", ""translateX"": ""4138"", ""translateY"": ""1300"", ""type"": ""MATRIX""}",
794,61,PlaceObject2Tag,5,,true,"{""hasRotate"": ""false"", ""hasScale"": ""true"", ""nRotateBits"": ""0"", ""nScaleBits"": ""18"", ""nTranslateBits"": ""12"", ""scaleX"": ""0.90512085"", ""scaleY"": ""1.0"", ""translateX"": ""519"", ""translateY"": ""1560"", ""type"": ""MATRIX""}",
794,62,PlaceObject2Tag,5,,true,"{""hasRotate"": ""false"", ""hasScale"": ""true"", ""nRotateBits"": ""0"", ""nScaleBits"": ""18"", ""nTranslateBits"": ""12"", ""scaleX"": ""0.8102417"", ""scaleY"": ""1.0"", ""translateX"": ""921"", ""translateY"": ""1560"", ""type"": ""MATRIX""}",
794,63,PlaceObject2Tag,5,,true,"{""hasRotate"": ""false"", ""hasScale"": ""true"", ""nRotateBits"": ""0"", ""nScaleBits"": ""18"", ""nTranslateBits"": ""12"", ""scaleX"": ""0.71536255"", ""scaleY"": ""1.0"", ""translateX"": ""1324"", ""translateY"": ""1560"", ""type"": ""MATRIX""}",
794,64,PlaceObject2Tag,5,,true,"{""hasRotate"": ""false"", ""hasScale"": ""true"", ""nRotateBits"": ""0"", ""nScaleBits"": ""18"", ""nTranslateBits"": ""12"", ""scaleX"": ""0.6204834"", ""scaleY"": ""1.0"", ""translateX"": ""1726"", ""translateY"": ""1560"", ""type"": ""MATRIX""}",
794,65,PlaceObject2Tag,5,,true,"{""hasRotate"": ""false"", ""hasScale"": ""true"", ""nRotateBits"": ""0"", ""nScaleBits"": ""18"", ""nTranslateBits"": ""13"", ""scaleX"": ""0.52560425"", ""scaleY"": ""1.0"", ""translateX"": ""2127"", ""translateY"": ""1560"", ""type"": ""MATRIX""}",
794,66,PlaceObject2Tag,5,,true,"{""hasRotate"": ""false"", ""hasScale"": ""true"", ""nRotateBits"": ""0"", ""nScaleBits"": ""18"", ""nTranslateBits"": ""13"", ""scaleX"": ""0.4307251"", ""scaleY"": ""1.0"", ""translateX"": ""2529"", ""translateY"": ""1560"", ""type"": ""MATRIX""}",
794,67,PlaceObject2Tag,5,,true,"{""hasRotate"": ""false"", ""hasScale"": ""true"", ""nRotateBits"": ""0"", ""nScaleBits"": ""18"", ""nTranslateBits"": ""13"", ""scaleX"": ""0.33584595"", ""scaleY"": ""1.0"", ""translateX"": ""2931"", ""translateY"": ""1560"", ""type"": ""MATRIX""}",
794,68,PlaceObject2Tag,5,,true,"{""hasRotate"": ""false"", ""hasScale"": ""true"", ""nRotateBits"": ""0"", ""nScaleBits"": ""18"", ""nTranslateBits"": ""13"", ""scaleX"": ""0.2409668"", ""scaleY"": ""1.0"", ""translateX"": ""3334"", ""translateY"": ""1560"", ""type"": ""MATRIX""}",
794,69,PlaceObject2Tag,5,,true,"{""hasRotate"": ""false"", ""hasScale"": ""true"", ""nRotateBits"": ""0"", ""nScaleBits"": ""18"", ""nTranslateBits"": ""13"", ""scaleX"": ""0.14608765"", ""scaleY"": ""1.0"", ""translateX"": ""3736"", ""translateY"": ""1560"", ""type"": ""MATRIX""}",
794,70,PlaceObject2Tag,5,,true,"{""hasRotate"": ""false"", ""hasScale"": ""true"", ""nRotateBits"": ""0"", ""nScaleBits"": ""18"", ""nTranslateBits"": ""14"", ""scaleX"": ""0.051208496"", ""scaleY"": ""1.0"", ""translateX"": ""4138"", ""translateY"": ""1560"", ""type"": ""MATRIX""}",
795,1,PlaceObject2Tag,1,149,false,"{""hasRotate"": ""false"", ""hasScale"": ""false"", ""nRotateBits"": ""0"", ""nScaleBits"": ""0"", ""nTranslateBits"": ""10"", ""translateX"": ""-500"", ""translateY"": ""-200"", ""type"": ""MATRIX""}",
796,1,PlaceObject2Tag,1,783,false,"{""hasRotate"": ""false"", ""hasScale"": ""false"", ""nRotateBits"": ""0"", ""nScaleBits"": ""0"", ""nTranslateBits"": ""10"", ""translateX"": ""-420"", ""translateY"": ""-320"", ""type"": ""MATRIX""}",
796,1,PlaceObject3Tag,3,795,false,"{""hasRotate"": ""false"", ""hasScale"": ""false"", ""nRotateBits"": ""0"", ""nScaleBits"": ""0"", ""nTranslateBits"": ""11"", ""translateX"": ""620"", ""translateY"": ""220"", ""type"": ""MATRIX""}",
796,1,PlaceObject2Tag,5,786,false,"{""hasRotate"": ""false"", ""hasScale"": ""false"", ""nRotateBits"": ""0"", ""nScaleBits"": ""0"", ""nTranslateBits"": ""12"", ""translateX"": ""117"", ""translateY"": ""1560"", ""type"": ""MATRIX""}",
796,1,PlaceObject2Tag,7,786,false,"{""hasRotate"": ""false"", ""hasScale"": ""false"", ""nRotateBits"": ""0"", ""nScaleBits"": ""0"", ""nTranslateBits"": ""12"", ""translateX"": ""117"", ""translateY"": ""1300"", ""type"": ""MATRIX""}",
796,1,PlaceObject2Tag,9,786,false,"{""hasRotate"": ""false"", ""hasScale"": ""false"", ""nRotateBits"": ""0"", ""nScaleBits"": ""0"", ""nTranslateBits"": ""12"", ""translateX"": ""117"", ""translateY"": ""1040"", ""type"": ""MATRIX""}",
796,1,PlaceObject2Tag,11,786,false,"{""hasRotate"": ""false"", ""hasScale"": ""false"", ""nRotateBits"": ""0"", ""nScaleBits"": ""0"", ""nTranslateBits"": ""11"", ""translateX"": ""87"", ""translateY"": ""780"", ""type"": ""MATRIX""}",
796,1,PlaceObject2Tag,13,786,false,"{""hasRotate"": ""false"", ""hasScale"": ""false"", ""nRotateBits"": ""0"", ""nScaleBits"": ""0"", ""nTranslateBits"": ""11"", ""translateX"": ""87"", ""translateY"": ""520"", ""type"": ""MATRIX""}",
796,1,PlaceObject2Tag,15,786,false,"{""hasRotate"": ""false"", ""hasScale"": ""false"", ""nRotateBits"": ""0"", ""nScaleBits"": ""0"", ""nTranslateBits"": ""10"", ""translateX"": ""77"", ""translateY"": ""260"", ""type"": ""MATRIX""}",
796,1,PlaceObject2Tag,17,786,false,"{""hasRotate"": ""false"", ""hasScale"": ""false"", ""nRotateBits"": ""0"", ""nScaleBits"": ""0"", ""nTranslateBits"": ""8"", ""translateX"": ""80"", ""translateY"": ""0"", ""type"": ""MATRIX""}",
796,2,PlaceObject2Tag,17,,true,"{""hasRotate"": ""false"", ""hasScale"": ""true"", ""nRotateBits"": ""0"", ""nScaleBits"": ""18"", ""nTranslateBits"": ""11"", ""scaleX"": ""0.8937683"", ""scaleY"": ""1.0"", ""translateX"": ""531"", ""translateY"": ""0"", ""type"": ""MATRIX""}",
796,3,PlaceObject2Tag,17,,true,"{""hasRotate"": ""false"", ""hasScale"": ""true"", ""nRotateBits"": ""0"", ""nScaleBits"": ""18"", ""nTranslateBits"": ""11"", ""scaleX"": ""0.78752136"", ""scaleY"": ""1.0"", ""translateX"": ""980"", ""translateY"": ""0"", ""type"": ""MATRIX""}",
796,4,PlaceObject2Tag,17,,true,"{""hasRotate"": ""false"", ""hasScale"": ""true"", ""nRotateBits"": ""0"", ""nScaleBits"": ""18"", ""nTranslateBits"": ""12"", ""scaleX"": ""0.68130493"", ""scaleY"": ""1.0"", ""translateX"": ""1431"", ""translateY"": ""0"", ""type"": ""MATRIX""}",
796,5,PlaceObject2Tag,17,,true,"{""hasRotate"": ""false"", ""hasScale"": ""true"", ""nRotateBits"": ""0"", ""nScaleBits"": ""18"", ""nTranslateBits"": ""12"", ""scaleX"": ""0.57507324"", ""scaleY"": ""1.0"", ""translateX"": ""1881"", ""translateY"": ""0"", ""type"": ""MATRIX""}",
796,6,PlaceObject2Tag,17,,true,"{""hasRotate"": ""false"", ""hasScale"": ""true"", ""nRotateBits"": ""0"", ""nScaleBits"": ""18"", ""nTranslateBits"": ""13"", ""scaleX"": ""0.4688263"", ""scaleY"": ""1.0"", ""translateX"": ""2332"", ""translateY"": ""0"", ""type"": ""MATRIX""}",
796,7,PlaceObject2Tag,17,,true,"{""hasRotate"": ""false"", ""hasScale"": ""true"", ""nRotateBits"": ""0"", ""nScaleBits"": ""18"", ""nTranslateBits"": ""13"", ""scaleX"": ""0.3625946"", ""scaleY"": ""1.0"", ""translateX"": ""2781"", ""translateY"": ""0"", ""type"": ""MATRIX""}",
796,8,PlaceObject2Tag,17,,true,"{""hasRotate"": ""false"", ""hasScale"": ""true"", ""nRotateBits"": ""0"", ""nScaleBits"": ""18"", ""nTranslateBits"": ""13"", ""scaleX"": ""0.25637817"", ""scaleY"": ""1.0"", ""translateX"": ""3232"", ""translateY"": ""0"", ""type"": ""MATRIX""}",
796,9,PlaceObject2Tag,17,,true,"{""hasRotate"": ""false"", ""hasScale"": ""true"", ""nRotateBits"": ""0"", ""nScaleBits"": ""18"", ""nTranslateBits"": ""13"", ""scaleX"": ""0.15013123"", ""scaleY"": ""1.0"", ""translateX"": ""3682"", ""translateY"": ""0"", ""type"": ""MATRIX""}",
796,10,PlaceObject2Tag,15,,true,"{""hasRotate"": ""false"", ""hasScale"": ""false"", ""nRotateBits"": ""0"", ""nScaleBits"": ""0"", ""nTranslateBits"": ""10"", ""translateX"": ""117"", ""translateY"": ""260"", ""type"": ""MATRIX""}",
796,10,PlaceObject2Tag,17,,true,"{""hasRotate"": ""false"", ""hasScale"": ""true"", ""nRotateBits"": ""0"", ""nScaleBits"": ""18"", ""nTranslateBits"": ""14"", ""scaleX"": ""0.043899536"", ""scaleY"": ""1.0"", ""translateX"": ""4132"", ""translateY"": ""0"", ""type"": ""MATRIX""}",
796,11,PlaceObject2Tag,15,,true,"{""hasRotate"": ""false"", ""hasScale"": ""true"", ""nRotateBits"": ""0"", ""nScaleBits"": ""18"", ""nTranslateBits"": ""11"", ""scaleX"": ""0.90512085"", ""scaleY"": ""1.0"", ""translateX"": ""519"", ""translateY"": ""260"", ""type"": ""MATRIX""}",
796,12,PlaceObject2Tag,15,,true,"{""hasRotate"": ""false"", ""hasScale"": ""true"", ""nRotateBits"": ""0"", ""nScaleBits"": ""18"", ""nTranslateBits"": ""11"", ""scaleX"": ""0.8102417"", ""scaleY"": ""1.0"", ""translateX"": ""921"", ""translateY"": ""260"", ""type"": ""MATRIX""}",
796,13,PlaceObject2Tag,15,,true,"{""hasRotate"": ""false"", ""hasScale"": ""true"", ""nRotateBits"": ""0"", ""nScaleBits"": ""18"", ""nTranslateBits"": ""12"", ""scaleX"": ""0.71536255"", ""scaleY"": ""1.0"", ""translateX"": ""1324"", ""translateY"": ""260"", ""type"": ""MATRIX""}",
796,14,PlaceObject2Tag,15,,true,"{""hasRotate"": ""false"", ""hasScale"": ""true"", ""nRotateBits"": ""0"", ""nScaleBits"": ""18"", ""nTranslateBits"": ""12"", ""scaleX"": ""0.6204834"", ""scaleY"": ""1.0"", ""translateX"": ""1726"", ""translateY"": ""260"", ""type"": ""MATRIX""}",
796,15,PlaceObject2Tag,15,,true,"{""hasRotate"": ""false"", ""hasScale"": ""true"", ""nRotateBits"": ""0"", ""nScaleBits"": ""18"", ""nTranslateBits"": ""13"", ""scaleX"": ""0.52560425"", ""scaleY"": ""1.0"", ""translateX"": ""2127"", ""translateY"": ""260"", ""type"": ""MATRIX""}",
796,16,PlaceObject2Tag,15,,true,"{""hasRotate"": ""false"", ""hasScale"": ""true"", ""nRotateBits"": ""0"", ""nScaleBits"": ""18"", ""nTranslateBits"": ""13"", ""scaleX"": ""0.4307251"", ""scaleY"": ""1.0"", ""translateX"": ""2529"", ""translateY"": ""260"", ""type"": ""MATRIX""}",
796,17,PlaceObject2Tag,15,,true,"{""hasRotate"": ""false"", ""hasScale"": ""true"", ""nRotateBits"": ""0"", ""nScaleBits"": ""18"", ""nTranslateBits"": ""13"", ""scaleX"": ""0.33584595"", ""scaleY"": ""1.0"", ""translateX"": ""2931"", ""translateY"": ""260"", ""type"": ""MATRIX""}",
796,18,PlaceObject2Tag,15,,true,"{""hasRotate"": ""false"", ""hasScale"": ""true"", ""nRotateBits"": ""0"", ""nScaleBits"": ""18"", ""nTranslateBits"": ""13"", ""scaleX"": ""0.2409668"", ""scaleY"": ""1.0"", ""translateX"": ""3334"", ""translateY"": ""260"", ""type"": ""MATRIX""}",
796,19,PlaceObject2Tag,15,,true,"{""hasRotate"": ""false"", ""hasScale"": ""true"", ""nRotateBits"": ""0"", ""nScaleBits"": ""18"", ""nTranslateBits"": ""13"", ""scaleX"": ""0.14608765"", ""scaleY"": ""1.0"", ""translateX"": ""3736"", ""translateY"": ""260"", ""type"": ""MATRIX""}",
796,20,PlaceObject2Tag,13,,true,"{""hasRotate"": ""false"", ""hasScale"": ""false"", ""nRotateBits"": ""0"", ""nScaleBits"": ""0"", ""nTranslateBits"": ""11"", ""translateX"": ""117"", ""translateY"": ""520"", ""type"": ""MATRIX""}",
796,20,PlaceObject2Tag,15,,true,"{""hasRotate"": ""false"", ""hasScale"": ""true"", ""nRotateBits"": ""0"", ""nScaleBits"": ""18"", ""nTranslateBits"": ""14"", ""scaleX"": ""0.051208496"", ""scaleY"": ""1.0"", ""translateX"": ""4138"", ""translateY"": ""260"", ""type"": ""MATRIX""}",
796,21,PlaceObject2Tag,13,,true,"{""hasRotate"": ""false"", ""hasScale"": ""true"", ""nRotateBits"": ""0"", ""nScaleBits"": ""18"", ""nTranslateBits"": ""11"", ""scaleX"": ""0.90512085"", ""scaleY"": ""1.0"", ""translateX"": ""519"", ""translateY"": ""520"", ""type"": ""MATRIX""}",
796,22,PlaceObject2Tag,13,,true,"{""hasRotate"": ""false"", ""hasScale"": ""true"", ""nRotateBits"": ""0"", ""nScaleBits"": ""18"", ""nTranslateBits"": ""11"", ""scaleX"": ""0.8102417"", ""scaleY"": ""1.0"", ""translateX"": ""921"", ""translateY"": ""520"", ""type"": ""MATRIX""}",
796,23,PlaceObject2Tag,13,,true,"{""hasRotate"": ""false"", ""hasScale"": ""true"", ""nRotateBits"": ""0"", ""nScaleBits"": ""18"", ""nTranslateBits"": ""12"", ""scaleX"": ""0.71536255"", ""scaleY"": ""1.0"", ""translateX"": ""1324"", ""translateY"": ""520"", ""type"": ""MATRIX""}",
796,24,PlaceObject2Tag,13,,true,"{""hasRotate"": ""false"", ""hasScale"": ""true"", ""nRotateBits"": ""0"", ""nScaleBits"": ""18"", ""nTranslateBits"": ""12"", ""scaleX"": ""0.6204834"", ""scaleY"": ""1.0"", ""translateX"": ""1726"", ""translateY"": ""520"", ""type"": ""MATRIX""}",
796,25,PlaceObject2Tag,13,,true,"{""hasRotate"": ""false"", ""hasScale"": ""true"", ""nRotateBits"": ""0"", ""nScaleBits"": ""18"", ""nTranslateBits"": ""13"", ""scaleX"": ""0.52560425"", ""scaleY"": ""1.0"", ""translateX"": ""2127"", ""translateY"": ""520"", ""type"": ""MATRIX""}",
796,26,PlaceObject2Tag,13,,true,"{""hasRotate"": ""false"", ""hasScale"": ""true"", ""nRotateBits"": ""0"", ""nScaleBits"": ""18"", ""nTranslateBits"": ""13"", ""scaleX"": ""0.4307251"", ""scaleY"": ""1.0"", ""translateX"": ""2529"", ""translateY"": ""520"", ""type"": ""MATRIX""}",
796,27,PlaceObject2Tag,13,,true,"{""hasRotate"": ""false"", ""hasScale"": ""true"", ""nRotateBits"": ""0"", ""nScaleBits"": ""18"", ""nTranslateBits"": ""13"", ""scaleX"": ""0.33584595"", ""scaleY"": ""1.0"", ""translateX"": ""2931"", ""translateY"": ""520"", ""type"": ""MATRIX""}",
796,28,PlaceObject2Tag,13,,true,"{""hasRotate"": ""false"", ""hasScale"": ""true"", ""nRotateBits"": ""0"", ""nScaleBits"": ""18"", ""nTranslateBits"": ""13"", ""scaleX"": ""0.2409668"", ""scaleY"": ""1.0"", ""translateX"": ""3334"", ""translateY"": ""520"", ""type"": ""MATRIX""}",
796,29,PlaceObject2Tag,13,,true,"{""hasRotate"": ""false"", ""hasScale"": ""true"", ""nRotateBits"": ""0"", ""nScaleBits"": ""18"", ""nTranslateBits"": ""13"", ""scaleX"": ""0.14608765"", ""scaleY"": ""1.0"", ""translateX"": ""3736"", ""translateY"": ""520"", ""type"": ""MATRIX""}",
796,30,PlaceObject2Tag,11,,true,"{""hasRotate"": ""false"", ""hasScale"": ""false"", ""nRotateBits"": ""0"", ""nScaleBits"": ""0"", ""nTranslateBits"": ""11"", ""translateX"": ""117"", ""translateY"": ""780"", ""type"": ""MATRIX""}",
796,30,PlaceObject2Tag,13,,true,"{""hasRotate"": ""false"", ""hasScale"": ""true"", ""nRotateBits"": ""0"", ""nScaleBits"": ""18"", ""nTranslateBits"": ""14"", ""scaleX"": ""0.051208496"", ""scaleY"": ""1.0"", ""translateX"": ""4138"", ""translateY"": ""520"", ""type"": ""MATRIX""}",
796,31,PlaceObject2Tag,11,,true,"{""hasRotate"": ""false"", ""hasScale"": ""true"", ""nRotateBits"": ""0"", ""nScaleBits"": ""18"", ""nTranslateBits"": ""11"", ""scaleX"": ""0.90512085"", ""scaleY"": ""1.0"", ""translateX"": ""519"", ""translateY"": ""780"", ""type"": ""MATRIX""}",
796,32,PlaceObject2Tag,11,,true,"{""hasRotate"": ""false"", ""hasScale"": ""true"", ""nRotateBits"": ""0"", ""nScaleBits"": ""18"", ""nTranslateBits"": ""11"", ""scaleX"": ""0.8102417"", ""scaleY"": ""1.0"", ""translateX"": ""921"", ""translateY"": ""780"", ""type"": ""MATRIX""}",
796,33,PlaceObject2Tag,11,,true,"{""hasRotate"": ""false"", ""hasScale"": ""true"", ""nRotateBits"": ""0"", ""nScaleBits"": ""18"", ""nTranslateBits"": ""12"", ""scaleX"": ""0.71536255"", ""scaleY"": ""1.0"", ""translateX"": ""1324"", ""translateY"": ""780"", ""type"": ""MATRIX""}",
796,34,PlaceObject2Tag,11,,true,"{""hasRotate"": ""false"", ""hasScale"": ""true"", ""nRotateBits"": ""0"", ""nScaleBits"": ""18"", ""nTranslateBits"": ""12"", ""scaleX"": ""0.6204834"", ""scaleY"": ""1.0"", ""translateX"": ""1726"", ""translateY"": ""780"", ""type"": ""MATRIX""}",
796,35,PlaceObject2Tag,11,,true,"{""hasRotate"": ""false"", ""hasScale"": ""true"", ""nRotateBits"": ""0"", ""nScaleBits"": ""18"", ""nTranslateBits"": ""13"", ""scaleX"": ""0.52560425"", ""scaleY"": ""1.0"", ""translateX"": ""2127"", ""translateY"": ""780"", ""type"": ""MATRIX""}",
796,36,PlaceObject2Tag,11,,true,"{""hasRotate"": ""false"", ""hasScale"": ""true"", ""nRotateBits"": ""0"", ""nScaleBits"": ""18"", ""nTranslateBits"": ""13"", ""scaleX"": ""0.4307251"", ""scaleY"": ""1.0"", ""translateX"": ""2529"", ""translateY"": ""780"", ""type"": ""MATRIX""}",
796,37,PlaceObject2Tag,11,,true,"{""hasRotate"": ""false"", ""hasScale"": ""true"", ""nRotateBits"": ""0"", ""nScaleBits"": ""18"", ""nTranslateBits"": ""13"", ""scaleX"": ""0.33584595"", ""scaleY"": ""1.0"", ""translateX"": ""2931"", ""translateY"": ""780"", ""type"": ""MATRIX""}",
796,38,PlaceObject2Tag,11,,true,"{""hasRotate"": ""false"", ""hasScale"": ""true"", ""nRotateBits"": ""0"", ""nScaleBits"": ""18"", ""nTranslateBits"": ""13"", ""scaleX"": ""0.2409668"", ""scaleY"": ""1.0"", ""translateX"": ""3334"", ""translateY"": ""780"", ""type"": ""MATRIX""}",
796,39,PlaceObject2Tag,11,,true,"{""hasRotate"": ""false"", ""hasScale"": ""true"", ""nRotateBits"": ""0"", ""nScaleBits"": ""18"", ""nTranslateBits"": ""13"", ""scaleX"": ""0.14608765"", ""scaleY"": ""1.0"", ""translateX"": ""3736"", ""translateY"": ""780"", ""type"": ""MATRIX""}",
796,40,PlaceObject2Tag,11,,true,"{""hasRotate"": ""false"", ""hasScale"": ""true"", ""nRotateBits"": ""0"", ""nScaleBits"": ""18"", ""nTranslateBits"": ""14"", ""scaleX"": ""0.051208496"", ""scaleY"": ""1.0"", ""translateX"": ""4138"", ""translateY"": ""780"", ""type"": ""MATRIX""}",
796,41,PlaceObject2Tag,9,,true,"{""hasRotate"": ""false"", ""hasScale"": ""true"", ""nRotateBits"": ""0"", ""nScaleBits"": ""18"", ""nTranslateBits"": ""12"", ""scaleX"": ""0.90512085"", ""scaleY"": ""1.0"", ""translateX"": ""519"", ""translateY"": ""1040"", ""type"": ""MATRIX""}",
796,42,PlaceObject2Tag,9,,true,"{""hasRotate"": ""false"", ""hasScale"": ""true"", ""nRotateBits"": ""0"", ""nScaleBits"": ""18"", ""nTranslateBits"": ""12"", ""scaleX"": ""0.8102417"", ""scaleY"": ""1.0"", ""translateX"": ""921"", ""translateY"": ""1040"", ""type"": ""MATRIX""}",
796,43,PlaceObject2Tag,9,,true,"{""hasRotate"": ""false"", ""hasScale"": ""true"", ""nRotateBits"": ""0"", ""nScaleBits"": ""18"", ""nTranslateBits"": ""12"", ""scaleX"": ""0.71536255"", ""scaleY"": ""1.0"", ""translateX"": ""1324"", ""translateY"": ""1040"", ""type"": ""MATRIX""}",
796,44,PlaceObject2Tag,9,,true,"{""hasRotate"": ""false"", ""hasScale"": ""true"", ""nRotateBits"": ""0"", ""nScaleBits"": ""18"", ""nTranslateBits"": ""12"", ""scaleX"": ""0.6204834"", ""scaleY"": ""1.0"", ""translateX"": ""1726"", ""translateY"": ""1040"", ""type"": ""MATRIX""}",
796,45,PlaceObject2Tag,9,,true,"{""hasRotate"": ""false"", ""hasScale"": ""true"", ""nRotateBits"": ""0"", ""nScaleBits"": ""18"", ""nTranslateBits"": ""13"", ""scaleX"": ""0.52560425"", ""scaleY"": ""1.0"", ""translateX"": ""2127"", ""translateY"": ""1040"", ""type"": ""MATRIX""}",
796,46,PlaceObject2Tag,9,,true,"{""hasRotate"": ""false"", ""hasScale"": ""true"", ""nRotateBits"": ""0"", ""nScaleBits"": ""18"", ""nTranslateBits"": ""13"", ""scaleX"": ""0.4307251"", ""scaleY"": ""1.0"", ""translateX"": ""2529"", ""translateY"": ""1040"", ""type"": ""MATRIX""}",
796,47,PlaceObject2Tag,9,,true,"{""hasRotate"": ""false"", ""hasScale"": ""true"", ""nRotateBits"": ""0"", ""nScaleBits"": ""18"", ""nTranslateBits"": ""13"", ""scaleX"": ""0.33584595"", ""scaleY"": ""1.0"", ""translateX"": ""2931"", ""translateY"": ""1040"", ""type"": ""MATRIX""}",
796,48,PlaceObject2Tag,9,,true,"{""hasRotate"": ""false"", ""hasScale"": ""true"", ""nRotateBits"": ""0"", ""nScaleBits"": ""18"", ""nTranslateBits"": ""13"", ""scaleX"": ""0.2409668"", ""scaleY"": ""1.0"", ""translateX"": ""3334"", ""translateY"": ""1040"", ""type"": ""MATRIX""}",
796,49,PlaceObject2Tag,9,,true,"{""hasRotate"": ""false"", ""hasScale"": ""true"", ""nRotateBits"": ""0"", ""nScaleBits"": ""18"", ""nTranslateBits"": ""13"", ""scaleX"": ""0.14608765"", ""scaleY"": ""1.0"", ""translateX"": ""3736"", ""translateY"": ""1040"", ""type"": ""MATRIX""}",
796,50,PlaceObject2Tag,9,,true,"{""hasRotate"": ""false"", ""hasScale"": ""true"", ""nRotateBits"": ""0"", ""nScaleBits"": ""18"", ""nTranslateBits"": ""14"", ""scaleX"": ""0.051208496"", ""scaleY"": ""1.0"", ""translateX"": ""4138"", ""translateY"": ""1040"", ""type"": ""MATRIX""}",
796,51,PlaceObject2Tag,7,,true,"{""hasRotate"": ""false"", ""hasScale"": ""true"", ""nRotateBits"": ""0"", ""nScaleBits"": ""18"", ""nTranslateBits"": ""12"", ""scaleX"": ""0.90512085"", ""scaleY"": ""1.0"", ""translateX"": ""519"", ""translateY"": ""1300"", ""type"": ""MATRIX""}",
796,52,PlaceObject2Tag,7,,true,"{""hasRotate"": ""false"", ""hasScale"": ""true"", ""nRotateBits"": ""0"", ""nScaleBits"": ""18"", ""nTranslateBits"": ""12"", ""scaleX"": ""0.8102417"", ""scaleY"": ""1.0"", ""translateX"": ""921"", ""translateY"": ""1300"", ""type"": ""MATRIX""}",
796,53,PlaceObject2Tag,7,,true,"{""hasRotate"": ""false"", ""hasScale"": ""true"", ""nRotateBits"": ""0"", ""nScaleBits"": ""18"", ""nTranslateBits"": ""12"", ""scaleX"": ""0.71536255"", ""scaleY"": ""1.0"", ""translateX"": ""1324"", ""translateY"": ""1300"", ""type"": ""MATRIX""}",
796,54,PlaceObject2Tag,7,,true,"{""hasRotate"": ""false"", ""hasScale"": ""true"", ""nRotateBits"": ""0"", ""nScaleBits"": ""18"", ""nTranslateBits"": ""12"", ""scaleX"": ""0.6204834"", ""scaleY"": ""1.0"", ""translateX"": ""1726"", ""translateY"": ""1300"", ""type"": ""MATRIX""}",
796,55,PlaceObject2Tag,7,,true,"{""hasRotate"": ""false"", ""hasScale"": ""true"", ""nRotateBits"": ""0"", ""nScaleBits"": ""18"", ""nTranslateBits"": ""13"", ""scaleX"": ""0.52560425"", ""scaleY"": ""1.0"", ""translateX"": ""2127"", ""translateY"": ""1300"", ""type"": ""MATRIX""}",
796,56,PlaceObject2Tag,7,,true,"{""hasRotate"": ""false"", ""hasScale"": ""true"", ""nRotateBits"": ""0"", ""nScaleBits"": ""18"", ""nTranslateBits"": ""13"", ""scaleX"": ""0.4307251"", ""scaleY"": ""1.0"", ""translateX"": ""2529"", ""translateY"": ""1300"", ""type"": ""MATRIX""}",
796,57,PlaceObject2Tag,7,,true,"{""hasRotate"": ""false"", ""hasScale"": ""true"", ""nRotateBits"": ""0"", ""nScaleBits"": ""18"", ""nTranslateBits"": ""13"", ""scaleX"": ""0.33584595"", ""scaleY"": ""1.0"", ""translateX"": ""2931"", ""translateY"": ""1300"", ""type"": ""MATRIX""}",
796,58,PlaceObject2Tag,7,,true,"{""hasRotate"": ""false"", ""hasScale"": ""true"", ""nRotateBits"": ""0"", ""nScaleBits"": ""18"", ""nTranslateBits"": ""13"", ""scaleX"": ""0.2409668"", ""scaleY"": ""1.0"", ""translateX"": ""3334"", ""translateY"": ""1300"", ""type"": ""MATRIX""}",
796,59,PlaceObject2Tag,7,,true,"{""hasRotate"": ""false"", ""hasScale"": ""true"", ""nRotateBits"": ""0"", ""nScaleBits"": ""18"", ""nTranslateBits"": ""13"", ""scaleX"": ""0.14608765"", ""scaleY"": ""1.0"", ""translateX"": ""3736"", ""translateY"": ""1300"", ""type"": ""MATRIX""}",
796,60,PlaceObject2Tag,7,,true,"{""hasRotate"": ""false"", ""hasScale"": ""true"", ""nRotateBits"": ""0"", ""nScaleBits"": ""18"", ""nTranslateBits"": ""14"", ""scaleX"": ""0.051208496"", ""scaleY"": ""1.0"", ""translateX"": ""4138"", ""translateY"": ""1300"", ""type"": ""MATRIX""}",
796,61,PlaceObject2Tag,5,,true,"{""hasRotate"": ""false"", ""hasScale"": ""true"", ""nRotateBits"": ""0"", ""nScaleBits"": ""18"", ""nTranslateBits"": ""12"", ""scaleX"": ""0.90512085"", ""scaleY"": ""1.0"", ""translateX"": ""519"", ""translateY"": ""1560"", ""type"": ""MATRIX""}",
796,62,PlaceObject2Tag,5,,true,"{""hasRotate"": ""false"", ""hasScale"": ""true"", ""nRotateBits"": ""0"", ""nScaleBits"": ""18"", ""nTranslateBits"": ""12"", ""scaleX"": ""0.8102417"", ""scaleY"": ""1.0"", ""translateX"": ""921"", ""translateY"": ""1560"", ""type"": ""MATRIX""}",
796,63,PlaceObject2Tag,5,,true,"{""hasRotate"": ""false"", ""hasScale"": ""true"", ""nRotateBits"": ""0"", ""nScaleBits"": ""18"", ""nTranslateBits"": ""12"", ""scaleX"": ""0.71536255"", ""scaleY"": ""1.0"", ""translateX"": ""1324"", ""translateY"": ""1560"", ""type"": ""MATRIX""}",
796,64,PlaceObject2Tag,5,,true,"{""hasRotate"": ""false"", ""hasScale"": ""true"", ""nRotateBits"": ""0"", ""nScaleBits"": ""18"", ""nTranslateBits"": ""12"", ""scaleX"": ""0.6204834"", ""scaleY"": ""1.0"", ""translateX"": ""1726"", ""translateY"": ""1560"", ""type"": ""MATRIX""}",
796,65,PlaceObject2Tag,5,,true,"{""hasRotate"": ""false"", ""hasScale"": ""true"", ""nRotateBits"": ""0"", ""nScaleBits"": ""18"", ""nTranslateBits"": ""13"", ""scaleX"": ""0.52560425"", ""scaleY"": ""1.0"", ""translateX"": ""2127"", ""translateY"": ""1560"", ""type"": ""MATRIX""}",
796,66,PlaceObject2Tag,5,,true,"{""hasRotate"": ""false"", ""hasScale"": ""true"", ""nRotateBits"": ""0"", ""nScaleBits"": ""18"", ""nTranslateBits"": ""13"", ""scaleX"": ""0.4307251"", ""scaleY"": ""1.0"", ""translateX"": ""2529"", ""translateY"": ""1560"", ""type"": ""MATRIX""}",
796,67,PlaceObject2Tag,5,,true,"{""hasRotate"": ""false"", ""hasScale"": ""true"", ""nRotateBits"": ""0"", ""nScaleBits"": ""18"", ""nTranslateBits"": ""13"", ""scaleX"": ""0.33584595"", ""scaleY"": ""1.0"", ""translateX"": ""2931"", ""translateY"": ""1560"", ""type"": ""MATRIX""}",
796,68,PlaceObject2Tag,5,,true,"{""hasRotate"": ""false"", ""hasScale"": ""true"", ""nRotateBits"": ""0"", ""nScaleBits"": ""18"", ""nTranslateBits"": ""13"", ""scaleX"": ""0.2409668"", ""scaleY"": ""1.0"", ""translateX"": ""3334"", ""translateY"": ""1560"", ""type"": ""MATRIX""}",
796,69,PlaceObject2Tag,5,,true,"{""hasRotate"": ""false"", ""hasScale"": ""true"", ""nRotateBits"": ""0"", ""nScaleBits"": ""18"", ""nTranslateBits"": ""13"", ""scaleX"": ""0.14608765"", ""scaleY"": ""1.0"", ""translateX"": ""3736"", ""translateY"": ""1560"", ""type"": ""MATRIX""}",
796,70,PlaceObject2Tag,5,,true,"{""hasRotate"": ""false"", ""hasScale"": ""true"", ""nRotateBits"": ""0"", ""nScaleBits"": ""18"", ""nTranslateBits"": ""14"", ""scaleX"": ""0.051208496"", ""scaleY"": ""1.0"", ""translateX"": ""4138"", ""translateY"": ""1560"", ""type"": ""MATRIX""}",
798,1,PlaceObject2Tag,1,319,false,"{""hasRotate"": ""false"", ""hasScale"": ""false"", ""nRotateBits"": ""0"", ""nScaleBits"": ""0"", ""nTranslateBits"": ""8"", ""translateX"": ""-100"", ""translateY"": ""0"", ""type"": ""MATRIX""}",
799,1,PlaceObject2Tag,1,331,false,"{""hasRotate"": ""false"", ""hasScale"": ""false"", ""nRotateBits"": ""0"", ""nScaleBits"": ""0"", ""nTranslateBits"": ""0"", ""translateX"": ""0"", ""translateY"": ""0"", ""type"": ""MATRIX""}",
799,1,PlaceObject3Tag,2,798,false,"{""hasRotate"": ""false"", ""hasScale"": ""false"", ""nRotateBits"": ""0"", ""nScaleBits"": ""0"", ""nTranslateBits"": ""8"", ""translateX"": ""100"", ""translateY"": ""0"", ""type"": ""MATRIX""}",
799,10,PlaceObject2Tag,2,,true,,
800,1,PlaceObject2Tag,1,797,false,"{""hasRotate"": ""false"", ""hasScale"": ""false"", ""nRotateBits"": ""0"", ""nScaleBits"": ""0"", ""nTranslateBits"": ""0"", ""translateX"": ""0"", ""translateY"": ""0"", ""type"": ""MATRIX""}",
800,1,PlaceObject2Tag,2,337,false,"{""hasRotate"": ""false"", ""hasScale"": ""false"", ""nRotateBits"": ""0"", ""nScaleBits"": ""0"", ""nTranslateBits"": ""11"", ""translateX"": ""0"", ""translateY"": ""540"", ""type"": ""MATRIX""}",
800,1,PlaceObject2Tag,5,799,false,"{""hasRotate"": ""false"", ""hasScale"": ""false"", ""nRotateBits"": ""0"", ""nScaleBits"": ""0"", ""nTranslateBits"": ""12"", ""translateX"": ""0"", ""translateY"": ""1100"", ""type"": ""MATRIX""}",credits_backtotitle_button
800,1,PlaceObject2Tag,8,149,false,"{""hasRotate"": ""false"", ""hasScale"": ""false"", ""nRotateBits"": ""0"", ""nScaleBits"": ""0"", ""nTranslateBits"": ""12"", ""translateX"": ""-1618"", ""translateY"": ""-261"", ""type"": ""MATRIX""}",
800,1,PlaceObject2Tag,9,149,false,"{""hasRotate"": ""false"", ""hasScale"": ""false"", ""nRotateBits"": ""0"", ""nScaleBits"": ""0"", ""nTranslateBits"": ""11"", ""translateX"": ""661"", ""translateY"": ""-261"", ""type"": ""MATRIX""}",finalScore
800,1,PlaceObject2Tag,10,319,false,"{""hasRotate"": ""false"", ""hasScale"": ""false"", ""nRotateBits"": ""0"", ""nScaleBits"": ""0"", ""nTranslateBits"": ""12"", ""translateX"": ""0"", ""translateY"": ""-1340"", ""type"": ""MATRIX""}",
801,1,PlaceObject2Tag,1,780,false,"{""hasRotate"": ""false"", ""hasScale"": ""false"", ""nRotateBits"": ""0"", ""nScaleBits"": ""0"", ""nTranslateBits"": ""11"", ""translateX"": ""-980"", ""translateY"": ""-660"", ""type"": ""MATRIX""}",
801,40,PlaceObject2Tag,57,787,false,"{""hasRotate"": ""false"", ""hasScale"": ""false"", ""nRotateBits"": ""0"", ""nScaleBits"": ""0"", ""nTranslateBits"": ""12"", ""translateX"": ""720"", ""translateY"": ""-1040"", ""type"": ""MATRIX""}",
801,310,PlaceObject2Tag,57,789,false,"{""hasRotate"": ""false"", ""hasScale"": ""false"", ""nRotateBits"": ""0"", ""nScaleBits"": ""0"", ""nTranslateBits"": ""12"", ""translateX"": ""-1441"", ""translateY"": ""-939"", ""type"": ""MATRIX""}",
801,425,PlaceObject2Tag,57,792,false,"{""hasRotate"": ""false"", ""hasScale"": ""false"", ""nRotateBits"": ""0"", ""nScaleBits"": ""0"", ""nTranslateBits"": ""12"", ""translateX"": ""580"", ""translateY"": ""-1040"", ""type"": ""MATRIX""}",
801,535,PlaceObject2Tag,57,794,false,"{""hasRotate"": ""false"", ""hasScale"": ""false"", ""nRotateBits"": ""0"", ""nScaleBits"": ""0"", ""nTranslateBits"": ""13"", ""translateX"": ""540"", ""translateY"": ""-2220"", ""type"": ""MATRIX""}",
801,645,PlaceObject2Tag,57,796,false,"{""hasRotate"": ""false"", ""hasScale"": ""false"", ""nRotateBits"": ""0"", ""nScaleBits"": ""0"", ""nTranslateBits"": ""11"", ""translateX"": ""700"", ""translateY"": ""-1020"", ""type"": ""MATRIX""}",
801,754,PlaceObject2Tag,57,800,false,"{""hasRotate"": ""false"", ""hasScale"": ""false"", ""nRotateBits"": ""0"", ""nScaleBits"": ""0"", ""nTranslateBits"": ""14"", ""translateX"": ""1420"", ""translateY"": ""-4980"", ""type"": ""MATRIX""}",
801,755,PlaceObject2Tag,57,,true,"{""hasRotate"": ""false"", ""hasScale"": ""false"", ""nRotateBits"": ""0"", ""nScaleBits"": ""0"", ""nTranslateBits"": ""14"", ""translateX"": ""1420"", ""translateY"": ""-4278"", ""type"": ""MATRIX""}",
801,756,PlaceObject2Tag,57,,true,"{""hasRotate"": ""false"", ""hasScale"": ""false"", ""nRotateBits"": ""0"", ""nScaleBits"": ""0"", ""nTranslateBits"": ""13"", ""translateX"": ""1420"", ""translateY"": ""-3621"", ""type"": ""MATRIX""}",
801,757,PlaceObject2Tag,57,,true,"{""hasRotate"": ""false"", ""hasScale"": ""false"", ""nRotateBits"": ""0"", ""nScaleBits"": ""0"", ""nTranslateBits"": ""13"", ""translateX"": ""1420"", ""translateY"": ""-3009"", ""type"": ""MATRIX""}",
801,758,PlaceObject2Tag,57,,true,"{""hasRotate"": ""false"", ""hasScale"": ""false"", ""nRotateBits"": ""0"", ""nScaleBits"": ""0"", ""nTranslateBits"": ""13"", ""translateX"": ""1420"", ""translateY"": ""-2443"", ""type"": ""MATRIX""}",
801,759,PlaceObject2Tag,57,,true,"{""hasRotate"": ""false"", ""hasScale"": ""false"", ""nRotateBits"": ""0"", ""nScaleBits"": ""0"", ""nTranslateBits"": ""12"", ""translateX"": ""1420"", ""translateY"": ""-1921"", ""type"": ""MATRIX""}",
801,760,PlaceObject2Tag,57,,true,"{""hasRotate"": ""false"", ""hasScale"": ""false"", ""nRotateBits"": ""0"", ""nScaleBits"": ""0"", ""nTranslateBits"": ""12"", ""translateX"": ""1420"", ""translateY"": ""-1446"", ""type"": ""MATRIX""}",
801,761,PlaceObject2Tag,57,,true,"{""hasRotate"": ""false"", ""hasScale"": ""false"", ""nRotateBits"": ""0"", ""nScaleBits"": ""0"", ""nTranslateBits"": ""12"", ""translateX"": ""1420"", ""translateY"": ""-1015"", ""type"": ""MATRIX""}",
801,762,PlaceObject2Tag,57,,true,"{""hasRotate"": ""false"", ""hasScale"": ""false"", ""nRotateBits"": ""0"", ""nScaleBits"": ""0"", ""nTranslateBits"": ""12"", ""translateX"": ""1420"", ""translateY"": ""-630"", ""type"": ""MATRIX""}",
801,763,PlaceObject2Tag,57,,true,"{""hasRotate"": ""false"", ""hasScale"": ""false"", ""nRotateBits"": ""0"", ""nScaleBits"": ""0"", ""nTranslateBits"": ""12"", ""translateX"": ""1420"", ""translateY"": ""-290"", ""type"": ""MATRIX""}",
801,764,PlaceObject2Tag,57,,true,"{""hasRotate"": ""false"", ""hasScale"": ""false"", ""nRotateBits"": ""0"", ""nScaleBits"": ""0"", ""nTranslateBits"": ""12"", ""translateX"": ""1420"", ""translateY"": ""4"", ""type"": ""MATRIX""}",
801,765,PlaceObject2Tag,57,,true,"{""hasRotate"": ""false"", ""hasScale"": ""false"", ""nRotateBits"": ""0"", ""nScaleBits"": ""0"", ""nTranslateBits"": ""12"", ""translateX"": ""1420"", ""translateY"": ""254"", ""type"": ""MATRIX""}",
801,766,PlaceObject2Tag,57,,true,"{""hasRotate"": ""false"", ""hasScale"": ""false"", ""nRotateBits"": ""0"", ""nScaleBits"": ""0"", ""nTranslateBits"": ""12"", ""translateX"": ""1420"", ""translateY"": ""458"", ""type"": ""MATRIX""}",
801,767,PlaceObject2Tag,57,,true,"{""hasRotate"": ""false"", ""hasScale"": ""false"", ""nRotateBits"": ""0"", ""nScaleBits"": ""0"", ""nTranslateBits"": ""12"", ""translateX"": ""1420"", ""translateY"": ""616"", ""type"": ""MATRIX""}",
801,768,PlaceObject2Tag,57,,true,"{""hasRotate"": ""false"", ""hasScale"": ""false"", ""nRotateBits"": ""0"", ""nScaleBits"": ""0"", ""nTranslateBits"": ""12"", ""translateX"": ""1420"", ""translateY"": ""729"", ""type"": ""MATRIX""}",
801,769,PlaceObject2Tag,57,,true,"{""hasRotate"": ""false"", ""hasScale"": ""false"", ""nRotateBits"": ""0"", ""nScaleBits"": ""0"", ""nTranslateBits"": ""12"", ""translateX"": ""1420"", ""translateY"": ""797"", ""type"": ""MATRIX""}",
801,770,PlaceObject2Tag,57,,true,"{""hasRotate"": ""false"", ""hasScale"": ""false"", ""nRotateBits"": ""0"", ""nScaleBits"": ""0"", ""nTranslateBits"": ""12"", ""translateX"": ""1420"", ""translateY"": ""820"", ""type"": ""MATRIX""}",
802,1,PlaceObject2Tag,1,187,false,"{""hasRotate"": ""false"", ""hasScale"": ""false"", ""nRotateBits"": ""0"", ""nScaleBits"": ""0"", ""nTranslateBits"": ""0"", ""translateX"": ""0"", ""translateY"": ""0"", ""type"": ""MATRIX""}",bg
802,1,PlaceObject2Tag,32,801,false,"{""hasRotate"": ""false"", ""hasScale"": ""false"", ""nRotateBits"": ""0"", ""nScaleBits"": ""0"", ""nTranslateBits"": ""14"", ""translateX"": ""4200"", ""translateY"": ""2800"", ""type"": ""MATRIX""}",
802,1,PlaceObject2Tag,90,190,false,"{""hasRotate"": ""false"", ""hasScale"": ""false"", ""nRotateBits"": ""0"", ""nScaleBits"": ""0"", ""nTranslateBits"": ""14"", ""translateX"": ""0"", ""translateY"": ""7240"", ""type"": ""MATRIX""}",water
803,1,PlaceObject2Tag,1,319,false,"{""hasRotate"": ""false"", ""hasScale"": ""false"", ""nRotateBits"": ""0"", ""nScaleBits"": ""0"", ""nTranslateBits"": ""0"", ""translateX"": ""0"", ""translateY"": ""0"", ""type"": ""MATRIX""}",
804,1,PlaceObject2Tag,1,587,false,"{""hasRotate"": ""false"", ""hasScale"": ""false"", ""nRotateBits"": ""0"", ""nScaleBits"": ""0"", ""nTranslateBits"": ""0"", ""translateX"": ""0"", ""translateY"": ""0"", ""type"": ""MATRIX""}",
804,1,PlaceObject3Tag,2,803,false,"{""hasRotate"": ""false"", ""hasScale"": ""false"", ""nRotateBits"": ""0"", ""nScaleBits"": ""0"", ""nTranslateBits"": ""0"", ""translateX"": ""0"", ""translateY"": ""0"", ""type"": ""MATRIX""}",
804,19,PlaceObject2Tag,2,,true,,
805,1,PlaceObject2Tag,1,319,false,"{""hasRotate"": ""false"", ""hasScale"": ""false"", ""nRotateBits"": ""0"", ""nScaleBits"": ""0"", ""nTranslateBits"": ""0"", ""translateX"": ""0"", ""translateY"": ""0"", ""type"": ""MATRIX""}",
806,1,PlaceObject2Tag,1,587,false,"{""hasRotate"": ""false"", ""hasScale"": ""false"", ""nRotateBits"": ""0"", ""nScaleBits"": ""0"", ""nTranslateBits"": ""0"", ""translateX"": ""0"", ""translateY"": ""0"", ""type"": ""MATRIX""}",
806,1,PlaceObject3Tag,2,805,false,"{""hasRotate"": ""false"", ""hasScale"": ""false"", ""nRotateBits"": ""0"", ""nScaleBits"": ""0"", ""nTranslateBits"": ""8"", ""translateX"": ""100"", ""translateY"": ""0"", ""type"": ""MATRIX""}",
806,10,PlaceObject2Tag,2,,true,,
808,1,PlaceObject2Tag,1,319,false,"{""hasRotate"": ""false"", ""hasScale"": ""true"", ""nRotateBits"": ""0"", ""nScaleBits"": ""18"", ""nTranslateBits"": ""0"", ""scaleX"": ""0.21003723"", ""scaleY"": ""1.6428528"", ""translateX"": ""0"", ""translateY"": ""0"", ""type"": ""MATRIX""}",letter
809,1,PlaceObject2Tag,1,807,false,"{""hasRotate"": ""false"", ""hasScale"": ""false"", ""nRotateBits"": ""0"", ""nScaleBits"": ""0"", ""nTranslateBits"": ""0"", ""translateX"": ""0"", ""translateY"": ""0"", ""type"": ""MATRIX""}",
809,1,PlaceObject2Tag,2,808,false,"{""hasRotate"": ""false"", ""hasScale"": ""false"", ""nRotateBits"": ""0"", ""nScaleBits"": ""0"", ""nTranslateBits"": ""0"", ""translateX"": ""0"", ""translateY"": ""0"", ""type"": ""MATRIX""}",letter_holder
809,5,PlaceObject3Tag,2,,true,,
812,1,PlaceObject2Tag,1,319,false,"{""hasRotate"": ""false"", ""hasScale"": ""false"", ""nRotateBits"": ""0"", ""nScaleBits"": ""0"", ""nTranslateBits"": ""0"", ""translateX"": ""0"", ""translateY"": ""0"", ""type"": ""MATRIX""}",
813,2,PlaceObject2Tag,1,811,false,"{""hasRotate"": ""false"", ""hasScale"": ""true"", ""nRotateBits"": ""0"", ""nScaleBits"": ""23"", ""nTranslateBits"": ""13"", ""scaleX"": ""4.374466"", ""scaleY"": ""35.756546"", ""translateX"": ""1226"", ""translateY"": ""-3216"", ""type"": ""MATRIX""}",
813,2,PlaceObject3Tag,2,812,false,"{""hasRotate"": ""false"", ""hasScale"": ""true"", ""nRotateBits"": ""0"", ""nScaleBits"": ""18"", ""nTranslateBits"": ""10"", ""scaleX"": ""0.9998779"", ""scaleY"": ""1.0001831"", ""translateX"": ""1"", ""translateY"": ""-400"", ""type"": ""MATRIX""}",
813,3,PlaceObject2Tag,1,,true,,
813,3,PlaceObject2Tag,2,,true,,
813,4,PlaceObject2Tag,1,,true,,
813,4,PlaceObject2Tag,2,,true,,
813,5,PlaceObject2Tag,1,,true,,
813,5,PlaceObject2Tag,2,,true,,
813,6,PlaceObject2Tag,1,,true,,
813,6,PlaceObject2Tag,2,,true,,
813,7,PlaceObject2Tag,1,,true,,
813,7,PlaceObject2Tag,2,,true,,
813,8,PlaceObject2Tag,1,,true,,
813,8,PlaceObject2Tag,2,,true,,
813,9,PlaceObject2Tag,1,,true,,
813,9,PlaceObject2Tag,2,,true,,
813,10,PlaceObject2Tag,1,,true,,
813,10,PlaceObject2Tag,2,,true,,
813,11,PlaceObject2Tag,1,,true,,
813,11,PlaceObject2Tag,2,,true,,
813,12,PlaceObject2Tag,1,,true,,
813,12,PlaceObject2Tag,2,,true,,
813,13,PlaceObject2Tag,1,,true,,
813,13,PlaceObject2Tag,2,,true,,
813,14,PlaceObject2Tag,1,,true,,
813,14,PlaceObject2Tag,2,,true,,
813,15,PlaceObject2Tag,1,,true,,
813,15,PlaceObject2Tag,2,,true,,
818,1,PlaceObject2Tag,1,810,false,"{""hasRotate"": ""false"", ""hasScale"": ""false"", ""nRotateBits"": ""0"", ""nScaleBits"": ""0"", ""nTranslateBits"": ""0"", ""translateX"": ""0"", ""translateY"": ""0"", ""type"": ""MATRIX""}",
818,1,PlaceObject2Tag,2,804,false,"{""hasRotate"": ""false"", ""hasScale"": ""false"", ""nRotateBits"": ""0"", ""nScaleBits"": ""0"", ""nTranslateBits"": ""12"", ""translateX"": ""0"", ""translateY"": ""1530"", ""type"": ""MATRIX""}",submit_button
818,1,PlaceObject2Tag,5,806,false,"{""hasRotate"": ""false"", ""hasScale"": ""false"", ""nRotateBits"": ""0"", ""nScaleBits"": ""0"", ""nTranslateBits"": ""13"", ""translateX"": ""0"", ""translateY"": ""2060"", ""type"": ""MATRIX""}",clear_button
818,1,PlaceObject2Tag,8,149,false,"{""hasRotate"": ""false"", ""hasScale"": ""false"", ""nRotateBits"": ""0"", ""nScaleBits"": ""0"", ""nTranslateBits"": ""13"", ""translateX"": ""0"", ""translateY"": ""-2194"", ""type"": ""MATRIX""}",score_text
818,1,PlaceObject2Tag,9,149,false,"{""hasRotate"": ""false"", ""hasScale"": ""false"", ""nRotateBits"": ""0"", ""nScaleBits"": ""0"", ""nTranslateBits"": ""11"", ""translateX"": ""0"", ""translateY"": ""880"", ""type"": ""MATRIX""}",name_text
818,1,PlaceObject2Tag,10,809,false,"{""hasRotate"": ""false"", ""hasScale"": ""false"", ""nRotateBits"": ""0"", ""nScaleBits"": ""0"", ""nTranslateBits"": ""13"", ""translateX"": ""-3800"", ""translateY"": ""-1560"", ""type"": ""MATRIX""}",A
818,1,PlaceObject2Tag,13,809,false,"{""hasRotate"": ""false"", ""hasScale"": ""false"", ""nRotateBits"": ""0"", ""nScaleBits"": ""0"", ""nTranslateBits"": ""13"", ""translateX"": ""-2960"", ""translateY"": ""-1560"", ""type"": ""MATRIX""}",B
818,1,PlaceObject2Tag,16,809,false,"{""hasRotate"": ""false"", ""hasScale"": ""false"", ""nRotateBits"": ""0"", ""nScaleBits"": ""0"", ""nTranslateBits"": ""13"", ""translateX"": ""-2120"", ""translateY"": ""-1560"", ""type"": ""MATRIX""}",C
818,1,PlaceObject2Tag,19,809,false,"{""hasRotate"": ""false"", ""hasScale"": ""false"", ""nRotateBits"": ""0"", ""nScaleBits"": ""0"", ""nTranslateBits"": ""12"", ""translateX"": ""-1280"", ""translateY"": ""-1560"", ""type"": ""MATRIX""}",D
818,1,PlaceObject2Tag,22,809,false,"{""hasRotate"": ""false"", ""hasScale"": ""false"", ""nRotateBits"": ""0"", ""nScaleBits"": ""0"", ""nTranslateBits"": ""12"", ""translateX"": ""-440"", ""translateY"": ""-1560"", ""type"": ""MATRIX""}",E
818,1,PlaceObject2Tag,25,809,false,"{""hasRotate"": ""false"", ""hasScale"": ""false"", ""nRotateBits"": ""0"", ""nScaleBits"": ""0"", ""nTranslateBits"": ""12"", ""translateX"": ""400"", ""translateY"": ""-1560"", ""type"": ""MATRIX""}",F
818,1,PlaceObject2Tag,28,809,false,"{""hasRotate"": ""false"", ""hasScale"": ""false"", ""nRotateBits"": ""0"", ""nScaleBits"": ""0"", ""nTranslateBits"": ""12"", ""translateX"": ""1240"", ""translateY"": ""-1560"", ""type"": ""MATRIX""}",G
818,1,PlaceObject2Tag,31,809,false,"{""hasRotate"": ""false"", ""hasScale"": ""false"", ""nRotateBits"": ""0"", ""nScaleBits"": ""0"", ""nTranslateBits"": ""13"", ""translateX"": ""2080"", ""translateY"": ""-1560"", ""type"": ""MATRIX""}",H
818,1,PlaceObject2Tag,34,809,false,"{""hasRotate"": ""false"", ""hasScale"": ""false"", ""nRotateBits"": ""0"", ""nScaleBits"": ""0"", ""nTranslateBits"": ""13"", ""translateX"": ""2920"", ""translateY"": ""-1560"", ""type"": ""MATRIX""}",I
818,1,PlaceObject2Tag,37,809,false,"{""hasRotate"": ""false"", ""hasScale"": ""false"", ""nRotateBits"": ""0"", ""nScaleBits"": ""0"", ""nTranslateBits"": ""13"", ""translateX"": ""3760"", ""translateY"": ""-1560"", ""type"": ""MATRIX""}",J
818,1,PlaceObject2Tag,40,809,false,"{""hasRotate"": ""false"", ""hasScale"": ""false"", ""nRotateBits"": ""0"", ""nScaleBits"": ""0"", ""nTranslateBits"": ""13"", ""translateX"": ""-3800"", ""translateY"": ""-900"", ""type"": ""MATRIX""}",K
818,1,PlaceObject2Tag,43,809,false,"{""hasRotate"": ""false"", ""hasScale"": ""false"", ""nRotateBits"": ""0"", ""nScaleBits"": ""0"", ""nTranslateBits"": ""13"", ""translateX"": ""-2960"", ""translateY"": ""-900"", ""type"": ""MATRIX""}",L
818,1,PlaceObject2Tag,46,809,false,"{""hasRotate"": ""false"", ""hasScale"": ""false"", ""nRotateBits"": ""0"", ""nScaleBits"": ""0"", ""nTranslateBits"": ""13"", ""translateX"": ""-2120"", ""translateY"": ""-900"", ""type"": ""MATRIX""}",M
818,1,PlaceObject2Tag,49,809,false,"{""hasRotate"": ""false"", ""hasScale"": ""false"", ""nRotateBits"": ""0"", ""nScaleBits"": ""0"", ""nTranslateBits"": ""12"", ""translateX"": ""-1280"", ""translateY"": ""-900"", ""type"": ""MATRIX""}",N
818,1,PlaceObject2Tag,52,809,false,"{""hasRotate"": ""false"", ""hasScale"": ""false"", ""nRotateBits"": ""0"", ""nScaleBits"": ""0"", ""nTranslateBits"": ""11"", ""translateX"": ""-440"", ""translateY"": ""-900"", ""type"": ""MATRIX""}",O
818,1,PlaceObject2Tag,55,809,false,"{""hasRotate"": ""false"", ""hasScale"": ""false"", ""nRotateBits"": ""0"", ""nScaleBits"": ""0"", ""nTranslateBits"": ""11"", ""translateX"": ""400"", ""translateY"": ""-900"", ""type"": ""MATRIX""}",P
818,1,PlaceObject2Tag,58,809,false,"{""hasRotate"": ""false"", ""hasScale"": ""false"", ""nRotateBits"": ""0"", ""nScaleBits"": ""0"", ""nTranslateBits"": ""12"", ""translateX"": ""1240"", ""translateY"": ""-900"", ""type"": ""MATRIX""}",Q
818,1,PlaceObject2Tag,61,809,false,"{""hasRotate"": ""false"", ""hasScale"": ""false"", ""nRotateBits"": ""0"", ""nScaleBits"": ""0"", ""nTranslateBits"": ""13"", ""translateX"": ""2080"", ""translateY"": ""-900"", ""type"": ""MATRIX""}",R
818,1,PlaceObject2Tag,64,809,false,"{""hasRotate"": ""false"", ""hasScale"": ""false"", ""nRotateBits"": ""0"", ""nScaleBits"": ""0"", ""nTranslateBits"": ""13"", ""translateX"": ""2920"", ""translateY"": ""-900"", ""type"": ""MATRIX""}",S
818,1,PlaceObject2Tag,67,809,false,"{""hasRotate"": ""false"", ""hasScale"": ""false"", ""nRotateBits"": ""0"", ""nScaleBits"": ""0"", ""nTranslateBits"": ""13"", ""translateX"": ""3760"", ""translateY"": ""-900"", ""type"": ""MATRIX""}",T
818,1,PlaceObject2Tag,70,809,false,"{""hasRotate"": ""false"", ""hasScale"": ""false"", ""nRotateBits"": ""0"", ""nScaleBits"": ""0"", ""nTranslateBits"": ""13"", ""translateX"": ""-2120"", ""translateY"": ""-240"", ""type"": ""MATRIX""}",U
818,1,PlaceObject2Tag,73,809,false,"{""hasRotate"": ""false"", ""hasScale"": ""false"", ""nRotateBits"": ""0"", ""nScaleBits"": ""0"", ""nTranslateBits"": ""12"", ""translateX"": ""-1280"", ""translateY"": ""-240"", ""type"": ""MATRIX""}",V
818,1,PlaceObject2Tag,76,809,false,"{""hasRotate"": ""false"", ""hasScale"": ""false"", ""nRotateBits"": ""0"", ""nScaleBits"": ""0"", ""nTranslateBits"": ""10"", ""translateX"": ""-440"", ""translateY"": ""-240"", ""type"": ""MATRIX""}",W
818,1,PlaceObject2Tag,79,809,false,"{""hasRotate"": ""false"", ""hasScale"": ""false"", ""nRotateBits"": ""0"", ""nScaleBits"": ""0"", ""nTranslateBits"": ""10"", ""translateX"": ""400"", ""translateY"": ""-240"", ""type"": ""MATRIX""}",X
818,1,PlaceObject2Tag,82,809,false,"{""hasRotate"": ""false"", ""hasScale"": ""false"", ""nRotateBits"": ""0"", ""nScaleBits"": ""0"", ""nTranslateBits"": ""12"", ""translateX"": ""1240"", ""translateY"": ""-240"", ""type"": ""MATRIX""}",Y
818,1,PlaceObject2Tag,85,809,false,"{""hasRotate"": ""false"", ""hasScale"": ""false"", ""nRotateBits"": ""0"", ""nScaleBits"": ""0"", ""nTranslateBits"": ""13"", ""translateX"": ""2080"", ""translateY"": ""-240"", ""type"": ""MATRIX""}",Z
818,1,PlaceObject2Tag,88,813,false,"{""hasRotate"": ""false"", ""hasScale"": ""false"", ""nRotateBits"": ""0"", ""nScaleBits"": ""0"", ""nTranslateBits"": ""7"", ""translateX"": ""0"", ""translateY"": ""-60"", ""type"": ""MATRIX""}",loading_clip
818,10,PlaceObject2Tag,1,815,true,"{""hasRotate"": ""false"", ""hasScale"": ""false"", ""nRotateBits"": ""0"", ""nScaleBits"": ""0"", ""nTranslateBits"": ""11"", ""translateX"": ""-990"", ""translateY"": ""-740"", ""type"": ""MATRIX""}",
818,10,PlaceObject2Tag,2,149,false,"{""hasRotate"": ""false"", ""hasScale"": ""false"", ""nRotateBits"": ""0"", ""nScaleBits"": ""0"", ""nTranslateBits"": ""12"", ""translateX"": ""0"", ""translateY"": ""-1700"", ""type"": ""MATRIX""}",
818,10,PlaceObject2Tag,3,149,false,"{""hasRotate"": ""false"", ""hasScale"": ""false"", ""nRotateBits"": ""0"", ""nScaleBits"": ""0"", ""nTranslateBits"": ""12"", ""translateX"": ""0"", ""translateY"": ""1500"", ""type"": ""MATRIX""}",
818,10,PlaceObject2Tag,4,817,false,"{""hasRotate"": ""false"", ""hasScale"": ""true"", ""nRotateBits"": ""0"", ""nScaleBits"": ""17"", ""nTranslateBits"": ""9"", ""scaleX"": ""0.64660645"", ""scaleY"": ""0.52731323"", ""translateX"": ""-206"", ""translateY"": ""25"", ""type"": ""MATRIX""}",
820,1,PlaceObject2Tag,1,319,false,"{""hasRotate"": ""false"", ""hasScale"": ""false"", ""nRotateBits"": ""0"", ""nScaleBits"": ""0"", ""nTranslateBits"": ""0"", ""translateX"": ""0"", ""translateY"": ""0"", ""type"": ""MATRIX""}",
821,1,PlaceObject2Tag,1,819,false,"{""hasRotate"": ""false"", ""hasScale"": ""false"", ""nRotateBits"": ""0"", ""nScaleBits"": ""0"", ""nTranslateBits"": ""0"", ""translateX"": ""0"", ""translateY"": ""0"", ""type"": ""MATRIX""}",
821,1,PlaceObject3Tag,2,820,false,"{""hasRotate"": ""false"", ""hasScale"": ""false"", ""nRotateBits"": ""0"", ""nScaleBits"": ""0"", ""nTranslateBits"": ""0"", ""translateX"": ""0"", ""translateY"": ""0"", ""type"": ""MATRIX""}",
821,10,PlaceObject2Tag,2,,true,,
822,1,PlaceObject2Tag,1,319,false,"{""hasRotate"": ""false"", ""hasScale"": ""false"", ""nRotateBits"": ""0"", ""nScaleBits"": ""0"", ""nTranslateBits"": ""0"", ""translateX"": ""0"", ""translateY"": ""0"", ""type"": ""MATRIX""}",
823,1,PlaceObject2Tag,1,819,false,"{""hasRotate"": ""false"", ""hasScale"": ""false"", ""nRotateBits"": ""0"", ""nScaleBits"": ""0"", ""nTranslateBits"": ""0"", ""translateX"": ""0"", ""translateY"": ""0"", ""type"": ""MATRIX""}",
823,1,PlaceObject3Tag,2,822,false,"{""hasRotate"": ""false"", ""hasScale"": ""false"", ""nRotateBits"": ""0"", ""nScaleBits"": ""0"", ""nTranslateBits"": ""0"", ""translateX"": ""0"", ""translateY"": ""0"", ""type"": ""MATRIX""}",
823,10,PlaceObject2Tag,2,,true,,
824,1,PlaceObject2Tag,1,149,false,"{""hasRotate"": ""false"", ""hasScale"": ""false"", ""nRotateBits"": ""0"", ""nScaleBits"": ""0"", ""nTranslateBits"": ""0"", ""translateX"": ""0"", ""translateY"": ""0"", ""type"": ""MATRIX""}",rank_text
824,1,PlaceObject2Tag,2,149,false,"{""hasRotate"": ""false"", ""hasScale"": ""false"", ""nRotateBits"": ""0"", ""nScaleBits"": ""0"", ""nTranslateBits"": ""13"", ""translateX"": ""2800"", ""translateY"": ""0"", ""type"": ""MATRIX""}",score_text
824,1,PlaceObject2Tag,3,149,false,"{""hasRotate"": ""false"", ""hasScale"": ""false"", ""nRotateBits"": ""0"", ""nScaleBits"": ""0"", ""nTranslateBits"": ""14"", ""translateX"": ""5600"", ""translateY"": ""0"", ""type"": ""MATRIX""}",name_text
826,1,PlaceObject2Tag,1,319,false,"{""hasRotate"": ""false"", ""hasScale"": ""false"", ""nRotateBits"": ""0"", ""nScaleBits"": ""0"", ""nTranslateBits"": ""0"", ""translateX"": ""0"", ""translateY"": ""0"", ""type"": ""MATRIX""}",
827,1,PlaceObject2Tag,1,811,false,"{""hasRotate"": ""false"", ""hasScale"": ""true"", ""nRotateBits"": ""0"", ""nScaleBits"": ""23"", ""nTranslateBits"": ""13"", ""scaleX"": ""4.375"", ""scaleY"": ""38.125"", ""translateX"": ""1225"", ""translateY"": ""-3225"", ""type"": ""MATRIX""}",
827,1,PlaceObject3Tag,2,826,false,"{""hasRotate"": ""false"", ""hasScale"": ""false"", ""nRotateBits"": ""0"", ""nScaleBits"": ""0"", ""nTranslateBits"": ""0"", ""translateX"": ""0"", ""translateY"": ""0"", ""type"": ""MATRIX""}",
828,1,PlaceObject2Tag,10,825,false,"{""hasRotate"": ""false"", ""hasScale"": ""false"", ""nRotateBits"": ""0"", ""nScaleBits"": ""0"", ""nTranslateBits"": ""0"", ""translateX"": ""0"", ""translateY"": ""0"", ""type"": ""MATRIX""}",
828,1,PlaceObject2Tag,11,821,false,"{""hasRotate"": ""false"", ""hasScale"": ""false"", ""nRotateBits"": ""0"", ""nScaleBits"": ""0"", ""nTranslateBits"": ""14"", ""translateX"": ""6840"", ""translateY"": ""5440"", ""type"": ""MATRIX""}",next_arrow
828,1,PlaceObject2Tag,14,823,false,"{""hasRotate"": ""false"", ""hasScale"": ""false"", ""nRotateBits"": ""0"", ""nScaleBits"": ""0"", ""nTranslateBits"": ""14"", ""translateX"": ""1220"", ""translateY"": ""5440"", ""type"": ""MATRIX""}",prev_arrow
828,1,PlaceObject2Tag,17,824,false,"{""hasRotate"": ""false"", ""hasScale"": ""true"", ""nRotateBits"": ""0"", ""nScaleBits"": ""18"", ""nTranslateBits"": ""10"", ""scaleX"": ""1.0"", ""scaleY"": ""1.0002289"", ""translateX"": ""400"", ""translateY"": ""160"", ""type"": ""MATRIX""}",score_line_1
828,1,PlaceObject2Tag,21,824,false,"{""hasRotate"": ""false"", ""hasScale"": ""true"", ""nRotateBits"": ""0"", ""nScaleBits"": ""18"", ""nTranslateBits"": ""11"", ""scaleX"": ""1.0"", ""scaleY"": ""1.0002289"", ""translateX"": ""400"", ""translateY"": ""680"", ""type"": ""MATRIX""}",score_line_2
828,1,PlaceObject2Tag,25,824,false,"{""hasRotate"": ""false"", ""hasScale"": ""true"", ""nRotateBits"": ""0"", ""nScaleBits"": ""18"", ""nTranslateBits"": ""12"", ""scaleX"": ""1.0"", ""scaleY"": ""1.0002289"", ""translateX"": ""400"", ""translateY"": ""1200"", ""type"": ""MATRIX""}",score_line_3
828,1,PlaceObject2Tag,29,824,false,"{""hasRotate"": ""false"", ""hasScale"": ""true"", ""nRotateBits"": ""0"", ""nScaleBits"": ""18"", ""nTranslateBits"": ""12"", ""scaleX"": ""1.0"", ""scaleY"": ""1.0002289"", ""translateX"": ""400"", ""translateY"": ""1720"", ""type"": ""MATRIX""}",score_line_4
828,1,PlaceObject2Tag,33,824,false,"{""hasRotate"": ""false"", ""hasScale"": ""true"", ""nRotateBits"": ""0"", ""nScaleBits"": ""18"", ""nTranslateBits"": ""13"", ""scaleX"": ""1.0"", ""scaleY"": ""1.0002289"", ""translateX"": ""400"", ""translateY"": ""2240"", ""type"": ""MATRIX""}",score_line_5
828,1,PlaceObject2Tag,37,824,false,"{""hasRotate"": ""false"", ""hasScale"": ""true"", ""nRotateBits"": ""0"", ""nScaleBits"": ""18"", ""nTranslateBits"": ""13"", ""scaleX"": ""1.0"", ""scaleY"": ""1.0002289"", ""translateX"": ""400"", ""translateY"": ""2760"", ""type"": ""MATRIX""}",score_line_6
828,1,PlaceObject2Tag,41,824,false,"{""hasRotate"": ""false"", ""hasScale"": ""true"", ""nRotateBits"": ""0"", ""nScaleBits"": ""18"", ""nTranslateBits"": ""13"", ""scaleX"": ""1.0"", ""scaleY"": ""1.0002289"", ""translateX"": ""400"", ""translateY"": ""3280"", ""type"": ""MATRIX""}",score_line_7
828,1,PlaceObject2Tag,45,824,false,"{""hasRotate"": ""false"", ""hasScale"": ""true"", ""nRotateBits"": ""0"", ""nScaleBits"": ""18"", ""nTranslateBits"": ""13"", ""scaleX"": ""1.0"", ""scaleY"": ""1.0002289"", ""translateX"": ""400"", ""translateY"": ""3800"", ""type"": ""MATRIX""}",score_line_8
828,1,PlaceObject2Tag,49,824,false,"{""hasRotate"": ""false"", ""hasScale"": ""true"", ""nRotateBits"": ""0"", ""nScaleBits"": ""18"", ""nTranslateBits"": ""14"", ""scaleX"": ""1.0"", ""scaleY"": ""1.0002289"", ""translateX"": ""400"", ""translateY"": ""4320"", ""type"": ""MATRIX""}",score_line_9
828,1,PlaceObject2Tag,53,824,false,"{""hasRotate"": ""false"", ""hasScale"": ""true"", ""nRotateBits"": ""0"", ""nScaleBits"": ""18"", ""nTranslateBits"": ""14"", ""scaleX"": ""1.0"", ""scaleY"": ""1.0002289"", ""translateX"": ""400"", ""translateY"": ""4840"", ""type"": ""MATRIX""}",score_line_10
828,1,PlaceObject2Tag,57,811,false,"{""hasRotate"": ""false"", ""hasScale"": ""true"", ""nRotateBits"": ""0"", ""nScaleBits"": ""19"", ""nTranslateBits"": ""14"", ""scaleX"": ""3.8541718"", ""scaleY"": ""1.875"", ""translateX"": ""5059"", ""translateY"": ""82"", ""type"": ""MATRIX""}",
828,1,PlaceObject2Tag,58,811,false,"{""hasRotate"": ""false"", ""hasScale"": ""true"", ""nRotateBits"": ""0"", ""nScaleBits"": ""19"", ""nTranslateBits"": ""14"", ""scaleX"": ""3.8541718"", ""scaleY"": ""1.875"", ""translateX"": ""5059"", ""translateY"": ""602"", ""type"": ""MATRIX""}",
828,1,PlaceObject2Tag,59,811,false,"{""hasRotate"": ""false"", ""hasScale"": ""true"", ""nRotateBits"": ""0"", ""nScaleBits"": ""19"", ""nTranslateBits"": ""14"", ""scaleX"": ""3.8541718"", ""scaleY"": ""1.875"", ""translateX"": ""5059"", ""translateY"": ""1122"", ""type"": ""MATRIX""}",
828,1,PlaceObject2Tag,60,811,false,"{""hasRotate"": ""false"", ""hasScale"": ""true"", ""nRotateBits"": ""0"", ""nScaleBits"": ""19"", ""nTranslateBits"": ""14"", ""scaleX"": ""3.8541718"", ""scaleY"": ""1.875"", ""translateX"": ""5059"", ""translateY"": ""1642"", ""type"": ""MATRIX""}",
828,1,PlaceObject2Tag,61,811,false,"{""hasRotate"": ""false"", ""hasScale"": ""true"", ""nRotateBits"": ""0"", ""nScaleBits"": ""19"", ""nTranslateBits"": ""14"", ""scaleX"": ""3.8541718"", ""scaleY"": ""1.875"", ""translateX"": ""5059"", ""translateY"": ""2162"", ""type"": ""MATRIX""}",
828,1,PlaceObject2Tag,62,811,false,"{""hasRotate"": ""false"", ""hasScale"": ""true"", ""nRotateBits"": ""0"", ""nScaleBits"": ""19"", ""nTranslateBits"": ""14"", ""scaleX"": ""3.8541718"", ""scaleY"": ""1.875"", ""translateX"": ""5059"", ""translateY"": ""2682"", ""type"": ""MATRIX""}",
828,1,PlaceObject2Tag,63,811,false,"{""hasRotate"": ""false"", ""hasScale"": ""true"", ""nRotateBits"": ""0"", ""nScaleBits"": ""19"", ""nTranslateBits"": ""14"", ""scaleX"": ""3.8541718"", ""scaleY"": ""1.875"", ""translateX"": ""5059"", ""translateY"": ""3202"", ""type"": ""MATRIX""}",
828,1,PlaceObject2Tag,64,811,false,"{""hasRotate"": ""false"", ""hasScale"": ""true"", ""nRotateBits"": ""0"", ""nScaleBits"": ""19"", ""nTranslateBits"": ""14"", ""scaleX"": ""3.8541718"", ""scaleY"": ""1.875"", ""translateX"": ""5059"", ""translateY"": ""3702"", ""type"": ""MATRIX""}",
828,1,PlaceObject2Tag,65,811,false,"{""hasRotate"": ""false"", ""hasScale"": ""true"", ""nRotateBits"": ""0"", ""nScaleBits"": ""19"", ""nTranslateBits"": ""14"", ""scaleX"": ""3.8541718"", ""scaleY"": ""1.875"", ""translateX"": ""5059"", ""translateY"": ""4222"", ""type"": ""MATRIX""}",
828,1,PlaceObject2Tag,66,811,false,"{""hasRotate"": ""false"", ""hasScale"": ""true"", ""nRotateBits"": ""0"", ""nScaleBits"": ""19"", ""nTranslateBits"": ""14"", ""scaleX"": ""3.8541718"", ""scaleY"": ""1.875"", ""translateX"": ""5059"", ""translateY"": ""4762"", ""type"": ""MATRIX""}",
828,1,PlaceObject2Tag,67,827,false,"{""hasRotate"": ""false"", ""hasScale"": ""false"", ""nRotateBits"": ""0"", ""nScaleBits"": ""0"", ""nTranslateBits"": ""13"", ""translateX"": ""3900"", ""translateY"": ""2460"", ""type"": ""MATRIX""}",
828,11,PlaceObject2Tag,67,,true,,
828,12,PlaceObject2Tag,67,,true,,
828,13,PlaceObject2Tag,67,,true,,
828,14,PlaceObject2Tag,67,,true,,
828,15,PlaceObject2Tag,67,,true,,
828,16,PlaceObject2Tag,67,,true,,
828,36,PlaceObject2Tag,1,149,false,"{""hasRotate"": ""false"", ""hasScale"": ""false"", ""nRotateBits"": ""0"", ""nScaleBits"": ""0"", ""nTranslateBits"": ""13"", ""translateX"": ""4000"", ""translateY"": ""940"", ""type"": ""MATRIX""}",
828,36,PlaceObject2Tag,2,149,false,"{""hasRotate"": ""false"", ""hasScale"": ""false"", ""nRotateBits"": ""0"", ""nScaleBits"": ""0"", ""nTranslateBits"": ""13"", ""translateX"": ""4000"", ""translateY"": ""4040"", ""type"": ""MATRIX""}",
828,36,PlaceObject2Tag,3,815,false,"{""hasRotate"": ""false"", ""hasScale"": ""false"", ""nRotateBits"": ""0"", ""nScaleBits"": ""0"", ""nTranslateBits"": ""13"", ""translateX"": ""2760"", ""translateY"": ""1880"", ""type"": ""MATRIX""}",
828,36,PlaceObject2Tag,4,817,false,"{""hasRotate"": ""false"", ""hasScale"": ""true"", ""nRotateBits"": ""0"", ""nScaleBits"": ""17"", ""nTranslateBits"": ""13"", ""scaleX"": ""0.64660645"", ""scaleY"": ""0.52731323"", ""translateX"": ""3860"", ""translateY"": ""2699"", ""type"": ""MATRIX""}",
835,2,PlaceObject2Tag,1,320,false,"{""hasRotate"": ""false"", ""hasScale"": ""false"", ""nRotateBits"": ""0"", ""nScaleBits"": ""0"", ""nTranslateBits"": ""0"", ""translateX"": ""0"", ""translateY"": ""0"", ""type"": ""MATRIX""}",
835,2,PlaceObject2Tag,2,830,false,"{""hasRotate"": ""false"", ""hasScale"": ""false"", ""nRotateBits"": ""0"", ""nScaleBits"": ""0"", ""nTranslateBits"": ""13"", ""translateX"": ""1418"", ""translateY"": ""3200"", ""type"": ""MATRIX""}",
835,2,PlaceObject2Tag,3,832,false,"{""hasRotate"": ""false"", ""hasScale"": ""false"", ""nRotateBits"": ""0"", ""nScaleBits"": ""0"", ""nTranslateBits"": ""0"", ""translateX"": ""0"", ""translateY"": ""0"", ""type"": ""MATRIX""}",
835,2,PlaceObject2Tag,4,834,false,"{""hasRotate"": ""false"", ""hasScale"": ""true"", ""nRotateBits"": ""0"", ""nScaleBits"": ""21"", ""nTranslateBits"": ""14"", ""scaleX"": ""11.0"", ""scaleY"": ""8.0"", ""translateX"": ""5500"", ""translateY"": ""4000"", ""type"": ""MATRIX""}",
844,1,PlaceObject2Tag,1,837,false,"{""hasRotate"": ""false"", ""hasScale"": ""false"", ""nRotateBits"": ""0"", ""nScaleBits"": ""0"", ""nTranslateBits"": ""0"", ""translateX"": ""0"", ""translateY"": ""0"", ""type"": ""MATRIX""}",
844,2,PlaceObject2Tag,1,839,true,,
844,3,PlaceObject2Tag,1,841,true,,
844,4,PlaceObject2Tag,1,843,true,,
847,1,PlaceObject2Tag,1,846,false,"{""hasRotate"": ""false"", ""hasScale"": ""false"", ""nRotateBits"": ""0"", ""nScaleBits"": ""0"", ""nTranslateBits"": ""0"", ""translateX"": ""0"", ""translateY"": ""0"", ""type"": ""MATRIX""}",
850,1,PlaceObject2Tag,1,847,false,"{""hasRotate"": ""false"", ""hasScale"": ""false"", ""nRotateBits"": ""0"", ""nScaleBits"": ""0"", ""nTranslateBits"": ""10"", ""translateX"": ""-360"", ""translateY"": ""-5"", ""type"": ""MATRIX""}",pin
850,1,PlaceObject2Tag,3,849,false,"{""hasRotate"": ""false"", ""hasScale"": ""false"", ""nRotateBits"": ""0"", ""nScaleBits"": ""0"", ""nTranslateBits"": ""0"", ""translateX"": ""0"", ""translateY"": ""0"", ""type"": ""MATRIX""}",
853,1,PlaceObject2Tag,1,852,false,"{""hasRotate"": ""false"", ""hasScale"": ""false"", ""nRotateBits"": ""0"", ""nScaleBits"": ""0"", ""nTranslateBits"": ""0"", ""translateX"": ""0"", ""translateY"": ""0"", ""type"": ""MATRIX""}",
866,1,PlaceObject2Tag,1,855,false,"{""hasRotate"": ""false"", ""hasScale"": ""false"", ""nRotateBits"": ""0"", ""nScaleBits"": ""0"", ""nTranslateBits"": ""0"", ""translateX"": ""0"", ""translateY"": ""0"", ""type"": ""MATRIX""}",
866,4,PlaceObject2Tag,1,857,true,,
866,7,PlaceObject2Tag,1,859,true,,
866,10,PlaceObject2Tag,1,861,true,,
866,13,PlaceObject2Tag,1,863,true,,
866,16,PlaceObject2Tag,1,865,true,,
869,1,PlaceObject2Tag,1,868,false,"{""hasRotate"": ""false"", ""hasScale"": ""false"", ""nRotateBits"": ""0"", ""nScaleBits"": ""0"", ""nTranslateBits"": ""0"", ""translateX"": ""0"", ""translateY"": ""0"", ""type"": ""MATRIX""}",
872,1,PlaceObject2Tag,1,869,false,"{""hasRotate"": ""false"", ""hasScale"": ""false"", ""nRotateBits"": ""0"", ""nScaleBits"": ""0"", ""nTranslateBits"": ""0"", ""translateX"": ""0"", ""translateY"": ""0"", ""type"": ""MATRIX""}",rotating
872,1,PlaceObject2Tag,3,871,false,"{""hasRotate"": ""false"", ""hasScale"": ""false"", ""nRotateBits"": ""0"", ""nScaleBits"": ""0"", ""nTranslateBits"": ""0"", ""translateX"": ""0"", ""translateY"": ""0"", ""type"": ""MATRIX""}",
881,1,PlaceObject2Tag,1,874,false,"{""hasRotate"": ""false"", ""hasScale"": ""false"", ""nRotateBits"": ""0"", ""nScaleBits"": ""0"", ""nTranslateBits"": ""0"", ""translateX"": ""0"", ""translateY"": ""0"", ""type"": ""MATRIX""}",
881,2,PlaceObject2Tag,1,876,true,,
881,3,PlaceObject2Tag,1,878,true,,
881,4,PlaceObject2Tag,1,880,true,,
881,6,PlaceObject2Tag,1,874,true,,
884,1,PlaceObject2Tag,1,883,false,"{""hasRotate"": ""false"", ""hasScale"": ""false"", ""nRotateBits"": ""0"", ""nScaleBits"": ""0"", ""nTranslateBits"": ""0"", ""translateX"": ""0"", ""translateY"": ""0"", ""type"": ""MATRIX""}",
905,1,PlaceObject2Tag,1,886,false,"{""hasRotate"": ""false"", ""hasScale"": ""false"", ""nRotateBits"": ""0"", ""nScaleBits"": ""0"", ""nTranslateBits"": ""0"", ""translateX"": ""0"", ""translateY"": ""0"", ""type"": ""MATRIX""}",
905,2,PlaceObject2Tag,1,888,true,,
905,3,PlaceObject2Tag,1,890,true,,
905,4,PlaceObject2Tag,1,892,true,,
905,5,PlaceObject2Tag,1,894,true,,
905,6,PlaceObject2Tag,1,896,true,,
905,7,PlaceObject2Tag,1,898,true,,
905,8,PlaceObject2Tag,1,900,true,,
905,9,PlaceObject2Tag,1,902,true,,
905,10,PlaceObject2Tag,1,904,true,,
918,1,PlaceObject2Tag,1,907,false,"{""hasRotate"": ""false"", ""hasScale"": ""false"", ""nRotateBits"": ""0"", ""nScaleBits"": ""0"", ""nTranslateBits"": ""0"", ""translateX"": ""0"", ""translateY"": ""0"", ""type"": ""MATRIX""}",
918,3,PlaceObject2Tag,1,909,true,,
918,5,PlaceObject2Tag,1,911,true,,
918,7,PlaceObject2Tag,1,913,true,,
918,9,PlaceObject2Tag,1,915,true,,
918,11,PlaceObject2Tag,1,917,true,,
921,1,PlaceObject2Tag,1,920,false,"{""hasRotate"": ""false"", ""hasScale"": ""false"", ""nRotateBits"": ""0"", ""nScaleBits"": ""0"", ""nTranslateBits"": ""0"", ""translateX"": ""0"", ""translateY"": ""0"", ""type"": ""MATRIX""}",
930,1,PlaceObject2Tag,1,923,false,"{""hasRotate"": ""false"", ""hasScale"": ""false"", ""nRotateBits"": ""0"", ""nScaleBits"": ""0"", ""nTranslateBits"": ""0"", ""translateX"": ""0"", ""translateY"": ""0"", ""type"": ""MATRIX""}",
930,2,PlaceObject2Tag,1,925,true,,
930,3,PlaceObject2Tag,1,927,true,,
930,4,PlaceObject2Tag,1,929,true,,
933,1,PlaceObject2Tag,1,932,false,"{""hasRotate"": ""false"", ""hasScale"": ""false"", ""nRotateBits"": ""0"", ""nScaleBits"": ""0"", ""nTranslateBits"": ""0"", ""translateX"": ""0"", ""translateY"": ""0"", ""type"": ""MATRIX""}",
934,1,PlaceObject2Tag,1,933,false,"{""hasRotate"": ""false"", ""hasScale"": ""false"", ""nRotateBits"": ""0"", ""nScaleBits"": ""0"", ""nTranslateBits"": ""0"", ""translateX"": ""0"", ""translateY"": ""0"", ""type"": ""MATRIX""}",
939,1,PlaceObject2Tag,3,930,false,"{""hasRotate"": ""false"", ""hasScale"": ""false"", ""nRotateBits"": ""0"", ""nScaleBits"": ""0"", ""nTranslateBits"": ""0"", ""translateX"": ""0"", ""translateY"": ""0"", ""type"": ""MATRIX""}",
939,11,PlaceObject2Tag,1,934,false,"{""hasRotate"": ""false"", ""hasScale"": ""true"", ""nRotateBits"": ""0"", ""nScaleBits"": ""17"", ""nTranslateBits"": ""9"", ""scaleX"": ""0.24987793"", ""scaleY"": ""0.6284027"", ""translateX"": ""-80"", ""translateY"": ""-220"", ""type"": ""MATRIX""}",
939,12,PlaceObject2Tag,1,,true,"{""hasRotate"": ""false"", ""hasScale"": ""true"", ""nRotateBits"": ""0"", ""nScaleBits"": ""17"", ""nTranslateBits"": ""9"", ""scaleX"": ""0.25378418"", ""scaleY"": ""0.63861084"", ""translateX"": ""-81"", ""translateY"": ""-231"", ""type"": ""MATRIX""}",
939,13,PlaceObject2Tag,1,,true,"{""hasRotate"": ""false"", ""hasScale"": ""true"", ""nRotateBits"": ""0"", ""nScaleBits"": ""17"", ""nTranslateBits"": ""10"", ""scaleX"": ""0.26548767"", ""scaleY"": ""0.6692505"", ""translateX"": ""-86"", ""translateY"": ""-260"", ""type"": ""MATRIX""}",
939,14,PlaceObject2Tag,1,,true,"{""hasRotate"": ""false"", ""hasScale"": ""true"", ""nRotateBits"": ""0"", ""nScaleBits"": ""17"", ""nTranslateBits"": ""10"", ""scaleX"": ""0.28501892"", ""scaleY"": ""0.72032166"", ""translateX"": ""-94"", ""translateY"": ""-310"", ""type"": ""MATRIX""}",
939,15,PlaceObject2Tag,1,,true,"{""hasRotate"": ""false"", ""hasScale"": ""true"", ""nRotateBits"": ""0"", ""nScaleBits"": ""17"", ""nTranslateBits"": ""10"", ""scaleX"": ""0.3123474"", ""scaleY"": ""0.79182434"", ""translateX"": ""-105"", ""translateY"": ""-380"", ""type"": ""MATRIX""}",
939,16,PlaceObject2Tag,1,,true,"{""hasRotate"": ""false"", ""hasScale"": ""true"", ""nRotateBits"": ""0"", ""nScaleBits"": ""17"", ""nTranslateBits"": ""10"", ""scaleX"": ""0.34747314"", ""scaleY"": ""0.8837433"", ""translateX"": ""-119"", ""translateY"": ""-469"", ""type"": ""MATRIX""}",
939,17,PlaceObject2Tag,1,,true,"{""hasRotate"": ""false"", ""hasScale"": ""true"", ""nRotateBits"": ""0"", ""nScaleBits"": ""17"", ""nTranslateBits"": ""11"", ""scaleX"": ""0.39042664"", ""scaleY"": ""0.9960785"", ""translateX"": ""-136"", ""translateY"": ""-581"", ""type"": ""MATRIX""}",
939,18,PlaceObject2Tag,1,,true,"{""hasRotate"": ""false"", ""hasScale"": ""true"", ""nRotateBits"": ""0"", ""nScaleBits"": ""18"", ""nTranslateBits"": ""11"", ""scaleX"": ""0.44117737"", ""scaleY"": ""1.1288605"", ""translateX"": ""-156"", ""translateY"": ""-710"", ""type"": ""MATRIX""}",
939,19,PlaceObject2Tag,1,,true,"{""hasRotate"": ""false"", ""hasScale"": ""true"", ""nRotateBits"": ""0"", ""nScaleBits"": ""18"", ""nTranslateBits"": ""11"", ""scaleX"": ""0.4997406"", ""scaleY"": ""1.2820587"", ""translateX"": ""-180"", ""translateY"": ""-860"", ""type"": ""MATRIX""}",
939,20,PlaceObject2Tag,1,,true,"{""hasRotate"": ""false"", ""hasScale"": ""true"", ""nRotateBits"": ""0"", ""nScaleBits"": ""18"", ""nTranslateBits"": ""11"", ""scaleX"": ""0.6395111"", ""scaleY"": ""1.2115479"", ""translateX"": ""-224"", ""translateY"": ""-875"", ""type"": ""MATRIX""}",
939,21,PlaceObject2Tag,1,,true,"{""hasRotate"": ""false"", ""hasScale"": ""true"", ""nRotateBits"": ""0"", ""nScaleBits"": ""18"", ""nTranslateBits"": ""11"", ""scaleX"": ""0.7792816"", ""scaleY"": ""1.1410522"", ""translateX"": ""-270"", ""translateY"": ""-889"", ""type"": ""MATRIX""}",
939,22,PlaceObject2Tag,1,,true,"{""hasRotate"": ""false"", ""hasScale"": ""true"", ""nRotateBits"": ""0"", ""nScaleBits"": ""18"", ""nTranslateBits"": ""11"", ""scaleX"": ""0.9190521"", ""scaleY"": ""1.0705109"", ""translateX"": ""-315"", ""translateY"": ""-904"", ""type"": ""MATRIX""}",
939,23,PlaceObject2Tag,1,,true,"{""hasRotate"": ""false"", ""hasScale"": ""true"", ""nRotateBits"": ""0"", ""nScaleBits"": ""18"", ""nTranslateBits"": ""11"", ""scaleX"": ""1.0588226"", ""scaleY"": ""1.0"", ""translateX"": ""-360"", ""translateY"": ""-920"", ""type"": ""MATRIX""}",
939,24,PlaceObject2Tag,1,,true,"{""hasRotate"": ""false"", ""hasScale"": ""true"", ""nRotateBits"": ""0"", ""nScaleBits"": ""18"", ""nTranslateBits"": ""11"", ""scaleX"": ""1.029419"", ""scaleY"": ""1.0"", ""translateX"": ""-350"", ""translateY"": ""-920"", ""type"": ""MATRIX""}",
939,25,PlaceObject2Tag,1,,true,"{""hasRotate"": ""false"", ""hasScale"": ""false"", ""nRotateBits"": ""0"", ""nScaleBits"": ""0"", ""nTranslateBits"": ""11"", ""translateX"": ""-340"", ""translateY"": ""-920"", ""type"": ""MATRIX""}",
939,26,PlaceObject2Tag,5,936,false,"{""hasRotate"": ""false"", ""hasScale"": ""false"", ""nRotateBits"": ""0"", ""nScaleBits"": ""0"", ""nTranslateBits"": ""0"", ""translateX"": ""0"", ""translateY"": ""0"", ""type"": ""MATRIX""}",
939,28,PlaceObject2Tag,5,938,true,,
958,1,PlaceObject2Tag,1,945,false,"{""hasRotate"": ""false"", ""hasScale"": ""false"", ""nRotateBits"": ""0"", ""nScaleBits"": ""0"", ""nTranslateBits"": ""0"", ""translateX"": ""0"", ""translateY"": ""0"", ""type"": ""MATRIX""}",
958,2,PlaceObject2Tag,1,947,true,,
958,3,PlaceObject2Tag,1,949,true,,
958,4,PlaceObject2Tag,1,951,true,,
958,5,PlaceObject2Tag,1,953,true,,
958,6,PlaceObject2Tag,1,955,true,,
958,7,PlaceObject2Tag,1,957,true,,
965,1,PlaceObject2Tag,1,941,false,"{""hasRotate"": ""false"", ""hasScale"": ""false"", ""nRotateBits"": ""0"", ""nScaleBits"": ""0"", ""nTranslateBits"": ""0"", ""translateX"": ""0"", ""translateY"": ""0"", ""type"": ""MATRIX""}",
965,11,PlaceObject2Tag,1,943,true,,
965,11,PlaceObject2Tag,2,958,false,"{""hasRotate"": ""false"", ""hasScale"": ""false"", ""nRotateBits"": ""0"", ""nScaleBits"": ""0"", ""nTranslateBits"": ""11"", ""translateX"": ""-613"", ""translateY"": ""-693"", ""type"": ""MATRIX""}",
965,12,PlaceObject2Tag,1,960,true,,
965,13,PlaceObject2Tag,1,962,true,,
965,14,PlaceObject2Tag,1,964,true,,
968,1,PlaceObject2Tag,1,967,false,"{""hasRotate"": ""false"", ""hasScale"": ""false"", ""nRotateBits"": ""0"", ""nScaleBits"": ""0"", ""nTranslateBits"": ""0"", ""translateX"": ""0"", ""translateY"": ""0"", ""type"": ""MATRIX""}",
971,1,PlaceObject2Tag,1,970,false,"{""hasRotate"": ""false"", ""hasScale"": ""false"", ""nRotateBits"": ""0"", ""nScaleBits"": ""0"", ""nTranslateBits"": ""0"", ""translateX"": ""0"", ""translateY"": ""0"", ""type"": ""MATRIX""}",
982,1,PlaceObject2Tag,1,973,false,"{""hasRotate"": ""false"", ""hasScale"": ""false"", ""nRotateBits"": ""0"", ""nScaleBits"": ""0"", ""nTranslateBits"": ""0"", ""translateX"": ""0"", ""translateY"": ""0"", ""type"": ""MATRIX""}",
982,3,PlaceObject2Tag,1,975,true,,
982,5,PlaceObject2Tag,1,977,true,,
982,7,PlaceObject2Tag,1,979,true,,
982,11,PlaceObject2Tag,1,981,false,"{""hasRotate"": ""false"", ""hasScale"": ""false"", ""nRotateBits"": ""0"", ""nScaleBits"": ""0"", ""nTranslateBits"": ""0"", ""translateX"": ""0"", ""translateY"": ""0"", ""type"": ""MATRIX""}",
985,1,PlaceObject2Tag,1,984,false,"{""hasRotate"": ""false"", ""hasScale"": ""false"", ""nRotateBits"": ""0"", ""nScaleBits"": ""0"", ""nTranslateBits"": ""0"", ""translateX"": ""0"", ""translateY"": ""0"", ""type"": ""MATRIX""}",
1002,1,PlaceObject2Tag,1,987,false,"{""hasRotate"": ""false"", ""hasScale"": ""false"", ""nRotateBits"": ""0"", ""nScaleBits"": ""0"", ""nTranslateBits"": ""0"", ""translateX"": ""0"", ""translateY"": ""0"", ""type"": ""MATRIX""}",
1002,3,PlaceObject2Tag,1,989,true,,
1002,5,PlaceObject2Tag,1,991,true,,
1002,7,PlaceObject2Tag,1,993,true,,
1002,9,PlaceObject2Tag,1,995,true,,
1002,11,PlaceObject2Tag,1,997,true,,
1002,13,PlaceObject2Tag,1,999,true,,
1002,15,PlaceObject2Tag,1,1001,true,,
1003,1,PlaceObject2Tag,1,985,false,"{""hasRotate"": ""false"", ""hasScale"": ""false"", ""nRotateBits"": ""0"", ""nScaleBits"": ""0"", ""nTranslateBits"": ""12"", ""translateX"": ""-980"", ""translateY"": ""-1920"", ""type"": ""MATRIX""}",
1003,2,PlaceObject2Tag,1,,true,"{""hasRotate"": ""false"", ""hasScale"": ""false"", ""nRotateBits"": ""0"", ""nScaleBits"": ""0"", ""nTranslateBits"": ""12"", ""translateX"": ""-980"", ""translateY"": ""-1960"", ""type"": ""MATRIX""}",
1003,3,PlaceObject2Tag,1,,true,"{""hasRotate"": ""false"", ""hasScale"": ""false"", ""nRotateBits"": ""0"", ""nScaleBits"": ""0"", ""nTranslateBits"": ""12"", ""translateX"": ""-980"", ""translateY"": ""-1920"", ""type"": ""MATRIX""}",
1003,3,PlaceObject2Tag,3,1002,false,"{""hasRotate"": ""false"", ""hasScale"": ""false"", ""nRotateBits"": ""0"", ""nScaleBits"": ""0"", ""nTranslateBits"": ""10"", ""translateX"": ""500"", ""translateY"": ""-240"", ""type"": ""MATRIX""}",
1003,3,PlaceObject2Tag,5,1002,false,"{""hasRotate"": ""false"", ""hasScale"": ""true"", ""nRotateBits"": ""0"", ""nScaleBits"": ""18"", ""nTranslateBits"": ""10"", ""scaleX"": ""-1.0"", ""scaleY"": ""1.0"", ""translateX"": ""-500"", ""translateY"": ""-240"", ""type"": ""MATRIX""}",
1024,1,PlaceObject2Tag,1,1005,false,"{""hasRotate"": ""false"", ""hasScale"": ""false"", ""nRotateBits"": ""0"", ""nScaleBits"": ""0"", ""nTranslateBits"": ""0"", ""translateX"": ""0"", ""translateY"": ""0"", ""type"": ""MATRIX""}",
1024,11,PlaceObject2Tag,1,1007,true,,
1024,12,PlaceObject2Tag,1,1009,true,,
1024,13,PlaceObject2Tag,1,1011,true,,
1024,14,PlaceObject2Tag,1,1013,true,,
1024,15,PlaceObject2Tag,1,1015,true,,
1024,21,PlaceObject2Tag,1,1017,true,,
1024,23,PlaceObject2Tag,1,1019,true,,
1024,25,PlaceObject2Tag,1,1021,true,,
1024,27,PlaceObject2Tag,1,1023,true,,
1027,1,PlaceObject2Tag,1,1026,false,"{""hasRotate"": ""false"", ""hasScale"": ""false"", ""nRotateBits"": ""0"", ""nScaleBits"": ""0"", ""nTranslateBits"": ""0"", ""translateX"": ""0"", ""translateY"": ""0"", ""type"": ""MATRIX""}",
1058,1,PlaceObject2Tag,1,1029,false,"{""hasRotate"": ""false"", ""hasScale"": ""false"", ""nRotateBits"": ""0"", ""nScaleBits"": ""0"", ""nTranslateBits"": ""0"", ""translateX"": ""0"", ""translateY"": ""0"", ""type"": ""MATRIX""}",
1058,2,PlaceObject2Tag,1,1031,true,,
1058,3,PlaceObject2Tag,1,1033,true,,
1058,4,PlaceObject2Tag,1,1035,true,,
1058,5,PlaceObject2Tag,1,1037,true,,
1058,10,PlaceObject2Tag,1,1039,false,"{""hasRotate"": ""false"", ""hasScale"": ""false"", ""nRotateBits"": ""0"", ""nScaleBits"": ""0"", ""nTranslateBits"": ""0"", ""translateX"": ""0"", ""translateY"": ""0"", ""type"": ""MATRIX""}",
1058,11,PlaceObject2Tag,1,1041,true,,
1058,12,PlaceObject2Tag,1,1043,true,,
1058,13,PlaceObject2Tag,1,1045,true,,
1058,14,PlaceObject2Tag,1,1047,true,,
1058,19,PlaceObject2Tag,1,1049,false,"{""hasRotate"": ""false"", ""hasScale"": ""false"", ""nRotateBits"": ""0"", ""nScaleBits"": ""0"", ""nTranslateBits"": ""0"", ""translateX"": ""0"", ""translateY"": ""0"", ""type"": ""MATRIX""}",
1058,20,PlaceObject2Tag,1,1051,true,,
1058,21,PlaceObject2Tag,1,1053,true,,
1058,22,PlaceObject2Tag,1,1055,true,,
1058,23,PlaceObject2Tag,1,1057,true,,
1061,1,PlaceObject2Tag,1,1060,false,"{""hasRotate"": ""false"", ""hasScale"": ""false"", ""nRotateBits"": ""0"", ""nScaleBits"": ""0"", ""nTranslateBits"": ""0"", ""translateX"": ""0"", ""translateY"": ""0"", ""type"": ""MATRIX""}",
1064,1,PlaceObject2Tag,1,1063,false,"{""hasRotate"": ""false"", ""hasScale"": ""false"", ""nRotateBits"": ""0"", ""nScaleBits"": ""0"", ""nTranslateBits"": ""0"", ""translateX"": ""0"", ""translateY"": ""0"", ""type"": ""MATRIX""}",
1065,1,PlaceObject2Tag,1,1061,false,"{""hasRotate"": ""false"", ""hasScale"": ""false"", ""nRotateBits"": ""0"", ""nScaleBits"": ""0"", ""nTranslateBits"": ""7"", ""translateX"": ""-10"", ""translateY"": ""-41"", ""type"": ""MATRIX""}",
1065,1,PlaceObject2Tag,3,1061,false,"{""hasRotate"": ""false"", ""hasScale"": ""false"", ""nRotateBits"": ""0"", ""nScaleBits"": ""0"", ""nTranslateBits"": ""5"", ""translateX"": ""-9"", ""translateY"": ""8"", ""type"": ""MATRIX""}",
1065,1,PlaceObject2Tag,5,1064,false,"{""hasRotate"": ""false"", ""hasScale"": ""false"", ""nRotateBits"": ""0"", ""nScaleBits"": ""0"", ""nTranslateBits"": ""9"", ""translateX"": ""0"", ""translateY"": ""-141"", ""type"": ""MATRIX""}",
1065,2,PlaceObject2Tag,1,,true,"{""hasRotate"": ""false"", ""hasScale"": ""false"", ""nRotateBits"": ""0"", ""nScaleBits"": ""0"", ""nTranslateBits"": ""7"", ""translateX"": ""-27"", ""translateY"": ""-51"", ""type"": ""MATRIX""}",
1065,2,PlaceObject2Tag,3,,true,"{""hasRotate"": ""false"", ""hasScale"": ""false"", ""nRotateBits"": ""0"", ""nScaleBits"": ""0"", ""nTranslateBits"": ""5"", ""translateX"": ""8"", ""translateY"": ""-12"", ""type"": ""MATRIX""}",
1065,2,PlaceObject2Tag,5,,true,"{""hasRotate"": ""false"", ""hasScale"": ""false"", ""nRotateBits"": ""0"", ""nScaleBits"": ""0"", ""nTranslateBits"": ""9"", ""translateX"": ""0"", ""translateY"": ""-185"", ""type"": ""MATRIX""}",
1065,3,PlaceObject2Tag,1,,true,"{""hasRotate"": ""false"", ""hasScale"": ""false"", ""nRotateBits"": ""0"", ""nScaleBits"": ""0"", ""nTranslateBits"": ""7"", ""translateX"": ""-44"", ""translateY"": ""-61"", ""type"": ""MATRIX""}",
1065,3,PlaceObject2Tag,3,,true,"{""hasRotate"": ""false"", ""hasScale"": ""false"", ""nRotateBits"": ""0"", ""nScaleBits"": ""0"", ""nTranslateBits"": ""7"", ""translateX"": ""24"", ""translateY"": ""-32"", ""type"": ""MATRIX""}",
1065,3,PlaceObject2Tag,5,,true,"{""hasRotate"": ""false"", ""hasScale"": ""false"", ""nRotateBits"": ""0"", ""nScaleBits"": ""0"", ""nTranslateBits"": ""9"", ""translateX"": ""0"", ""translateY"": ""-211"", ""type"": ""MATRIX""}",
1065,4,PlaceObject2Tag,1,,true,"{""hasRotate"": ""false"", ""hasScale"": ""false"", ""nRotateBits"": ""0"", ""nScaleBits"": ""0"", ""nTranslateBits"": ""8"", ""translateX"": ""-61"", ""translateY"": ""-71"", ""type"": ""MATRIX""}",
1065,4,PlaceObject2Tag,3,,true,"{""hasRotate"": ""false"", ""hasScale"": ""false"", ""nRotateBits"": ""0"", ""nScaleBits"": ""0"", ""nTranslateBits"": ""7"", ""translateX"": ""41"", ""translateY"": ""-52"", ""type"": ""MATRIX""}",
1065,4,PlaceObject2Tag,5,,true,"{""hasRotate"": ""false"", ""hasScale"": ""false"", ""nRotateBits"": ""0"", ""nScaleBits"": ""0"", ""nTranslateBits"": ""9"", ""translateX"": ""0"", ""translateY"": ""-220"", ""type"": ""MATRIX""}",
1065,5,PlaceObject2Tag,1,,true,"{""hasRotate"": ""false"", ""hasScale"": ""false"", ""nRotateBits"": ""0"", ""nScaleBits"": ""0"", ""nTranslateBits"": ""8"", ""translateX"": ""-66"", ""translateY"": ""-58"", ""type"": ""MATRIX""}",
1065,5,PlaceObject2Tag,3,,true,"{""hasRotate"": ""false"", ""hasScale"": ""false"", ""nRotateBits"": ""0"", ""nScaleBits"": ""0"", ""nTranslateBits"": ""7"", ""translateX"": ""49"", ""translateY"": ""-42"", ""type"": ""MATRIX""}",
1065,5,PlaceObject2Tag,5,,true,"{""hasRotate"": ""false"", ""hasScale"": ""false"", ""nRotateBits"": ""0"", ""nScaleBits"": ""0"", ""nTranslateBits"": ""9"", ""translateX"": ""0"", ""translateY"": ""-193"", ""type"": ""MATRIX""}",
1065,6,PlaceObject2Tag,1,,true,"{""hasRotate"": ""false"", ""hasScale"": ""false"", ""nRotateBits"": ""0"", ""nScaleBits"": ""0"", ""nTranslateBits"": ""8"", ""translateX"": ""-70"", ""translateY"": ""-45"", ""type"": ""MATRIX""}",
1065,6,PlaceObject2Tag,3,,true,"{""hasRotate"": ""false"", ""hasScale"": ""false"", ""nRotateBits"": ""0"", ""nScaleBits"": ""0"", ""nTranslateBits"": ""7"", ""translateX"": ""58"", ""translateY"": ""-32"", ""type"": ""MATRIX""}",
1065,6,PlaceObject2Tag,5,,true,"{""hasRotate"": ""false"", ""hasScale"": ""false"", ""nRotateBits"": ""0"", ""nScaleBits"": ""0"", ""nTranslateBits"": ""9"", ""translateX"": ""0"", ""translateY"": ""-167"", ""type"": ""MATRIX""}",
1065,7,PlaceObject2Tag,1,,true,"{""hasRotate"": ""false"", ""hasScale"": ""false"", ""nRotateBits"": ""0"", ""nScaleBits"": ""0"", ""nTranslateBits"": ""8"", ""translateX"": ""-75"", ""translateY"": ""-32"", ""type"": ""MATRIX""}",
1065,7,PlaceObject2Tag,3,,true,"{""hasRotate"": ""false"", ""hasScale"": ""false"", ""nRotateBits"": ""0"", ""nScaleBits"": ""0"", ""nTranslateBits"": ""8"", ""translateX"": ""66"", ""translateY"": ""-22"", ""type"": ""MATRIX""}",
1065,7,PlaceObject2Tag,5,,true,"{""hasRotate"": ""false"", ""hasScale"": ""false"", ""nRotateBits"": ""0"", ""nScaleBits"": ""0"", ""nTranslateBits"": ""9"", ""translateX"": ""0"", ""translateY"": ""-140"", ""type"": ""MATRIX""}",
1065,8,PlaceObject2Tag,1,,true,"{""hasRotate"": ""false"", ""hasScale"": ""false"", ""nRotateBits"": ""0"", ""nScaleBits"": ""0"", ""nTranslateBits"": ""8"", ""translateX"": ""-80"", ""translateY"": ""-19"", ""type"": ""MATRIX""}",
1065,8,PlaceObject2Tag,3,,true,"{""hasRotate"": ""false"", ""hasScale"": ""false"", ""nRotateBits"": ""0"", ""nScaleBits"": ""0"", ""nTranslateBits"": ""8"", ""translateX"": ""74"", ""translateY"": ""-13"", ""type"": ""MATRIX""}",
1065,8,PlaceObject2Tag,5,,true,"{""hasRotate"": ""false"", ""hasScale"": ""false"", ""nRotateBits"": ""0"", ""nScaleBits"": ""0"", ""nTranslateBits"": ""8"", ""translateX"": ""0"", ""translateY"": ""-113"", ""type"": ""MATRIX""}",
1065,9,PlaceObject2Tag,1,,true,"{""hasRotate"": ""false"", ""hasScale"": ""false"", ""nRotateBits"": ""0"", ""nScaleBits"": ""0"", ""nTranslateBits"": ""8"", ""translateX"": ""-84"", ""translateY"": ""-6"", ""type"": ""MATRIX""}",
1065,9,PlaceObject2Tag,3,,true,"{""hasRotate"": ""false"", ""hasScale"": ""false"", ""nRotateBits"": ""0"", ""nScaleBits"": ""0"", ""nTranslateBits"": ""8"", ""translateX"": ""83"", ""translateY"": ""-3"", ""type"": ""MATRIX""}",
1065,9,PlaceObject2Tag,5,,true,"{""hasRotate"": ""false"", ""hasScale"": ""false"", ""nRotateBits"": ""0"", ""nScaleBits"": ""0"", ""nTranslateBits"": ""8"", ""translateX"": ""0"", ""translateY"": ""-87"", ""type"": ""MATRIX""}",
1065,10,PlaceObject2Tag,1,,true,"{""hasRotate"": ""false"", ""hasScale"": ""false"", ""nRotateBits"": ""0"", ""nScaleBits"": ""0"", ""nTranslateBits"": ""8"", ""translateX"": ""-89"", ""translateY"": ""7"", ""type"": ""MATRIX""}",
1065,10,PlaceObject2Tag,3,,true,"{""hasRotate"": ""false"", ""hasScale"": ""false"", ""nRotateBits"": ""0"", ""nScaleBits"": ""0"", ""nTranslateBits"": ""8"", ""translateX"": ""91"", ""translateY"": ""7"", ""type"": ""MATRIX""}",
1065,10,PlaceObject2Tag,5,,true,"{""hasRotate"": ""false"", ""hasScale"": ""false"", ""nRotateBits"": ""0"", ""nScaleBits"": ""0"", ""nTranslateBits"": ""7"", ""translateX"": ""0"", ""translateY"": ""-60"", ""type"": ""MATRIX""}",
1065,11,PlaceObject2Tag,1,,true,"{""hasRotate"": ""false"", ""hasScale"": ""false"", ""nRotateBits"": ""0"", ""nScaleBits"": ""0"", ""nTranslateBits"": ""8"", ""translateX"": ""-92"", ""translateY"": ""0"", ""type"": ""MATRIX""}",
1065,11,PlaceObject2Tag,3,,true,"{""hasRotate"": ""false"", ""hasScale"": ""false"", ""nRotateBits"": ""0"", ""nScaleBits"": ""0"", ""nTranslateBits"": ""8"", ""translateX"": ""96"", ""translateY"": ""5"", ""type"": ""MATRIX""}",
1065,11,PlaceObject2Tag,5,,true,"{""hasRotate"": ""false"", ""hasScale"": ""false"", ""nRotateBits"": ""0"", ""nScaleBits"": ""0"", ""nTranslateBits"": ""8"", ""translateX"": ""0"", ""translateY"": ""-69"", ""type"": ""MATRIX""}",
1065,12,PlaceObject2Tag,1,,true,"{""hasRotate"": ""false"", ""hasScale"": ""false"", ""nRotateBits"": ""0"", ""nScaleBits"": ""0"", ""nTranslateBits"": ""8"", ""translateX"": ""-94"", ""translateY"": ""-7"", ""type"": ""MATRIX""}",
1065,12,PlaceObject2Tag,3,,true,"{""hasRotate"": ""false"", ""hasScale"": ""false"", ""nRotateBits"": ""0"", ""nScaleBits"": ""0"", ""nTranslateBits"": ""8"", ""translateX"": ""101"", ""translateY"": ""3"", ""type"": ""MATRIX""}",
1065,12,PlaceObject2Tag,5,,true,"{""hasRotate"": ""false"", ""hasScale"": ""false"", ""nRotateBits"": ""0"", ""nScaleBits"": ""0"", ""nTranslateBits"": ""8"", ""translateX"": ""0"", ""translateY"": ""-75"", ""type"": ""MATRIX""}",
1065,13,PlaceObject2Tag,1,,true,"{""hasRotate"": ""false"", ""hasScale"": ""false"", ""nRotateBits"": ""0"", ""nScaleBits"": ""0"", ""nTranslateBits"": ""8"", ""translateX"": ""-97"", ""translateY"": ""-15"", ""type"": ""MATRIX""}",
1065,13,PlaceObject2Tag,3,,true,"{""hasRotate"": ""false"", ""hasScale"": ""false"", ""nRotateBits"": ""0"", ""nScaleBits"": ""0"", ""nTranslateBits"": ""8"", ""translateX"": ""106"", ""translateY"": ""0"", ""type"": ""MATRIX""}",
1065,13,PlaceObject2Tag,5,,true,"{""hasRotate"": ""false"", ""hasScale"": ""false"", ""nRotateBits"": ""0"", ""nScaleBits"": ""0"", ""nTranslateBits"": ""8"", ""translateX"": ""0"", ""translateY"": ""-79"", ""type"": ""MATRIX""}",
1065,14,PlaceObject2Tag,1,,true,"{""hasRotate"": ""false"", ""hasScale"": ""false"", ""nRotateBits"": ""0"", ""nScaleBits"": ""0"", ""nTranslateBits"": ""8"", ""translateX"": ""-100"", ""translateY"": ""-22"", ""type"": ""MATRIX""}",
1065,14,PlaceObject2Tag,3,,true,"{""hasRotate"": ""false"", ""hasScale"": ""false"", ""nRotateBits"": ""0"", ""nScaleBits"": ""0"", ""nTranslateBits"": ""8"", ""translateX"": ""111"", ""translateY"": ""-2"", ""type"": ""MATRIX""}",
1065,14,PlaceObject2Tag,5,,true,"{""hasRotate"": ""false"", ""hasScale"": ""false"", ""nRotateBits"": ""0"", ""nScaleBits"": ""0"", ""nTranslateBits"": ""8"", ""translateX"": ""0"", ""translateY"": ""-80"", ""type"": ""MATRIX""}",
1065,15,PlaceObject2Tag,1,,true,"{""hasRotate"": ""false"", ""hasScale"": ""false"", ""nRotateBits"": ""0"", ""nScaleBits"": ""0"", ""nTranslateBits"": ""8"", ""translateX"": ""-102"", ""translateY"": ""-15"", ""type"": ""MATRIX""}",
1065,15,PlaceObject2Tag,3,,true,"{""hasRotate"": ""false"", ""hasScale"": ""false"", ""nRotateBits"": ""0"", ""nScaleBits"": ""0"", ""nTranslateBits"": ""8"", ""translateX"": ""116"", ""translateY"": ""0"", ""type"": ""MATRIX""}",
1065,15,PlaceObject2Tag,5,,true,"{""hasRotate"": ""false"", ""hasScale"": ""false"", ""nRotateBits"": ""0"", ""nScaleBits"": ""0"", ""nTranslateBits"": ""8"", ""translateX"": ""0"", ""translateY"": ""-79"", ""type"": ""MATRIX""}",
1065,16,PlaceObject2Tag,1,,true,"{""hasRotate"": ""false"", ""hasScale"": ""false"", ""nRotateBits"": ""0"", ""nScaleBits"": ""0"", ""nTranslateBits"": ""8"", ""translateX"": ""-105"", ""translateY"": ""-7"", ""type"": ""MATRIX""}",
1065,16,PlaceObject2Tag,3,,true,"{""hasRotate"": ""false"", ""hasScale"": ""false"", ""nRotateBits"": ""0"", ""nScaleBits"": ""0"", ""nTranslateBits"": ""8"", ""translateX"": ""121"", ""translateY"": ""3"", ""type"": ""MATRIX""}",
1065,16,PlaceObject2Tag,5,,true,"{""hasRotate"": ""false"", ""hasScale"": ""false"", ""nRotateBits"": ""0"", ""nScaleBits"": ""0"", ""nTranslateBits"": ""8"", ""translateX"": ""0"", ""translateY"": ""-75"", ""type"": ""MATRIX""}",
1065,17,PlaceObject2Tag,1,,true,"{""hasRotate"": ""false"", ""hasScale"": ""false"", ""nRotateBits"": ""0"", ""nScaleBits"": ""0"", ""nTranslateBits"": ""8"", ""translateX"": ""-107"", ""translateY"": ""0"", ""type"": ""MATRIX""}",
1065,17,PlaceObject2Tag,3,,true,"{""hasRotate"": ""false"", ""hasScale"": ""false"", ""nRotateBits"": ""0"", ""nScaleBits"": ""0"", ""nTranslateBits"": ""8"", ""translateX"": ""126"", ""translateY"": ""5"", ""type"": ""MATRIX""}",
1065,17,PlaceObject2Tag,5,,true,"{""hasRotate"": ""false"", ""hasScale"": ""false"", ""nRotateBits"": ""0"", ""nScaleBits"": ""0"", ""nTranslateBits"": ""8"", ""translateX"": ""0"", ""translateY"": ""-69"", ""type"": ""MATRIX""}",
1065,18,PlaceObject2Tag,1,,true,"{""hasRotate"": ""false"", ""hasScale"": ""false"", ""nRotateBits"": ""0"", ""nScaleBits"": ""0"", ""nTranslateBits"": ""8"", ""translateX"": ""-110"", ""translateY"": ""7"", ""type"": ""MATRIX""}",
1065,18,PlaceObject2Tag,3,,true,"{""hasRotate"": ""false"", ""hasScale"": ""false"", ""nRotateBits"": ""0"", ""nScaleBits"": ""0"", ""nTranslateBits"": ""9"", ""translateX"": ""131"", ""translateY"": ""7"", ""type"": ""MATRIX""}",
1065,18,PlaceObject2Tag,5,,true,"{""hasRotate"": ""false"", ""hasScale"": ""false"", ""nRotateBits"": ""0"", ""nScaleBits"": ""0"", ""nTranslateBits"": ""7"", ""translateX"": ""0"", ""translateY"": ""-60"", ""type"": ""MATRIX""}",
1077,1,PlaceObject2Tag,1,1066,false,"{""hasRotate"": ""false"", ""hasScale"": ""false"", ""nRotateBits"": ""0"", ""nScaleBits"": ""0"", ""nTranslateBits"": ""0"", ""translateX"": ""0"", ""translateY"": ""0"", ""type"": ""MATRIX""}",
1077,1,PlaceObject2Tag,2,1068,false,"{""hasRotate"": ""false"", ""hasScale"": ""false"", ""nRotateBits"": ""0"", ""nScaleBits"": ""0"", ""nTranslateBits"": ""0"", ""translateX"": ""0"", ""translateY"": ""0"", ""type"": ""MATRIX""}",
1077,4,PlaceObject2Tag,2,1070,true,,
1077,7,PlaceObject2Tag,2,1072,true,,
1077,10,PlaceObject2Tag,2,1074,true,,
1077,15,PlaceObject2Tag,2,1076,false,"{""hasRotate"": ""false"", ""hasScale"": ""false"", ""nRotateBits"": ""0"", ""nScaleBits"": ""0"", ""nTranslateBits"": ""0"", ""translateX"": ""0"", ""translateY"": ""0"", ""type"": ""MATRIX""}",
1086,1,PlaceObject2Tag,1,1066,false,"{""hasRotate"": ""false"", ""hasScale"": ""false"", ""nRotateBits"": ""0"", ""nScaleBits"": ""0"", ""nTranslateBits"": ""0"", ""translateX"": ""0"", ""translateY"": ""0"", ""type"": ""MATRIX""}",
1086,1,PlaceObject2Tag,2,1079,false,"{""hasRotate"": ""false"", ""hasScale"": ""false"", ""nRotateBits"": ""0"", ""nScaleBits"": ""0"", ""nTranslateBits"": ""0"", ""translateX"": ""0"", ""translateY"": ""0"", ""type"": ""MATRIX""}",
1086,4,PlaceObject2Tag,2,1081,true,,
1086,7,PlaceObject2Tag,2,1079,true,,
1086,10,PlaceObject2Tag,2,1083,true,,
1086,15,PlaceObject2Tag,2,1085,false,"{""hasRotate"": ""false"", ""hasScale"": ""false"", ""nRotateBits"": ""0"", ""nScaleBits"": ""0"", ""nTranslateBits"": ""0"", ""translateX"": ""0"", ""translateY"": ""0"", ""type"": ""MATRIX""}",
1097,1,PlaceObject2Tag,1,1066,false,"{""hasRotate"": ""false"", ""hasScale"": ""false"", ""nRotateBits"": ""0"", ""nScaleBits"": ""0"", ""nTranslateBits"": ""0"", ""translateX"": ""0"", ""translateY"": ""0"", ""type"": ""MATRIX""}",
1097,1,PlaceObject2Tag,2,1088,false,"{""hasRotate"": ""false"", ""hasScale"": ""false"", ""nRotateBits"": ""0"", ""nScaleBits"": ""0"", ""nTranslateBits"": ""0"", ""translateX"": ""0"", ""translateY"": ""0"", ""type"": ""MATRIX""}",
1097,4,PlaceObject2Tag,2,1090,true,,
1097,7,PlaceObject2Tag,2,1092,true,,
1097,10,PlaceObject2Tag,2,1094,true,,
1097,15,PlaceObject2Tag,2,1096,false,"{""hasRotate"": ""false"", ""hasScale"": ""false"", ""nRotateBits"": ""0"", ""nScaleBits"": ""0"", ""nTranslateBits"": ""0"", ""translateX"": ""0"", ""translateY"": ""0"", ""type"": ""MATRIX""}",
1106,1,PlaceObject2Tag,1,1066,false,"{""hasRotate"": ""false"", ""hasScale"": ""false"", ""nRotateBits"": ""0"", ""nScaleBits"": ""0"", ""nTranslateBits"": ""0"", ""translateX"": ""0"", ""translateY"": ""0"", ""type"": ""MATRIX""}",
1106,1,PlaceObject2Tag,2,645,false,"{""hasRotate"": ""false"", ""hasScale"": ""false"", ""nRotateBits"": ""0"", ""nScaleBits"": ""0"", ""nTranslateBits"": ""7"", ""translateX"": ""40"", ""translateY"": ""0"", ""type"": ""MATRIX""}",
1106,4,PlaceObject2Tag,2,1099,true,"{""hasRotate"": ""false"", ""hasScale"": ""false"", ""nRotateBits"": ""0"", ""nScaleBits"": ""0"", ""nTranslateBits"": ""0"", ""translateX"": ""0"", ""translateY"": ""0"", ""type"": ""MATRIX""}",
1106,7,PlaceObject2Tag,2,1101,true,,
1106,10,PlaceObject2Tag,2,1103,true,,
1106,15,PlaceObject2Tag,2,1105,false,"{""hasRotate"": ""false"", ""hasScale"": ""false"", ""nRotateBits"": ""0"", ""nScaleBits"": ""0"", ""nTranslateBits"": ""0"", ""translateX"": ""0"", ""translateY"": ""0"", ""type"": ""MATRIX""}",
1117,1,PlaceObject2Tag,1,1066,false,"{""hasRotate"": ""false"", ""hasScale"": ""false"", ""nRotateBits"": ""0"", ""nScaleBits"": ""0"", ""nTranslateBits"": ""0"", ""translateX"": ""0"", ""translateY"": ""0"", ""type"": ""MATRIX""}",
1117,1,PlaceObject2Tag,2,1108,false,"{""hasRotate"": ""false"", ""hasScale"": ""false"", ""nRotateBits"": ""0"", ""nScaleBits"": ""0"", ""nTranslateBits"": ""7"", ""translateX"": ""40"", ""translateY"": ""0"", ""type"": ""MATRIX""}",
1117,4,PlaceObject2Tag,2,1110,true,"{""hasRotate"": ""false"", ""hasScale"": ""false"", ""nRotateBits"": ""0"", ""nScaleBits"": ""0"", ""nTranslateBits"": ""0"", ""translateX"": ""0"", ""translateY"": ""0"", ""type"": ""MATRIX""}",
1117,7,PlaceObject2Tag,2,1112,true,,
1117,10,PlaceObject2Tag,2,1114,true,,
1117,15,PlaceObject2Tag,2,1116,false,"{""hasRotate"": ""false"", ""hasScale"": ""false"", ""nRotateBits"": ""0"", ""nScaleBits"": ""0"", ""nTranslateBits"": ""0"", ""translateX"": ""0"", ""translateY"": ""0"", ""type"": ""MATRIX""}",
1126,1,PlaceObject2Tag,1,1066,false,"{""hasRotate"": ""false"", ""hasScale"": ""false"", ""nRotateBits"": ""0"", ""nScaleBits"": ""0"", ""nTranslateBits"": ""0"", ""translateX"": ""0"", ""translateY"": ""0"", ""type"": ""MATRIX""}",
1126,1,PlaceObject2Tag,2,653,false,"{""hasRotate"": ""false"", ""hasScale"": ""false"", ""nRotateBits"": ""0"", ""nScaleBits"": ""0"", ""nTranslateBits"": ""7"", ""translateX"": ""40"", ""translateY"": ""20"", ""type"": ""MATRIX""}",
1126,4,PlaceObject2Tag,2,1119,true,"{""hasRotate"": ""false"", ""hasScale"": ""false"", ""nRotateBits"": ""0"", ""nScaleBits"": ""0"", ""nTranslateBits"": ""0"", ""translateX"": ""0"", ""translateY"": ""0"", ""type"": ""MATRIX""}",
1126,7,PlaceObject2Tag,2,1121,true,,
1126,10,PlaceObject2Tag,2,1123,true,,
1126,15,PlaceObject2Tag,2,1125,false,"{""hasRotate"": ""false"", ""hasScale"": ""false"", ""nRotateBits"": ""0"", ""nScaleBits"": ""0"", ""nTranslateBits"": ""0"", ""translateX"": ""0"", ""translateY"": ""0"", ""type"": ""MATRIX""}",
1137,1,PlaceObject2Tag,1,1066,false,"{""hasRotate"": ""false"", ""hasScale"": ""false"", ""nRotateBits"": ""0"", ""nScaleBits"": ""0"", ""nTranslateBits"": ""0"", ""translateX"": ""0"", ""translateY"": ""0"", ""type"": ""MATRIX""}",
1137,1,PlaceObject2Tag,2,1128,false,"{""hasRotate"": ""false"", ""hasScale"": ""false"", ""nRotateBits"": ""0"", ""nScaleBits"": ""0"", ""nTranslateBits"": ""0"", ""translateX"": ""0"", ""translateY"": ""0"", ""type"": ""MATRIX""}",
1137,4,PlaceObject2Tag,2,1130,true,,
1137,7,PlaceObject2Tag,2,1132,true,,
1137,10,PlaceObject2Tag,2,1134,true,,
1137,15,PlaceObject2Tag,2,1136,false,"{""hasRotate"": ""false"", ""hasScale"": ""false"", ""nRotateBits"": ""0"", ""nScaleBits"": ""0"", ""nTranslateBits"": ""0"", ""translateX"": ""0"", ""translateY"": ""0"", ""type"": ""MATRIX""}",
1148,1,PlaceObject2Tag,1,1066,false,"{""hasRotate"": ""false"", ""hasScale"": ""false"", ""nRotateBits"": ""0"", ""nScaleBits"": ""0"", ""nTranslateBits"": ""0"", ""translateX"": ""0"", ""translateY"": ""0"", ""type"": ""MATRIX""}",
1148,1,PlaceObject2Tag,2,1139,false,"{""hasRotate"": ""false"", ""hasScale"": ""false"", ""nRotateBits"": ""0"", ""nScaleBits"": ""0"", ""nTranslateBits"": ""7"", ""translateX"": ""20"", ""translateY"": ""-60"", ""type"": ""MATRIX""}",
1148,4,PlaceObject2Tag,2,1141,true,"{""hasRotate"": ""false"", ""hasScale"": ""false"", ""nRotateBits"": ""0"", ""nScaleBits"": ""0"", ""nTranslateBits"": ""0"", ""translateX"": ""0"", ""translateY"": ""0"", ""type"": ""MATRIX""}",
1148,7,PlaceObject2Tag,2,1143,true,,
1148,10,PlaceObject2Tag,2,1145,true,,
1148,15,PlaceObject2Tag,2,1147,false,"{""hasRotate"": ""false"", ""hasScale"": ""false"", ""nRotateBits"": ""0"", ""nScaleBits"": ""0"", ""nTranslateBits"": ""0"", ""translateX"": ""0"", ""translateY"": ""0"", ""type"": ""MATRIX""}",
1157,1,PlaceObject2Tag,1,1066,false,"{""hasRotate"": ""false"", ""hasScale"": ""false"", ""nRotateBits"": ""0"", ""nScaleBits"": ""0"", ""nTranslateBits"": ""0"", ""translateX"": ""0"", ""translateY"": ""0"", ""type"": ""MATRIX""}",
1157,1,PlaceObject2Tag,2,647,false,"{""hasRotate"": ""false"", ""hasScale"": ""false"", ""nRotateBits"": ""0"", ""nScaleBits"": ""0"", ""nTranslateBits"": ""7"", ""translateX"": ""40"", ""translateY"": ""-20"", ""type"": ""MATRIX""}",
1157,4,PlaceObject2Tag,2,1150,true,"{""hasRotate"": ""false"", ""hasScale"": ""false"", ""nRotateBits"": ""0"", ""nScaleBits"": ""0"", ""nTranslateBits"": ""0"", ""translateX"": ""0"", ""translateY"": ""0"", ""type"": ""MATRIX""}",
1157,7,PlaceObject2Tag,2,1152,true,,
1157,10,PlaceObject2Tag,2,1154,true,,
1157,15,PlaceObject2Tag,2,1156,false,"{""hasRotate"": ""false"", ""hasScale"": ""false"", ""nRotateBits"": ""0"", ""nScaleBits"": ""0"", ""nTranslateBits"": ""0"", ""translateX"": ""0"", ""translateY"": ""0"", ""type"": ""MATRIX""}",
1166,1,PlaceObject2Tag,1,1066,false,"{""hasRotate"": ""false"", ""hasScale"": ""false"", ""nRotateBits"": ""0"", ""nScaleBits"": ""0"", ""nTranslateBits"": ""0"", ""translateX"": ""0"", ""translateY"": ""0"", ""type"": ""MATRIX""}",
1166,1,PlaceObject2Tag,2,663,false,"{""hasRotate"": ""false"", ""hasScale"": ""false"", ""nRotateBits"": ""0"", ""nScaleBits"": ""0"", ""nTranslateBits"": ""7"", ""translateX"": ""40"", ""translateY"": ""-20"", ""type"": ""MATRIX""}",
1166,4,PlaceObject2Tag,2,1159,true,"{""hasRotate"": ""false"", ""hasScale"": ""false"", ""nRotateBits"": ""0"", ""nScaleBits"": ""0"", ""nTranslateBits"": ""0"", ""translateX"": ""0"", ""translateY"": ""0"", ""type"": ""MATRIX""}",
1166,7,PlaceObject2Tag,2,1161,true,,
1166,10,PlaceObject2Tag,2,1163,true,,
1166,15,PlaceObject2Tag,2,1165,false,"{""hasRotate"": ""false"", ""hasScale"": ""false"", ""nRotateBits"": ""0"", ""nScaleBits"": ""0"", ""nTranslateBits"": ""0"", ""translateX"": ""0"", ""translateY"": ""0"", ""type"": ""MATRIX""}",
1175,1,PlaceObject2Tag,1,1066,false,"{""hasRotate"": ""false"", ""hasScale"": ""false"", ""nRotateBits"": ""0"", ""nScaleBits"": ""0"", ""nTranslateBits"": ""0"", ""translateX"": ""0"", ""translateY"": ""0"", ""type"": ""MATRIX""}",
1175,1,PlaceObject2Tag,2,641,false,"{""hasRotate"": ""false"", ""hasScale"": ""false"", ""nRotateBits"": ""0"", ""nScaleBits"": ""0"", ""nTranslateBits"": ""0"", ""translateX"": ""0"", ""translateY"": ""0"", ""type"": ""MATRIX""}",
1175,4,PlaceObject2Tag,2,1168,true,,
1175,7,PlaceObject2Tag,2,1170,true,,
1175,10,PlaceObject2Tag,2,1172,true,,
1175,15,PlaceObject2Tag,2,1174,false,"{""hasRotate"": ""false"", ""hasScale"": ""false"", ""nRotateBits"": ""0"", ""nScaleBits"": ""0"", ""nTranslateBits"": ""0"", ""translateX"": ""0"", ""translateY"": ""0"", ""type"": ""MATRIX""}",
1186,1,PlaceObject2Tag,1,1066,false,"{""hasRotate"": ""false"", ""hasScale"": ""false"", ""nRotateBits"": ""0"", ""nScaleBits"": ""0"", ""nTranslateBits"": ""0"", ""translateX"": ""0"", ""translateY"": ""0"", ""type"": ""MATRIX""}",
1186,1,PlaceObject2Tag,2,1177,false,"{""hasRotate"": ""false"", ""hasScale"": ""false"", ""nRotateBits"": ""0"", ""nScaleBits"": ""0"", ""nTranslateBits"": ""0"", ""translateX"": ""0"", ""translateY"": ""0"", ""type"": ""MATRIX""}",
1186,4,PlaceObject2Tag,2,1179,true,,
1186,7,PlaceObject2Tag,2,1181,true,,
1186,10,PlaceObject2Tag,2,1183,true,,
1186,15,PlaceObject2Tag,2,1185,false,"{""hasRotate"": ""false"", ""hasScale"": ""false"", ""nRotateBits"": ""0"", ""nScaleBits"": ""0"", ""nTranslateBits"": ""0"", ""translateX"": ""0"", ""translateY"": ""0"", ""type"": ""MATRIX""}",
1197,1,PlaceObject2Tag,1,1066,false,"{""hasRotate"": ""false"", ""hasScale"": ""false"", ""nRotateBits"": ""0"", ""nScaleBits"": ""0"", ""nTranslateBits"": ""0"", ""translateX"": ""0"", ""translateY"": ""0"", ""type"": ""MATRIX""}",
1197,1,PlaceObject2Tag,2,1188,false,"{""hasRotate"": ""false"", ""hasScale"": ""false"", ""nRotateBits"": ""0"", ""nScaleBits"": ""0"", ""nTranslateBits"": ""0"", ""translateX"": ""0"", ""translateY"": ""0"", ""type"": ""MATRIX""}",
1197,4,PlaceObject2Tag,2,1190,true,,
1197,7,PlaceObject2Tag,2,1192,true,,
1197,10,PlaceObject2Tag,2,1194,true,,
1197,15,PlaceObject2Tag,2,1196,false,"{""hasRotate"": ""false"", ""hasScale"": ""false"", ""nRotateBits"": ""0"", ""nScaleBits"": ""0"", ""nTranslateBits"": ""0"", ""translateX"": ""0"", ""translateY"": ""0"", ""type"": ""MATRIX""}",
1206,1,PlaceObject2Tag,1,1066,false,"{""hasRotate"": ""false"", ""hasScale"": ""false"", ""nRotateBits"": ""0"", ""nScaleBits"": ""0"", ""nTranslateBits"": ""0"", ""translateX"": ""0"", ""translateY"": ""0"", ""type"": ""MATRIX""}",
1206,1,PlaceObject2Tag,2,651,false,"{""hasRotate"": ""false"", ""hasScale"": ""false"", ""nRotateBits"": ""0"", ""nScaleBits"": ""0"", ""nTranslateBits"": ""0"", ""translateX"": ""0"", ""translateY"": ""0"", ""type"": ""MATRIX""}",
1206,4,PlaceObject2Tag,2,1199,true,,
1206,7,PlaceObject2Tag,2,1201,true,,
1206,10,PlaceObject2Tag,2,1203,true,,
1206,15,PlaceObject2Tag,2,1205,false,"{""hasRotate"": ""false"", ""hasScale"": ""false"", ""nRotateBits"": ""0"", ""nScaleBits"": ""0"", ""nTranslateBits"": ""0"", ""translateX"": ""0"", ""translateY"": ""0"", ""type"": ""MATRIX""}",
1217,1,PlaceObject2Tag,1,1066,false,"{""hasRotate"": ""false"", ""hasScale"": ""false"", ""nRotateBits"": ""0"", ""nScaleBits"": ""0"", ""nTranslateBits"": ""0"", ""translateX"": ""0"", ""translateY"": ""0"", ""type"": ""MATRIX""}",
1217,1,PlaceObject2Tag,2,1208,false,"{""hasRotate"": ""false"", ""hasScale"": ""false"", ""nRotateBits"": ""0"", ""nScaleBits"": ""0"", ""nTranslateBits"": ""0"", ""translateX"": ""0"", ""translateY"": ""0"", ""type"": ""MATRIX""}",
1217,4,PlaceObject2Tag,2,1210,true,,
1217,7,PlaceObject2Tag,2,1212,true,,
1217,10,PlaceObject2Tag,2,1214,true,,
1217,15,PlaceObject2Tag,2,1216,false,"{""hasRotate"": ""false"", ""hasScale"": ""false"", ""nRotateBits"": ""0"", ""nScaleBits"": ""0"", ""nTranslateBits"": ""0"", ""translateX"": ""0"", ""translateY"": ""0"", ""type"": ""MATRIX""}",
1228,1,PlaceObject2Tag,1,1066,false,"{""hasRotate"": ""false"", ""hasScale"": ""false"", ""nRotateBits"": ""0"", ""nScaleBits"": ""0"", ""nTranslateBits"": ""0"", ""translateX"": ""0"", ""translateY"": ""0"", ""type"": ""MATRIX""}",
1228,1,PlaceObject2Tag,2,1219,false,"{""hasRotate"": ""false"", ""hasScale"": ""false"", ""nRotateBits"": ""0"", ""nScaleBits"": ""0"", ""nTranslateBits"": ""0"", ""translateX"": ""0"", ""translateY"": ""0"", ""type"": ""MATRIX""}",
1228,4,PlaceObject2Tag,2,1221,true,,
1228,7,PlaceObject2Tag,2,1223,true,,
1228,10,PlaceObject2Tag,2,1225,true,,
1228,15,PlaceObject2Tag,2,1227,false,"{""hasRotate"": ""false"", ""hasScale"": ""false"", ""nRotateBits"": ""0"", ""nScaleBits"": ""0"", ""nTranslateBits"": ""0"", ""translateX"": ""0"", ""translateY"": ""0"", ""type"": ""MATRIX""}",
1237,1,PlaceObject2Tag,1,1066,false,"{""hasRotate"": ""false"", ""hasScale"": ""false"", ""nRotateBits"": ""0"", ""nScaleBits"": ""0"", ""nTranslateBits"": ""0"", ""translateX"": ""0"", ""translateY"": ""0"", ""type"": ""MATRIX""}",
1237,1,PlaceObject2Tag,2,661,false,"{""hasRotate"": ""false"", ""hasScale"": ""false"", ""nRotateBits"": ""0"", ""nScaleBits"": ""0"", ""nTranslateBits"": ""6"", ""translateX"": ""20"", ""translateY"": ""0"", ""type"": ""MATRIX""}",
1237,4,PlaceObject2Tag,2,1230,true,"{""hasRotate"": ""false"", ""hasScale"": ""false"", ""nRotateBits"": ""0"", ""nScaleBits"": ""0"", ""nTranslateBits"": ""0"", ""translateX"": ""0"", ""translateY"": ""0"", ""type"": ""MATRIX""}",
1237,7,PlaceObject2Tag,2,1232,true,,
1237,10,PlaceObject2Tag,2,1234,true,,
1237,15,PlaceObject2Tag,2,1236,false,"{""hasRotate"": ""false"", ""hasScale"": ""false"", ""nRotateBits"": ""0"", ""nScaleBits"": ""0"", ""nTranslateBits"": ""0"", ""translateX"": ""0"", ""translateY"": ""0"", ""type"": ""MATRIX""}",
1248,1,PlaceObject2Tag,1,1066,false,"{""hasRotate"": ""false"", ""hasScale"": ""false"", ""nRotateBits"": ""0"", ""nScaleBits"": ""0"", ""nTranslateBits"": ""0"", ""translateX"": ""0"", ""translateY"": ""0"", ""type"": ""MATRIX""}",
1248,1,PlaceObject2Tag,2,1239,false,"{""hasRotate"": ""false"", ""hasScale"": ""false"", ""nRotateBits"": ""0"", ""nScaleBits"": ""0"", ""nTranslateBits"": ""0"", ""translateX"": ""0"", ""translateY"": ""0"", ""type"": ""MATRIX""}",
1248,4,PlaceObject2Tag,2,1241,true,,
1248,7,PlaceObject2Tag,2,1243,true,,
1248,10,PlaceObject2Tag,2,1245,true,,
1248,15,PlaceObject2Tag,2,1247,false,"{""hasRotate"": ""false"", ""hasScale"": ""false"", ""nRotateBits"": ""0"", ""nScaleBits"": ""0"", ""nTranslateBits"": ""0"", ""translateX"": ""0"", ""translateY"": ""0"", ""type"": ""MATRIX""}",
1259,1,PlaceObject2Tag,1,1066,false,"{""hasRotate"": ""false"", ""hasScale"": ""false"", ""nRotateBits"": ""0"", ""nScaleBits"": ""0"", ""nTranslateBits"": ""0"", ""translateX"": ""0"", ""translateY"": ""0"", ""type"": ""MATRIX""}",
1259,1,PlaceObject2Tag,2,1250,false,"{""hasRotate"": ""false"", ""hasScale"": ""false"", ""nRotateBits"": ""0"", ""nScaleBits"": ""0"", ""nTranslateBits"": ""0"", ""translateX"": ""0"", ""translateY"": ""0"", ""type"": ""MATRIX""}",
1259,4,PlaceObject2Tag,2,1252,true,,
1259,7,PlaceObject2Tag,2,1254,true,,
1259,10,PlaceObject2Tag,2,1256,true,,
1259,15,PlaceObject2Tag,2,1258,false,"{""hasRotate"": ""false"", ""hasScale"": ""false"", ""nRotateBits"": ""0"", ""nScaleBits"": ""0"", ""nTranslateBits"": ""0"", ""translateX"": ""0"", ""translateY"": ""0"", ""type"": ""MATRIX""}",
1270,1,PlaceObject2Tag,1,1066,false,"{""hasRotate"": ""false"", ""hasScale"": ""false"", ""nRotateBits"": ""0"", ""nScaleBits"": ""0"", ""nTranslateBits"": ""0"", ""translateX"": ""0"", ""translateY"": ""0"", ""type"": ""MATRIX""}",
1270,1,PlaceObject2Tag,2,1261,false,"{""hasRotate"": ""false"", ""hasScale"": ""false"", ""nRotateBits"": ""0"", ""nScaleBits"": ""0"", ""nTranslateBits"": ""0"", ""translateX"": ""0"", ""translateY"": ""0"", ""type"": ""MATRIX""}",
1270,4,PlaceObject2Tag,2,1263,true,,
1270,7,PlaceObject2Tag,2,1265,true,,
1270,10,PlaceObject2Tag,2,1267,true,,
1270,15,PlaceObject2Tag,2,1269,false,"{""hasRotate"": ""false"", ""hasScale"": ""false"", ""nRotateBits"": ""0"", ""nScaleBits"": ""0"", ""nTranslateBits"": ""0"", ""translateX"": ""0"", ""translateY"": ""0"", ""type"": ""MATRIX""}",
1281,1,PlaceObject2Tag,1,1066,false,"{""hasRotate"": ""false"", ""hasScale"": ""false"", ""nRotateBits"": ""0"", ""nScaleBits"": ""0"", ""nTranslateBits"": ""0"", ""translateX"": ""0"", ""translateY"": ""0"", ""type"": ""MATRIX""}",
1281,1,PlaceObject2Tag,2,1272,false,"{""hasRotate"": ""false"", ""hasScale"": ""false"", ""nRotateBits"": ""0"", ""nScaleBits"": ""0"", ""nTranslateBits"": ""0"", ""translateX"": ""0"", ""translateY"": ""0"", ""type"": ""MATRIX""}",
1281,4,PlaceObject2Tag,2,1274,true,,
1281,7,PlaceObject2Tag,2,1276,true,,
1281,10,PlaceObject2Tag,2,1278,true,,
1281,15,PlaceObject2Tag,2,1280,false,"{""hasRotate"": ""false"", ""hasScale"": ""false"", ""nRotateBits"": ""0"", ""nScaleBits"": ""0"", ""nTranslateBits"": ""0"", ""translateX"": ""0"", ""translateY"": ""0"", ""type"": ""MATRIX""}",
1290,1,PlaceObject2Tag,1,1066,false,"{""hasRotate"": ""false"", ""hasScale"": ""false"", ""nRotateBits"": ""0"", ""nScaleBits"": ""0"", ""nTranslateBits"": ""0"", ""translateX"": ""0"", ""translateY"": ""0"", ""type"": ""MATRIX""}",
1290,1,PlaceObject2Tag,2,659,false,"{""hasRotate"": ""false"", ""hasScale"": ""false"", ""nRotateBits"": ""0"", ""nScaleBits"": ""0"", ""nTranslateBits"": ""6"", ""translateX"": ""20"", ""translateY"": ""0"", ""type"": ""MATRIX""}",
1290,4,PlaceObject2Tag,2,1283,true,"{""hasRotate"": ""false"", ""hasScale"": ""false"", ""nRotateBits"": ""0"", ""nScaleBits"": ""0"", ""nTranslateBits"": ""0"", ""translateX"": ""0"", ""translateY"": ""0"", ""type"": ""MATRIX""}",
1290,7,PlaceObject2Tag,2,1285,true,,
1290,10,PlaceObject2Tag,2,1287,true,,
1290,15,PlaceObject2Tag,2,1289,false,"{""hasRotate"": ""false"", ""hasScale"": ""false"", ""nRotateBits"": ""0"", ""nScaleBits"": ""0"", ""nTranslateBits"": ""0"", ""translateX"": ""0"", ""translateY"": ""0"", ""type"": ""MATRIX""}",
1299,1,PlaceObject2Tag,1,1066,false,"{""hasRotate"": ""false"", ""hasScale"": ""false"", ""nRotateBits"": ""0"", ""nScaleBits"": ""0"", ""nTranslateBits"": ""0"", ""translateX"": ""0"", ""translateY"": ""0"", ""type"": ""MATRIX""}",
1299,1,PlaceObject2Tag,2,637,false,"{""hasRotate"": ""false"", ""hasScale"": ""false"", ""nRotateBits"": ""0"", ""nScaleBits"": ""0"", ""nTranslateBits"": ""7"", ""translateX"": ""20"", ""translateY"": ""-60"", ""type"": ""MATRIX""}",
1299,4,PlaceObject2Tag,2,1292,true,"{""hasRotate"": ""false"", ""hasScale"": ""false"", ""nRotateBits"": ""0"", ""nScaleBits"": ""0"", ""nTranslateBits"": ""0"", ""translateX"": ""0"", ""translateY"": ""0"", ""type"": ""MATRIX""}",
1299,7,PlaceObject2Tag,2,1294,true,,
1299,10,PlaceObject2Tag,2,1296,true,,
1299,15,PlaceObject2Tag,2,1298,false,"{""hasRotate"": ""false"", ""hasScale"": ""false"", ""nRotateBits"": ""0"", ""nScaleBits"": ""0"", ""nTranslateBits"": ""0"", ""translateX"": ""0"", ""translateY"": ""0"", ""type"": ""MATRIX""}",
1310,1,PlaceObject2Tag,1,1066,false,"{""hasRotate"": ""false"", ""hasScale"": ""false"", ""nRotateBits"": ""0"", ""nScaleBits"": ""0"", ""nTranslateBits"": ""0"", ""translateX"": ""0"", ""translateY"": ""0"", ""type"": ""MATRIX""}",
1310,1,PlaceObject2Tag,2,1301,false,"{""hasRotate"": ""false"", ""hasScale"": ""false"", ""nRotateBits"": ""0"", ""nScaleBits"": ""0"", ""nTranslateBits"": ""0"", ""translateX"": ""0"", ""translateY"": ""0"", ""type"": ""MATRIX""}",
1310,4,PlaceObject2Tag,2,1303,true,,
1310,7,PlaceObject2Tag,2,1305,true,,
1310,10,PlaceObject2Tag,2,1307,true,,
1310,15,PlaceObject2Tag,2,1309,false,"{""hasRotate"": ""false"", ""hasScale"": ""false"", ""nRotateBits"": ""0"", ""nScaleBits"": ""0"", ""nTranslateBits"": ""0"", ""translateX"": ""0"", ""translateY"": ""0"", ""type"": ""MATRIX""}",
1321,1,PlaceObject2Tag,1,1066,false,"{""hasRotate"": ""false"", ""hasScale"": ""false"", ""nRotateBits"": ""0"", ""nScaleBits"": ""0"", ""nTranslateBits"": ""0"", ""translateX"": ""0"", ""translateY"": ""0"", ""type"": ""MATRIX""}",
1321,1,PlaceObject2Tag,2,1312,false,"{""hasRotate"": ""false"", ""hasScale"": ""false"", ""nRotateBits"": ""0"", ""nScaleBits"": ""0"", ""nTranslateBits"": ""0"", ""translateX"": ""0"", ""translateY"": ""0"", ""type"": ""MATRIX""}",
1321,4,PlaceObject2Tag,2,1314,true,,
1321,7,PlaceObject2Tag,2,1316,true,,
1321,10,PlaceObject2Tag,2,1318,true,,
1321,15,PlaceObject2Tag,2,1320,false,"{""hasRotate"": ""false"", ""hasScale"": ""false"", ""nRotateBits"": ""0"", ""nScaleBits"": ""0"", ""nTranslateBits"": ""0"", ""translateX"": ""0"", ""translateY"": ""0"", ""type"": ""MATRIX""}",
1324,1,PlaceObject2Tag,1,1066,false,"{""hasRotate"": ""false"", ""hasScale"": ""false"", ""nRotateBits"": ""0"", ""nScaleBits"": ""0"", ""nTranslateBits"": ""0"", ""translateX"": ""0"", ""translateY"": ""0"", ""type"": ""MATRIX""}",
1324,1,PlaceObject2Tag,2,760,false,"{""hasRotate"": ""false"", ""hasScale"": ""false"", ""nRotateBits"": ""0"", ""nScaleBits"": ""0"", ""nTranslateBits"": ""0"", ""translateX"": ""0"", ""translateY"": ""0"", ""type"": ""MATRIX""}",
1324,4,PlaceObject2Tag,2,762,true,,
1324,7,PlaceObject2Tag,2,764,true,,
1324,10,PlaceObject2Tag,2,766,true,,
1324,15,PlaceObject2Tag,2,1323,false,"{""hasRotate"": ""false"", ""hasScale"": ""false"", ""nRotateBits"": ""0"", ""nScaleBits"": ""0"", ""nTranslateBits"": ""0"", ""translateX"": ""0"", ""translateY"": ""0"", ""type"": ""MATRIX""}",
1331,1,PlaceObject2Tag,1,1066,false,"{""hasRotate"": ""false"", ""hasScale"": ""false"", ""nRotateBits"": ""0"", ""nScaleBits"": ""0"", ""nTranslateBits"": ""0"", ""translateX"": ""0"", ""translateY"": ""0"", ""type"": ""MATRIX""}",
1331,1,PlaceObject2Tag,2,1325,false,"{""hasRotate"": ""false"", ""hasScale"": ""false"", ""nRotateBits"": ""0"", ""nScaleBits"": ""0"", ""nTranslateBits"": ""0"", ""translateX"": ""0"", ""translateY"": ""0"", ""type"": ""MATRIX""}",
1331,4,PlaceObject2Tag,2,1326,true,,
1331,7,PlaceObject2Tag,2,1327,true,,
1331,10,PlaceObject2Tag,2,1328,true,,
1331,15,PlaceObject2Tag,2,1330,false,"{""hasRotate"": ""false"", ""hasScale"": ""false"", ""nRotateBits"": ""0"", ""nScaleBits"": ""0"", ""nTranslateBits"": ""0"", ""translateX"": ""0"", ""translateY"": ""0"", ""type"": ""MATRIX""}",
1334,1,PlaceObject2Tag,1,1333,false,"{""hasRotate"": ""false"", ""hasScale"": ""false"", ""nRotateBits"": ""0"", ""nScaleBits"": ""0"", ""nTranslateBits"": ""0"", ""translateX"": ""0"", ""translateY"": ""0"", ""type"": ""MATRIX""}",
1337,1,PlaceObject2Tag,1,1336,false,"{""hasRotate"": ""false"", ""hasScale"": ""false"", ""nRotateBits"": ""0"", ""nScaleBits"": ""0"", ""nTranslateBits"": ""0"", ""translateX"": ""0"", ""translateY"": ""0"", ""type"": ""MATRIX""}",
1340,1,PlaceObject2Tag,1,1339,false,"{""hasRotate"": ""false"", ""hasScale"": ""false"", ""nRotateBits"": ""0"", ""nScaleBits"": ""0"", ""nTranslateBits"": ""0"", ""translateX"": ""0"", ""translateY"": ""0"", ""type"": ""MATRIX""}",
1343,1,PlaceObject2Tag,1,1342,false,"{""hasRotate"": ""false"", ""hasScale"": ""false"", ""nRotateBits"": ""0"", ""nScaleBits"": ""0"", ""nTranslateBits"": ""0"", ""translateX"": ""0"", ""translateY"": ""0"", ""type"": ""MATRIX""}",
1346,1,PlaceObject2Tag,1,1345,false,"{""hasRotate"": ""false"", ""hasScale"": ""false"", ""nRotateBits"": ""0"", ""nScaleBits"": ""0"", ""nTranslateBits"": ""0"", ""translateX"": ""0"", ""translateY"": ""0"", ""type"": ""MATRIX""}",
1349,1,PlaceObject2Tag,1,1348,false,"{""hasRotate"": ""false"", ""hasScale"": ""false"", ""nRotateBits"": ""0"", ""nScaleBits"": ""0"", ""nTranslateBits"": ""0"", ""translateX"": ""0"", ""translateY"": ""0"", ""type"": ""MATRIX""}",
1352,1,PlaceObject2Tag,1,1351,false,"{""hasRotate"": ""false"", ""hasScale"": ""false"", ""nRotateBits"": ""0"", ""nScaleBits"": ""0"", ""nTranslateBits"": ""0"", ""translateX"": ""0"", ""translateY"": ""0"", ""type"": ""MATRIX""}",
1355,1,PlaceObject2Tag,1,1354,false,"{""hasRotate"": ""false"", ""hasScale"": ""false"", ""nRotateBits"": ""0"", ""nScaleBits"": ""0"", ""nTranslateBits"": ""0"", ""translateX"": ""0"", ""translateY"": ""0"", ""type"": ""MATRIX""}",
1358,1,PlaceObject2Tag,1,1357,false,"{""hasRotate"": ""false"", ""hasScale"": ""false"", ""nRotateBits"": ""0"", ""nScaleBits"": ""0"", ""nTranslateBits"": ""0"", ""translateX"": ""0"", ""translateY"": ""0"", ""type"": ""MATRIX""}",
1361,1,PlaceObject2Tag,1,1360,false,"{""hasRotate"": ""false"", ""hasScale"": ""false"", ""nRotateBits"": ""0"", ""nScaleBits"": ""0"", ""nTranslateBits"": ""0"", ""translateX"": ""0"", ""translateY"": ""0"", ""type"": ""MATRIX""}",
1364,1,PlaceObject2Tag,1,1363,false,"{""hasRotate"": ""false"", ""hasScale"": ""false"", ""nRotateBits"": ""0"", ""nScaleBits"": ""0"", ""nTranslateBits"": ""0"", ""translateX"": ""0"", ""translateY"": ""0"", ""type"": ""MATRIX""}",
1367,1,PlaceObject2Tag,1,1366,false,"{""hasRotate"": ""false"", ""hasScale"": ""false"", ""nRotateBits"": ""0"", ""nScaleBits"": ""0"", ""nTranslateBits"": ""0"", ""translateX"": ""0"", ""translateY"": ""0"", ""type"": ""MATRIX""}",
1370,1,PlaceObject2Tag,1,1369,false,"{""hasRotate"": ""false"", ""hasScale"": ""false"", ""nRotateBits"": ""0"", ""nScaleBits"": ""0"", ""nTranslateBits"": ""0"", ""translateX"": ""0"", ""translateY"": ""0"", ""type"": ""MATRIX""}",
1373,1,PlaceObject2Tag,1,1372,false,"{""hasRotate"": ""false"", ""hasScale"": ""false"", ""nRotateBits"": ""0"", ""nScaleBits"": ""0"", ""nTranslateBits"": ""0"", ""translateX"": ""0"", ""translateY"": ""0"", ""type"": ""MATRIX""}",
1376,1,PlaceObject2Tag,1,1375,false,"{""hasRotate"": ""false"", ""hasScale"": ""false"", ""nRotateBits"": ""0"", ""nScaleBits"": ""0"", ""nTranslateBits"": ""0"", ""translateX"": ""0"", ""translateY"": ""0"", ""type"": ""MATRIX""}",
1379,1,PlaceObject2Tag,1,1378,false,"{""hasRotate"": ""false"", ""hasScale"": ""false"", ""nRotateBits"": ""0"", ""nScaleBits"": ""0"", ""nTranslateBits"": ""0"", ""translateX"": ""0"", ""translateY"": ""0"", ""type"": ""MATRIX""}",
1382,1,PlaceObject2Tag,1,1381,false,"{""hasRotate"": ""false"", ""hasScale"": ""false"", ""nRotateBits"": ""0"", ""nScaleBits"": ""0"", ""nTranslateBits"": ""0"", ""translateX"": ""0"", ""translateY"": ""0"", ""type"": ""MATRIX""}",
1385,1,PlaceObject2Tag,1,1384,false,"{""hasRotate"": ""false"", ""hasScale"": ""false"", ""nRotateBits"": ""0"", ""nScaleBits"": ""0"", ""nTranslateBits"": ""0"", ""translateX"": ""0"", ""translateY"": ""0"", ""type"": ""MATRIX""}",
1388,1,PlaceObject2Tag,1,1387,false,"{""hasRotate"": ""false"", ""hasScale"": ""false"", ""nRotateBits"": ""0"", ""nScaleBits"": ""0"", ""nTranslateBits"": ""0"", ""translateX"": ""0"", ""translateY"": ""0"", ""type"": ""MATRIX""}",
1391,1,PlaceObject2Tag,1,1390,false,"{""hasRotate"": ""false"", ""hasScale"": ""false"", ""nRotateBits"": ""0"", ""nScaleBits"": ""0"", ""nTranslateBits"": ""0"", ""translateX"": ""0"", ""translateY"": ""0"", ""type"": ""MATRIX""}",
1394,1,PlaceObject2Tag,1,1393,false,"{""hasRotate"": ""false"", ""hasScale"": ""false"", ""nRotateBits"": ""0"", ""nScaleBits"": ""0"", ""nTranslateBits"": ""0"", ""translateX"": ""0"", ""translateY"": ""0"", ""type"": ""MATRIX""}",
1397,1,PlaceObject2Tag,1,1396,false,"{""hasRotate"": ""false"", ""hasScale"": ""false"", ""nRotateBits"": ""0"", ""nScaleBits"": ""0"", ""nTranslateBits"": ""0"", ""translateX"": ""0"", ""translateY"": ""0"", ""type"": ""MATRIX""}",
1400,1,PlaceObject2Tag,1,1399,false,"{""hasRotate"": ""false"", ""hasScale"": ""false"", ""nRotateBits"": ""0"", ""nScaleBits"": ""0"", ""nTranslateBits"": ""0"", ""translateX"": ""0"", ""translateY"": ""0"", ""type"": ""MATRIX""}",
1403,1,PlaceObject2Tag,1,1402,false,"{""hasRotate"": ""false"", ""hasScale"": ""false"", ""nRotateBits"": ""0"", ""nScaleBits"": ""0"", ""nTranslateBits"": ""0"", ""translateX"": ""0"", ""translateY"": ""0"", ""type"": ""MATRIX""}",
1406,1,PlaceObject2Tag,1,1405,false,"{""hasRotate"": ""false"", ""hasScale"": ""false"", ""nRotateBits"": ""0"", ""nScaleBits"": ""0"", ""nTranslateBits"": ""0"", ""translateX"": ""0"", ""translateY"": ""0"", ""type"": ""MATRIX""}",
1409,1,PlaceObject2Tag,1,1408,false,"{""hasRotate"": ""false"", ""hasScale"": ""false"", ""nRotateBits"": ""0"", ""nScaleBits"": ""0"", ""nTranslateBits"": ""0"", ""translateX"": ""0"", ""translateY"": ""0"", ""type"": ""MATRIX""}",
1412,1,PlaceObject2Tag,1,1411,false,"{""hasRotate"": ""false"", ""hasScale"": ""false"", ""nRotateBits"": ""0"", ""nScaleBits"": ""0"", ""nTranslateBits"": ""0"", ""translateX"": ""0"", ""translateY"": ""0"", ""type"": ""MATRIX""}",
1415,1,PlaceObject2Tag,1,1414,false,"{""hasRotate"": ""false"", ""hasScale"": ""false"", ""nRotateBits"": ""0"", ""nScaleBits"": ""0"", ""nTranslateBits"": ""0"", ""translateX"": ""0"", ""translateY"": ""0"", ""type"": ""MATRIX""}",
1418,1,PlaceObject2Tag,1,1417,false,"{""hasRotate"": ""false"", ""hasScale"": ""false"", ""nRotateBits"": ""0"", ""nScaleBits"": ""0"", ""nTranslateBits"": ""0"", ""translateX"": ""0"", ""translateY"": ""0"", ""type"": ""MATRIX""}",
1421,1,PlaceObject2Tag,1,1420,false,"{""hasRotate"": ""false"", ""hasScale"": ""false"", ""nRotateBits"": ""0"", ""nScaleBits"": ""0"", ""nTranslateBits"": ""0"", ""translateX"": ""0"", ""translateY"": ""0"", ""type"": ""MATRIX""}",
1424,1,PlaceObject2Tag,1,1423,false,"{""hasRotate"": ""false"", ""hasScale"": ""false"", ""nRotateBits"": ""0"", ""nScaleBits"": ""0"", ""nTranslateBits"": ""0"", ""translateX"": ""0"", ""translateY"": ""0"", ""type"": ""MATRIX""}",
1427,1,PlaceObject2Tag,1,1426,false,"{""hasRotate"": ""false"", ""hasScale"": ""false"", ""nRotateBits"": ""0"", ""nScaleBits"": ""0"", ""nTranslateBits"": ""0"", ""translateX"": ""0"", ""translateY"": ""0"", ""type"": ""MATRIX""}",
1430,1,PlaceObject2Tag,1,1429,false,"{""hasRotate"": ""false"", ""hasScale"": ""false"", ""nRotateBits"": ""0"", ""nScaleBits"": ""0"", ""nTranslateBits"": ""0"", ""translateX"": ""0"", ""translateY"": ""0"", ""type"": ""MATRIX""}",
1433,1,PlaceObject2Tag,1,1432,false,"{""hasRotate"": ""false"", ""hasScale"": ""false"", ""nRotateBits"": ""0"", ""nScaleBits"": ""0"", ""nTranslateBits"": ""0"", ""translateX"": ""0"", ""translateY"": ""0"", ""type"": ""MATRIX""}",
1436,1,PlaceObject2Tag,1,1435,false,"{""hasRotate"": ""false"", ""hasScale"": ""false"", ""nRotateBits"": ""0"", ""nScaleBits"": ""0"", ""nTranslateBits"": ""0"", ""translateX"": ""0"", ""translateY"": ""0"", ""type"": ""MATRIX""}",
1439,1,PlaceObject2Tag,1,1438,false,"{""hasRotate"": ""false"", ""hasScale"": ""false"", ""nRotateBits"": ""0"", ""nScaleBits"": ""0"", ""nTranslateBits"": ""0"", ""translateX"": ""0"", ""translateY"": ""0"", ""type"": ""MATRIX""}",
1442,1,PlaceObject2Tag,1,1441,false,"{""hasRotate"": ""false"", ""hasScale"": ""false"", ""nRotateBits"": ""0"", ""nScaleBits"": ""0"", ""nTranslateBits"": ""0"", ""translateX"": ""0"", ""translateY"": ""0"", ""type"": ""MATRIX""}",
1444,1,PlaceObject2Tag,2,1443,false,"{""hasRotate"": ""false"", ""hasScale"": ""false"", ""nRotateBits"": ""0"", ""nScaleBits"": ""0"", ""nTranslateBits"": ""0"", ""translateX"": ""0"", ""translateY"": ""0"", ""type"": ""MATRIX""}",
1447,1,PlaceObject2Tag,1,1446,false,"{""hasRotate"": ""false"", ""hasScale"": ""false"", ""nRotateBits"": ""0"", ""nScaleBits"": ""0"", ""nTranslateBits"": ""0"", ""translateX"": ""0"", ""translateY"": ""0"", ""type"": ""MATRIX""}",
1449,1,PlaceObject2Tag,2,1448,false,"{""hasRotate"": ""false"", ""hasScale"": ""false"", ""nRotateBits"": ""0"", ""nScaleBits"": ""0"", ""nTranslateBits"": ""0"", ""translateX"": ""0"", ""translateY"": ""0"", ""type"": ""MATRIX""}",
1452,1,PlaceObject2Tag,1,1451,false,"{""hasRotate"": ""false"", ""hasScale"": ""false"", ""nRotateBits"": ""0"", ""nScaleBits"": ""0"", ""nTranslateBits"": ""0"", ""translateX"": ""0"", ""translateY"": ""0"", ""type"": ""MATRIX""}",
1454,1,PlaceObject2Tag,2,1453,false,"{""hasRotate"": ""false"", ""hasScale"": ""false"", ""nRotateBits"": ""0"", ""nScaleBits"": ""0"", ""nTranslateBits"": ""0"", ""translateX"": ""0"", ""translateY"": ""0"", ""type"": ""MATRIX""}",
1457,1,PlaceObject2Tag,1,1456,false,"{""hasRotate"": ""false"", ""hasScale"": ""false"", ""nRotateBits"": ""0"", ""nScaleBits"": ""0"", ""nTranslateBits"": ""0"", ""translateX"": ""0"", ""translateY"": ""0"", ""type"": ""MATRIX""}",
1459,1,PlaceObject2Tag,2,1458,false,"{""hasRotate"": ""false"", ""hasScale"": ""false"", ""nRotateBits"": ""0"", ""nScaleBits"": ""0"", ""nTranslateBits"": ""0"", ""translateX"": ""0"", ""translateY"": ""0"", ""type"": ""MATRIX""}",
1485,1,PlaceObject2Tag,1,1462,false,"{""hasRotate"": ""false"", ""hasScale"": ""false"", ""nRotateBits"": ""0"", ""nScaleBits"": ""0"", ""nTranslateBits"": ""0"", ""translateX"": ""0"", ""translateY"": ""0"", ""type"": ""MATRIX""}",
1485,3,PlaceObject2Tag,1,1464,true,,
1485,5,PlaceObject2Tag,1,1466,true,,
1485,7,PlaceObject2Tag,1,1468,true,,
1485,9,PlaceObject2Tag,1,1470,true,,
1485,11,PlaceObject2Tag,1,1472,true,,
1485,13,PlaceObject2Tag,1,1474,true,,
1485,15,PlaceObject2Tag,1,1476,true,,
1485,17,PlaceObject2Tag,1,1478,true,,
1485,19,PlaceObject2Tag,1,1480,true,,
1485,21,PlaceObject2Tag,1,1482,true,,
1485,23,PlaceObject2Tag,1,1484,true,,
1486,1,PlaceObject2Tag,4,1460,false,"{""hasRotate"": ""false"", ""hasScale"": ""false"", ""nRotateBits"": ""0"", ""nScaleBits"": ""0"", ""nTranslateBits"": ""0"", ""translateX"": ""0"", ""translateY"": ""0"", ""type"": ""MATRIX""}",
1486,1,PlaceObject2Tag,5,1485,false,"{""hasRotate"": ""false"", ""hasScale"": ""false"", ""nRotateBits"": ""0"", ""nScaleBits"": ""0"", ""nTranslateBits"": ""10"", ""translateX"": ""280"", ""translateY"": ""260"", ""type"": ""MATRIX""}",
1489,1,PlaceObject2Tag,1,1488,false,"{""hasRotate"": ""false"", ""hasScale"": ""false"", ""nRotateBits"": ""0"", ""nScaleBits"": ""0"", ""nTranslateBits"": ""0"", ""translateX"": ""0"", ""translateY"": ""0"", ""type"": ""MATRIX""}",
1492,1,PlaceObject2Tag,1,1491,false,"{""hasRotate"": ""false"", ""hasScale"": ""false"", ""nRotateBits"": ""0"", ""nScaleBits"": ""0"", ""nTranslateBits"": ""0"", ""translateX"": ""0"", ""translateY"": ""0"", ""type"": ""MATRIX""}",
1495,1,PlaceObject2Tag,1,1494,false,"{""hasRotate"": ""false"", ""hasScale"": ""false"", ""nRotateBits"": ""0"", ""nScaleBits"": ""0"", ""nTranslateBits"": ""0"", ""translateX"": ""0"", ""translateY"": ""0"", ""type"": ""MATRIX""}",
1498,1,PlaceObject2Tag,1,1497,false,"{""hasRotate"": ""false"", ""hasScale"": ""false"", ""nRotateBits"": ""0"", ""nScaleBits"": ""0"", ""nTranslateBits"": ""0"", ""translateX"": ""0"", ""translateY"": ""0"", ""type"": ""MATRIX""}",
1501,1,PlaceObject2Tag,1,1500,false,"{""hasRotate"": ""false"", ""hasScale"": ""false"", ""nRotateBits"": ""0"", ""nScaleBits"": ""0"", ""nTranslateBits"": ""0"", ""translateX"": ""0"", ""translateY"": ""0"", ""type"": ""MATRIX""}",
1504,1,PlaceObject2Tag,1,1503,false,"{""hasRotate"": ""false"", ""hasScale"": ""false"", ""nRotateBits"": ""0"", ""nScaleBits"": ""0"", ""nTranslateBits"": ""0"", ""translateX"": ""0"", ""translateY"": ""0"", ""type"": ""MATRIX""}",
1507,1,PlaceObject2Tag,1,1506,false,"{""hasRotate"": ""false"", ""hasScale"": ""false"", ""nRotateBits"": ""0"", ""nScaleBits"": ""0"", ""nTranslateBits"": ""0"", ""translateX"": ""0"", ""translateY"": ""0"", ""type"": ""MATRIX""}",
1510,1,PlaceObject2Tag,1,1509,false,"{""hasRotate"": ""false"", ""hasScale"": ""false"", ""nRotateBits"": ""0"", ""nScaleBits"": ""0"", ""nTranslateBits"": ""0"", ""translateX"": ""0"", ""translateY"": ""0"", ""type"": ""MATRIX""}",
1513,1,PlaceObject2Tag,1,1512,false,"{""hasRotate"": ""false"", ""hasScale"": ""false"", ""nRotateBits"": ""0"", ""nScaleBits"": ""0"", ""nTranslateBits"": ""0"", ""translateX"": ""0"", ""translateY"": ""0"", ""type"": ""MATRIX""}",
1516,1,PlaceObject2Tag,1,1515,false,"{""hasRotate"": ""false"", ""hasScale"": ""false"", ""nRotateBits"": ""0"", ""nScaleBits"": ""0"", ""nTranslateBits"": ""0"", ""translateX"": ""0"", ""translateY"": ""0"", ""type"": ""MATRIX""}",
1519,1,PlaceObject2Tag,1,1518,false,"{""hasRotate"": ""false"", ""hasScale"": ""false"", ""nRotateBits"": ""0"", ""nScaleBits"": ""0"", ""nTranslateBits"": ""0"", ""translateX"": ""0"", ""translateY"": ""0"", ""type"": ""MATRIX""}",
1522,1,PlaceObject2Tag,1,1521,false,"{""hasRotate"": ""false"", ""hasScale"": ""false"", ""nRotateBits"": ""0"", ""nScaleBits"": ""0"", ""nTranslateBits"": ""0"", ""translateX"": ""0"", ""translateY"": ""0"", ""type"": ""MATRIX""}",
1525,1,PlaceObject2Tag,1,1524,false,"{""hasRotate"": ""false"", ""hasScale"": ""false"", ""nRotateBits"": ""0"", ""nScaleBits"": ""0"", ""nTranslateBits"": ""0"", ""translateX"": ""0"", ""translateY"": ""0"", ""type"": ""MATRIX""}",
1528,1,PlaceObject2Tag,1,1527,false,"{""hasRotate"": ""false"", ""hasScale"": ""false"", ""nRotateBits"": ""0"", ""nScaleBits"": ""0"", ""nTranslateBits"": ""0"", ""translateX"": ""0"", ""translateY"": ""0"", ""type"": ""MATRIX""}",
1531,1,PlaceObject2Tag,1,1530,false,"{""hasRotate"": ""false"", ""hasScale"": ""false"", ""nRotateBits"": ""0"", ""nScaleBits"": ""0"", ""nTranslateBits"": ""0"", ""translateX"": ""0"", ""translateY"": ""0"", ""type"": ""MATRIX""}",
1534,1,PlaceObject2Tag,1,1533,false,"{""hasRotate"": ""false"", ""hasScale"": ""false"", ""nRotateBits"": ""0"", ""nScaleBits"": ""0"", ""nTranslateBits"": ""0"", ""translateX"": ""0"", ""translateY"": ""0"", ""type"": ""MATRIX""}",
1537,1,PlaceObject2Tag,1,1536,false,"{""hasRotate"": ""false"", ""hasScale"": ""false"", ""nRotateBits"": ""0"", ""nScaleBits"": ""0"", ""nTranslateBits"": ""0"", ""translateX"": ""0"", ""translateY"": ""0"", ""type"": ""MATRIX""}",
1540,1,PlaceObject2Tag,1,1539,false,"{""hasRotate"": ""false"", ""hasScale"": ""false"", ""nRotateBits"": ""0"", ""nScaleBits"": ""0"", ""nTranslateBits"": ""0"", ""translateX"": ""0"", ""translateY"": ""0"", ""type"": ""MATRIX""}",
1543,1,PlaceObject2Tag,1,1542,false,"{""hasRotate"": ""false"", ""hasScale"": ""false"", ""nRotateBits"": ""0"", ""nScaleBits"": ""0"", ""nTranslateBits"": ""0"", ""translateX"": ""0"", ""translateY"": ""0"", ""type"": ""MATRIX""}",
1546,1,PlaceObject2Tag,1,1545,false,"{""hasRotate"": ""false"", ""hasScale"": ""false"", ""nRotateBits"": ""0"", ""nScaleBits"": ""0"", ""nTranslateBits"": ""0"", ""translateX"": ""0"", ""translateY"": ""0"", ""type"": ""MATRIX""}",
1549,1,PlaceObject2Tag,1,1548,false,"{""hasRotate"": ""false"", ""hasScale"": ""false"", ""nRotateBits"": ""0"", ""nScaleBits"": ""0"", ""nTranslateBits"": ""0"", ""translateX"": ""0"", ""translateY"": ""0"", ""type"": ""MATRIX""}",
1552,1,PlaceObject2Tag,1,1551,false,"{""hasRotate"": ""false"", ""hasScale"": ""false"", ""nRotateBits"": ""0"", ""nScaleBits"": ""0"", ""nTranslateBits"": ""0"", ""translateX"": ""0"", ""translateY"": ""0"", ""type"": ""MATRIX""}",
1555,1,PlaceObject2Tag,1,1554,false,"{""hasRotate"": ""false"", ""hasScale"": ""false"", ""nRotateBits"": ""0"", ""nScaleBits"": ""0"", ""nTranslateBits"": ""0"", ""translateX"": ""0"", ""translateY"": ""0"", ""type"": ""MATRIX""}",
1558,1,PlaceObject2Tag,1,1557,false,"{""hasRotate"": ""false"", ""hasScale"": ""false"", ""nRotateBits"": ""0"", ""nScaleBits"": ""0"", ""nTranslateBits"": ""0"", ""translateX"": ""0"", ""translateY"": ""0"", ""type"": ""MATRIX""}",
1575,1,PlaceObject2Tag,1,1560,false,"{""hasRotate"": ""false"", ""hasScale"": ""false"", ""nRotateBits"": ""0"", ""nScaleBits"": ""0"", ""nTranslateBits"": ""0"", ""translateX"": ""0"", ""translateY"": ""0"", ""type"": ""MATRIX""}",
1575,3,PlaceObject2Tag,1,1562,true,,
1575,5,PlaceObject2Tag,1,1564,true,,
1575,7,PlaceObject2Tag,1,1566,true,,
1575,9,PlaceObject2Tag,1,1568,true,,
1575,11,PlaceObject2Tag,1,1570,true,,
1575,13,PlaceObject2Tag,1,1572,true,,
1575,15,PlaceObject2Tag,1,1574,true,,
1592,1,PlaceObject2Tag,1,1577,false,"{""hasRotate"": ""false"", ""hasScale"": ""false"", ""nRotateBits"": ""0"", ""nScaleBits"": ""0"", ""nTranslateBits"": ""0"", ""translateX"": ""0"", ""translateY"": ""0"", ""type"": ""MATRIX""}",
1592,3,PlaceObject2Tag,1,1579,true,,
1592,5,PlaceObject2Tag,1,1581,true,,
1592,7,PlaceObject2Tag,1,1583,true,,
1592,9,PlaceObject2Tag,1,1585,true,,
1592,11,PlaceObject2Tag,1,1587,true,,
1592,13,PlaceObject2Tag,1,1589,true,,
1592,15,PlaceObject2Tag,1,1591,true,,
1609,1,PlaceObject2Tag,1,1594,false,"{""hasRotate"": ""false"", ""hasScale"": ""false"", ""nRotateBits"": ""0"", ""nScaleBits"": ""0"", ""nTranslateBits"": ""0"", ""translateX"": ""0"", ""translateY"": ""0"", ""type"": ""MATRIX""}",
1609,3,PlaceObject2Tag,1,1596,true,,
1609,5,PlaceObject2Tag,1,1598,true,,
1609,7,PlaceObject2Tag,1,1600,true,,
1609,9,PlaceObject2Tag,1,1602,true,,
1609,11,PlaceObject2Tag,1,1604,true,,
1609,13,PlaceObject2Tag,1,1606,true,,
1609,15,PlaceObject2Tag,1,1608,true,,
1622,1,PlaceObject2Tag,16,1612,false,"{""hasRotate"": ""false"", ""hasScale"": ""false"", ""nRotateBits"": ""0"", ""nScaleBits"": ""0"", ""nTranslateBits"": ""0"", ""translateX"": ""0"", ""translateY"": ""0"", ""type"": ""MATRIX""}",
1622,4,PlaceObject2Tag,16,1614,true,,
1622,7,PlaceObject2Tag,16,1616,true,,
1622,10,PlaceObject2Tag,16,1618,true,,
1622,13,PlaceObject2Tag,16,1620,true,,
1622,16,PlaceObject2Tag,16,1621,true,,
1636,1,PlaceObject2Tag,16,1625,false,"{""hasRotate"": ""false"", ""hasScale"": ""false"", ""nRotateBits"": ""0"", ""nScaleBits"": ""0"", ""nTranslateBits"": ""0"", ""translateX"": ""0"", ""translateY"": ""0"", ""type"": ""MATRIX""}",
1636,4,PlaceObject2Tag,16,1627,true,,
1636,7,PlaceObject2Tag,16,1629,true,,
1636,10,PlaceObject2Tag,16,1631,true,,
1636,13,PlaceObject2Tag,16,1633,true,,
1636,16,PlaceObject2Tag,16,1635,true,,
1650,1,PlaceObject2Tag,16,1639,false,"{""hasRotate"": ""false"", ""hasScale"": ""false"", ""nRotateBits"": ""0"", ""nScaleBits"": ""0"", ""nTranslateBits"": ""0"", ""translateX"": ""0"", ""translateY"": ""0"", ""type"": ""MATRIX""}",
1650,4,PlaceObject2Tag,16,1641,true,,
1650,7,PlaceObject2Tag,16,1643,true,,
1650,10,PlaceObject2Tag,16,1645,true,,
1650,13,PlaceObject2Tag,16,1647,true,,
1650,16,PlaceObject2Tag,16,1649,true,,
1651,1,PlaceObject2Tag,1,1610,false,"{""hasRotate"": ""false"", ""hasScale"": ""false"", ""nRotateBits"": ""0"", ""nScaleBits"": ""0"", ""nTranslateBits"": ""0"", ""translateX"": ""0"", ""translateY"": ""0"", ""type"": ""MATRIX""}",
1651,1,PlaceObject2Tag,2,1622,false,"{""hasRotate"": ""false"", ""hasScale"": ""false"", ""nRotateBits"": ""0"", ""nScaleBits"": ""0"", ""nTranslateBits"": ""0"", ""translateX"": ""0"", ""translateY"": ""0"", ""type"": ""MATRIX""}",
1651,11,PlaceObject2Tag,1,1623,true,,
1651,11,PlaceObject2Tag,2,1636,false,"{""hasRotate"": ""false"", ""hasScale"": ""false"", ""nRotateBits"": ""0"", ""nScaleBits"": ""0"", ""nTranslateBits"": ""0"", ""translateX"": ""0"", ""translateY"": ""0"", ""type"": ""MATRIX""}",
1651,21,PlaceObject2Tag,1,1637,true,,
1651,21,PlaceObject2Tag,2,1650,false,"{""hasRotate"": ""false"", ""hasScale"": ""false"", ""nRotateBits"": ""0"", ""nScaleBits"": ""0"", ""nTranslateBits"": ""0"", ""translateX"": ""0"", ""translateY"": ""0"", ""type"": ""MATRIX""}",
1656,1,PlaceObject2Tag,1,1653,false,"{""hasRotate"": ""false"", ""hasScale"": ""false"", ""nRotateBits"": ""0"", ""nScaleBits"": ""0"", ""nTranslateBits"": ""0"", ""translateX"": ""0"", ""translateY"": ""0"", ""type"": ""MATRIX""}",
1656,3,PlaceObject2Tag,1,1655,true,,
1659,1,PlaceObject2Tag,1,1658,false,"{""hasRotate"": ""false"", ""hasScale"": ""false"", ""nRotateBits"": ""0"", ""nScaleBits"": ""0"", ""nTranslateBits"": ""0"", ""translateX"": ""0"", ""translateY"": ""0"", ""type"": ""MATRIX""}",
1676,1,PlaceObject2Tag,1,1661,false,"{""hasRotate"": ""false"", ""hasScale"": ""false"", ""nRotateBits"": ""0"", ""nScaleBits"": ""0"", ""nTranslateBits"": ""0"", ""translateX"": ""0"", ""translateY"": ""0"", ""type"": ""MATRIX""}",
1676,3,PlaceObject2Tag,1,1663,true,,
1676,5,PlaceObject2Tag,1,1665,true,,
1676,7,PlaceObject2Tag,1,1667,true,,
1676,9,PlaceObject2Tag,1,1669,true,,
1676,11,PlaceObject2Tag,1,1671,true,,
1676,13,PlaceObject2Tag,1,1673,true,,
1676,15,PlaceObject2Tag,1,1675,true,,
1720,1,PlaceObject2Tag,1,1687,false,"{""hasRotate"": ""false"", ""hasScale"": ""false"", ""nRotateBits"": ""0"", ""nScaleBits"": ""0"", ""nTranslateBits"": ""0"", ""translateX"": ""0"", ""translateY"": ""0"", ""type"": ""MATRIX""}",
1720,11,PlaceObject2Tag,1,1689,true,,
1720,21,PlaceObject2Tag,1,1691,true,,
1720,31,PlaceObject2Tag,1,1693,true,,
1720,41,PlaceObject2Tag,1,1695,true,,
1720,51,PlaceObject2Tag,1,1697,true,,
1720,61,PlaceObject2Tag,1,1699,true,,
1720,71,PlaceObject2Tag,1,1701,true,,
1720,81,PlaceObject2Tag,1,1703,true,,
1720,91,PlaceObject2Tag,1,1705,true,,
1720,101,PlaceObject2Tag,1,1707,true,,
1720,111,PlaceObject2Tag,1,1709,true,,
1720,121,PlaceObject2Tag,1,1711,true,,
1720,131,PlaceObject2Tag,1,1713,true,,
1720,141,PlaceObject2Tag,1,1715,true,,
1720,151,PlaceObject2Tag,1,1717,true,,
1720,161,PlaceObject2Tag,1,1719,true,,
1723,1,PlaceObject2Tag,1,1685,false,"{""hasRotate"": ""false"", ""hasScale"": ""false"", ""nRotateBits"": ""0"", ""nScaleBits"": ""0"", ""nTranslateBits"": ""0"", ""translateX"": ""0"", ""translateY"": ""0"", ""type"": ""MATRIX""}",
1723,1,PlaceObject2Tag,2,1720,false,"{""hasRotate"": ""false"", ""hasScale"": ""false"", ""nRotateBits"": ""0"", ""nScaleBits"": ""0"", ""nTranslateBits"": ""9"", ""translateX"": ""-180"", ""translateY"": ""-180"", ""type"": ""MATRIX""}",weapon
1723,11,PlaceObject2Tag,1,1722,true,,
1724,1,PlaceObject2Tag,1,1682,false,"{""hasRotate"": ""false"", ""hasScale"": ""false"", ""nRotateBits"": ""0"", ""nScaleBits"": ""0"", ""nTranslateBits"": ""0"", ""translateX"": ""0"", ""translateY"": ""0"", ""type"": ""MATRIX""}",
1725,1,PlaceObject2Tag,3,689,false,"{""hasRotate"": ""false"", ""hasScale"": ""false"", ""nRotateBits"": ""0"", ""nScaleBits"": ""0"", ""nTranslateBits"": ""0"", ""translateX"": ""0"", ""translateY"": ""0"", ""type"": ""MATRIX""}",
1725,10,PlaceObject2Tag,1,1656,false,"{""hasRotate"": ""false"", ""hasScale"": ""false"", ""nRotateBits"": ""0"", ""nScaleBits"": ""0"", ""nTranslateBits"": ""12"", ""translateX"": ""0"", ""translateY"": ""-1081"", ""type"": ""MATRIX""}",
1725,20,PlaceObject2Tag,1,1659,false,"{""hasRotate"": ""false"", ""hasScale"": ""false"", ""nRotateBits"": ""0"", ""nScaleBits"": ""0"", ""nTranslateBits"": ""12"", ""translateX"": ""-340"", ""translateY"": ""-1079"", ""type"": ""MATRIX""}",
1725,20,PlaceObject2Tag,4,1676,false,"{""hasRotate"": ""false"", ""hasScale"": ""false"", ""nRotateBits"": ""0"", ""nScaleBits"": ""0"", ""nTranslateBits"": ""10"", ""translateX"": ""0"", ""translateY"": ""280"", ""type"": ""MATRIX""}",
1725,21,PlaceObject2Tag,1,,true,"{""hasRotate"": ""false"", ""hasScale"": ""true"", ""nRotateBits"": ""0"", ""nScaleBits"": ""18"", ""nTranslateBits"": ""11"", ""scaleX"": ""1.0000763"", ""scaleY"": ""0.93600464"", ""translateX"": ""-340"", ""translateY"": ""-1003"", ""type"": ""MATRIX""}",
1725,22,PlaceObject2Tag,1,,true,"{""hasRotate"": ""false"", ""hasScale"": ""true"", ""nRotateBits"": ""0"", ""nScaleBits"": ""18"", ""nTranslateBits"": ""11"", ""scaleX"": ""1.0001526"", ""scaleY"": ""0.8720093"", ""translateX"": ""-340"", ""translateY"": ""-926"", ""type"": ""MATRIX""}",
1725,23,PlaceObject2Tag,1,,true,"{""hasRotate"": ""false"", ""hasScale"": ""true"", ""nRotateBits"": ""0"", ""nScaleBits"": ""18"", ""nTranslateBits"": ""11"", ""scaleX"": ""1.0002289"", ""scaleY"": ""0.8080292"", ""translateX"": ""-340"", ""translateY"": ""-850"", ""type"": ""MATRIX""}",
1725,24,PlaceObject2Tag,1,,true,"{""hasRotate"": ""false"", ""hasScale"": ""true"", ""nRotateBits"": ""0"", ""nScaleBits"": ""18"", ""nTranslateBits"": ""11"", ""scaleX"": ""1.0003052"", ""scaleY"": ""0.74401855"", ""translateX"": ""-340"", ""translateY"": ""-774"", ""type"": ""MATRIX""}",
1725,25,PlaceObject2Tag,1,,true,"{""hasRotate"": ""false"", ""hasScale"": ""true"", ""nRotateBits"": ""0"", ""nScaleBits"": ""18"", ""nTranslateBits"": ""11"", ""scaleX"": ""1.0003815"", ""scaleY"": ""0.6800232"", ""translateX"": ""-340"", ""translateY"": ""-697"", ""type"": ""MATRIX""}",
1725,26,PlaceObject2Tag,1,,true,"{""hasRotate"": ""false"", ""hasScale"": ""true"", ""nRotateBits"": ""0"", ""nScaleBits"": ""18"", ""nTranslateBits"": ""11"", ""scaleX"": ""1.0004578"", ""scaleY"": ""0.61602783"", ""translateX"": ""-340"", ""translateY"": ""-622"", ""type"": ""MATRIX""}",
1725,27,PlaceObject2Tag,1,,true,"{""hasRotate"": ""false"", ""hasScale"": ""true"", ""nRotateBits"": ""0"", ""nScaleBits"": ""18"", ""nTranslateBits"": ""11"", ""scaleX"": ""1.000534"", ""scaleY"": ""0.5520477"", ""translateX"": ""-340"", ""translateY"": ""-545"", ""type"": ""MATRIX""}",
1725,28,PlaceObject2Tag,1,,true,"{""hasRotate"": ""false"", ""hasScale"": ""true"", ""nRotateBits"": ""0"", ""nScaleBits"": ""18"", ""nTranslateBits"": ""10"", ""scaleX"": ""1.0005951"", ""scaleY"": ""0.48805237"", ""translateX"": ""-340"", ""translateY"": ""-469"", ""type"": ""MATRIX""}",
1725,29,PlaceObject2Tag,1,,true,"{""hasRotate"": ""false"", ""hasScale"": ""true"", ""nRotateBits"": ""0"", ""nScaleBits"": ""18"", ""nTranslateBits"": ""10"", ""scaleX"": ""1.0006714"", ""scaleY"": ""0.424057"", ""translateX"": ""-340"", ""translateY"": ""-393"", ""type"": ""MATRIX""}",
1725,30,PlaceObject2Tag,1,,true,"{""hasRotate"": ""false"", ""hasScale"": ""true"", ""nRotateBits"": ""0"", ""nScaleBits"": ""18"", ""nTranslateBits"": ""10"", ""scaleX"": ""1.0007477"", ""scaleY"": ""0.36006165"", ""translateX"": ""-340"", ""translateY"": ""-316"", ""type"": ""MATRIX""}",
1725,31,PlaceObject2Tag,1,,true,"{""hasRotate"": ""false"", ""hasScale"": ""true"", ""nRotateBits"": ""0"", ""nScaleBits"": ""18"", ""nTranslateBits"": ""10"", ""scaleX"": ""1.000824"", ""scaleY"": ""0.29605103"", ""translateX"": ""-340"", ""translateY"": ""-239"", ""type"": ""MATRIX""}",
1725,32,PlaceObject2Tag,1,,true,"{""hasRotate"": ""false"", ""hasScale"": ""true"", ""nRotateBits"": ""0"", ""nScaleBits"": ""18"", ""nTranslateBits"": ""10"", ""scaleX"": ""1.0009003"", ""scaleY"": ""0.23207092"", ""translateX"": ""-340"", ""translateY"": ""-163"", ""type"": ""MATRIX""}",
1725,33,PlaceObject2Tag,1,,true,"{""hasRotate"": ""false"", ""hasScale"": ""true"", ""nRotateBits"": ""0"", ""nScaleBits"": ""18"", ""nTranslateBits"": ""10"", ""scaleX"": ""1.0009766"", ""scaleY"": ""0.16807556"", ""translateX"": ""-340"", ""translateY"": ""-86"", ""type"": ""MATRIX""}",
1725,34,PlaceObject2Tag,1,,true,"{""hasRotate"": ""false"", ""hasScale"": ""true"", ""nRotateBits"": ""0"", ""nScaleBits"": ""18"", ""nTranslateBits"": ""10"", ""scaleX"": ""1.0010529"", ""scaleY"": ""0.1040802"", ""translateX"": ""-340"", ""translateY"": ""-49"", ""type"": ""MATRIX""}",
1725,35,PlaceObject2Tag,1,1678,false,"{""hasRotate"": ""false"", ""hasScale"": ""false"", ""nRotateBits"": ""0"", ""nScaleBits"": ""0"", ""nTranslateBits"": ""0"", ""translateX"": ""0"", ""translateY"": ""0"", ""type"": ""MATRIX""}",
1725,35,PlaceObject2Tag,2,958,false,"{""hasRotate"": ""false"", ""hasScale"": ""false"", ""nRotateBits"": ""0"", ""nScaleBits"": ""0"", ""nTranslateBits"": ""11"", ""translateX"": ""-580"", ""translateY"": ""-740"", ""type"": ""MATRIX""}",
1725,38,PlaceObject2Tag,1,1680,true,,
1725,41,PlaceObject2Tag,1,1682,true,"{""hasRotate"": ""false"", ""hasScale"": ""false"", ""nRotateBits"": ""0"", ""nScaleBits"": ""0"", ""nTranslateBits"": ""10"", ""translateX"": ""-340"", ""translateY"": ""-480"", ""type"": ""MATRIX""}",
1725,44,PlaceObject2Tag,2,1683,false,"{""hasRotate"": ""false"", ""hasScale"": ""false"", ""nRotateBits"": ""0"", ""nScaleBits"": ""0"", ""nTranslateBits"": ""0"", ""translateX"": ""0"", ""translateY"": ""0"", ""type"": ""MATRIX""}",
1725,44,PlaceObject2Tag,3,1723,false,"{""hasRotate"": ""false"", ""hasScale"": ""false"", ""nRotateBits"": ""0"", ""nScaleBits"": ""0"", ""nTranslateBits"": ""9"", ""translateX"": ""0"", ""translateY"": ""180"", ""type"": ""MATRIX""}",weapon
1725,45,PlaceObject2Tag,3,,true,"{""hasRotate"": ""false"", ""hasScale"": ""false"", ""nRotateBits"": ""0"", ""nScaleBits"": ""0"", ""nTranslateBits"": ""4"", ""translateX"": ""0"", ""translateY"": ""6"", ""type"": ""MATRIX""}",
1725,46,PlaceObject2Tag,3,,true,"{""hasRotate"": ""false"", ""hasScale"": ""false"", ""nRotateBits"": ""0"", ""nScaleBits"": ""0"", ""nTranslateBits"": ""9"", ""translateX"": ""0"", ""translateY"": ""-151"", ""type"": ""MATRIX""}",
1725,47,PlaceObject2Tag,3,,true,"{""hasRotate"": ""false"", ""hasScale"": ""false"", ""nRotateBits"": ""0"", ""nScaleBits"": ""0"", ""nTranslateBits"": ""10"", ""translateX"": ""0"", ""translateY"": ""-291"", ""type"": ""MATRIX""}",
1725,48,PlaceObject2Tag,3,,true,"{""hasRotate"": ""false"", ""hasScale"": ""false"", ""nRotateBits"": ""0"", ""nScaleBits"": ""0"", ""nTranslateBits"": ""10"", ""translateX"": ""0"", ""translateY"": ""-415"", ""type"": ""MATRIX""}",
1725,49,PlaceObject2Tag,3,,true,"{""hasRotate"": ""false"", ""hasScale"": ""false"", ""nRotateBits"": ""0"", ""nScaleBits"": ""0"", ""nTranslateBits"": ""11"", ""translateX"": ""0"", ""translateY"": ""-522"", ""type"": ""MATRIX""}",
1725,50,PlaceObject2Tag,3,,true,"{""hasRotate"": ""false"", ""hasScale"": ""false"", ""nRotateBits"": ""0"", ""nScaleBits"": ""0"", ""nTranslateBits"": ""11"", ""translateX"": ""0"", ""translateY"": ""-613"", ""type"": ""MATRIX""}",
1725,51,PlaceObject2Tag,3,,true,"{""hasRotate"": ""false"", ""hasScale"": ""false"", ""nRotateBits"": ""0"", ""nScaleBits"": ""0"", ""nTranslateBits"": ""11"", ""translateX"": ""0"", ""translateY"": ""-688"", ""type"": ""MATRIX""}",
1725,52,PlaceObject2Tag,3,,true,"{""hasRotate"": ""false"", ""hasScale"": ""false"", ""nRotateBits"": ""0"", ""nScaleBits"": ""0"", ""nTranslateBits"": ""11"", ""translateX"": ""0"", ""translateY"": ""-746"", ""type"": ""MATRIX""}",
1725,53,PlaceObject2Tag,3,,true,"{""hasRotate"": ""false"", ""hasScale"": ""false"", ""nRotateBits"": ""0"", ""nScaleBits"": ""0"", ""nTranslateBits"": ""11"", ""translateX"": ""0"", ""translateY"": ""-787"", ""type"": ""MATRIX""}",
1725,54,PlaceObject2Tag,3,,true,"{""hasRotate"": ""false"", ""hasScale"": ""false"", ""nRotateBits"": ""0"", ""nScaleBits"": ""0"", ""nTranslateBits"": ""11"", ""translateX"": ""0"", ""translateY"": ""-812"", ""type"": ""MATRIX""}",
1725,55,PlaceObject2Tag,3,,true,"{""hasRotate"": ""false"", ""hasScale"": ""false"", ""nRotateBits"": ""0"", ""nScaleBits"": ""0"", ""nTranslateBits"": ""11"", ""translateX"": ""0"", ""translateY"": ""-820"", ""type"": ""MATRIX""}",
1725,69,PlaceObject3Tag,3,,true,,
1725,70,PlaceObject2Tag,3,,true,,
1725,71,PlaceObject2Tag,3,,true,,
1725,72,PlaceObject2Tag,3,,true,,
1725,73,PlaceObject2Tag,3,,true,,
1725,74,PlaceObject2Tag,3,,true,,
1725,75,PlaceObject2Tag,3,,true,,
1725,76,PlaceObject2Tag,3,,true,,
1725,77,PlaceObject2Tag,3,,true,,
1725,78,PlaceObject2Tag,3,,true,,
1725,79,PlaceObject2Tag,3,,true,,
1725,80,PlaceObject3Tag,3,,true,,
1725,81,PlaceObject2Tag,1,1724,false,"{""hasRotate"": ""false"", ""hasScale"": ""false"", ""nRotateBits"": ""0"", ""nScaleBits"": ""0"", ""nTranslateBits"": ""10"", ""translateX"": ""-340"", ""translateY"": ""-480"", ""type"": ""MATRIX""}",
1725,82,PlaceObject2Tag,1,,true,,
1725,83,PlaceObject2Tag,1,,true,,
1725,84,PlaceObject2Tag,1,,true,,
1725,85,PlaceObject2Tag,1,,true,,
1725,86,PlaceObject2Tag,1,,true,,
1725,87,PlaceObject2Tag,1,,true,,
1725,88,PlaceObject2Tag,1,,true,,
1725,89,PlaceObject2Tag,1,,true,,
1725,90,PlaceObject2Tag,1,,true,,
1780,1,PlaceObject2Tag,1,1727,false,"{""hasRotate"": ""false"", ""hasScale"": ""false"", ""nRotateBits"": ""0"", ""nScaleBits"": ""0"", ""nTranslateBits"": ""0"", ""translateX"": ""0"", ""translateY"": ""0"", ""type"": ""MATRIX""}",
1780,3,PlaceObject2Tag,1,1729,true,,
1780,5,PlaceObject2Tag,1,1731,true,,
1780,7,PlaceObject2Tag,1,1733,true,,
1780,9,PlaceObject2Tag,1,1735,true,,
1780,11,PlaceObject2Tag,1,1737,true,,
1780,13,PlaceObject2Tag,1,1739,true,,
1780,15,PlaceObject2Tag,1,1741,true,,
1780,17,PlaceObject2Tag,1,1743,true,,
1780,25,PlaceObject2Tag,1,1745,false,"{""hasRotate"": ""false"", ""hasScale"": ""false"", ""nRotateBits"": ""0"", ""nScaleBits"": ""0"", ""nTranslateBits"": ""0"", ""translateX"": ""0"", ""translateY"": ""0"", ""type"": ""MATRIX""}",
1780,27,PlaceObject2Tag,1,1747,true,,
1780,29,PlaceObject2Tag,1,1749,true,,
1780,31,PlaceObject2Tag,1,1751,true,,
1780,33,PlaceObject2Tag,1,1753,true,,
1780,35,PlaceObject2Tag,1,1755,true,,
1780,37,PlaceObject2Tag,1,1757,true,,
1780,39,PlaceObject2Tag,1,1759,true,,
1780,41,PlaceObject2Tag,1,1761,true,,
1780,49,PlaceObject2Tag,1,1763,false,"{""hasRotate"": ""false"", ""hasScale"": ""false"", ""nRotateBits"": ""0"", ""nScaleBits"": ""0"", ""nTranslateBits"": ""0"", ""translateX"": ""0"", ""translateY"": ""0"", ""type"": ""MATRIX""}",
1780,51,PlaceObject2Tag,1,1765,true,,
1780,53,PlaceObject2Tag,1,1767,true,,
1780,55,PlaceObject2Tag,1,1769,true,,
1780,57,PlaceObject2Tag,1,1771,true,,
1780,59,PlaceObject2Tag,1,1773,true,,
1780,61,PlaceObject2Tag,1,1775,true,,
1780,63,PlaceObject2Tag,1,1777,true,,
1780,65,PlaceObject2Tag,1,1779,true,,
1785,1,PlaceObject2Tag,1,1781,false,"{""hasRotate"": ""false"", ""hasScale"": ""false"", ""nRotateBits"": ""0"", ""nScaleBits"": ""0"", ""nTranslateBits"": ""13"", ""translateX"": ""-2242"", ""translateY"": ""899"", ""type"": ""MATRIX""}",
1785,2,PlaceObject2Tag,1,1782,true,,
1785,3,PlaceObject2Tag,1,1783,false,"{""hasRotate"": ""false"", ""hasScale"": ""false"", ""nRotateBits"": ""0"", ""nScaleBits"": ""0"", ""nTranslateBits"": ""0"", ""translateX"": ""0"", ""translateY"": ""0"", ""type"": ""MATRIX""}",
1785,4,PlaceObject2Tag,1,,true,,
1785,5,PlaceObject2Tag,1,,true,,
1785,6,PlaceObject2Tag,1,,true,,
1785,7,PlaceObject2Tag,1,1784,false,"{""hasRotate"": ""false"", ""hasScale"": ""false"", ""nRotateBits"": ""0"", ""nScaleBits"": ""0"", ""nTranslateBits"": ""0"", ""translateX"": ""0"", ""translateY"": ""0"", ""type"": ""MATRIX""}",
1806,1,PlaceObject2Tag,1,1799,false,"{""hasRotate"": ""false"", ""hasScale"": ""false"", ""nRotateBits"": ""0"", ""nScaleBits"": ""0"", ""nTranslateBits"": ""0"", ""translateX"": ""0"", ""translateY"": ""0"", ""type"": ""MATRIX""}",
1806,2,PlaceObject2Tag,1,1801,true,,
1806,3,PlaceObject2Tag,1,1803,true,,
1806,4,PlaceObject2Tag,1,1805,true,,
1813,1,PlaceObject2Tag,1,1787,false,"{""hasRotate"": ""false"", ""hasScale"": ""false"", ""nRotateBits"": ""0"", ""nScaleBits"": ""0"", ""nTranslateBits"": ""0"", ""translateX"": ""0"", ""translateY"": ""0"", ""type"": ""MATRIX""}",
1813,11,PlaceObject2Tag,1,1789,true,,
1813,20,PlaceObject2Tag,1,1791,true,,
1813,30,PlaceObject2Tag,1,1793,true,,
1813,40,PlaceObject2Tag,1,1795,true,,
1813,50,PlaceObject2Tag,1,1797,true,,
1813,60,PlaceObject2Tag,1,1806,false,"{""hasRotate"": ""false"", ""hasScale"": ""false"", ""nRotateBits"": ""0"", ""nScaleBits"": ""0"", ""nTranslateBits"": ""0"", ""translateX"": ""0"", ""translateY"": ""0"", ""type"": ""MATRIX""}",fan
1813,69,PlaceObject2Tag,1,1808,false,"{""hasRotate"": ""false"", ""hasScale"": ""false"", ""nRotateBits"": ""0"", ""nScaleBits"": ""0"", ""nTranslateBits"": ""0"", ""translateX"": ""0"", ""translateY"": ""0"", ""type"": ""MATRIX""}",
1813,78,PlaceObject2Tag,1,1810,true,,
1813,87,PlaceObject2Tag,1,1812,true,,
1817,1,PlaceObject2Tag,1,1815,false,"{""hasRotate"": ""false"", ""hasScale"": ""false"", ""nRotateBits"": ""0"", ""nScaleBits"": ""0"", ""nTranslateBits"": ""0"", ""translateX"": ""0"", ""translateY"": ""0"", ""type"": ""MATRIX""}",
1817,10,PlaceObject2Tag,2,1816,false,"{""hasRotate"": ""false"", ""hasScale"": ""false"", ""nRotateBits"": ""0"", ""nScaleBits"": ""0"", ""nTranslateBits"": ""9"", ""translateX"": ""-200"", ""translateY"": ""-200"", ""type"": ""MATRIX""}",
1820,1,PlaceObject2Tag,1,1819,false,"{""hasRotate"": ""false"", ""hasScale"": ""false"", ""nRotateBits"": ""0"", ""nScaleBits"": ""0"", ""nTranslateBits"": ""0"", ""translateX"": ""0"", ""translateY"": ""0"", ""type"": ""MATRIX""}",
1820,10,PlaceObject2Tag,2,1816,false,"{""hasRotate"": ""false"", ""hasScale"": ""false"", ""nRotateBits"": ""0"", ""nScaleBits"": ""0"", ""nTranslateBits"": ""9"", ""translateX"": ""-200"", ""translateY"": ""-200"", ""type"": ""MATRIX""}",
1827,1,PlaceObject2Tag,1,1826,false,"{""hasRotate"": ""false"", ""hasScale"": ""false"", ""nRotateBits"": ""0"", ""nScaleBits"": ""0"", ""nTranslateBits"": ""0"", ""translateX"": ""0"", ""translateY"": ""0"", ""type"": ""MATRIX""}",
1831,1,PlaceObject2Tag,1,1822,false,"{""hasRotate"": ""false"", ""hasScale"": ""false"", ""nRotateBits"": ""0"", ""nScaleBits"": ""0"", ""nTranslateBits"": ""0"", ""translateX"": ""0"", ""translateY"": ""0"", ""type"": ""MATRIX""}",
1831,11,PlaceObject2Tag,1,1824,true,,
1831,11,PlaceObject2Tag,2,1720,false,"{""hasRotate"": ""false"", ""hasScale"": ""false"", ""nRotateBits"": ""0"", ""nScaleBits"": ""0"", ""nTranslateBits"": ""7"", ""translateX"": ""60"", ""translateY"": ""60"", ""type"": ""MATRIX""}",icon
1831,11,PlaceObject2Tag,4,149,false,"{""hasRotate"": ""false"", ""hasScale"": ""false"", ""nRotateBits"": ""0"", ""nScaleBits"": ""0"", ""nTranslateBits"": ""10"", ""translateX"": ""239"", ""translateY"": ""440"", ""type"": ""MATRIX""}",count
1831,11,PlaceObject2Tag,5,1827,false,"{""hasRotate"": ""false"", ""hasScale"": ""false"", ""nRotateBits"": ""0"", ""nScaleBits"": ""0"", ""nTranslateBits"": ""11"", ""translateX"": ""239"", ""translateY"": ""540"", ""type"": ""MATRIX""}",infinity
1831,21,PlaceObject2Tag,7,1828,false,"{""hasRotate"": ""false"", ""hasScale"": ""false"", ""nRotateBits"": ""0"", ""nScaleBits"": ""0"", ""nTranslateBits"": ""0"", ""translateX"": ""0"", ""translateY"": ""0"", ""type"": ""MATRIX""}",
1831,31,PlaceObject2Tag,1,1830,true,,
1831,41,PlaceObject2Tag,7,1828,false,"{""hasRotate"": ""false"", ""hasScale"": ""false"", ""nRotateBits"": ""0"", ""nScaleBits"": ""0"", ""nTranslateBits"": ""0"", ""translateX"": ""0"", ""translateY"": ""0"", ""type"": ""MATRIX""}",
1839,1,PlaceObject2Tag,1,1833,false,"{""hasRotate"": ""false"", ""hasScale"": ""false"", ""nRotateBits"": ""0"", ""nScaleBits"": ""0"", ""nTranslateBits"": ""0"", ""translateX"": ""0"", ""translateY"": ""0"", ""type"": ""MATRIX""}",
1839,10,PlaceObject2Tag,1,1835,true,,
1839,19,PlaceObject2Tag,2,1836,false,"{""hasRotate"": ""false"", ""hasScale"": ""false"", ""nRotateBits"": ""0"", ""nScaleBits"": ""0"", ""nTranslateBits"": ""0"", ""translateX"": ""0"", ""translateY"": ""0"", ""type"": ""MATRIX""}",
1839,29,PlaceObject2Tag,1,1838,true,,
1839,38,PlaceObject2Tag,2,1836,false,"{""hasRotate"": ""false"", ""hasScale"": ""false"", ""nRotateBits"": ""0"", ""nScaleBits"": ""0"", ""nTranslateBits"": ""0"", ""translateX"": ""0"", ""translateY"": ""0"", ""type"": ""MATRIX""}",
1844,1,PlaceObject2Tag,1,1841,false,"{""hasRotate"": ""false"", ""hasScale"": ""false"", ""nRotateBits"": ""0"", ""nScaleBits"": ""0"", ""nTranslateBits"": ""0"", ""translateX"": ""0"", ""translateY"": ""0"", ""type"": ""MATRIX""}",
1844,10,PlaceObject2Tag,2,1836,false,"{""hasRotate"": ""false"", ""hasScale"": ""false"", ""nRotateBits"": ""0"", ""nScaleBits"": ""0"", ""nTranslateBits"": ""0"", ""translateX"": ""0"", ""translateY"": ""0"", ""type"": ""MATRIX""}",
1844,20,PlaceObject2Tag,1,1843,true,,
1844,29,PlaceObject2Tag,2,1836,false,"{""hasRotate"": ""false"", ""hasScale"": ""false"", ""nRotateBits"": ""0"", ""nScaleBits"": ""0"", ""nTranslateBits"": ""0"", ""translateX"": ""0"", ""translateY"": ""0"", ""type"": ""MATRIX""}",
1847,1,PlaceObject2Tag,1,1846,false,"{""hasRotate"": ""false"", ""hasScale"": ""false"", ""nRotateBits"": ""0"", ""nScaleBits"": ""0"", ""nTranslateBits"": ""0"", ""translateX"": ""0"", ""translateY"": ""0"", ""type"": ""MATRIX""}",
1847,10,PlaceObject2Tag,2,1816,false,"{""hasRotate"": ""false"", ""hasScale"": ""false"", ""nRotateBits"": ""0"", ""nScaleBits"": ""0"", ""nTranslateBits"": ""0"", ""translateX"": ""0"", ""translateY"": ""0"", ""type"": ""MATRIX""}",
1850,1,PlaceObject2Tag,1,1849,false,"{""hasRotate"": ""false"", ""hasScale"": ""false"", ""nRotateBits"": ""0"", ""nScaleBits"": ""0"", ""nTranslateBits"": ""0"", ""translateX"": ""0"", ""translateY"": ""0"", ""type"": ""MATRIX""}",
1850,10,PlaceObject2Tag,2,1816,false,"{""hasRotate"": ""false"", ""hasScale"": ""false"", ""nRotateBits"": ""0"", ""nScaleBits"": ""0"", ""nTranslateBits"": ""0"", ""translateX"": ""0"", ""translateY"": ""0"", ""type"": ""MATRIX""}",
1855,1,PlaceObject2Tag,1,1852,false,"{""hasRotate"": ""false"", ""hasScale"": ""false"", ""nRotateBits"": ""0"", ""nScaleBits"": ""0"", ""nTranslateBits"": ""0"", ""translateX"": ""0"", ""translateY"": ""0"", ""type"": ""MATRIX""}",
1855,1,PlaceObject2Tag,2,1847,false,"{""hasRotate"": ""false"", ""hasScale"": ""false"", ""nRotateBits"": ""0"", ""nScaleBits"": ""0"", ""nTranslateBits"": ""14"", ""translateX"": ""5120"", ""translateY"": ""0"", ""type"": ""MATRIX""}",cancel
1855,1,PlaceObject2Tag,5,1839,false,"{""hasRotate"": ""false"", ""hasScale"": ""false"", ""nRotateBits"": ""0"", ""nScaleBits"": ""0"", ""nTranslateBits"": ""11"", ""translateX"": ""220"", ""translateY"": ""580"", ""type"": ""MATRIX""}",button_throw
1855,1,PlaceObject2Tag,8,1831,false,"{""hasRotate"": ""false"", ""hasScale"": ""false"", ""nRotateBits"": ""0"", ""nScaleBits"": ""0"", ""nTranslateBits"": ""13"", ""translateX"": ""2240"", ""translateY"": ""580"", ""type"": ""MATRIX""}",button_cherryBomb
1855,1,PlaceObject2Tag,16,1831,false,"{""hasRotate"": ""false"", ""hasScale"": ""false"", ""nRotateBits"": ""0"", ""nScaleBits"": ""0"", ""nTranslateBits"": ""13"", ""translateX"": ""2860"", ""translateY"": ""580"", ""type"": ""MATRIX""}",button_boulder
1855,1,PlaceObject2Tag,24,1831,false,"{""hasRotate"": ""false"", ""hasScale"": ""false"", ""nRotateBits"": ""0"", ""nScaleBits"": ""0"", ""nTranslateBits"": ""13"", ""translateX"": ""3480"", ""translateY"": ""580"", ""type"": ""MATRIX""}",button_dynamite
1855,1,PlaceObject2Tag,32,1831,false,"{""hasRotate"": ""false"", ""hasScale"": ""false"", ""nRotateBits"": ""0"", ""nScaleBits"": ""0"", ""nTranslateBits"": ""14"", ""translateX"": ""4100"", ""translateY"": ""580"", ""type"": ""MATRIX""}",button_piecesOfEight
1855,1,PlaceObject2Tag,40,1831,false,"{""hasRotate"": ""false"", ""hasScale"": ""false"", ""nRotateBits"": ""0"", ""nScaleBits"": ""0"", ""nTranslateBits"": ""14"", ""translateX"": ""4720"", ""translateY"": ""580"", ""type"": ""MATRIX""}",button_rumBottle
1855,1,PlaceObject2Tag,48,1831,false,"{""hasRotate"": ""false"", ""hasScale"": ""false"", ""nRotateBits"": ""0"", ""nScaleBits"": ""0"", ""nTranslateBits"": ""13"", ""translateX"": ""2240"", ""translateY"": ""1440"", ""type"": ""MATRIX""}",button_banana
1855,1,PlaceObject2Tag,56,1831,false,"{""hasRotate"": ""false"", ""hasScale"": ""false"", ""nRotateBits"": ""0"", ""nScaleBits"": ""0"", ""nTranslateBits"": ""13"", ""translateX"": ""2860"", ""translateY"": ""1440"", ""type"": ""MATRIX""}",button_parachuteBomb
1855,1,PlaceObject2Tag,64,1831,false,"{""hasRotate"": ""false"", ""hasScale"": ""false"", ""nRotateBits"": ""0"", ""nScaleBits"": ""0"", ""nTranslateBits"": ""13"", ""translateX"": ""3480"", ""translateY"": ""1440"", ""type"": ""MATRIX""}",button_woodenCrate
1855,1,PlaceObject2Tag,72,1831,false,"{""hasRotate"": ""false"", ""hasScale"": ""false"", ""nRotateBits"": ""0"", ""nScaleBits"": ""0"", ""nTranslateBits"": ""14"", ""translateX"": ""4100"", ""translateY"": ""1440"", ""type"": ""MATRIX""}",button_gunpowderBarrel
1855,1,PlaceObject2Tag,80,1831,false,"{""hasRotate"": ""false"", ""hasScale"": ""false"", ""nRotateBits"": ""0"", ""nScaleBits"": ""0"", ""nTranslateBits"": ""14"", ""translateX"": ""4720"", ""translateY"": ""1440"", ""type"": ""MATRIX""}",button_seagull
1855,1,PlaceObject2Tag,88,1831,false,"{""hasRotate"": ""false"", ""hasScale"": ""false"", ""nRotateBits"": ""0"", ""nScaleBits"": ""0"", ""nTranslateBits"": ""13"", ""translateX"": ""2240"", ""translateY"": ""2300"", ""type"": ""MATRIX""}",button_mine
1855,1,PlaceObject2Tag,96,1831,false,"{""hasRotate"": ""false"", ""hasScale"": ""false"", ""nRotateBits"": ""0"", ""nScaleBits"": ""0"", ""nTranslateBits"": ""13"", ""translateX"": ""2860"", ""translateY"": ""2300"", ""type"": ""MATRIX""}",button_cannon
1855,1,PlaceObject2Tag,104,1831,false,"{""hasRotate"": ""false"", ""hasScale"": ""false"", ""nRotateBits"": ""0"", ""nScaleBits"": ""0"", ""nTranslateBits"": ""13"", ""translateX"": ""3480"", ""translateY"": ""2300"", ""type"": ""MATRIX""}",button_anchor
1855,1,PlaceObject2Tag,112,1831,false,"{""hasRotate"": ""false"", ""hasScale"": ""false"", ""nRotateBits"": ""0"", ""nScaleBits"": ""0"", ""nTranslateBits"": ""14"", ""translateX"": ""4100"", ""translateY"": ""2300"", ""type"": ""MATRIX""}",button_voodooDoll
1855,1,PlaceObject2Tag,120,1831,false,"{""hasRotate"": ""false"", ""hasScale"": ""false"", ""nRotateBits"": ""0"", ""nScaleBits"": ""0"", ""nTranslateBits"": ""14"", ""translateX"": ""4720"", ""translateY"": ""2300"", ""type"": ""MATRIX""}",button_tidalWave
1855,1,PlaceObject2Tag,128,1844,false,"{""hasRotate"": ""false"", ""hasScale"": ""true"", ""nRotateBits"": ""0"", ""nScaleBits"": ""18"", ""nTranslateBits"": ""12"", ""scaleX"": ""1.0005798"", ""scaleY"": ""1.000885"", ""translateX"": ""220"", ""translateY"": ""1879"", ""type"": ""MATRIX""}",button_endTurn
1855,1,PlaceObject2Tag,131,149,false,"{""hasRotate"": ""false"", ""hasScale"": ""false"", ""nRotateBits"": ""0"", ""nScaleBits"": ""0"", ""nTranslateBits"": ""9"", ""translateX"": ""207"", ""translateY"": ""187"", ""type"": ""MATRIX""}",title
1855,1,PlaceObject2Tag,132,149,false,"{""hasRotate"": ""false"", ""hasScale"": ""false"", ""nRotateBits"": ""0"", ""nScaleBits"": ""0"", ""nTranslateBits"": ""13"", ""translateX"": ""400"", ""translateY"": ""3419"", ""type"": ""MATRIX""}",description
1855,11,PlaceObject2Tag,1,1854,true,,
1855,11,PlaceObject2Tag,2,1850,false,"{""hasRotate"": ""false"", ""hasScale"": ""false"", ""nRotateBits"": ""0"", ""nScaleBits"": ""0"", ""nTranslateBits"": ""14"", ""translateX"": ""5120"", ""translateY"": ""0"", ""type"": ""MATRIX""}",cancel
1858,1,PlaceObject2Tag,1,1857,false,"{""hasRotate"": ""false"", ""hasScale"": ""false"", ""nRotateBits"": ""0"", ""nScaleBits"": ""0"", ""nTranslateBits"": ""0"", ""translateX"": ""0"", ""translateY"": ""0"", ""type"": ""MATRIX""}",
1864,1,PlaceObject2Tag,1,1860,false,"{""hasRotate"": ""false"", ""hasScale"": ""false"", ""nRotateBits"": ""0"", ""nScaleBits"": ""0"", ""nTranslateBits"": ""0"", ""translateX"": ""0"", ""translateY"": ""0"", ""type"": ""MATRIX""}",
1864,2,PlaceObject2Tag,2,3,false,"{""hasRotate"": ""false"", ""hasScale"": ""false"", ""nRotateBits"": ""0"", ""nScaleBits"": ""0"", ""nTranslateBits"": ""0"", ""translateX"": ""0"", ""translateY"": ""0"", ""type"": ""MATRIX""}",
1864,3,PlaceObject2Tag,2,1861,false,"{""hasRotate"": ""false"", ""hasScale"": ""false"", ""nRotateBits"": ""0"", ""nScaleBits"": ""0"", ""nTranslateBits"": ""0"", ""translateX"": ""0"", ""translateY"": ""0"", ""type"": ""MATRIX""}",
1864,4,PlaceObject2Tag,2,,true,,
1864,5,PlaceObject2Tag,2,,true,,
1864,6,PlaceObject2Tag,2,,true,,
1864,7,PlaceObject2Tag,2,,true,,
1864,8,PlaceObject2Tag,2,,true,,
1864,9,PlaceObject2Tag,2,,true,,
1864,10,PlaceObject2Tag,2,,true,,
1864,11,PlaceObject2Tag,2,,true,,
1864,12,PlaceObject2Tag,2,,true,,
1864,13,PlaceObject2Tag,2,,true,,
1864,14,PlaceObject2Tag,2,,true,,
1864,15,PlaceObject2Tag,2,,true,,
1864,16,PlaceObject2Tag,2,,true,,
1864,17,PlaceObject2Tag,2,,true,,
1864,18,PlaceObject2Tag,2,,true,,
1864,19,PlaceObject2Tag,2,,true,,
1864,20,PlaceObject2Tag,2,,true,,
1864,21,PlaceObject2Tag,2,,true,,
1864,22,PlaceObject2Tag,2,,true,,
1864,23,PlaceObject2Tag,2,,true,,
1864,24,PlaceObject2Tag,2,,true,,
1864,25,PlaceObject2Tag,2,,true,,
1864,26,PlaceObject2Tag,2,,true,,
1864,27,PlaceObject2Tag,2,1862,false,"{""hasRotate"": ""false"", ""hasScale"": ""false"", ""nRotateBits"": ""0"", ""nScaleBits"": ""0"", ""nTranslateBits"": ""0"", ""translateX"": ""0"", ""translateY"": ""0"", ""type"": ""MATRIX""}",
1864,28,PlaceObject2Tag,2,1863,true,,
1866,1,PlaceObject2Tag,1,1865,false,"{""hasRotate"": ""false"", ""hasScale"": ""false"", ""nRotateBits"": ""0"", ""nScaleBits"": ""0"", ""nTranslateBits"": ""0"", ""translateX"": ""0"", ""translateY"": ""0"", ""type"": ""MATRIX""}",
1869,1,PlaceObject2Tag,1,1868,false,"{""hasRotate"": ""false"", ""hasScale"": ""false"", ""nRotateBits"": ""0"", ""nScaleBits"": ""0"", ""nTranslateBits"": ""6"", ""translateX"": ""0"", ""translateY"": ""-20"", ""type"": ""MATRIX""}",
1869,9,PlaceObject2Tag,1,,true,"{""hasRotate"": ""false"", ""hasScale"": ""false"", ""nRotateBits"": ""0"", ""nScaleBits"": ""0"", ""nTranslateBits"": ""0"", ""translateX"": ""0"", ""translateY"": ""0"", ""type"": ""MATRIX""}",
1869,12,PlaceObject2Tag,1,,true,"{""hasRotate"": ""false"", ""hasScale"": ""false"", ""nRotateBits"": ""0"", ""nScaleBits"": ""0"", ""nTranslateBits"": ""6"", ""translateX"": ""0"", ""translateY"": ""20"", ""type"": ""MATRIX""}",
1869,20,PlaceObject2Tag,1,,true,"{""hasRotate"": ""false"", ""hasScale"": ""false"", ""nRotateBits"": ""0"", ""nScaleBits"": ""0"", ""nTranslateBits"": ""0"", ""translateX"": ""0"", ""translateY"": ""0"", ""type"": ""MATRIX""}",
1872,1,PlaceObject2Tag,1,1871,false,"{""hasRotate"": ""false"", ""hasScale"": ""false"", ""nRotateBits"": ""0"", ""nScaleBits"": ""0"", ""nTranslateBits"": ""0"", ""translateX"": ""0"", ""translateY"": ""0"", ""type"": ""MATRIX""}",
1877,1,PlaceObject2Tag,1,1860,false,"{""hasRotate"": ""false"", ""hasScale"": ""false"", ""nRotateBits"": ""0"", ""nScaleBits"": ""0"", ""nTranslateBits"": ""0"", ""translateX"": ""0"", ""translateY"": ""0"", ""type"": ""MATRIX""}",
1877,2,PlaceObject2Tag,2,1873,false,"{""hasRotate"": ""false"", ""hasScale"": ""true"", ""nRotateBits"": ""0"", ""nScaleBits"": ""16"", ""nTranslateBits"": ""10"", ""scaleX"": ""0.010421753"", ""scaleY"": ""0.25"", ""translateX"": ""-267"", ""translateY"": ""-25"", ""type"": ""MATRIX""}",
1877,3,PlaceObject2Tag,2,1874,false,"{""hasRotate"": ""false"", ""hasScale"": ""false"", ""nRotateBits"": ""0"", ""nScaleBits"": ""0"", ""nTranslateBits"": ""0"", ""translateX"": ""0"", ""translateY"": ""0"", ""type"": ""MATRIX""}",
1877,4,PlaceObject2Tag,2,,true,,
1877,5,PlaceObject2Tag,2,,true,,
1877,6,PlaceObject2Tag,2,,true,,
1877,7,PlaceObject2Tag,2,,true,,
1877,8,PlaceObject2Tag,2,,true,,
1877,9,PlaceObject2Tag,2,,true,,
1877,10,PlaceObject2Tag,2,,true,,
1877,11,PlaceObject2Tag,2,,true,,
1877,12,PlaceObject2Tag,2,,true,,
1877,13,PlaceObject2Tag,2,,true,,
1877,14,PlaceObject2Tag,2,,true,,
1877,15,PlaceObject2Tag,2,,true,,
1877,16,PlaceObject2Tag,2,,true,,
1877,17,PlaceObject2Tag,2,,true,,
1877,18,PlaceObject2Tag,2,,true,,
1877,19,PlaceObject2Tag,2,,true,,
1877,20,PlaceObject2Tag,2,,true,,
1877,21,PlaceObject2Tag,2,,true,,
1877,22,PlaceObject2Tag,2,,true,,
1877,23,PlaceObject2Tag,2,,true,,
1877,24,PlaceObject2Tag,2,,true,,
1877,25,PlaceObject2Tag,2,,true,,
1877,26,PlaceObject2Tag,2,,true,,
1877,27,PlaceObject2Tag,2,1875,false,"{""hasRotate"": ""false"", ""hasScale"": ""false"", ""nRotateBits"": ""0"", ""nScaleBits"": ""0"", ""nTranslateBits"": ""0"", ""translateX"": ""0"", ""translateY"": ""0"", ""type"": ""MATRIX""}",
1877,28,PlaceObject2Tag,2,1876,true,,
1880,1,PlaceObject2Tag,1,1879,false,"{""hasRotate"": ""false"", ""hasScale"": ""false"", ""nRotateBits"": ""0"", ""nScaleBits"": ""0"", ""nTranslateBits"": ""6"", ""translateX"": ""0"", ""translateY"": ""-20"", ""type"": ""MATRIX""}",
1880,9,PlaceObject2Tag,1,,true,"{""hasRotate"": ""false"", ""hasScale"": ""false"", ""nRotateBits"": ""0"", ""nScaleBits"": ""0"", ""nTranslateBits"": ""0"", ""translateX"": ""0"", ""translateY"": ""0"", ""type"": ""MATRIX""}",
1880,12,PlaceObject2Tag,1,,true,"{""hasRotate"": ""false"", ""hasScale"": ""false"", ""nRotateBits"": ""0"", ""nScaleBits"": ""0"", ""nTranslateBits"": ""6"", ""translateX"": ""0"", ""translateY"": ""20"", ""type"": ""MATRIX""}",
1880,20,PlaceObject2Tag,1,,true,"{""hasRotate"": ""false"", ""hasScale"": ""false"", ""nRotateBits"": ""0"", ""nScaleBits"": ""0"", ""nTranslateBits"": ""0"", ""translateX"": ""0"", ""translateY"": ""0"", ""type"": ""MATRIX""}",
1883,1,PlaceObject2Tag,1,1882,false,"{""hasRotate"": ""false"", ""hasScale"": ""false"", ""nRotateBits"": ""0"", ""nScaleBits"": ""0"", ""nTranslateBits"": ""6"", ""translateX"": ""0"", ""translateY"": ""-20"", ""type"": ""MATRIX""}",
1883,9,PlaceObject2Tag,1,,true,"{""hasRotate"": ""false"", ""hasScale"": ""false"", ""nRotateBits"": ""0"", ""nScaleBits"": ""0"", ""nTranslateBits"": ""0"", ""translateX"": ""0"", ""translateY"": ""0"", ""type"": ""MATRIX""}",
1883,12,PlaceObject2Tag,1,,true,"{""hasRotate"": ""false"", ""hasScale"": ""false"", ""nRotateBits"": ""0"", ""nScaleBits"": ""0"", ""nTranslateBits"": ""6"", ""translateX"": ""0"", ""translateY"": ""20"", ""type"": ""MATRIX""}",
1883,20,PlaceObject2Tag,1,,true,"{""hasRotate"": ""false"", ""hasScale"": ""false"", ""nRotateBits"": ""0"", ""nScaleBits"": ""0"", ""nTranslateBits"": ""0"", ""translateX"": ""0"", ""translateY"": ""0"", ""type"": ""MATRIX""}",
1884,1,PlaceObject2Tag,1,1866,false,"{""hasRotate"": ""false"", ""hasScale"": ""false"", ""nRotateBits"": ""0"", ""nScaleBits"": ""0"", ""nTranslateBits"": ""0"", ""translateX"": ""0"", ""translateY"": ""0"", ""type"": ""MATRIX""}",corners
1884,1,PlaceObject2Tag,3,1864,false,"{""hasRotate"": ""false"", ""hasScale"": ""false"", ""nRotateBits"": ""0"", ""nScaleBits"": ""0"", ""nTranslateBits"": ""10"", ""translateX"": ""0"", ""translateY"": ""360"", ""type"": ""MATRIX""}",health
1884,1,PlaceObject2Tag,6,1817,false,"{""hasRotate"": ""false"", ""hasScale"": ""false"", ""nRotateBits"": ""0"", ""nScaleBits"": ""0"", ""nTranslateBits"": ""11"", ""translateX"": ""0"", ""translateY"": ""660"", ""type"": ""MATRIX""}",cancelWeapon
1884,1,PlaceObject2Tag,9,1869,false,"{""hasRotate"": ""false"", ""hasScale"": ""false"", ""nRotateBits"": ""0"", ""nScaleBits"": ""0"", ""nTranslateBits"": ""11"", ""translateX"": ""0"", ""translateY"": ""-761"", ""type"": ""MATRIX""}",triangle
1884,1,PlaceObject2Tag,11,1872,false,"{""hasRotate"": ""false"", ""hasScale"": ""true"", ""nRotateBits"": ""0"", ""nScaleBits"": ""18"", ""nTranslateBits"": ""6"", ""scaleX"": ""1.0012207"", ""scaleY"": ""1.0011902"", ""translateX"": ""-20"", ""translateY"": ""0"", ""type"": ""MATRIX""}",target
1884,11,PlaceObject2Tag,3,1877,false,"{""hasRotate"": ""false"", ""hasScale"": ""false"", ""nRotateBits"": ""0"", ""nScaleBits"": ""0"", ""nTranslateBits"": ""10"", ""translateX"": ""0"", ""translateY"": ""360"", ""type"": ""MATRIX""}",health
1884,11,PlaceObject2Tag,6,1820,false,"{""hasRotate"": ""false"", ""hasScale"": ""false"", ""nRotateBits"": ""0"", ""nScaleBits"": ""0"", ""nTranslateBits"": ""11"", ""translateX"": ""0"", ""translateY"": ""660"", ""type"": ""MATRIX""}",cancelWeapon
1884,11,PlaceObject2Tag,9,1880,false,"{""hasRotate"": ""false"", ""hasScale"": ""false"", ""nRotateBits"": ""0"", ""nScaleBits"": ""0"", ""nTranslateBits"": ""11"", ""translateX"": ""0"", ""translateY"": ""-761"", ""type"": ""MATRIX""}",triangle
1884,21,PlaceObject2Tag,9,1883,false,"{""hasRotate"": ""false"", ""hasScale"": ""false"", ""nRotateBits"": ""0"", ""nScaleBits"": ""0"", ""nTranslateBits"": ""11"", ""translateX"": ""0"", ""translateY"": ""-761"", ""type"": ""MATRIX""}",triangle
1886,1,PlaceObject2Tag,1,1885,false,"{""hasRotate"": ""false"", ""hasScale"": ""false"", ""nRotateBits"": ""0"", ""nScaleBits"": ""0"", ""nTranslateBits"": ""0"", ""translateX"": ""0"", ""translateY"": ""0"", ""type"": ""MATRIX""}",
1888,1,PlaceObject2Tag,1,1887,false,"{""hasRotate"": ""false"", ""hasScale"": ""false"", ""nRotateBits"": ""0"", ""nScaleBits"": ""0"", ""nTranslateBits"": ""0"", ""translateX"": ""0"", ""translateY"": ""0"", ""type"": ""MATRIX""}",
1890,1,PlaceObject2Tag,1,1889,false,"{""hasRotate"": ""false"", ""hasScale"": ""false"", ""nRotateBits"": ""0"", ""nScaleBits"": ""0"", ""nTranslateBits"": ""0"", ""translateX"": ""0"", ""translateY"": ""0"", ""type"": ""MATRIX""}",
1892,1,PlaceObject2Tag,1,1891,false,"{""hasRotate"": ""false"", ""hasScale"": ""false"", ""nRotateBits"": ""0"", ""nScaleBits"": ""0"", ""nTranslateBits"": ""0"", ""translateX"": ""0"", ""translateY"": ""0"", ""type"": ""MATRIX""}",
1894,1,PlaceObject2Tag,1,1893,false,"{""hasRotate"": ""false"", ""hasScale"": ""false"", ""nRotateBits"": ""0"", ""nScaleBits"": ""0"", ""nTranslateBits"": ""0"", ""translateX"": ""0"", ""translateY"": ""0"", ""type"": ""MATRIX""}",
1895,1,PlaceObject2Tag,1,1886,false,"{""hasRotate"": ""false"", ""hasScale"": ""true"", ""nRotateBits"": ""0"", ""nScaleBits"": ""18"", ""nTranslateBits"": ""9"", ""scaleX"": ""1.0126648"", ""scaleY"": ""1.0126648"", ""translateX"": ""-220"", ""translateY"": ""-220"", ""type"": ""MATRIX""}",tl
1895,1,PlaceObject2Tag,3,1886,false,"{""hasRotate"": ""true"", ""hasScale"": ""true"", ""nRotateBits"": ""18"", ""nScaleBits"": ""1"", ""nTranslateBits"": ""10"", ""rotateSkew0"": ""1.0126648"", ""rotateSkew1"": ""-1.0126648"", ""scaleX"": ""0.0"", ""scaleY"": ""0.0"", ""translateX"": ""340"", ""translateY"": ""-220"", ""type"": ""MATRIX""}",tr
1895,1,PlaceObject2Tag,5,1886,false,"{""hasRotate"": ""false"", ""hasScale"": ""true"", ""nRotateBits"": ""0"", ""nScaleBits"": ""18"", ""nTranslateBits"": ""10"", ""scaleX"": ""-1.0126648"", ""scaleY"": ""-1.0126648"", ""translateX"": ""340"", ""translateY"": ""280"", ""type"": ""MATRIX""}",br
1895,1,PlaceObject2Tag,7,1886,false,"{""hasRotate"": ""true"", ""hasScale"": ""true"", ""nRotateBits"": ""18"", ""nScaleBits"": ""1"", ""nTranslateBits"": ""10"", ""rotateSkew0"": ""-1.0126648"", ""rotateSkew1"": ""1.0126648"", ""scaleX"": ""0.0"", ""scaleY"": ""0.0"", ""translateX"": ""-220"", ""translateY"": ""280"", ""type"": ""MATRIX""}",bl
1895,1,PlaceObject2Tag,9,1888,false,"{""hasRotate"": ""false"", ""hasScale"": ""false"", ""nRotateBits"": ""0"", ""nScaleBits"": ""0"", ""nTranslateBits"": ""9"", ""translateX"": ""-220"", ""translateY"": ""-120"", ""type"": ""MATRIX""}",l
1895,1,PlaceObject2Tag,11,1890,false,"{""hasRotate"": ""false"", ""hasScale"": ""true"", ""nRotateBits"": ""0"", ""nScaleBits"": ""18"", ""nTranslateBits"": ""9"", ""scaleX"": ""1.0009918"", ""scaleY"": ""1.0"", ""translateX"": ""-120"", ""translateY"": ""-200"", ""type"": ""MATRIX""}",t
1895,1,PlaceObject2Tag,13,1892,false,"{""hasRotate"": ""false"", ""hasScale"": ""false"", ""nRotateBits"": ""0"", ""nScaleBits"": ""0"", ""nTranslateBits"": ""10"", ""translateX"": ""-120"", ""translateY"": ""280"", ""type"": ""MATRIX""}",b
1895,1,PlaceObject2Tag,15,1894,false,"{""hasRotate"": ""false"", ""hasScale"": ""false"", ""nRotateBits"": ""0"", ""nScaleBits"": ""0"", ""nTranslateBits"": ""10"", ""translateX"": ""340"", ""translateY"": ""-120"", ""type"": ""MATRIX""}",r
1896,1,PlaceObject2Tag,1,149,false,"{""hasRotate"": ""false"", ""hasScale"": ""false"", ""nRotateBits"": ""0"", ""nScaleBits"": ""0"", ""nTranslateBits"": ""9"", ""translateX"": ""0"", ""translateY"": ""200"", ""type"": ""MATRIX""}",textField
1898,1,PlaceObject2Tag,1,1897,false,"{""hasRotate"": ""false"", ""hasScale"": ""false"", ""nRotateBits"": ""0"", ""nScaleBits"": ""0"", ""nTranslateBits"": ""0"", ""translateX"": ""0"", ""translateY"": ""0"", ""type"": ""MATRIX""}",
1900,1,PlaceObject2Tag,1,1899,false,"{""hasRotate"": ""false"", ""hasScale"": ""false"", ""nRotateBits"": ""0"", ""nScaleBits"": ""0"", ""nTranslateBits"": ""0"", ""translateX"": ""0"", ""translateY"": ""0"", ""type"": ""MATRIX""}",
1901,1,PlaceObject2Tag,1,743,false,"{""hasRotate"": ""false"", ""hasScale"": ""false"", ""nRotateBits"": ""0"", ""nScaleBits"": ""0"", ""nTranslateBits"": ""0"", ""translateX"": ""0"", ""translateY"": ""0"", ""type"": ""MATRIX""}",
1901,3,PlaceObject2Tag,1,745,true,,
1901,5,PlaceObject2Tag,1,747,true,,
1901,7,PlaceObject2Tag,1,749,true,,
1901,9,PlaceObject2Tag,1,751,true,,
1901,11,PlaceObject2Tag,1,753,true,,
1901,13,PlaceObject2Tag,1,755,true,,
1901,15,PlaceObject2Tag,1,757,true,,
1908,1,PlaceObject2Tag,1,1907,false,"{""hasRotate"": ""false"", ""hasScale"": ""false"", ""nRotateBits"": ""0"", ""nScaleBits"": ""0"", ""nTranslateBits"": ""0"", ""translateX"": ""0"", ""translateY"": ""0"", ""type"": ""MATRIX""}",
1910,1,PlaceObject2Tag,2,1904,false,"{""hasRotate"": ""false"", ""hasScale"": ""false"", ""nRotateBits"": ""0"", ""nScaleBits"": ""0"", ""nTranslateBits"": ""0"", ""translateX"": ""0"", ""translateY"": ""0"", ""type"": ""MATRIX""}",
1910,1,PlaceObject2Tag,3,1905,false,"{""hasRotate"": ""false"", ""hasScale"": ""false"", ""nRotateBits"": ""0"", ""nScaleBits"": ""0"", ""nTranslateBits"": ""0"", ""translateX"": ""0"", ""translateY"": ""0"", ""type"": ""MATRIX""}",
1910,1,PlaceObject2Tag,4,1908,false,"{""hasRotate"": ""false"", ""hasScale"": ""false"", ""nRotateBits"": ""0"", ""nScaleBits"": ""0"", ""nTranslateBits"": ""14"", ""translateX"": ""-7970"", ""translateY"": ""-21"", ""type"": ""MATRIX""}",
1910,1,PlaceObject2Tag,7,1909,false,"{""hasRotate"": ""false"", ""hasScale"": ""false"", ""nRotateBits"": ""0"", ""nScaleBits"": ""0"", ""nTranslateBits"": ""0"", ""translateX"": ""0"", ""translateY"": ""0"", ""type"": ""MATRIX""}",
1910,2,PlaceObject2Tag,4,,true,"{""hasRotate"": ""false"", ""hasScale"": ""false"", ""nRotateBits"": ""0"", ""nScaleBits"": ""0"", ""nTranslateBits"": ""14"", ""translateX"": ""-7604"", ""translateY"": ""-21"", ""type"": ""MATRIX""}",
1910,3,PlaceObject2Tag,4,,true,"{""hasRotate"": ""false"", ""hasScale"": ""false"", ""nRotateBits"": ""0"", ""nScaleBits"": ""0"", ""nTranslateBits"": ""14"", ""translateX"": ""-7242"", ""translateY"": ""-21"", ""type"": ""MATRIX""}",
1910,4,PlaceObject2Tag,4,,true,"{""hasRotate"": ""false"", ""hasScale"": ""false"", ""nRotateBits"": ""0"", ""nScaleBits"": ""0"", ""nTranslateBits"": ""14"", ""translateX"": ""-6884"", ""translateY"": ""-21"", ""type"": ""MATRIX""}",
1910,5,PlaceObject2Tag,4,,true,"{""hasRotate"": ""false"", ""hasScale"": ""false"", ""nRotateBits"": ""0"", ""nScaleBits"": ""0"", ""nTranslateBits"": ""14"", ""translateX"": ""-6531"", ""translateY"": ""-21"", ""type"": ""MATRIX""}",
1910,6,PlaceObject2Tag,4,,true,"{""hasRotate"": ""false"", ""hasScale"": ""false"", ""nRotateBits"": ""0"", ""nScaleBits"": ""0"", ""nTranslateBits"": ""14"", ""translateX"": ""-6181"", ""translateY"": ""-21"", ""type"": ""MATRIX""}",
1910,7,PlaceObject2Tag,4,,true,"{""hasRotate"": ""false"", ""hasScale"": ""false"", ""nRotateBits"": ""0"", ""nScaleBits"": ""0"", ""nTranslateBits"": ""14"", ""translateX"": ""-5836"", ""translateY"": ""-21"", ""type"": ""MATRIX""}",
1910,8,PlaceObject2Tag,4,,true,"{""hasRotate"": ""false"", ""hasScale"": ""false"", ""nRotateBits"": ""0"", ""nScaleBits"": ""0"", ""nTranslateBits"": ""14"", ""translateX"": ""-5495"", ""translateY"": ""-21"", ""type"": ""MATRIX""}",
1910,9,PlaceObject2Tag,4,,true,"{""hasRotate"": ""false"", ""hasScale"": ""false"", ""nRotateBits"": ""0"", ""nScaleBits"": ""0"", ""nTranslateBits"": ""14"", ""translateX"": ""-5158"", ""translateY"": ""-21"", ""type"": ""MATRIX""}",
1910,10,PlaceObject2Tag,4,,true,"{""hasRotate"": ""false"", ""hasScale"": ""false"", ""nRotateBits"": ""0"", ""nScaleBits"": ""0"", ""nTranslateBits"": ""14"", ""translateX"": ""-4826"", ""translateY"": ""-21"", ""type"": ""MATRIX""}",
1910,11,PlaceObject2Tag,4,,true,"{""hasRotate"": ""false"", ""hasScale"": ""false"", ""nRotateBits"": ""0"", ""nScaleBits"": ""0"", ""nTranslateBits"": ""14"", ""translateX"": ""-4497"", ""translateY"": ""-21"", ""type"": ""MATRIX""}",
1910,12,PlaceObject2Tag,4,,true,"{""hasRotate"": ""false"", ""hasScale"": ""false"", ""nRotateBits"": ""0"", ""nScaleBits"": ""0"", ""nTranslateBits"": ""14"", ""translateX"": ""-4173"", ""translateY"": ""-21"", ""type"": ""MATRIX""}",
1910,13,PlaceObject2Tag,4,,true,"{""hasRotate"": ""false"", ""hasScale"": ""false"", ""nRotateBits"": ""0"", ""nScaleBits"": ""0"", ""nTranslateBits"": ""13"", ""translateX"": ""-3853"", ""translateY"": ""-21"", ""type"": ""MATRIX""}",
1910,14,PlaceObject2Tag,4,,true,"{""hasRotate"": ""false"", ""hasScale"": ""false"", ""nRotateBits"": ""0"", ""nScaleBits"": ""0"", ""nTranslateBits"": ""13"", ""translateX"": ""-3537"", ""translateY"": ""-21"", ""type"": ""MATRIX""}",
1910,15,PlaceObject2Tag,4,,true,"{""hasRotate"": ""false"", ""hasScale"": ""false"", ""nRotateBits"": ""0"", ""nScaleBits"": ""0"", ""nTranslateBits"": ""13"", ""translateX"": ""-3226"", ""translateY"": ""-21"", ""type"": ""MATRIX""}",
1910,16,PlaceObject2Tag,4,,true,"{""hasRotate"": ""false"", ""hasScale"": ""false"", ""nRotateBits"": ""0"", ""nScaleBits"": ""0"", ""nTranslateBits"": ""13"", ""translateX"": ""-2918"", ""translateY"": ""-21"", ""type"": ""MATRIX""}",
1910,17,PlaceObject2Tag,4,,true,"{""hasRotate"": ""false"", ""hasScale"": ""false"", ""nRotateBits"": ""0"", ""nScaleBits"": ""0"", ""nTranslateBits"": ""13"", ""translateX"": ""-2615"", ""translateY"": ""-21"", ""type"": ""MATRIX""}",
1910,18,PlaceObject2Tag,4,,true,"{""hasRotate"": ""false"", ""hasScale"": ""false"", ""nRotateBits"": ""0"", ""nScaleBits"": ""0"", ""nTranslateBits"": ""13"", ""translateX"": ""-2316"", ""translateY"": ""-21"", ""type"": ""MATRIX""}",
1910,19,PlaceObject2Tag,4,,true,"{""hasRotate"": ""false"", ""hasScale"": ""false"", ""nRotateBits"": ""0"", ""nScaleBits"": ""0"", ""nTranslateBits"": ""12"", ""translateX"": ""-2021"", ""translateY"": ""-21"", ""type"": ""MATRIX""}",
1910,20,PlaceObject2Tag,4,,true,"{""hasRotate"": ""false"", ""hasScale"": ""false"", ""nRotateBits"": ""0"", ""nScaleBits"": ""0"", ""nTranslateBits"": ""12"", ""translateX"": ""-1730"", ""translateY"": ""-21"", ""type"": ""MATRIX""}",
1910,21,PlaceObject2Tag,4,,true,"{""hasRotate"": ""false"", ""hasScale"": ""false"", ""nRotateBits"": ""0"", ""nScaleBits"": ""0"", ""nTranslateBits"": ""12"", ""translateX"": ""-1443"", ""translateY"": ""-21"", ""type"": ""MATRIX""}",
1910,22,PlaceObject2Tag,4,,true,"{""hasRotate"": ""false"", ""hasScale"": ""false"", ""nRotateBits"": ""0"", ""nScaleBits"": ""0"", ""nTranslateBits"": ""12"", ""translateX"": ""-1161"", ""translateY"": ""-21"", ""type"": ""MATRIX""}",
1910,23,PlaceObject2Tag,4,,true,"{""hasRotate"": ""false"", ""hasScale"": ""false"", ""nRotateBits"": ""0"", ""nScaleBits"": ""0"", ""nTranslateBits"": ""11"", ""translateX"": ""-882"", ""translateY"": ""-21"", ""type"": ""MATRIX""}",
1910,24,PlaceObject2Tag,4,,true,"{""hasRotate"": ""false"", ""hasScale"": ""false"", ""nRotateBits"": ""0"", ""nScaleBits"": ""0"", ""nTranslateBits"": ""11"", ""translateX"": ""-608"", ""translateY"": ""-21"", ""type"": ""MATRIX""}",
1910,25,PlaceObject2Tag,4,,true,"{""hasRotate"": ""false"", ""hasScale"": ""false"", ""nRotateBits"": ""0"", ""nScaleBits"": ""0"", ""nTranslateBits"": ""10"", ""translateX"": ""-339"", ""translateY"": ""-21"", ""type"": ""MATRIX""}",
1910,26,PlaceObject2Tag,4,,true,"{""hasRotate"": ""false"", ""hasScale"": ""false"", ""nRotateBits"": ""0"", ""nScaleBits"": ""0"", ""nTranslateBits"": ""8"", ""translateX"": ""-73"", ""translateY"": ""-21"", ""type"": ""MATRIX""}",
1910,27,PlaceObject2Tag,4,,true,"{""hasRotate"": ""false"", ""hasScale"": ""false"", ""nRotateBits"": ""0"", ""nScaleBits"": ""0"", ""nTranslateBits"": ""9"", ""translateX"": ""189"", ""translateY"": ""-21"", ""type"": ""MATRIX""}",
1910,28,PlaceObject2Tag,4,,true,"{""hasRotate"": ""false"", ""hasScale"": ""false"", ""nRotateBits"": ""0"", ""nScaleBits"": ""0"", ""nTranslateBits"": ""10"", ""translateX"": ""446"", ""translateY"": ""-21"", ""type"": ""MATRIX""}",
1910,29,PlaceObject2Tag,4,,true,"{""hasRotate"": ""false"", ""hasScale"": ""false"", ""nRotateBits"": ""0"", ""nScaleBits"": ""0"", ""nTranslateBits"": ""11"", ""translateX"": ""699"", ""translateY"": ""-21"", ""type"": ""MATRIX""}",
1910,30,PlaceObject2Tag,4,,true,"{""hasRotate"": ""false"", ""hasScale"": ""false"", ""nRotateBits"": ""0"", ""nScaleBits"": ""0"", ""nTranslateBits"": ""11"", ""translateX"": ""948"", ""translateY"": ""-21"", ""type"": ""MATRIX""}",
1910,31,PlaceObject2Tag,4,,true,"{""hasRotate"": ""false"", ""hasScale"": ""false"", ""nRotateBits"": ""0"", ""nScaleBits"": ""0"", ""nTranslateBits"": ""12"", ""translateX"": ""1193"", ""translateY"": ""-21"", ""type"": ""MATRIX""}",
1910,32,PlaceObject2Tag,4,,true,"{""hasRotate"": ""false"", ""hasScale"": ""false"", ""nRotateBits"": ""0"", ""nScaleBits"": ""0"", ""nTranslateBits"": ""12"", ""translateX"": ""1433"", ""translateY"": ""-21"", ""type"": ""MATRIX""}",
1910,33,PlaceObject2Tag,4,,true,"{""hasRotate"": ""false"", ""hasScale"": ""false"", ""nRotateBits"": ""0"", ""nScaleBits"": ""0"", ""nTranslateBits"": ""12"", ""translateX"": ""1669"", ""translateY"": ""-21"", ""type"": ""MATRIX""}",
1910,34,PlaceObject2Tag,4,,true,"{""hasRotate"": ""false"", ""hasScale"": ""false"", ""nRotateBits"": ""0"", ""nScaleBits"": ""0"", ""nTranslateBits"": ""12"", ""translateX"": ""1902"", ""translateY"": ""-21"", ""type"": ""MATRIX""}",
1910,35,PlaceObject2Tag,4,,true,"{""hasRotate"": ""false"", ""hasScale"": ""false"", ""nRotateBits"": ""0"", ""nScaleBits"": ""0"", ""nTranslateBits"": ""13"", ""translateX"": ""2130"", ""translateY"": ""-21"", ""type"": ""MATRIX""}",
1910,36,PlaceObject2Tag,4,,true,"{""hasRotate"": ""false"", ""hasScale"": ""false"", ""nRotateBits"": ""0"", ""nScaleBits"": ""0"", ""nTranslateBits"": ""13"", ""translateX"": ""2353"", ""translateY"": ""-21"", ""type"": ""MATRIX""}",
1910,37,PlaceObject2Tag,4,,true,"{""hasRotate"": ""false"", ""hasScale"": ""false"", ""nRotateBits"": ""0"", ""nScaleBits"": ""0"", ""nTranslateBits"": ""13"", ""translateX"": ""2573"", ""translateY"": ""-21"", ""type"": ""MATRIX""}",
1910,38,PlaceObject2Tag,4,,true,"{""hasRotate"": ""false"", ""hasScale"": ""false"", ""nRotateBits"": ""0"", ""nScaleBits"": ""0"", ""nTranslateBits"": ""13"", ""translateX"": ""2789"", ""translateY"": ""-21"", ""type"": ""MATRIX""}",
1910,39,PlaceObject2Tag,4,,true,"{""hasRotate"": ""false"", ""hasScale"": ""false"", ""nRotateBits"": ""0"", ""nScaleBits"": ""0"", ""nTranslateBits"": ""13"", ""translateX"": ""3000"", ""translateY"": ""-21"", ""type"": ""MATRIX""}",
1910,40,PlaceObject2Tag,4,,true,"{""hasRotate"": ""false"", ""hasScale"": ""false"", ""nRotateBits"": ""0"", ""nScaleBits"": ""0"", ""nTranslateBits"": ""13"", ""translateX"": ""3207"", ""translateY"": ""-21"", ""type"": ""MATRIX""}",
1910,41,PlaceObject2Tag,4,,true,"{""hasRotate"": ""false"", ""hasScale"": ""false"", ""nRotateBits"": ""0"", ""nScaleBits"": ""0"", ""nTranslateBits"": ""13"", ""translateX"": ""3410"", ""translateY"": ""-21"", ""type"": ""MATRIX""}",
1910,42,PlaceObject2Tag,4,,true,"{""hasRotate"": ""false"", ""hasScale"": ""false"", ""nRotateBits"": ""0"", ""nScaleBits"": ""0"", ""nTranslateBits"": ""13"", ""translateX"": ""3609"", ""translateY"": ""-21"", ""type"": ""MATRIX""}",
1910,43,PlaceObject2Tag,4,,true,"{""hasRotate"": ""false"", ""hasScale"": ""false"", ""nRotateBits"": ""0"", ""nScaleBits"": ""0"", ""nTranslateBits"": ""13"", ""translateX"": ""3804"", ""translateY"": ""-21"", ""type"": ""MATRIX""}",
1910,44,PlaceObject2Tag,4,,true,"{""hasRotate"": ""false"", ""hasScale"": ""false"", ""nRotateBits"": ""0"", ""nScaleBits"": ""0"", ""nTranslateBits"": ""13"", ""translateX"": ""3994"", ""translateY"": ""-21"", ""type"": ""MATRIX""}",
1910,45,PlaceObject2Tag,4,,true,"{""hasRotate"": ""false"", ""hasScale"": ""false"", ""nRotateBits"": ""0"", ""nScaleBits"": ""0"", ""nTranslateBits"": ""14"", ""translateX"": ""4180"", ""translateY"": ""-21"", ""type"": ""MATRIX""}",
1910,46,PlaceObject2Tag,4,,true,"{""hasRotate"": ""false"", ""hasScale"": ""false"", ""nRotateBits"": ""0"", ""nScaleBits"": ""0"", ""nTranslateBits"": ""14"", ""translateX"": ""4362"", ""translateY"": ""-21"", ""type"": ""MATRIX""}",
1910,47,PlaceObject2Tag,4,,true,"{""hasRotate"": ""false"", ""hasScale"": ""false"", ""nRotateBits"": ""0"", ""nScaleBits"": ""0"", ""nTranslateBits"": ""14"", ""translateX"": ""4540"", ""translateY"": ""-21"", ""type"": ""MATRIX""}",
1910,48,PlaceObject2Tag,4,,true,"{""hasRotate"": ""false"", ""hasScale"": ""false"", ""nRotateBits"": ""0"", ""nScaleBits"": ""0"", ""nTranslateBits"": ""14"", ""translateX"": ""4713"", ""translateY"": ""-21"", ""type"": ""MATRIX""}",
1910,49,PlaceObject2Tag,4,,true,"{""hasRotate"": ""false"", ""hasScale"": ""false"", ""nRotateBits"": ""0"", ""nScaleBits"": ""0"", ""nTranslateBits"": ""14"", ""translateX"": ""4883"", ""translateY"": ""-21"", ""type"": ""MATRIX""}",
1910,50,PlaceObject2Tag,4,,true,"{""hasRotate"": ""false"", ""hasScale"": ""false"", ""nRotateBits"": ""0"", ""nScaleBits"": ""0"", ""nTranslateBits"": ""14"", ""translateX"": ""5048"", ""translateY"": ""-21"", ""type"": ""MATRIX""}",
1910,51,PlaceObject2Tag,4,,true,"{""hasRotate"": ""false"", ""hasScale"": ""false"", ""nRotateBits"": ""0"", ""nScaleBits"": ""0"", ""nTranslateBits"": ""14"", ""translateX"": ""5209"", ""translateY"": ""-21"", ""type"": ""MATRIX""}",
1910,52,PlaceObject2Tag,4,,true,"{""hasRotate"": ""false"", ""hasScale"": ""false"", ""nRotateBits"": ""0"", ""nScaleBits"": ""0"", ""nTranslateBits"": ""14"", ""translateX"": ""5366"", ""translateY"": ""-21"", ""type"": ""MATRIX""}",
1910,53,PlaceObject2Tag,4,,true,"{""hasRotate"": ""false"", ""hasScale"": ""false"", ""nRotateBits"": ""0"", ""nScaleBits"": ""0"", ""nTranslateBits"": ""14"", ""translateX"": ""5519"", ""translateY"": ""-21"", ""type"": ""MATRIX""}",
1910,54,PlaceObject2Tag,4,,true,"{""hasRotate"": ""false"", ""hasScale"": ""false"", ""nRotateBits"": ""0"", ""nScaleBits"": ""0"", ""nTranslateBits"": ""14"", ""translateX"": ""5667"", ""translateY"": ""-21"", ""type"": ""MATRIX""}",
1910,55,PlaceObject2Tag,4,,true,"{""hasRotate"": ""false"", ""hasScale"": ""false"", ""nRotateBits"": ""0"", ""nScaleBits"": ""0"", ""nTranslateBits"": ""14"", ""translateX"": ""5812"", ""translateY"": ""-21"", ""type"": ""MATRIX""}",
1910,56,PlaceObject2Tag,4,,true,"{""hasRotate"": ""false"", ""hasScale"": ""false"", ""nRotateBits"": ""0"", ""nScaleBits"": ""0"", ""nTranslateBits"": ""14"", ""translateX"": ""5952"", ""translateY"": ""-21"", ""type"": ""MATRIX""}",
1910,57,PlaceObject2Tag,4,,true,"{""hasRotate"": ""false"", ""hasScale"": ""false"", ""nRotateBits"": ""0"", ""nScaleBits"": ""0"", ""nTranslateBits"": ""14"", ""translateX"": ""6088"", ""translateY"": ""-21"", ""type"": ""MATRIX""}",
1910,58,PlaceObject2Tag,4,,true,"{""hasRotate"": ""false"", ""hasScale"": ""false"", ""nRotateBits"": ""0"", ""nScaleBits"": ""0"", ""nTranslateBits"": ""14"", ""translateX"": ""6220"", ""translateY"": ""-21"", ""type"": ""MATRIX""}",
1910,59,PlaceObject2Tag,4,,true,"{""hasRotate"": ""false"", ""hasScale"": ""false"", ""nRotateBits"": ""0"", ""nScaleBits"": ""0"", ""nTranslateBits"": ""14"", ""translateX"": ""6347"", ""translateY"": ""-21"", ""type"": ""MATRIX""}",
1910,60,PlaceObject2Tag,4,,true,"{""hasRotate"": ""false"", ""hasScale"": ""false"", ""nRotateBits"": ""0"", ""nScaleBits"": ""0"", ""nTranslateBits"": ""14"", ""translateX"": ""6471"", ""translateY"": ""-21"", ""type"": ""MATRIX""}",
1910,61,PlaceObject2Tag,4,,true,"{""hasRotate"": ""false"", ""hasScale"": ""false"", ""nRotateBits"": ""0"", ""nScaleBits"": ""0"", ""nTranslateBits"": ""14"", ""translateX"": ""6590"", ""translateY"": ""-21"", ""type"": ""MATRIX""}",
1910,62,PlaceObject2Tag,4,,true,"{""hasRotate"": ""false"", ""hasScale"": ""false"", ""nRotateBits"": ""0"", ""nScaleBits"": ""0"", ""nTranslateBits"": ""14"", ""translateX"": ""6705"", ""translateY"": ""-21"", ""type"": ""MATRIX""}",
1910,63,PlaceObject2Tag,4,,true,"{""hasRotate"": ""false"", ""hasScale"": ""false"", ""nRotateBits"": ""0"", ""nScaleBits"": ""0"", ""nTranslateBits"": ""14"", ""translateX"": ""6816"", ""translateY"": ""-21"", ""type"": ""MATRIX""}",
1910,64,PlaceObject2Tag,4,,true,"{""hasRotate"": ""false"", ""hasScale"": ""false"", ""nRotateBits"": ""0"", ""nScaleBits"": ""0"", ""nTranslateBits"": ""14"", ""translateX"": ""6923"", ""translateY"": ""-21"", ""type"": ""MATRIX""}",
1910,65,PlaceObject2Tag,4,,true,"{""hasRotate"": ""false"", ""hasScale"": ""false"", ""nRotateBits"": ""0"", ""nScaleBits"": ""0"", ""nTranslateBits"": ""14"", ""translateX"": ""7025"", ""translateY"": ""-21"", ""type"": ""MATRIX""}",
1910,66,PlaceObject2Tag,4,,true,"{""hasRotate"": ""false"", ""hasScale"": ""false"", ""nRotateBits"": ""0"", ""nScaleBits"": ""0"", ""nTranslateBits"": ""14"", ""translateX"": ""7123"", ""translateY"": ""-21"", ""type"": ""MATRIX""}",
1910,67,PlaceObject2Tag,4,,true,"{""hasRotate"": ""false"", ""hasScale"": ""false"", ""nRotateBits"": ""0"", ""nScaleBits"": ""0"", ""nTranslateBits"": ""14"", ""translateX"": ""7218"", ""translateY"": ""-21"", ""type"": ""MATRIX""}",
1910,68,PlaceObject2Tag,4,,true,"{""hasRotate"": ""false"", ""hasScale"": ""false"", ""nRotateBits"": ""0"", ""nScaleBits"": ""0"", ""nTranslateBits"": ""14"", ""translateX"": ""7307"", ""translateY"": ""-21"", ""type"": ""MATRIX""}",
1910,69,PlaceObject2Tag,4,,true,"{""hasRotate"": ""false"", ""hasScale"": ""false"", ""nRotateBits"": ""0"", ""nScaleBits"": ""0"", ""nTranslateBits"": ""14"", ""translateX"": ""7393"", ""translateY"": ""-21"", ""type"": ""MATRIX""}",
1910,70,PlaceObject2Tag,4,,true,"{""hasRotate"": ""false"", ""hasScale"": ""false"", ""nRotateBits"": ""0"", ""nScaleBits"": ""0"", ""nTranslateBits"": ""14"", ""translateX"": ""7475"", ""translateY"": ""-21"", ""type"": ""MATRIX""}",
1910,71,PlaceObject2Tag,4,,true,"{""hasRotate"": ""false"", ""hasScale"": ""false"", ""nRotateBits"": ""0"", ""nScaleBits"": ""0"", ""nTranslateBits"": ""14"", ""translateX"": ""7552"", ""translateY"": ""-21"", ""type"": ""MATRIX""}",
1910,72,PlaceObject2Tag,4,,true,"{""hasRotate"": ""false"", ""hasScale"": ""false"", ""nRotateBits"": ""0"", ""nScaleBits"": ""0"", ""nTranslateBits"": ""14"", ""translateX"": ""7625"", ""translateY"": ""-21"", ""type"": ""MATRIX""}",
1910,73,PlaceObject2Tag,4,,true,"{""hasRotate"": ""false"", ""hasScale"": ""false"", ""nRotateBits"": ""0"", ""nScaleBits"": ""0"", ""nTranslateBits"": ""14"", ""translateX"": ""7694"", ""translateY"": ""-21"", ""type"": ""MATRIX""}",
1910,74,PlaceObject2Tag,4,,true,"{""hasRotate"": ""false"", ""hasScale"": ""false"", ""nRotateBits"": ""0"", ""nScaleBits"": ""0"", ""nTranslateBits"": ""14"", ""translateX"": ""7759"", ""translateY"": ""-21"", ""type"": ""MATRIX""}",
1910,75,PlaceObject2Tag,4,,true,"{""hasRotate"": ""false"", ""hasScale"": ""false"", ""nRotateBits"": ""0"", ""nScaleBits"": ""0"", ""nTranslateBits"": ""14"", ""translateX"": ""7820"", ""translateY"": ""-21"", ""type"": ""MATRIX""}",
1910,76,PlaceObject2Tag,4,,true,"{""hasRotate"": ""false"", ""hasScale"": ""false"", ""nRotateBits"": ""0"", ""nScaleBits"": ""0"", ""nTranslateBits"": ""14"", ""translateX"": ""7877"", ""translateY"": ""-21"", ""type"": ""MATRIX""}",
1910,77,PlaceObject2Tag,4,,true,"{""hasRotate"": ""false"", ""hasScale"": ""false"", ""nRotateBits"": ""0"", ""nScaleBits"": ""0"", ""nTranslateBits"": ""14"", ""translateX"": ""7929"", ""translateY"": ""-21"", ""type"": ""MATRIX""}",
1910,78,PlaceObject2Tag,4,,true,"{""hasRotate"": ""false"", ""hasScale"": ""false"", ""nRotateBits"": ""0"", ""nScaleBits"": ""0"", ""nTranslateBits"": ""14"", ""translateX"": ""7977"", ""translateY"": ""-21"", ""type"": ""MATRIX""}",
1910,79,PlaceObject2Tag,4,,true,"{""hasRotate"": ""false"", ""hasScale"": ""false"", ""nRotateBits"": ""0"", ""nScaleBits"": ""0"", ""nTranslateBits"": ""14"", ""translateX"": ""8021"", ""translateY"": ""-21"", ""type"": ""MATRIX""}",
1910,80,PlaceObject2Tag,4,,true,"{""hasRotate"": ""false"", ""hasScale"": ""false"", ""nRotateBits"": ""0"", ""nScaleBits"": ""0"", ""nTranslateBits"": ""14"", ""translateX"": ""8060"", ""translateY"": ""-21"", ""type"": ""MATRIX""}",
1910,81,PlaceObject2Tag,4,,true,"{""hasRotate"": ""false"", ""hasScale"": ""false"", ""nRotateBits"": ""0"", ""nScaleBits"": ""0"", ""nTranslateBits"": ""14"", ""translateX"": ""8096"", ""translateY"": ""-21"", ""type"": ""MATRIX""}",
1910,82,PlaceObject2Tag,4,,true,"{""hasRotate"": ""false"", ""hasScale"": ""false"", ""nRotateBits"": ""0"", ""nScaleBits"": ""0"", ""nTranslateBits"": ""14"", ""translateX"": ""8127"", ""translateY"": ""-21"", ""type"": ""MATRIX""}",
1910,83,PlaceObject2Tag,4,,true,"{""hasRotate"": ""false"", ""hasScale"": ""false"", ""nRotateBits"": ""0"", ""nScaleBits"": ""0"", ""nTranslateBits"": ""14"", ""translateX"": ""8155"", ""translateY"": ""-21"", ""type"": ""MATRIX""}",
1910,84,PlaceObject2Tag,4,,true,"{""hasRotate"": ""false"", ""hasScale"": ""false"", ""nRotateBits"": ""0"", ""nScaleBits"": ""0"", ""nTranslateBits"": ""14"", ""translateX"": ""8178"", ""translateY"": ""-21"", ""type"": ""MATRIX""}",
1910,85,PlaceObject2Tag,4,,true,"{""hasRotate"": ""false"", ""hasScale"": ""false"", ""nRotateBits"": ""0"", ""nScaleBits"": ""0"", ""nTranslateBits"": ""15"", ""translateX"": ""8197"", ""translateY"": ""-21"", ""type"": ""MATRIX""}",
1910,86,PlaceObject2Tag,4,,true,"{""hasRotate"": ""false"", ""hasScale"": ""false"", ""nRotateBits"": ""0"", ""nScaleBits"": ""0"", ""nTranslateBits"": ""15"", ""translateX"": ""8211"", ""translateY"": ""-21"", ""type"": ""MATRIX""}",
1910,87,PlaceObject2Tag,4,,true,"{""hasRotate"": ""false"", ""hasScale"": ""false"", ""nRotateBits"": ""0"", ""nScaleBits"": ""0"", ""nTranslateBits"": ""15"", ""translateX"": ""8222"", ""translateY"": ""-21"", ""type"": ""MATRIX""}",
1910,88,PlaceObject2Tag,4,,true,"{""hasRotate"": ""false"", ""hasScale"": ""false"", ""nRotateBits"": ""0"", ""nScaleBits"": ""0"", ""nTranslateBits"": ""15"", ""translateX"": ""8228"", ""translateY"": ""-21"", ""type"": ""MATRIX""}",
1910,89,PlaceObject2Tag,4,,true,"{""hasRotate"": ""false"", ""hasScale"": ""false"", ""nRotateBits"": ""0"", ""nScaleBits"": ""0"", ""nTranslateBits"": ""15"", ""translateX"": ""8230"", ""translateY"": ""-21"", ""type"": ""MATRIX""}",
1922,1,PlaceObject2Tag,1,1911,false,"{""hasRotate"": ""false"", ""hasScale"": ""false"", ""nRotateBits"": ""0"", ""nScaleBits"": ""0"", ""nTranslateBits"": ""0"", ""translateX"": ""0"", ""translateY"": ""0"", ""type"": ""MATRIX""}",
1922,1,PlaceObject2Tag,2,1913,false,"{""hasRotate"": ""false"", ""hasScale"": ""false"", ""nRotateBits"": ""0"", ""nScaleBits"": ""0"", ""nTranslateBits"": ""0"", ""translateX"": ""0"", ""translateY"": ""0"", ""type"": ""MATRIX""}",
1922,1,PlaceObject2Tag,3,844,false,"{""hasRotate"": ""false"", ""hasScale"": ""false"", ""nRotateBits"": ""0"", ""nScaleBits"": ""0"", ""nTranslateBits"": ""14"", ""translateX"": ""-3140"", ""translateY"": ""4682"", ""type"": ""MATRIX""}",
1922,1,PlaceObject2Tag,13,1914,false,"{""hasRotate"": ""false"", ""hasScale"": ""false"", ""nRotateBits"": ""0"", ""nScaleBits"": ""0"", ""nTranslateBits"": ""2"", ""translateX"": ""0"", ""translateY"": ""-1"", ""type"": ""MATRIX""}",
1922,2,PlaceObject2Tag,3,,true,"{""hasRotate"": ""false"", ""hasScale"": ""false"", ""nRotateBits"": ""0"", ""nScaleBits"": ""0"", ""nTranslateBits"": ""14"", ""translateX"": ""-3078"", ""translateY"": ""4448"", ""type"": ""MATRIX""}",
1922,3,PlaceObject2Tag,3,,true,"{""hasRotate"": ""false"", ""hasScale"": ""false"", ""nRotateBits"": ""0"", ""nScaleBits"": ""0"", ""nTranslateBits"": ""14"", ""translateX"": ""-3018"", ""translateY"": ""4227"", ""type"": ""MATRIX""}",
1922,4,PlaceObject2Tag,3,,true,"{""hasRotate"": ""false"", ""hasScale"": ""false"", ""nRotateBits"": ""0"", ""nScaleBits"": ""0"", ""nTranslateBits"": ""13"", ""translateX"": ""-2958"", ""translateY"": ""4005"", ""type"": ""MATRIX""}",
1922,5,PlaceObject2Tag,3,,true,"{""hasRotate"": ""false"", ""hasScale"": ""false"", ""nRotateBits"": ""0"", ""nScaleBits"": ""0"", ""nTranslateBits"": ""13"", ""translateX"": ""-2896"", ""translateY"": ""3784"", ""type"": ""MATRIX""}",
1922,5,PlaceObject2Tag,6,844,false,"{""hasRotate"": ""false"", ""hasScale"": ""false"", ""nRotateBits"": ""0"", ""nScaleBits"": ""0"", ""nTranslateBits"": ""14"", ""translateX"": ""6017"", ""translateY"": ""2962"", ""type"": ""MATRIX""}",
1922,6,PlaceObject2Tag,3,,true,"{""hasRotate"": ""false"", ""hasScale"": ""false"", ""nRotateBits"": ""0"", ""nScaleBits"": ""0"", ""nTranslateBits"": ""13"", ""translateX"": ""-2833"", ""translateY"": ""3563"", ""type"": ""MATRIX""}",
1922,6,PlaceObject2Tag,6,,true,"{""hasRotate"": ""false"", ""hasScale"": ""false"", ""nRotateBits"": ""0"", ""nScaleBits"": ""0"", ""nTranslateBits"": ""14"", ""translateX"": ""5939"", ""translateY"": ""2683"", ""type"": ""MATRIX""}",
1922,7,PlaceObject2Tag,3,,true,"{""hasRotate"": ""false"", ""hasScale"": ""false"", ""nRotateBits"": ""0"", ""nScaleBits"": ""0"", ""nTranslateBits"": ""13"", ""translateX"": ""-2769"", ""translateY"": ""3342"", ""type"": ""MATRIX""}",
1922,7,PlaceObject2Tag,6,,true,"{""hasRotate"": ""false"", ""hasScale"": ""false"", ""nRotateBits"": ""0"", ""nScaleBits"": ""0"", ""nTranslateBits"": ""14"", ""translateX"": ""5862"", ""translateY"": ""2416"", ""type"": ""MATRIX""}",
1922,8,PlaceObject2Tag,3,,true,"{""hasRotate"": ""false"", ""hasScale"": ""false"", ""nRotateBits"": ""0"", ""nScaleBits"": ""0"", ""nTranslateBits"": ""13"", ""translateX"": ""-2704"", ""translateY"": ""3121"", ""type"": ""MATRIX""}",
1922,8,PlaceObject2Tag,6,,true,"{""hasRotate"": ""false"", ""hasScale"": ""false"", ""nRotateBits"": ""0"", ""nScaleBits"": ""0"", ""nTranslateBits"": ""14"", ""translateX"": ""5782"", ""translateY"": ""2150"", ""type"": ""MATRIX""}",
1922,9,PlaceObject2Tag,3,,true,"{""hasRotate"": ""false"", ""hasScale"": ""false"", ""nRotateBits"": ""0"", ""nScaleBits"": ""0"", ""nTranslateBits"": ""13"", ""translateX"": ""-2638"", ""translateY"": ""2901"", ""type"": ""MATRIX""}",
1922,9,PlaceObject2Tag,6,,true,"{""hasRotate"": ""false"", ""hasScale"": ""false"", ""nRotateBits"": ""0"", ""nScaleBits"": ""0"", ""nTranslateBits"": ""14"", ""translateX"": ""5698"", ""translateY"": ""1884"", ""type"": ""MATRIX""}",
1922,9,PlaceObject2Tag,8,844,false,"{""hasRotate"": ""false"", ""hasScale"": ""false"", ""nRotateBits"": ""0"", ""nScaleBits"": ""0"", ""nTranslateBits"": ""14"", ""translateX"": ""-6082"", ""translateY"": ""2041"", ""type"": ""MATRIX""}",
1922,10,PlaceObject2Tag,3,,true,"{""hasRotate"": ""false"", ""hasScale"": ""false"", ""nRotateBits"": ""0"", ""nScaleBits"": ""0"", ""nTranslateBits"": ""13"", ""translateX"": ""-2570"", ""translateY"": ""2681"", ""type"": ""MATRIX""}",
1922,10,PlaceObject2Tag,6,,true,"{""hasRotate"": ""false"", ""hasScale"": ""false"", ""nRotateBits"": ""0"", ""nScaleBits"": ""0"", ""nTranslateBits"": ""14"", ""translateX"": ""5610"", ""translateY"": ""1620"", ""type"": ""MATRIX""}",
1922,10,PlaceObject2Tag,8,,true,"{""hasRotate"": ""false"", ""hasScale"": ""false"", ""nRotateBits"": ""0"", ""nScaleBits"": ""0"", ""nTranslateBits"": ""14"", ""translateX"": ""-5958"", ""translateY"": ""1896"", ""type"": ""MATRIX""}",
1922,11,PlaceObject2Tag,3,,true,"{""hasRotate"": ""false"", ""hasScale"": ""false"", ""nRotateBits"": ""0"", ""nScaleBits"": ""0"", ""nTranslateBits"": ""13"", ""translateX"": ""-2501"", ""translateY"": ""2462"", ""type"": ""MATRIX""}",
1922,11,PlaceObject2Tag,6,,true,"{""hasRotate"": ""false"", ""hasScale"": ""false"", ""nRotateBits"": ""0"", ""nScaleBits"": ""0"", ""nTranslateBits"": ""14"", ""translateX"": ""5519"", ""translateY"": ""1357"", ""type"": ""MATRIX""}",
1922,11,PlaceObject2Tag,8,,true,"{""hasRotate"": ""false"", ""hasScale"": ""false"", ""nRotateBits"": ""0"", ""nScaleBits"": ""0"", ""nTranslateBits"": ""14"", ""translateX"": ""-5854"", ""translateY"": ""1756"", ""type"": ""MATRIX""}",
1922,12,PlaceObject2Tag,3,,true,"{""hasRotate"": ""false"", ""hasScale"": ""false"", ""nRotateBits"": ""0"", ""nScaleBits"": ""0"", ""nTranslateBits"": ""13"", ""translateX"": ""-2431"", ""translateY"": ""2243"", ""type"": ""MATRIX""}",
1922,12,PlaceObject2Tag,6,,true,"{""hasRotate"": ""false"", ""hasScale"": ""false"", ""nRotateBits"": ""0"", ""nScaleBits"": ""0"", ""nTranslateBits"": ""14"", ""translateX"": ""5423"", ""translateY"": ""1096"", ""type"": ""MATRIX""}",
1922,12,PlaceObject2Tag,8,,true,"{""hasRotate"": ""false"", ""hasScale"": ""false"", ""nRotateBits"": ""0"", ""nScaleBits"": ""0"", ""nTranslateBits"": ""14"", ""translateX"": ""-5747"", ""translateY"": ""1618"", ""type"": ""MATRIX""}",
1922,13,PlaceObject2Tag,3,,true,"{""hasRotate"": ""false"", ""hasScale"": ""false"", ""nRotateBits"": ""0"", ""nScaleBits"": ""0"", ""nTranslateBits"": ""13"", ""translateX"": ""-2358"", ""translateY"": ""2024"", ""type"": ""MATRIX""}",
1922,13,PlaceObject2Tag,6,,true,"{""hasRotate"": ""false"", ""hasScale"": ""false"", ""nRotateBits"": ""0"", ""nScaleBits"": ""0"", ""nTranslateBits"": ""14"", ""translateX"": ""5322"", ""translateY"": ""836"", ""type"": ""MATRIX""}",
1922,13,PlaceObject2Tag,8,,true,"{""hasRotate"": ""false"", ""hasScale"": ""false"", ""nRotateBits"": ""0"", ""nScaleBits"": ""0"", ""nTranslateBits"": ""14"", ""translateX"": ""-5637"", ""translateY"": ""1482"", ""type"": ""MATRIX""}",
1922,14,PlaceObject2Tag,3,,true,"{""hasRotate"": ""false"", ""hasScale"": ""false"", ""nRotateBits"": ""0"", ""nScaleBits"": ""0"", ""nTranslateBits"": ""13"", ""translateX"": ""-2284"", ""translateY"": ""1806"", ""type"": ""MATRIX""}",
1922,14,PlaceObject2Tag,6,,true,"{""hasRotate"": ""false"", ""hasScale"": ""false"", ""nRotateBits"": ""0"", ""nScaleBits"": ""0"", ""nTranslateBits"": ""14"", ""translateX"": ""5216"", ""translateY"": ""577"", ""type"": ""MATRIX""}",
1922,14,PlaceObject2Tag,8,,true,"{""hasRotate"": ""false"", ""hasScale"": ""false"", ""nRotateBits"": ""0"", ""nScaleBits"": ""0"", ""nTranslateBits"": ""14"", ""translateX"": ""-5523"", ""translateY"": ""1349"", ""type"": ""MATRIX""}",
1922,15,PlaceObject2Tag,3,,true,"{""hasRotate"": ""false"", ""hasScale"": ""false"", ""nRotateBits"": ""0"", ""nScaleBits"": ""0"", ""nTranslateBits"": ""13"", ""translateX"": ""-2208"", ""translateY"": ""1589"", ""type"": ""MATRIX""}",
1922,15,PlaceObject2Tag,6,,true,"{""hasRotate"": ""false"", ""hasScale"": ""false"", ""nRotateBits"": ""0"", ""nScaleBits"": ""0"", ""nTranslateBits"": ""14"", ""translateX"": ""5104"", ""translateY"": ""321"", ""type"": ""MATRIX""}",
1922,15,PlaceObject2Tag,8,,true,"{""hasRotate"": ""false"", ""hasScale"": ""false"", ""nRotateBits"": ""0"", ""nScaleBits"": ""0"", ""nTranslateBits"": ""14"", ""translateX"": ""-5405"", ""translateY"": ""1218"", ""type"": ""MATRIX""}",
1922,16,PlaceObject2Tag,3,,true,"{""hasRotate"": ""false"", ""hasScale"": ""false"", ""nRotateBits"": ""0"", ""nScaleBits"": ""0"", ""nTranslateBits"": ""13"", ""translateX"": ""-2131"", ""translateY"": ""1372"", ""type"": ""MATRIX""}",
1922,16,PlaceObject2Tag,6,,true,"{""hasRotate"": ""false"", ""hasScale"": ""false"", ""nRotateBits"": ""0"", ""nScaleBits"": ""0"", ""nTranslateBits"": ""14"", ""translateX"": ""4986"", ""translateY"": ""68"", ""type"": ""MATRIX""}",
1922,16,PlaceObject2Tag,8,,true,"{""hasRotate"": ""false"", ""hasScale"": ""false"", ""nRotateBits"": ""0"", ""nScaleBits"": ""0"", ""nTranslateBits"": ""14"", ""translateX"": ""-5284"", ""translateY"": ""1091"", ""type"": ""MATRIX""}",
1922,17,PlaceObject2Tag,3,,true,"{""hasRotate"": ""false"", ""hasScale"": ""false"", ""nRotateBits"": ""0"", ""nScaleBits"": ""0"", ""nTranslateBits"": ""13"", ""translateX"": ""-2050"", ""translateY"": ""1157"", ""type"": ""MATRIX""}",
1922,17,PlaceObject2Tag,6,,true,"{""hasRotate"": ""false"", ""hasScale"": ""false"", ""nRotateBits"": ""0"", ""nScaleBits"": ""0"", ""nTranslateBits"": ""14"", ""translateX"": ""4860"", ""translateY"": ""-182"", ""type"": ""MATRIX""}",
1922,17,PlaceObject2Tag,8,,true,"{""hasRotate"": ""false"", ""hasScale"": ""false"", ""nRotateBits"": ""0"", ""nScaleBits"": ""0"", ""nTranslateBits"": ""14"", ""translateX"": ""-5159"", ""translateY"": ""967"", ""type"": ""MATRIX""}",
1922,18,PlaceObject2Tag,3,,true,"{""hasRotate"": ""false"", ""hasScale"": ""false"", ""nRotateBits"": ""0"", ""nScaleBits"": ""0"", ""nTranslateBits"": ""12"", ""translateX"": ""-1968"", ""translateY"": ""942"", ""type"": ""MATRIX""}",
1922,18,PlaceObject2Tag,6,,true,"{""hasRotate"": ""false"", ""hasScale"": ""false"", ""nRotateBits"": ""0"", ""nScaleBits"": ""0"", ""nTranslateBits"": ""14"", ""translateX"": ""4726"", ""translateY"": ""-429"", ""type"": ""MATRIX""}",
1922,18,PlaceObject2Tag,8,,true,"{""hasRotate"": ""false"", ""hasScale"": ""false"", ""nRotateBits"": ""0"", ""nScaleBits"": ""0"", ""nTranslateBits"": ""14"", ""translateX"": ""-5030"", ""translateY"": ""846"", ""type"": ""MATRIX""}",
1922,19,PlaceObject2Tag,3,,true,"{""hasRotate"": ""false"", ""hasScale"": ""false"", ""nRotateBits"": ""0"", ""nScaleBits"": ""0"", ""nTranslateBits"": ""12"", ""translateX"": ""-1882"", ""translateY"": ""728"", ""type"": ""MATRIX""}",
1922,19,PlaceObject2Tag,6,,true,"{""hasRotate"": ""false"", ""hasScale"": ""false"", ""nRotateBits"": ""0"", ""nScaleBits"": ""0"", ""nTranslateBits"": ""14"", ""translateX"": ""4582"", ""translateY"": ""-670"", ""type"": ""MATRIX""}",
1922,19,PlaceObject2Tag,8,,true,"{""hasRotate"": ""false"", ""hasScale"": ""false"", ""nRotateBits"": ""0"", ""nScaleBits"": ""0"", ""nTranslateBits"": ""14"", ""translateX"": ""-4898"", ""translateY"": ""729"", ""type"": ""MATRIX""}",
1922,20,PlaceObject2Tag,3,,true,"{""hasRotate"": ""false"", ""hasScale"": ""false"", ""nRotateBits"": ""0"", ""nScaleBits"": ""0"", ""nTranslateBits"": ""12"", ""translateX"": ""-1793"", ""translateY"": ""515"", ""type"": ""MATRIX""}",
1922,20,PlaceObject2Tag,6,,true,"{""hasRotate"": ""false"", ""hasScale"": ""false"", ""nRotateBits"": ""0"", ""nScaleBits"": ""0"", ""nTranslateBits"": ""14"", ""translateX"": ""4428"", ""translateY"": ""-906"", ""type"": ""MATRIX""}",
1922,20,PlaceObject2Tag,8,,true,"{""hasRotate"": ""false"", ""hasScale"": ""false"", ""nRotateBits"": ""0"", ""nScaleBits"": ""0"", ""nTranslateBits"": ""14"", ""translateX"": ""-4761"", ""translateY"": ""616"", ""type"": ""MATRIX""}",
1922,21,PlaceObject2Tag,3,,true,"{""hasRotate"": ""false"", ""hasScale"": ""false"", ""nRotateBits"": ""0"", ""nScaleBits"": ""0"", ""nTranslateBits"": ""12"", ""translateX"": ""-1701"", ""translateY"": ""304"", ""type"": ""MATRIX""}",
1922,21,PlaceObject2Tag,6,,true,"{""hasRotate"": ""false"", ""hasScale"": ""false"", ""nRotateBits"": ""0"", ""nScaleBits"": ""0"", ""nTranslateBits"": ""14"", ""translateX"": ""4261"", ""translateY"": ""-1134"", ""type"": ""MATRIX""}",
1922,21,PlaceObject2Tag,8,,true,"{""hasRotate"": ""false"", ""hasScale"": ""false"", ""nRotateBits"": ""0"", ""nScaleBits"": ""0"", ""nTranslateBits"": ""14"", ""translateX"": ""-4620"", ""translateY"": ""508"", ""type"": ""MATRIX""}",
1922,22,PlaceObject2Tag,3,,true,"{""hasRotate"": ""false"", ""hasScale"": ""false"", ""nRotateBits"": ""0"", ""nScaleBits"": ""0"", ""nTranslateBits"": ""12"", ""translateX"": ""-1605"", ""translateY"": ""94"", ""type"": ""MATRIX""}",
1922,22,PlaceObject2Tag,6,,true,"{""hasRotate"": ""false"", ""hasScale"": ""false"", ""nRotateBits"": ""0"", ""nScaleBits"": ""0"", ""nTranslateBits"": ""13"", ""translateX"": ""4080"", ""translateY"": ""-1352"", ""type"": ""MATRIX""}",
1922,22,PlaceObject2Tag,8,,true,"{""hasRotate"": ""false"", ""hasScale"": ""false"", ""nRotateBits"": ""0"", ""nScaleBits"": ""0"", ""nTranslateBits"": ""14"", ""translateX"": ""-4476"", ""translateY"": ""405"", ""type"": ""MATRIX""}",
1922,23,PlaceObject2Tag,3,,true,"{""hasRotate"": ""false"", ""hasScale"": ""false"", ""nRotateBits"": ""0"", ""nScaleBits"": ""0"", ""nTranslateBits"": ""12"", ""translateX"": ""-1505"", ""translateY"": ""-113"", ""type"": ""MATRIX""}",
1922,23,PlaceObject2Tag,6,,true,"{""hasRotate"": ""false"", ""hasScale"": ""false"", ""nRotateBits"": ""0"", ""nScaleBits"": ""0"", ""nTranslateBits"": ""13"", ""translateX"": ""3882"", ""translateY"": ""-1557"", ""type"": ""MATRIX""}",
1922,23,PlaceObject2Tag,8,,true,"{""hasRotate"": ""false"", ""hasScale"": ""false"", ""nRotateBits"": ""0"", ""nScaleBits"": ""0"", ""nTranslateBits"": ""14"", ""translateX"": ""-4327"", ""translateY"": ""307"", ""type"": ""MATRIX""}",
1922,24,PlaceObject2Tag,3,,true,"{""hasRotate"": ""false"", ""hasScale"": ""false"", ""nRotateBits"": ""0"", ""nScaleBits"": ""0"", ""nTranslateBits"": ""12"", ""translateX"": ""-1400"", ""translateY"": ""-319"", ""type"": ""MATRIX""}",
1922,24,PlaceObject2Tag,6,,true,"{""hasRotate"": ""false"", ""hasScale"": ""false"", ""nRotateBits"": ""0"", ""nScaleBits"": ""0"", ""nTranslateBits"": ""13"", ""translateX"": ""3665"", ""translateY"": ""-1745"", ""type"": ""MATRIX""}",
1922,24,PlaceObject2Tag,8,,true,"{""hasRotate"": ""false"", ""hasScale"": ""false"", ""nRotateBits"": ""0"", ""nScaleBits"": ""0"", ""nTranslateBits"": ""14"", ""translateX"": ""-4175"", ""translateY"": ""214"", ""type"": ""MATRIX""}",
1922,25,PlaceObject2Tag,3,,true,"{""hasRotate"": ""false"", ""hasScale"": ""false"", ""nRotateBits"": ""0"", ""nScaleBits"": ""0"", ""nTranslateBits"": ""12"", ""translateX"": ""-1288"", ""translateY"": ""-521"", ""type"": ""MATRIX""}",
1922,25,PlaceObject2Tag,6,,true,"{""hasRotate"": ""false"", ""hasScale"": ""false"", ""nRotateBits"": ""0"", ""nScaleBits"": ""0"", ""nTranslateBits"": ""13"", ""translateX"": ""3427"", ""translateY"": ""-1910"", ""type"": ""MATRIX""}",
1922,25,PlaceObject2Tag,8,,true,"{""hasRotate"": ""false"", ""hasScale"": ""false"", ""nRotateBits"": ""0"", ""nScaleBits"": ""0"", ""nTranslateBits"": ""13"", ""translateX"": ""-4018"", ""translateY"": ""128"", ""type"": ""MATRIX""}",
1922,26,PlaceObject2Tag,3,,true,"{""hasRotate"": ""false"", ""hasScale"": ""false"", ""nRotateBits"": ""0"", ""nScaleBits"": ""0"", ""nTranslateBits"": ""12"", ""translateX"": ""-1169"", ""translateY"": ""-719"", ""type"": ""MATRIX""}",
1922,26,PlaceObject2Tag,6,,true,"{""hasRotate"": ""false"", ""hasScale"": ""false"", ""nRotateBits"": ""0"", ""nScaleBits"": ""0"", ""nTranslateBits"": ""13"", ""translateX"": ""3165"", ""translateY"": ""-2043"", ""type"": ""MATRIX""}",
1922,26,PlaceObject2Tag,8,,true,"{""hasRotate"": ""false"", ""hasScale"": ""false"", ""nRotateBits"": ""0"", ""nScaleBits"": ""0"", ""nTranslateBits"": ""13"", ""translateX"": ""-3858"", ""translateY"": ""47"", ""type"": ""MATRIX""}",
1922,27,PlaceObject2Tag,3,,true,"{""hasRotate"": ""false"", ""hasScale"": ""false"", ""nRotateBits"": ""0"", ""nScaleBits"": ""0"", ""nTranslateBits"": ""12"", ""translateX"": ""-1042"", ""translateY"": ""-912"", ""type"": ""MATRIX""}",
1922,27,PlaceObject2Tag,6,,true,"{""hasRotate"": ""false"", ""hasScale"": ""false"", ""nRotateBits"": ""0"", ""nScaleBits"": ""0"", ""nTranslateBits"": ""13"", ""translateX"": ""2881"", ""translateY"": ""-2136"", ""type"": ""MATRIX""}",
1922,27,PlaceObject2Tag,8,,true,"{""hasRotate"": ""false"", ""hasScale"": ""false"", ""nRotateBits"": ""0"", ""nScaleBits"": ""0"", ""nTranslateBits"": ""13"", ""translateX"": ""-3695"", ""translateY"": ""-27"", ""type"": ""MATRIX""}",
1922,28,PlaceObject2Tag,3,,true,"{""hasRotate"": ""false"", ""hasScale"": ""false"", ""nRotateBits"": ""0"", ""nScaleBits"": ""0"", ""nTranslateBits"": ""12"", ""translateX"": ""-904"", ""translateY"": ""-1097"", ""type"": ""MATRIX""}",
1922,28,PlaceObject2Tag,6,,true,"{""hasRotate"": ""false"", ""hasScale"": ""false"", ""nRotateBits"": ""0"", ""nScaleBits"": ""0"", ""nTranslateBits"": ""13"", ""translateX"": ""2581"", ""translateY"": ""-2179"", ""type"": ""MATRIX""}",
1922,28,PlaceObject2Tag,8,,true,"{""hasRotate"": ""false"", ""hasScale"": ""false"", ""nRotateBits"": ""0"", ""nScaleBits"": ""0"", ""nTranslateBits"": ""13"", ""translateX"": ""-3528"", ""translateY"": ""-94"", ""type"": ""MATRIX""}",
1922,29,PlaceObject2Tag,3,,true,"{""hasRotate"": ""false"", ""hasScale"": ""false"", ""nRotateBits"": ""0"", ""nScaleBits"": ""0"", ""nTranslateBits"": ""12"", ""translateX"": ""-751"", ""translateY"": ""-1274"", ""type"": ""MATRIX""}",
1922,29,PlaceObject2Tag,6,,true,"{""hasRotate"": ""false"", ""hasScale"": ""false"", ""nRotateBits"": ""0"", ""nScaleBits"": ""0"", ""nTranslateBits"": ""13"", ""translateX"": ""2275"", ""translateY"": ""-2169"", ""type"": ""MATRIX""}",
1922,29,PlaceObject2Tag,8,,true,"{""hasRotate"": ""false"", ""hasScale"": ""false"", ""nRotateBits"": ""0"", ""nScaleBits"": ""0"", ""nTranslateBits"": ""13"", ""translateX"": ""-3359"", ""translateY"": ""-154"", ""type"": ""MATRIX""}",
1922,30,PlaceObject2Tag,3,,true,"{""hasRotate"": ""false"", ""hasScale"": ""false"", ""nRotateBits"": ""0"", ""nScaleBits"": ""0"", ""nTranslateBits"": ""12"", ""translateX"": ""-579"", ""translateY"": ""-1436"", ""type"": ""MATRIX""}",
1922,30,PlaceObject2Tag,6,,true,"{""hasRotate"": ""false"", ""hasScale"": ""false"", ""nRotateBits"": ""0"", ""nScaleBits"": ""0"", ""nTranslateBits"": ""13"", ""translateX"": ""1972"", ""translateY"": ""-2111"", ""type"": ""MATRIX""}",
1922,30,PlaceObject2Tag,8,,true,"{""hasRotate"": ""false"", ""hasScale"": ""false"", ""nRotateBits"": ""0"", ""nScaleBits"": ""0"", ""nTranslateBits"": ""13"", ""translateX"": ""-3186"", ""translateY"": ""-206"", ""type"": ""MATRIX""}",
1922,31,PlaceObject2Tag,3,,true,"{""hasRotate"": ""false"", ""hasScale"": ""false"", ""nRotateBits"": ""0"", ""nScaleBits"": ""0"", ""nTranslateBits"": ""12"", ""translateX"": ""-385"", ""translateY"": ""-1570"", ""type"": ""MATRIX""}",
1922,31,PlaceObject2Tag,6,,true,"{""hasRotate"": ""false"", ""hasScale"": ""false"", ""nRotateBits"": ""0"", ""nScaleBits"": ""0"", ""nTranslateBits"": ""12"", ""translateX"": ""1680"", ""translateY"": ""-2010"", ""type"": ""MATRIX""}",
1922,31,PlaceObject2Tag,8,,true,"{""hasRotate"": ""false"", ""hasScale"": ""false"", ""nRotateBits"": ""0"", ""nScaleBits"": ""0"", ""nTranslateBits"": ""13"", ""translateX"": ""-3012"", ""translateY"": ""-252"", ""type"": ""MATRIX""}",
1922,32,PlaceObject2Tag,3,,true,"{""hasRotate"": ""false"", ""hasScale"": ""false"", ""nRotateBits"": ""0"", ""nScaleBits"": ""0"", ""nTranslateBits"": ""12"", ""translateX"": ""-162"", ""translateY"": ""-1660"", ""type"": ""MATRIX""}",
1922,32,PlaceObject2Tag,6,,true,"{""hasRotate"": ""false"", ""hasScale"": ""false"", ""nRotateBits"": ""0"", ""nScaleBits"": ""0"", ""nTranslateBits"": ""12"", ""translateX"": ""1401"", ""translateY"": ""-1877"", ""type"": ""MATRIX""}",
1922,32,PlaceObject2Tag,8,,true,"{""hasRotate"": ""false"", ""hasScale"": ""false"", ""nRotateBits"": ""0"", ""nScaleBits"": ""0"", ""nTranslateBits"": ""13"", ""translateX"": ""-2835"", ""translateY"": ""-290"", ""type"": ""MATRIX""}",
1922,33,PlaceObject2Tag,3,,true,"{""hasRotate"": ""false"", ""hasScale"": ""false"", ""nRotateBits"": ""0"", ""nScaleBits"": ""0"", ""nTranslateBits"": ""12"", ""translateX"": ""85"", ""translateY"": ""-1677"", ""type"": ""MATRIX""}",
1922,33,PlaceObject2Tag,6,,true,"{""hasRotate"": ""false"", ""hasScale"": ""false"", ""nRotateBits"": ""0"", ""nScaleBits"": ""0"", ""nTranslateBits"": ""12"", ""translateX"": ""1138"", ""translateY"": ""-1720"", ""type"": ""MATRIX""}",
1922,33,PlaceObject2Tag,8,,true,"{""hasRotate"": ""false"", ""hasScale"": ""false"", ""nRotateBits"": ""0"", ""nScaleBits"": ""0"", ""nTranslateBits"": ""13"", ""translateX"": ""-2657"", ""translateY"": ""-320"", ""type"": ""MATRIX""}",
1922,34,PlaceObject2Tag,3,,true,"{""hasRotate"": ""false"", ""hasScale"": ""false"", ""nRotateBits"": ""0"", ""nScaleBits"": ""0"", ""nTranslateBits"": ""12"", ""translateX"": ""328"", ""translateY"": ""-1605"", ""type"": ""MATRIX""}",
1922,34,PlaceObject2Tag,6,,true,"{""hasRotate"": ""false"", ""hasScale"": ""false"", ""nRotateBits"": ""0"", ""nScaleBits"": ""0"", ""nTranslateBits"": ""12"", ""translateX"": ""889"", ""translateY"": ""-1544"", ""type"": ""MATRIX""}",
1922,34,PlaceObject2Tag,8,,true,"{""hasRotate"": ""false"", ""hasScale"": ""false"", ""nRotateBits"": ""0"", ""nScaleBits"": ""0"", ""nTranslateBits"": ""13"", ""translateX"": ""-2478"", ""translateY"": ""-343"", ""type"": ""MATRIX""}",
1922,35,PlaceObject2Tag,3,,true,"{""hasRotate"": ""false"", ""hasScale"": ""false"", ""nRotateBits"": ""0"", ""nScaleBits"": ""0"", ""nTranslateBits"": ""12"", ""translateX"": ""543"", ""translateY"": ""-1466"", ""type"": ""MATRIX""}",
1922,35,PlaceObject2Tag,6,,true,"{""hasRotate"": ""false"", ""hasScale"": ""false"", ""nRotateBits"": ""0"", ""nScaleBits"": ""0"", ""nTranslateBits"": ""12"", ""translateX"": ""652"", ""translateY"": ""-1354"", ""type"": ""MATRIX""}",
1922,35,PlaceObject2Tag,8,,true,"{""hasRotate"": ""false"", ""hasScale"": ""false"", ""nRotateBits"": ""0"", ""nScaleBits"": ""0"", ""nTranslateBits"": ""13"", ""translateX"": ""-2298"", ""translateY"": ""-359"", ""type"": ""MATRIX""}",
1922,36,PlaceObject2Tag,3,,true,"{""hasRotate"": ""false"", ""hasScale"": ""false"", ""nRotateBits"": ""0"", ""nScaleBits"": ""0"", ""nTranslateBits"": ""12"", ""translateX"": ""726"", ""translateY"": ""-1290"", ""type"": ""MATRIX""}",
1922,36,PlaceObject2Tag,6,,true,"{""hasRotate"": ""false"", ""hasScale"": ""false"", ""nRotateBits"": ""0"", ""nScaleBits"": ""0"", ""nTranslateBits"": ""12"", ""translateX"": ""427"", ""translateY"": ""-1153"", ""type"": ""MATRIX""}",
1922,36,PlaceObject2Tag,8,,true,"{""hasRotate"": ""false"", ""hasScale"": ""false"", ""nRotateBits"": ""0"", ""nScaleBits"": ""0"", ""nTranslateBits"": ""13"", ""translateX"": ""-2117"", ""translateY"": ""-367"", ""type"": ""MATRIX""}",
1922,37,PlaceObject2Tag,3,,true,"{""hasRotate"": ""false"", ""hasScale"": ""false"", ""nRotateBits"": ""0"", ""nScaleBits"": ""0"", ""nTranslateBits"": ""12"", ""translateX"": ""884"", ""translateY"": ""-1095"", ""type"": ""MATRIX""}",
1922,37,PlaceObject2Tag,6,,true,"{""hasRotate"": ""false"", ""hasScale"": ""false"", ""nRotateBits"": ""0"", ""nScaleBits"": ""0"", ""nTranslateBits"": ""11"", ""translateX"": ""212"", ""translateY"": ""-944"", ""type"": ""MATRIX""}",
1922,37,PlaceObject2Tag,8,,true,"{""hasRotate"": ""false"", ""hasScale"": ""false"", ""nRotateBits"": ""0"", ""nScaleBits"": ""0"", ""nTranslateBits"": ""12"", ""translateX"": ""-1937"", ""translateY"": ""-368"", ""type"": ""MATRIX""}",
1922,38,PlaceObject2Tag,3,,true,"{""hasRotate"": ""false"", ""hasScale"": ""false"", ""nRotateBits"": ""0"", ""nScaleBits"": ""0"", ""nTranslateBits"": ""11"", ""translateX"": ""1023"", ""translateY"": ""-889"", ""type"": ""MATRIX""}",
1922,38,PlaceObject2Tag,6,,true,"{""hasRotate"": ""false"", ""hasScale"": ""false"", ""nRotateBits"": ""0"", ""nScaleBits"": ""0"", ""nTranslateBits"": ""11"", ""translateX"": ""5"", ""translateY"": ""-728"", ""type"": ""MATRIX""}",
1922,38,PlaceObject2Tag,8,,true,"{""hasRotate"": ""false"", ""hasScale"": ""false"", ""nRotateBits"": ""0"", ""nScaleBits"": ""0"", ""nTranslateBits"": ""12"", ""translateX"": ""-1756"", ""translateY"": ""-363"", ""type"": ""MATRIX""}",
1922,39,PlaceObject2Tag,3,,true,"{""hasRotate"": ""false"", ""hasScale"": ""false"", ""nRotateBits"": ""0"", ""nScaleBits"": ""0"", ""nTranslateBits"": ""12"", ""translateX"": ""1147"", ""translateY"": ""-676"", ""type"": ""MATRIX""}",
1922,39,PlaceObject2Tag,6,,true,"{""hasRotate"": ""false"", ""hasScale"": ""false"", ""nRotateBits"": ""0"", ""nScaleBits"": ""0"", ""nTranslateBits"": ""10"", ""translateX"": ""-194"", ""translateY"": ""-506"", ""type"": ""MATRIX""}",
1922,39,PlaceObject2Tag,8,,true,"{""hasRotate"": ""false"", ""hasScale"": ""false"", ""nRotateBits"": ""0"", ""nScaleBits"": ""0"", ""nTranslateBits"": ""12"", ""translateX"": ""-1576"", ""translateY"": ""-351"", ""type"": ""MATRIX""}",
1922,40,PlaceObject2Tag,3,,true,"{""hasRotate"": ""false"", ""hasScale"": ""false"", ""nRotateBits"": ""0"", ""nScaleBits"": ""0"", ""nTranslateBits"": ""12"", ""translateX"": ""1261"", ""translateY"": ""-459"", ""type"": ""MATRIX""}",
1922,40,PlaceObject2Tag,6,,true,"{""hasRotate"": ""false"", ""hasScale"": ""false"", ""nRotateBits"": ""0"", ""nScaleBits"": ""0"", ""nTranslateBits"": ""10"", ""translateX"": ""-386"", ""translateY"": ""-279"", ""type"": ""MATRIX""}",
1922,40,PlaceObject2Tag,8,,true,"{""hasRotate"": ""false"", ""hasScale"": ""false"", ""nRotateBits"": ""0"", ""nScaleBits"": ""0"", ""nTranslateBits"": ""12"", ""translateX"": ""-1396"", ""translateY"": ""-333"", ""type"": ""MATRIX""}",
1922,41,PlaceObject2Tag,3,1781,false,"{""hasRotate"": ""false"", ""hasScale"": ""false"", ""nRotateBits"": ""0"", ""nScaleBits"": ""0"", ""nTranslateBits"": ""11"", ""translateX"": ""-981"", ""translateY"": ""440"", ""type"": ""MATRIX""}",
1922,41,PlaceObject2Tag,4,1916,false,"{""hasRotate"": ""false"", ""hasScale"": ""false"", ""nRotateBits"": ""0"", ""nScaleBits"": ""0"", ""nTranslateBits"": ""0"", ""translateX"": ""0"", ""translateY"": ""0"", ""type"": ""MATRIX""}",
1922,41,PlaceObject2Tag,6,,true,"{""hasRotate"": ""false"", ""hasScale"": ""false"", ""nRotateBits"": ""0"", ""nScaleBits"": ""0"", ""nTranslateBits"": ""11"", ""translateX"": ""-572"", ""translateY"": ""-49"", ""type"": ""MATRIX""}",
1922,41,PlaceObject2Tag,8,,true,"{""hasRotate"": ""false"", ""hasScale"": ""false"", ""nRotateBits"": ""0"", ""nScaleBits"": ""0"", ""nTranslateBits"": ""12"", ""translateX"": ""-1217"", ""translateY"": ""-309"", ""type"": ""MATRIX""}",
1922,41,PlaceObject2Tag,10,1781,false,"{""hasRotate"": ""false"", ""hasScale"": ""false"", ""nRotateBits"": ""0"", ""nScaleBits"": ""0"", ""nTranslateBits"": ""11"", ""translateX"": ""-981"", ""translateY"": ""440"", ""type"": ""MATRIX""}",
1922,42,PlaceObject2Tag,6,,true,"{""hasRotate"": ""false"", ""hasScale"": ""false"", ""nRotateBits"": ""0"", ""nScaleBits"": ""0"", ""nTranslateBits"": ""11"", ""translateX"": ""-753"", ""translateY"": ""185"", ""type"": ""MATRIX""}",
1922,42,PlaceObject2Tag,8,,true,"{""hasRotate"": ""false"", ""hasScale"": ""false"", ""nRotateBits"": ""0"", ""nScaleBits"": ""0"", ""nTranslateBits"": ""12"", ""translateX"": ""-1040"", ""translateY"": ""-280"", ""type"": ""MATRIX""}",
1922,42,PlaceObject2Tag,10,1782,true,,
1922,43,PlaceObject2Tag,6,,true,"{""hasRotate"": ""false"", ""hasScale"": ""false"", ""nRotateBits"": ""0"", ""nScaleBits"": ""0"", ""nTranslateBits"": ""11"", ""translateX"": ""-928"", ""translateY"": ""422"", ""type"": ""MATRIX""}",
1922,43,PlaceObject2Tag,8,,true,"{""hasRotate"": ""false"", ""hasScale"": ""false"", ""nRotateBits"": ""0"", ""nScaleBits"": ""0"", ""nTranslateBits"": ""11"", ""translateX"": ""-863"", ""translateY"": ""-245"", ""type"": ""MATRIX""}",
1922,43,PlaceObject2Tag,10,1917,false,"{""hasRotate"": ""false"", ""hasScale"": ""false"", ""nRotateBits"": ""0"", ""nScaleBits"": ""0"", ""nTranslateBits"": ""0"", ""translateX"": ""0"", ""translateY"": ""0"", ""type"": ""MATRIX""}",
1922,44,PlaceObject2Tag,3,1781,false,"{""hasRotate"": ""false"", ""hasScale"": ""false"", ""nRotateBits"": ""0"", ""nScaleBits"": ""0"", ""nTranslateBits"": ""11"", ""translateX"": ""-981"", ""translateY"": ""440"", ""type"": ""MATRIX""}",
1922,44,PlaceObject2Tag,6,,true,"{""hasRotate"": ""false"", ""hasScale"": ""false"", ""nRotateBits"": ""0"", ""nScaleBits"": ""0"", ""nTranslateBits"": ""12"", ""translateX"": ""-1099"", ""translateY"": ""661"", ""type"": ""MATRIX""}",
1922,44,PlaceObject2Tag,8,,true,"{""hasRotate"": ""false"", ""hasScale"": ""false"", ""nRotateBits"": ""0"", ""nScaleBits"": ""0"", ""nTranslateBits"": ""11"", ""translateX"": ""-688"", ""translateY"": ""-205"", ""type"": ""MATRIX""}",
1922,44,PlaceObject2Tag,10,,true,,
1922,44,PlaceObject2Tag,11,1781,false,"{""hasRotate"": ""false"", ""hasScale"": ""false"", ""nRotateBits"": ""0"", ""nScaleBits"": ""0"", ""nTranslateBits"": ""13"", ""translateX"": ""-3341"", ""translateY"": ""1560"", ""type"": ""MATRIX""}",
1922,45,PlaceObject2Tag,8,,true,"{""hasRotate"": ""false"", ""hasScale"": ""false"", ""nRotateBits"": ""0"", ""nScaleBits"": ""0"", ""nTranslateBits"": ""11"", ""translateX"": ""-514"", ""translateY"": ""-160"", ""type"": ""MATRIX""}",
1922,45,PlaceObject2Tag,10,,true,,
1922,45,PlaceObject2Tag,11,1782,true,,
1922,46,PlaceObject2Tag,8,,true,"{""hasRotate"": ""false"", ""hasScale"": ""false"", ""nRotateBits"": ""0"", ""nScaleBits"": ""0"", ""nTranslateBits"": ""10"", ""translateX"": ""-341"", ""translateY"": ""-111"", ""type"": ""MATRIX""}",
1922,46,PlaceObject2Tag,10,,true,,
1922,46,PlaceObject2Tag,11,1918,false,"{""hasRotate"": ""false"", ""hasScale"": ""false"", ""nRotateBits"": ""0"", ""nScaleBits"": ""0"", ""nTranslateBits"": ""0"", ""translateX"": ""0"", ""translateY"": ""0"", ""type"": ""MATRIX""}",
1922,47,PlaceObject2Tag,8,,true,"{""hasRotate"": ""false"", ""hasScale"": ""false"", ""nRotateBits"": ""0"", ""nScaleBits"": ""0"", ""nTranslateBits"": ""9"", ""translateX"": ""-170"", ""translateY"": ""-57"", ""type"": ""MATRIX""}",
1922,47,PlaceObject2Tag,10,1919,false,"{""hasRotate"": ""false"", ""hasScale"": ""false"", ""nRotateBits"": ""0"", ""nScaleBits"": ""0"", ""nTranslateBits"": ""11"", ""translateX"": ""-981"", ""translateY"": ""440"", ""type"": ""MATRIX""}",
1922,47,PlaceObject2Tag,11,,true,,
1922,48,PlaceObject2Tag,2,1920,false,"{""hasRotate"": ""false"", ""hasScale"": ""false"", ""nRotateBits"": ""0"", ""nScaleBits"": ""0"", ""nTranslateBits"": ""0"", ""translateX"": ""0"", ""translateY"": ""0"", ""type"": ""MATRIX""}",
1922,48,PlaceObject2Tag,3,1916,false,"{""hasRotate"": ""false"", ""hasScale"": ""false"", ""nRotateBits"": ""0"", ""nScaleBits"": ""0"", ""nTranslateBits"": ""0"", ""translateX"": ""0"", ""translateY"": ""0"", ""type"": ""MATRIX""}",
1922,48,PlaceObject2Tag,8,,true,"{""hasRotate"": ""false"", ""hasScale"": ""false"", ""nRotateBits"": ""0"", ""nScaleBits"": ""0"", ""nTranslateBits"": ""0"", ""translateX"": ""0"", ""translateY"": ""0"", ""type"": ""MATRIX""}",
1922,48,PlaceObject2Tag,11,,true,,
1922,48,PlaceObject2Tag,12,1781,false,"{""hasRotate"": ""false"", ""hasScale"": ""false"", ""nRotateBits"": ""0"", ""nScaleBits"": ""0"", ""nTranslateBits"": ""13"", ""translateX"": ""-2242"", ""translateY"": ""899"", ""type"": ""MATRIX""}",
1922,49,PlaceObject2Tag,11,,true,,
1922,49,PlaceObject2Tag,12,1782,true,,
1922,50,PlaceObject2Tag,5,1919,false,"{""hasRotate"": ""false"", ""hasScale"": ""false"", ""nRotateBits"": ""0"", ""nScaleBits"": ""0"", ""nTranslateBits"": ""13"", ""translateX"": ""-3341"", ""translateY"": ""1560"", ""type"": ""MATRIX""}",
1922,50,PlaceObject2Tag,6,1921,false,"{""hasRotate"": ""false"", ""hasScale"": ""false"", ""nRotateBits"": ""0"", ""nScaleBits"": ""0"", ""nTranslateBits"": ""0"", ""translateX"": ""0"", ""translateY"": ""0"", ""type"": ""MATRIX""}",
1922,51,PlaceObject2Tag,6,,true,,
1922,52,PlaceObject2Tag,6,,true,,
1922,53,PlaceObject2Tag,6,,true,,
1922,54,PlaceObject2Tag,5,1919,false,"{""hasRotate"": ""false"", ""hasScale"": ""false"", ""nRotateBits"": ""0"", ""nScaleBits"": ""0"", ""nTranslateBits"": ""13"", ""translateX"": ""-2242"", ""translateY"": ""899"", ""type"": ""MATRIX""}",
1946,1,PlaceObject2Tag,1,1945,false,"{""hasRotate"": ""false"", ""hasScale"": ""false"", ""nRotateBits"": ""0"", ""nScaleBits"": ""0"", ""nTranslateBits"": ""0"", ""translateX"": ""0"", ""translateY"": ""0"", ""type"": ""MATRIX""}",
1952,1,PlaceObject2Tag,1,149,false,"{""hasRotate"": ""false"", ""hasScale"": ""false"", ""nRotateBits"": ""0"", ""nScaleBits"": ""0"", ""nTranslateBits"": ""12"", ""translateX"": ""0"", ""translateY"": ""1120"", ""type"": ""MATRIX""}",
1952,1,PlaceObject2Tag,3,1935,false,"{""hasRotate"": ""false"", ""hasScale"": ""false"", ""nRotateBits"": ""0"", ""nScaleBits"": ""0"", ""nTranslateBits"": ""0"", ""translateX"": ""0"", ""translateY"": ""0"", ""type"": ""MATRIX""}",
1952,1,PlaceObject2Tag,4,1936,false,"{""hasRotate"": ""false"", ""hasScale"": ""false"", ""nRotateBits"": ""0"", ""nScaleBits"": ""0"", ""nTranslateBits"": ""0"", ""translateX"": ""0"", ""translateY"": ""0"", ""type"": ""MATRIX""}",
1952,1,PlaceObject2Tag,5,1937,false,"{""hasRotate"": ""false"", ""hasScale"": ""false"", ""nRotateBits"": ""0"", ""nScaleBits"": ""0"", ""nTranslateBits"": ""0"", ""translateX"": ""0"", ""translateY"": ""0"", ""type"": ""MATRIX""}",
1952,1,PlaceObject2Tag,6,1939,false,"{""hasRotate"": ""false"", ""hasScale"": ""false"", ""nRotateBits"": ""0"", ""nScaleBits"": ""0"", ""nTranslateBits"": ""12"", ""translateX"": ""-1820"", ""translateY"": ""-830"", ""type"": ""MATRIX""}",
1952,1,PlaceObject2Tag,7,1939,false,"{""hasRotate"": ""false"", ""hasScale"": ""false"", ""nRotateBits"": ""0"", ""nScaleBits"": ""0"", ""nTranslateBits"": ""13"", ""translateX"": ""-2520"", ""translateY"": ""-830"", ""type"": ""MATRIX""}",
1952,1,PlaceObject2Tag,9,1941,false,"{""hasRotate"": ""false"", ""hasScale"": ""false"", ""nRotateBits"": ""0"", ""nScaleBits"": ""0"", ""nTranslateBits"": ""0"", ""translateX"": ""0"", ""translateY"": ""0"", ""type"": ""MATRIX""}",
1952,1,PlaceObject2Tag,10,1943,false,"{""hasRotate"": ""false"", ""hasScale"": ""false"", ""nRotateBits"": ""0"", ""nScaleBits"": ""0"", ""nTranslateBits"": ""12"", ""translateX"": ""-1680"", ""translateY"": ""-830"", ""type"": ""MATRIX""}",
1952,1,PlaceObject2Tag,11,1946,false,"{""hasRotate"": ""false"", ""hasScale"": ""false"", ""nRotateBits"": ""0"", ""nScaleBits"": ""0"", ""nTranslateBits"": ""12"", ""translateX"": ""-1700"", ""translateY"": ""-810"", ""type"": ""MATRIX""}",
1952,2,PlaceObject2Tag,5,,true,,
1952,2,PlaceObject2Tag,11,,true,"{""hasRotate"": ""false"", ""hasScale"": ""false"", ""nRotateBits"": ""0"", ""nScaleBits"": ""0"", ""nTranslateBits"": ""12"", ""translateX"": ""-1744"", ""translateY"": ""-776"", ""type"": ""MATRIX""}",
1952,3,PlaceObject2Tag,5,,true,,
1952,3,PlaceObject2Tag,11,,true,"{""hasRotate"": ""false"", ""hasScale"": ""false"", ""nRotateBits"": ""0"", ""nScaleBits"": ""0"", ""nTranslateBits"": ""12"", ""translateX"": ""-1789"", ""translateY"": ""-742"", ""type"": ""MATRIX""}",
1952,4,PlaceObject2Tag,5,,true,,
1952,4,PlaceObject2Tag,11,,true,"{""hasRotate"": ""false"", ""hasScale"": ""false"", ""nRotateBits"": ""0"", ""nScaleBits"": ""0"", ""nTranslateBits"": ""12"", ""translateX"": ""-1833"", ""translateY"": ""-708"", ""type"": ""MATRIX""}",
1952,5,PlaceObject2Tag,5,,true,,
1952,5,PlaceObject2Tag,11,,true,"{""hasRotate"": ""false"", ""hasScale"": ""false"", ""nRotateBits"": ""0"", ""nScaleBits"": ""0"", ""nTranslateBits"": ""12"", ""translateX"": ""-1878"", ""translateY"": ""-675"", ""type"": ""MATRIX""}",
1952,6,PlaceObject2Tag,5,,true,,
1952,6,PlaceObject2Tag,11,,true,"{""hasRotate"": ""false"", ""hasScale"": ""false"", ""nRotateBits"": ""0"", ""nScaleBits"": ""0"", ""nTranslateBits"": ""12"", ""translateX"": ""-1922"", ""translateY"": ""-641"", ""type"": ""MATRIX""}",
1952,7,PlaceObject2Tag,5,,true,,
1952,7,PlaceObject2Tag,11,,true,"{""hasRotate"": ""false"", ""hasScale"": ""false"", ""nRotateBits"": ""0"", ""nScaleBits"": ""0"", ""nTranslateBits"": ""12"", ""translateX"": ""-1967"", ""translateY"": ""-607"", ""type"": ""MATRIX""}",
1952,8,PlaceObject2Tag,5,,true,,
1952,8,PlaceObject2Tag,11,,true,"{""hasRotate"": ""false"", ""hasScale"": ""false"", ""nRotateBits"": ""0"", ""nScaleBits"": ""0"", ""nTranslateBits"": ""12"", ""translateX"": ""-1985"", ""translateY"": ""-580"", ""type"": ""MATRIX""}",
1952,9,PlaceObject2Tag,5,,true,,
1952,9,PlaceObject2Tag,11,,true,"{""hasRotate"": ""false"", ""hasScale"": ""false"", ""nRotateBits"": ""0"", ""nScaleBits"": ""0"", ""nTranslateBits"": ""12"", ""translateX"": ""-2003"", ""translateY"": ""-553"", ""type"": ""MATRIX""}",
1952,10,PlaceObject2Tag,5,,true,,
1952,10,PlaceObject2Tag,11,,true,"{""hasRotate"": ""false"", ""hasScale"": ""false"", ""nRotateBits"": ""0"", ""nScaleBits"": ""0"", ""nTranslateBits"": ""12"", ""translateX"": ""-2020"", ""translateY"": ""-525"", ""type"": ""MATRIX""}",
1952,11,PlaceObject2Tag,5,,true,,
1952,11,PlaceObject2Tag,11,,true,"{""hasRotate"": ""false"", ""hasScale"": ""false"", ""nRotateBits"": ""0"", ""nScaleBits"": ""0"", ""nTranslateBits"": ""12"", ""translateX"": ""-2038"", ""translateY"": ""-498"", ""type"": ""MATRIX""}",
1952,12,PlaceObject2Tag,5,,true,,
1952,12,PlaceObject2Tag,11,,true,"{""hasRotate"": ""false"", ""hasScale"": ""false"", ""nRotateBits"": ""0"", ""nScaleBits"": ""0"", ""nTranslateBits"": ""13"", ""translateX"": ""-2056"", ""translateY"": ""-471"", ""type"": ""MATRIX""}",
1952,13,PlaceObject2Tag,5,,true,,
1952,13,PlaceObject2Tag,11,,true,"{""hasRotate"": ""false"", ""hasScale"": ""false"", ""nRotateBits"": ""0"", ""nScaleBits"": ""0"", ""nTranslateBits"": ""13"", ""translateX"": ""-2074"", ""translateY"": ""-444"", ""type"": ""MATRIX""}",
1952,14,PlaceObject2Tag,5,,true,,
1952,14,PlaceObject2Tag,11,,true,"{""hasRotate"": ""false"", ""hasScale"": ""false"", ""nRotateBits"": ""0"", ""nScaleBits"": ""0"", ""nTranslateBits"": ""13"", ""translateX"": ""-2091"", ""translateY"": ""-419"", ""type"": ""MATRIX""}",
1952,15,PlaceObject2Tag,5,,true,,
1952,15,PlaceObject2Tag,11,,true,"{""hasRotate"": ""false"", ""hasScale"": ""false"", ""nRotateBits"": ""0"", ""nScaleBits"": ""0"", ""nTranslateBits"": ""13"", ""translateX"": ""-2107"", ""translateY"": ""-395"", ""type"": ""MATRIX""}",
1952,16,PlaceObject2Tag,5,,true,,
1952,16,PlaceObject2Tag,11,,true,"{""hasRotate"": ""false"", ""hasScale"": ""false"", ""nRotateBits"": ""0"", ""nScaleBits"": ""0"", ""nTranslateBits"": ""13"", ""translateX"": ""-2124"", ""translateY"": ""-370"", ""type"": ""MATRIX""}",
1952,17,PlaceObject2Tag,5,,true,,
1952,17,PlaceObject2Tag,11,,true,"{""hasRotate"": ""false"", ""hasScale"": ""false"", ""nRotateBits"": ""0"", ""nScaleBits"": ""0"", ""nTranslateBits"": ""13"", ""translateX"": ""-2140"", ""translateY"": ""-345"", ""type"": ""MATRIX""}",
1952,18,PlaceObject2Tag,5,,true,,
1952,18,PlaceObject2Tag,11,,true,"{""hasRotate"": ""false"", ""hasScale"": ""false"", ""nRotateBits"": ""0"", ""nScaleBits"": ""0"", ""nTranslateBits"": ""13"", ""translateX"": ""-2157"", ""translateY"": ""-321"", ""type"": ""MATRIX""}",
1952,19,PlaceObject2Tag,5,,true,,
1952,19,PlaceObject2Tag,11,,true,"{""hasRotate"": ""false"", ""hasScale"": ""false"", ""nRotateBits"": ""0"", ""nScaleBits"": ""0"", ""nTranslateBits"": ""13"", ""translateX"": ""-2174"", ""translateY"": ""-296"", ""type"": ""MATRIX""}",
1952,20,PlaceObject2Tag,5,,true,,
1952,20,PlaceObject2Tag,11,,true,"{""hasRotate"": ""false"", ""hasScale"": ""false"", ""nRotateBits"": ""0"", ""nScaleBits"": ""0"", ""nTranslateBits"": ""13"", ""translateX"": ""-2190"", ""translateY"": ""-272"", ""type"": ""MATRIX""}",
1952,21,PlaceObject2Tag,5,,true,,
1952,21,PlaceObject2Tag,11,,true,"{""hasRotate"": ""false"", ""hasScale"": ""false"", ""nRotateBits"": ""0"", ""nScaleBits"": ""0"", ""nTranslateBits"": ""13"", ""translateX"": ""-2207"", ""translateY"": ""-247"", ""type"": ""MATRIX""}",
1952,22,PlaceObject2Tag,5,,true,,
1952,22,PlaceObject2Tag,11,,true,"{""hasRotate"": ""false"", ""hasScale"": ""false"", ""nRotateBits"": ""0"", ""nScaleBits"": ""0"", ""nTranslateBits"": ""13"", ""translateX"": ""-2224"", ""translateY"": ""-222"", ""type"": ""MATRIX""}",
1952,23,PlaceObject2Tag,5,,true,,
1952,23,PlaceObject2Tag,11,,true,"{""hasRotate"": ""false"", ""hasScale"": ""false"", ""nRotateBits"": ""0"", ""nScaleBits"": ""0"", ""nTranslateBits"": ""13"", ""translateX"": ""-2240"", ""translateY"": ""-198"", ""type"": ""MATRIX""}",
1952,24,PlaceObject2Tag,5,,true,,
1952,24,PlaceObject2Tag,11,,true,"{""hasRotate"": ""false"", ""hasScale"": ""false"", ""nRotateBits"": ""0"", ""nScaleBits"": ""0"", ""nTranslateBits"": ""13"", ""translateX"": ""-2257"", ""translateY"": ""-173"", ""type"": ""MATRIX""}",
1952,25,PlaceObject2Tag,5,,true,,
1952,25,PlaceObject2Tag,11,,true,"{""hasRotate"": ""false"", ""hasScale"": ""false"", ""nRotateBits"": ""0"", ""nScaleBits"": ""0"", ""nTranslateBits"": ""13"", ""translateX"": ""-2273"", ""translateY"": ""-148"", ""type"": ""MATRIX""}",
1952,26,PlaceObject2Tag,5,,true,,
1952,26,PlaceObject2Tag,11,,true,"{""hasRotate"": ""false"", ""hasScale"": ""false"", ""nRotateBits"": ""0"", ""nScaleBits"": ""0"", ""nTranslateBits"": ""13"", ""translateX"": ""-2290"", ""translateY"": ""-124"", ""type"": ""MATRIX""}",
1952,27,PlaceObject2Tag,5,,true,,
1952,27,PlaceObject2Tag,11,,true,"{""hasRotate"": ""false"", ""hasScale"": ""false"", ""nRotateBits"": ""0"", ""nScaleBits"": ""0"", ""nTranslateBits"": ""13"", ""translateX"": ""-2307"", ""translateY"": ""-99"", ""type"": ""MATRIX""}",
1952,28,PlaceObject2Tag,5,,true,,
1952,28,PlaceObject2Tag,11,,true,"{""hasRotate"": ""false"", ""hasScale"": ""false"", ""nRotateBits"": ""0"", ""nScaleBits"": ""0"", ""nTranslateBits"": ""13"", ""translateX"": ""-2323"", ""translateY"": ""-75"", ""type"": ""MATRIX""}",
1952,29,PlaceObject2Tag,5,1947,false,"{""hasRotate"": ""false"", ""hasScale"": ""false"", ""nRotateBits"": ""0"", ""nScaleBits"": ""0"", ""nTranslateBits"": ""0"", ""translateX"": ""0"", ""translateY"": ""0"", ""type"": ""MATRIX""}",
1952,29,PlaceObject2Tag,11,,true,"{""hasRotate"": ""false"", ""hasScale"": ""false"", ""nRotateBits"": ""0"", ""nScaleBits"": ""0"", ""nTranslateBits"": ""13"", ""translateX"": ""-2340"", ""translateY"": ""-50"", ""type"": ""MATRIX""}",
1952,30,PlaceObject2Tag,10,,true,"{""hasRotate"": ""false"", ""hasScale"": ""false"", ""nRotateBits"": ""0"", ""nScaleBits"": ""0"", ""nTranslateBits"": ""12"", ""translateX"": ""-1739"", ""translateY"": ""-899"", ""type"": ""MATRIX""}",
1952,31,PlaceObject2Tag,10,,true,"{""hasRotate"": ""false"", ""hasScale"": ""false"", ""nRotateBits"": ""0"", ""nScaleBits"": ""0"", ""nTranslateBits"": ""12"", ""translateX"": ""-1564"", ""translateY"": ""-1055"", ""type"": ""MATRIX""}",
1952,32,PlaceObject2Tag,10,,true,"{""hasRotate"": ""false"", ""hasScale"": ""false"", ""nRotateBits"": ""0"", ""nScaleBits"": ""0"", ""nTranslateBits"": ""12"", ""translateX"": ""-1385"", ""translateY"": ""-1202"", ""type"": ""MATRIX""}",
1952,33,PlaceObject2Tag,10,,true,"{""hasRotate"": ""false"", ""hasScale"": ""false"", ""nRotateBits"": ""0"", ""nScaleBits"": ""0"", ""nTranslateBits"": ""12"", ""translateX"": ""-1198"", ""translateY"": ""-1340"", ""type"": ""MATRIX""}",
1952,34,PlaceObject2Tag,10,,true,"{""hasRotate"": ""false"", ""hasScale"": ""false"", ""nRotateBits"": ""0"", ""nScaleBits"": ""0"", ""nTranslateBits"": ""12"", ""translateX"": ""-1002"", ""translateY"": ""-1467"", ""type"": ""MATRIX""}",
1952,35,PlaceObject2Tag,10,,true,"{""hasRotate"": ""false"", ""hasScale"": ""false"", ""nRotateBits"": ""0"", ""nScaleBits"": ""0"", ""nTranslateBits"": ""12"", ""translateX"": ""-798"", ""translateY"": ""-1581"", ""type"": ""MATRIX""}",
1952,36,PlaceObject2Tag,10,,true,"{""hasRotate"": ""false"", ""hasScale"": ""false"", ""nRotateBits"": ""0"", ""nScaleBits"": ""0"", ""nTranslateBits"": ""12"", ""translateX"": ""-584"", ""translateY"": ""-1680"", ""type"": ""MATRIX""}",
1952,37,PlaceObject2Tag,10,,true,"{""hasRotate"": ""false"", ""hasScale"": ""false"", ""nRotateBits"": ""0"", ""nScaleBits"": ""0"", ""nTranslateBits"": ""12"", ""translateX"": ""-361"", ""translateY"": ""-1761"", ""type"": ""MATRIX""}",
1952,38,PlaceObject2Tag,10,,true,"{""hasRotate"": ""false"", ""hasScale"": ""false"", ""nRotateBits"": ""0"", ""nScaleBits"": ""0"", ""nTranslateBits"": ""12"", ""translateX"": ""-130"", ""translateY"": ""-1820"", ""type"": ""MATRIX""}",
1952,39,PlaceObject2Tag,10,,true,"{""hasRotate"": ""false"", ""hasScale"": ""false"", ""nRotateBits"": ""0"", ""nScaleBits"": ""0"", ""nTranslateBits"": ""12"", ""translateX"": ""107"", ""translateY"": ""-1854"", ""type"": ""MATRIX""}",
1952,40,PlaceObject2Tag,10,,true,"{""hasRotate"": ""false"", ""hasScale"": ""false"", ""nRotateBits"": ""0"", ""nScaleBits"": ""0"", ""nTranslateBits"": ""12"", ""translateX"": ""348"", ""translateY"": ""-1861"", ""type"": ""MATRIX""}",
1952,41,PlaceObject2Tag,10,,true,"{""hasRotate"": ""false"", ""hasScale"": ""false"", ""nRotateBits"": ""0"", ""nScaleBits"": ""0"", ""nTranslateBits"": ""12"", ""translateX"": ""589"", ""translateY"": ""-1840"", ""type"": ""MATRIX""}",
1952,42,PlaceObject2Tag,10,,true,"{""hasRotate"": ""false"", ""hasScale"": ""false"", ""nRotateBits"": ""0"", ""nScaleBits"": ""0"", ""nTranslateBits"": ""12"", ""translateX"": ""826"", ""translateY"": ""-1791"", ""type"": ""MATRIX""}",
1952,43,PlaceObject2Tag,10,,true,"{""hasRotate"": ""false"", ""hasScale"": ""false"", ""nRotateBits"": ""0"", ""nScaleBits"": ""0"", ""nTranslateBits"": ""12"", ""translateX"": ""1057"", ""translateY"": ""-1716"", ""type"": ""MATRIX""}",
1952,44,PlaceObject2Tag,10,,true,"{""hasRotate"": ""false"", ""hasScale"": ""false"", ""nRotateBits"": ""0"", ""nScaleBits"": ""0"", ""nTranslateBits"": ""12"", ""translateX"": ""1280"", ""translateY"": ""-1618"", ""type"": ""MATRIX""}",
1952,45,PlaceObject2Tag,10,,true,"{""hasRotate"": ""false"", ""hasScale"": ""false"", ""nRotateBits"": ""0"", ""nScaleBits"": ""0"", ""nTranslateBits"": ""12"", ""translateX"": ""1492"", ""translateY"": ""-1501"", ""type"": ""MATRIX""}",
1952,46,PlaceObject2Tag,10,,true,"{""hasRotate"": ""false"", ""hasScale"": ""false"", ""nRotateBits"": ""0"", ""nScaleBits"": ""0"", ""nTranslateBits"": ""12"", ""translateX"": ""1694"", ""translateY"": ""-1368"", ""type"": ""MATRIX""}",
1952,47,PlaceObject2Tag,10,,true,"{""hasRotate"": ""false"", ""hasScale"": ""false"", ""nRotateBits"": ""0"", ""nScaleBits"": ""0"", ""nTranslateBits"": ""12"", ""translateX"": ""1886"", ""translateY"": ""-1222"", ""type"": ""MATRIX""}",
1952,48,PlaceObject2Tag,10,,true,"{""hasRotate"": ""false"", ""hasScale"": ""false"", ""nRotateBits"": ""0"", ""nScaleBits"": ""0"", ""nTranslateBits"": ""13"", ""translateX"": ""2069"", ""translateY"": ""-1065"", ""type"": ""MATRIX""}",
1952,49,PlaceObject2Tag,10,,true,"{""hasRotate"": ""false"", ""hasScale"": ""false"", ""nRotateBits"": ""0"", ""nScaleBits"": ""0"", ""nTranslateBits"": ""13"", ""translateX"": ""2242"", ""translateY"": ""-899"", ""type"": ""MATRIX""}",
1952,49,PlaceObject2Tag,11,1781,false,"{""hasRotate"": ""false"", ""hasScale"": ""false"", ""nRotateBits"": ""0"", ""nScaleBits"": ""0"", ""nTranslateBits"": ""0"", ""translateX"": ""0"", ""translateY"": ""0"", ""type"": ""MATRIX""}",
1952,50,PlaceObject2Tag,8,1948,false,"{""hasRotate"": ""false"", ""hasScale"": ""false"", ""nRotateBits"": ""0"", ""nScaleBits"": ""0"", ""nTranslateBits"": ""13"", ""translateX"": ""2567"", ""translateY"": ""-871"", ""type"": ""MATRIX""}",
1952,50,PlaceObject2Tag,9,1948,true,"{""hasRotate"": ""false"", ""hasScale"": ""false"", ""nRotateBits"": ""0"", ""nScaleBits"": ""0"", ""nTranslateBits"": ""12"", ""translateX"": ""1893"", ""translateY"": ""-809"", ""type"": ""MATRIX""}",
1952,50,PlaceObject2Tag,10,1782,true,"{""hasRotate"": ""false"", ""hasScale"": ""false"", ""nRotateBits"": ""0"", ""nScaleBits"": ""0"", ""nTranslateBits"": ""0"", ""translateX"": ""0"", ""translateY"": ""0"", ""type"": ""MATRIX""}",
1952,51,PlaceObject2Tag,8,,true,"{""hasRotate"": ""true"", ""hasScale"": ""true"", ""nRotateBits"": ""17"", ""nScaleBits"": ""16"", ""nTranslateBits"": ""13"", ""rotateSkew0"": ""0.9191742"", ""rotateSkew1"": ""-0.9191742"", ""scaleX"": ""0.39082336"", ""scaleY"": ""0.39082336"", ""translateX"": ""2751"", ""translateY"": ""-1099"", ""type"": ""MATRIX""}",
1952,51,PlaceObject2Tag,9,,true,"{""hasRotate"": ""true"", ""hasScale"": ""true"", ""nRotateBits"": ""17"", ""nScaleBits"": ""16"", ""nTranslateBits"": ""12"", ""rotateSkew0"": ""-0.9191742"", ""rotateSkew1"": ""0.9191742"", ""scaleX"": ""0.39082336"", ""scaleY"": ""0.39082336"", ""translateX"": ""1713"", ""translateY"": ""-1025"", ""type"": ""MATRIX""}",
1952,51,PlaceObject2Tag,10,1949,false,"{""hasRotate"": ""false"", ""hasScale"": ""false"", ""nRotateBits"": ""0"", ""nScaleBits"": ""0"", ""nTranslateBits"": ""0"", ""translateX"": ""0"", ""translateY"": ""0"", ""type"": ""MATRIX""}",
1952,52,PlaceObject2Tag,8,,true,"{""hasRotate"": ""true"", ""hasScale"": ""true"", ""nRotateBits"": ""17"", ""nScaleBits"": ""17"", ""nTranslateBits"": ""13"", ""rotateSkew0"": ""0.719574"", ""rotateSkew1"": ""-0.719574"", ""scaleX"": ""-0.6920624"", ""scaleY"": ""-0.6920624"", ""translateX"": ""2946"", ""translateY"": ""-1314"", ""type"": ""MATRIX""}",
1952,52,PlaceObject2Tag,9,,true,"{""hasRotate"": ""true"", ""hasScale"": ""true"", ""nRotateBits"": ""17"", ""nScaleBits"": ""17"", ""nTranslateBits"": ""12"", ""rotateSkew0"": ""-0.719574"", ""rotateSkew1"": ""0.719574"", ""scaleX"": ""-0.6920624"", ""scaleY"": ""-0.6920624"", ""translateX"": ""1519"", ""translateY"": ""-1226"", ""type"": ""MATRIX""}",
1952,52,PlaceObject2Tag,10,,true,,
1952,53,PlaceObject2Tag,8,,true,"{""hasRotate"": ""true"", ""hasScale"": ""true"", ""nRotateBits"": ""16"", ""nScaleBits"": ""17"", ""nTranslateBits"": ""13"", ""rotateSkew0"": ""-0.35490417"", ""rotateSkew1"": ""0.35490417"", ""scaleX"": ""-0.9337311"", ""scaleY"": ""-0.9337311"", ""translateX"": ""3158"", ""translateY"": ""-1515"", ""type"": ""MATRIX""}",
1952,53,PlaceObject2Tag,9,,true,"{""hasRotate"": ""true"", ""hasScale"": ""true"", ""nRotateBits"": ""16"", ""nScaleBits"": ""17"", ""nTranslateBits"": ""12"", ""rotateSkew0"": ""0.35490417"", ""rotateSkew1"": ""-0.35490417"", ""scaleX"": ""-0.9337311"", ""scaleY"": ""-0.9337311"", ""translateX"": ""1308"", ""translateY"": ""-1411"", ""type"": ""MATRIX""}",
1952,53,PlaceObject2Tag,10,,true,,
1952,54,PlaceObject2Tag,8,,true,"{""hasRotate"": ""true"", ""hasScale"": ""true"", ""nRotateBits"": ""17"", ""nScaleBits"": ""13"", ""nTranslateBits"": ""13"", ""rotateSkew0"": ""-0.9992523"", ""rotateSkew1"": ""0.9992523"", ""scaleX"": ""-0.03555298"", ""scaleY"": ""-0.03555298"", ""translateX"": ""3389"", ""translateY"": ""-1693"", ""type"": ""MATRIX""}",
1952,54,PlaceObject2Tag,9,,true,"{""hasRotate"": ""true"", ""hasScale"": ""true"", ""nRotateBits"": ""17"", ""nScaleBits"": ""13"", ""nTranslateBits"": ""12"", ""rotateSkew0"": ""0.9992523"", ""rotateSkew1"": ""-0.9992523"", ""scaleX"": ""-0.03555298"", ""scaleY"": ""-0.03555298"", ""translateX"": ""1074"", ""translateY"": ""-1572"", ""type"": ""MATRIX""}",
1952,54,PlaceObject2Tag,10,,true,,
1952,55,PlaceObject2Tag,8,,true,"{""hasRotate"": ""true"", ""hasScale"": ""true"", ""nRotateBits"": ""16"", ""nScaleBits"": ""17"", ""nTranslateBits"": ""13"", ""rotateSkew0"": ""-0.42330933"", ""rotateSkew1"": ""0.42330933"", ""scaleX"": ""0.90460205"", ""scaleY"": ""0.90460205"", ""translateX"": ""3648"", ""translateY"": ""-1837"", ""type"": ""MATRIX""}",
1952,55,PlaceObject2Tag,9,,true,"{""hasRotate"": ""true"", ""hasScale"": ""true"", ""nRotateBits"": ""16"", ""nScaleBits"": ""17"", ""nTranslateBits"": ""12"", ""rotateSkew0"": ""0.42330933"", ""rotateSkew1"": ""-0.42330933"", ""scaleX"": ""0.90460205"", ""scaleY"": ""0.90460205"", ""translateX"": ""813"", ""translateY"": ""-1695"", ""type"": ""MATRIX""}",
1952,55,PlaceObject2Tag,10,1919,false,"{""hasRotate"": ""false"", ""hasScale"": ""false"", ""nRotateBits"": ""0"", ""nScaleBits"": ""0"", ""nTranslateBits"": ""0"", ""translateX"": ""0"", ""translateY"": ""0"", ""type"": ""MATRIX""}",
1952,56,PlaceObject2Tag,8,,true,"{""hasRotate"": ""true"", ""hasScale"": ""true"", ""nRotateBits"": ""17"", ""nScaleBits"": ""17"", ""nTranslateBits"": ""13"", ""rotateSkew0"": ""0.6659546"", ""rotateSkew1"": ""-0.6659546"", ""scaleX"": ""0.74380493"", ""scaleY"": ""0.74380493"", ""translateX"": ""3943"", ""translateY"": ""-1924"", ""type"": ""MATRIX""}",
1952,56,PlaceObject2Tag,9,,true,"{""hasRotate"": ""true"", ""hasScale"": ""true"", ""nRotateBits"": ""17"", ""nScaleBits"": ""17"", ""nTranslateBits"": ""12"", ""rotateSkew0"": ""-0.6659546"", ""rotateSkew1"": ""0.6659546"", ""scaleX"": ""0.74380493"", ""scaleY"": ""0.74380493"", ""translateX"": ""522"", ""translateY"": ""-1764"", ""type"": ""MATRIX""}",
1952,57,PlaceObject2Tag,8,,true,"{""hasRotate"": ""true"", ""hasScale"": ""true"", ""nRotateBits"": ""17"", ""nScaleBits"": ""16"", ""nTranslateBits"": ""14"", ""rotateSkew0"": ""0.9458771"", ""rotateSkew1"": ""-0.9458771"", ""scaleX"": ""-0.32144165"", ""scaleY"": ""-0.32144165"", ""translateX"": ""4263"", ""translateY"": ""-1917"", ""type"": ""MATRIX""}",
1952,57,PlaceObject2Tag,9,,true,"{""hasRotate"": ""true"", ""hasScale"": ""true"", ""nRotateBits"": ""17"", ""nScaleBits"": ""16"", ""nTranslateBits"": ""12"", ""rotateSkew0"": ""-0.9458771"", ""rotateSkew1"": ""0.9458771"", ""scaleX"": ""-0.32144165"", ""scaleY"": ""-0.32144165"", ""translateX"": ""214"", ""translateY"": ""-1756"", ""type"": ""MATRIX""}",
1952,58,PlaceObject2Tag,8,,true,"{""hasRotate"": ""true"", ""hasScale"": ""true"", ""nRotateBits"": ""14"", ""nScaleBits"": ""17"", ""nTranslateBits"": ""14"", ""rotateSkew0"": ""0.07420349"", ""rotateSkew1"": ""-0.07420349"", ""scaleX"": ""-0.996994"", ""scaleY"": ""-0.996994"", ""translateX"": ""4576"", ""translateY"": ""-1795"", ""type"": ""MATRIX""}",
1952,58,PlaceObject2Tag,9,,true,"{""hasRotate"": ""true"", ""hasScale"": ""true"", ""nRotateBits"": ""14"", ""nScaleBits"": ""17"", ""nTranslateBits"": ""12"", ""rotateSkew0"": ""-0.07420349"", ""rotateSkew1"": ""0.07420349"", ""scaleX"": ""-0.996994"", ""scaleY"": ""-0.996994"", ""translateX"": ""-89"", ""translateY"": ""-1664"", ""type"": ""MATRIX""}",
1952,59,PlaceObject2Tag,8,,true,"{""hasRotate"": ""true"", ""hasScale"": ""true"", ""nRotateBits"": ""17"", ""nScaleBits"": ""16"", ""nTranslateBits"": ""14"", ""rotateSkew0"": ""-0.8873596"", ""rotateSkew1"": ""0.8873596"", ""scaleX"": ""-0.4581604"", ""scaleY"": ""-0.4581604"", ""translateX"": ""4848"", ""translateY"": ""-1586"", ""type"": ""MATRIX""}",
1952,59,PlaceObject2Tag,9,,true,"{""hasRotate"": ""true"", ""hasScale"": ""true"", ""nRotateBits"": ""17"", ""nScaleBits"": ""16"", ""nTranslateBits"": ""12"", ""rotateSkew0"": ""0.8873596"", ""rotateSkew1"": ""-0.8873596"", ""scaleX"": ""-0.4581604"", ""scaleY"": ""-0.4581604"", ""translateX"": ""-368"", ""translateY"": ""-1506"", ""type"": ""MATRIX""}",
1952,60,PlaceObject2Tag,8,,true,"{""hasRotate"": ""true"", ""hasScale"": ""true"", ""nRotateBits"": ""17"", ""nScaleBits"": ""17"", ""nTranslateBits"": ""14"", ""rotateSkew0"": ""-0.76911926"", ""rotateSkew1"": ""0.76911926"", ""scaleX"": ""0.6365814"", ""scaleY"": ""0.6365814"", ""translateX"": ""5073"", ""translateY"": ""-1330"", ""type"": ""MATRIX""}",
1952,60,PlaceObject2Tag,9,,true,"{""hasRotate"": ""true"", ""hasScale"": ""true"", ""nRotateBits"": ""17"", ""nScaleBits"": ""17"", ""nTranslateBits"": ""12"", ""rotateSkew0"": ""0.76911926"", ""rotateSkew1"": ""-0.76911926"", ""scaleX"": ""0.6365814"", ""scaleY"": ""0.6365814"", ""translateX"": ""-616"", ""translateY"": ""-1304"", ""type"": ""MATRIX""}",
1952,61,PlaceObject2Tag,8,,true,"{""hasRotate"": ""true"", ""hasScale"": ""true"", ""nRotateBits"": ""16"", ""nScaleBits"": ""17"", ""nTranslateBits"": ""14"", ""rotateSkew0"": ""0.28442383"", ""rotateSkew1"": ""-0.28442383"", ""scaleX"": ""0.9577637"", ""scaleY"": ""0.9577637"", ""translateX"": ""5262"", ""translateY"": ""-1053"", ""type"": ""MATRIX""}",
1952,61,PlaceObject2Tag,9,,true,"{""hasRotate"": ""true"", ""hasScale"": ""true"", ""nRotateBits"": ""16"", ""nScaleBits"": ""17"", ""nTranslateBits"": ""12"", ""rotateSkew0"": ""-0.28442383"", ""rotateSkew1"": ""0.28442383"", ""scaleX"": ""0.9577637"", ""scaleY"": ""0.9577637"", ""translateX"": ""-837"", ""translateY"": ""-1076"", ""type"": ""MATRIX""}",
1952,62,PlaceObject2Tag,8,,true,"{""hasRotate"": ""true"", ""hasScale"": ""true"", ""nRotateBits"": ""17"", ""nScaleBits"": ""14"", ""nTranslateBits"": ""14"", ""rotateSkew0"": ""0.99360657"", ""rotateSkew1"": ""-0.99360657"", ""scaleX"": ""0.10961914"", ""scaleY"": ""0.10961914"", ""translateX"": ""5423"", ""translateY"": ""-765"", ""type"": ""MATRIX""}",
1952,62,PlaceObject2Tag,9,,true,"{""hasRotate"": ""true"", ""hasScale"": ""true"", ""nRotateBits"": ""17"", ""nScaleBits"": ""14"", ""nTranslateBits"": ""12"", ""rotateSkew0"": ""-0.99360657"", ""rotateSkew1"": ""0.99360657"", ""scaleX"": ""0.10961914"", ""scaleY"": ""0.10961914"", ""translateX"": ""-1034"", ""translateY"": ""-833"", ""type"": ""MATRIX""}",
1952,63,PlaceObject2Tag,8,,true,"{""hasRotate"": ""true"", ""hasScale"": ""true"", ""nRotateBits"": ""16"", ""nScaleBits"": ""17"", ""nTranslateBits"": ""14"", ""rotateSkew0"": ""0.4894867"", ""rotateSkew1"": ""-0.4894867"", ""scaleX"": ""-0.8704071"", ""scaleY"": ""-0.8704071"", ""translateX"": ""5565"", ""translateY"": ""-471"", ""type"": ""MATRIX""}",
1952,63,PlaceObject2Tag,9,,true,"{""hasRotate"": ""true"", ""hasScale"": ""true"", ""nRotateBits"": ""16"", ""nScaleBits"": ""17"", ""nTranslateBits"": ""12"", ""rotateSkew0"": ""-0.4894867"", ""rotateSkew1"": ""0.4894867"", ""scaleX"": ""-0.8704071"", ""scaleY"": ""-0.8704071"", ""translateX"": ""-1213"", ""translateY"": ""-580"", ""type"": ""MATRIX""}",
1952,64,PlaceObject2Tag,8,,true,"{""hasRotate"": ""true"", ""hasScale"": ""true"", ""nRotateBits"": ""17"", ""nScaleBits"": ""17"", ""nTranslateBits"": ""14"", ""rotateSkew0"": ""-0.60876465"", ""rotateSkew1"": ""0.60876465"", ""scaleX"": ""-0.7913513"", ""scaleY"": ""-0.7913513"", ""translateX"": ""5691"", ""translateY"": ""-175"", ""type"": ""MATRIX""}",
1952,64,PlaceObject2Tag,9,,true,"{""hasRotate"": ""true"", ""hasScale"": ""true"", ""nRotateBits"": ""17"", ""nScaleBits"": ""17"", ""nTranslateBits"": ""12"", ""rotateSkew0"": ""0.60876465"", ""rotateSkew1"": ""-0.60876465"", ""scaleX"": ""-0.7913513"", ""scaleY"": ""-0.7913513"", ""translateX"": ""-1377"", ""translateY"": ""-321"", ""type"": ""MATRIX""}",
1952,65,PlaceObject2Tag,1,149,false,"{""hasRotate"": ""false"", ""hasScale"": ""false"", ""nRotateBits"": ""0"", ""nScaleBits"": ""0"", ""nTranslateBits"": ""12"", ""translateX"": ""0"", ""translateY"": ""1120"", ""type"": ""MATRIX""}",
1952,65,PlaceObject2Tag,4,1936,false,"{""hasRotate"": ""false"", ""hasScale"": ""false"", ""nRotateBits"": ""0"", ""nScaleBits"": ""0"", ""nTranslateBits"": ""0"", ""translateX"": ""0"", ""translateY"": ""0"", ""type"": ""MATRIX""}",
1952,65,PlaceObject2Tag,5,1950,false,"{""hasRotate"": ""false"", ""hasScale"": ""false"", ""nRotateBits"": ""0"", ""nScaleBits"": ""0"", ""nTranslateBits"": ""0"", ""translateX"": ""0"", ""translateY"": ""0"", ""type"": ""MATRIX""}",
1952,65,PlaceObject2Tag,8,,true,"{""hasRotate"": ""true"", ""hasScale"": ""true"", ""nRotateBits"": ""17"", ""nScaleBits"": ""15"", ""nTranslateBits"": ""14"", ""rotateSkew0"": ""-0.96817017"", ""rotateSkew1"": ""0.96817017"", ""scaleX"": ""0.24711609"", ""scaleY"": ""0.24711609"", ""translateX"": ""5805"", ""translateY"": ""124"", ""type"": ""MATRIX""}",
1952,65,PlaceObject2Tag,9,,true,"{""hasRotate"": ""true"", ""hasScale"": ""true"", ""nRotateBits"": ""17"", ""nScaleBits"": ""15"", ""nTranslateBits"": ""12"", ""rotateSkew0"": ""0.96817017"", ""rotateSkew1"": ""-0.96817017"", ""scaleX"": ""0.24711609"", ""scaleY"": ""0.24711609"", ""translateX"": ""-1529"", ""translateY"": ""-56"", ""type"": ""MATRIX""}",
1952,65,PlaceObject2Tag,10,1946,false,"{""hasRotate"": ""false"", ""hasScale"": ""false"", ""nRotateBits"": ""0"", ""nScaleBits"": ""0"", ""nTranslateBits"": ""12"", ""translateX"": ""-2030"", ""translateY"": ""-708"", ""type"": ""MATRIX""}",
1952,66,PlaceObject2Tag,5,,true,,
1952,66,PlaceObject2Tag,8,,true,"{""hasRotate"": ""true"", ""hasScale"": ""true"", ""nRotateBits"": ""15"", ""nScaleBits"": ""17"", ""nTranslateBits"": ""14"", ""rotateSkew0"": ""-0.14813232"", ""rotateSkew1"": ""0.14813232"", ""scaleX"": ""0.9884796"", ""scaleY"": ""0.9884796"", ""translateX"": ""5909"", ""translateY"": ""424"", ""type"": ""MATRIX""}",
1952,66,PlaceObject2Tag,9,,true,"{""hasRotate"": ""true"", ""hasScale"": ""true"", ""nRotateBits"": ""15"", ""nScaleBits"": ""17"", ""nTranslateBits"": ""12"", ""rotateSkew0"": ""0.14813232"", ""rotateSkew1"": ""-0.14813232"", ""scaleX"": ""0.9884796"", ""scaleY"": ""0.9884796"", ""translateX"": ""-1671"", ""translateY"": ""211"", ""type"": ""MATRIX""}",
1952,66,PlaceObject2Tag,10,,true,"{""hasRotate"": ""false"", ""hasScale"": ""false"", ""nRotateBits"": ""0"", ""nScaleBits"": ""0"", ""nTranslateBits"": ""12"", ""translateX"": ""-2044"", ""translateY"": ""-692"", ""type"": ""MATRIX""}",
1952,67,PlaceObject2Tag,5,,true,,
1952,67,PlaceObject2Tag,8,,true,"{""hasRotate"": ""true"", ""hasScale"": ""true"", ""nRotateBits"": ""17"", ""nScaleBits"": ""17"", ""nTranslateBits"": ""14"", ""rotateSkew0"": ""0.85069275"", ""rotateSkew1"": ""-0.85069275"", ""scaleX"": ""0.5228729"", ""scaleY"": ""0.5228729"", ""translateX"": ""6004"", ""translateY"": ""725"", ""type"": ""MATRIX""}",
1952,67,PlaceObject2Tag,9,,true,"{""hasRotate"": ""true"", ""hasScale"": ""true"", ""nRotateBits"": ""17"", ""nScaleBits"": ""17"", ""nTranslateBits"": ""12"", ""rotateSkew0"": ""-0.85069275"", ""rotateSkew1"": ""0.85069275"", ""scaleX"": ""0.5228729"", ""scaleY"": ""0.5228729"", ""translateX"": ""-1805"", ""translateY"": ""481"", ""type"": ""MATRIX""}",
1952,67,PlaceObject2Tag,10,,true,"{""hasRotate"": ""false"", ""hasScale"": ""false"", ""nRotateBits"": ""0"", ""nScaleBits"": ""0"", ""nTranslateBits"": ""13"", ""translateX"": ""-2057"", ""translateY"": ""-676"", ""type"": ""MATRIX""}",
1952,68,PlaceObject2Tag,5,,true,,
1952,68,PlaceObject2Tag,8,,true,"{""hasRotate"": ""true"", ""hasScale"": ""true"", ""nRotateBits"": ""17"", ""nScaleBits"": ""17"", ""nTranslateBits"": ""14"", ""rotateSkew0"": ""0.8144989"", ""rotateSkew1"": ""-0.8144989"", ""scaleX"": ""-0.5774994"", ""scaleY"": ""-0.5774994"", ""translateX"": ""6093"", ""translateY"": ""1026"", ""type"": ""MATRIX""}",
1952,68,PlaceObject2Tag,9,,true,"{""hasRotate"": ""true"", ""hasScale"": ""true"", ""nRotateBits"": ""17"", ""nScaleBits"": ""17"", ""nTranslateBits"": ""12"", ""rotateSkew0"": ""-0.8144989"", ""rotateSkew1"": ""0.8144989"", ""scaleX"": ""-0.5774994"", ""scaleY"": ""-0.5774994"", ""translateX"": ""-1931"", ""translateY"": ""753"", ""type"": ""MATRIX""}",
1952,68,PlaceObject2Tag,10,,true,"{""hasRotate"": ""false"", ""hasScale"": ""false"", ""nRotateBits"": ""0"", ""nScaleBits"": ""0"", ""nTranslateBits"": ""13"", ""translateX"": ""-2071"", ""translateY"": ""-660"", ""type"": ""MATRIX""}",
1952,69,PlaceObject2Tag,5,,true,,
1952,69,PlaceObject2Tag,8,,true,"{""hasRotate"": ""true"", ""hasScale"": ""true"", ""nRotateBits"": ""15"", ""nScaleBits"": ""17"", ""nTranslateBits"": ""14"", ""rotateSkew0"": ""-0.2124939"", ""rotateSkew1"": ""0.2124939"", ""scaleX"": ""-0.9764557"", ""scaleY"": ""-0.9764557"", ""translateX"": ""6176"", ""translateY"": ""1328"", ""type"": ""MATRIX""}",
1952,69,PlaceObject2Tag,9,,true,"{""hasRotate"": ""true"", ""hasScale"": ""true"", ""nRotateBits"": ""15"", ""nScaleBits"": ""17"", ""nTranslateBits"": ""13"", ""rotateSkew0"": ""0.2124939"", ""rotateSkew1"": ""-0.2124939"", ""scaleX"": ""-0.9764557"", ""scaleY"": ""-0.9764557"", ""translateX"": ""-2051"", ""translateY"": ""1027"", ""type"": ""MATRIX""}",
1952,69,PlaceObject2Tag,10,,true,"{""hasRotate"": ""false"", ""hasScale"": ""false"", ""nRotateBits"": ""0"", ""nScaleBits"": ""0"", ""nTranslateBits"": ""13"", ""translateX"": ""-2084"", ""translateY"": ""-644"", ""type"": ""MATRIX""}",
1952,70,PlaceObject2Tag,5,,true,,
1952,70,PlaceObject2Tag,8,,true,"{""hasRotate"": ""true"", ""hasScale"": ""true"", ""nRotateBits"": ""17"", ""nScaleBits"": ""15"", ""nTranslateBits"": ""14"", ""rotateSkew0"": ""-0.98246765"", ""rotateSkew1"": ""0.98246765"", ""scaleX"": ""-0.18321228"", ""scaleY"": ""-0.18321228"", ""translateX"": ""6253"", ""translateY"": ""1630"", ""type"": ""MATRIX""}",
1952,70,PlaceObject2Tag,9,,true,"{""hasRotate"": ""true"", ""hasScale"": ""true"", ""nRotateBits"": ""17"", ""nScaleBits"": ""15"", ""nTranslateBits"": ""13"", ""rotateSkew0"": ""0.98246765"", ""rotateSkew1"": ""-0.98246765"", ""scaleX"": ""-0.18321228"", ""scaleY"": ""-0.18321228"", ""translateX"": ""-2166"", ""translateY"": ""1302"", ""type"": ""MATRIX""}",
1952,70,PlaceObject2Tag,10,,true,"{""hasRotate"": ""false"", ""hasScale"": ""false"", ""nRotateBits"": ""0"", ""nScaleBits"": ""0"", ""nTranslateBits"": ""13"", ""translateX"": ""-2098"", ""translateY"": ""-628"", ""type"": ""MATRIX""}",
1952,71,PlaceObject2Tag,5,,true,,
1952,71,PlaceObject2Tag,8,,true,"{""hasRotate"": ""true"", ""hasScale"": ""true"", ""nRotateBits"": ""17"", ""nScaleBits"": ""17"", ""nTranslateBits"": ""14"", ""rotateSkew0"": ""-0.5528412"", ""rotateSkew1"": ""0.5528412"", ""scaleX"": ""0.8314667"", ""scaleY"": ""0.8314667"", ""translateX"": ""6326"", ""translateY"": ""1931"", ""type"": ""MATRIX""}",
1952,71,PlaceObject2Tag,9,,true,"{""hasRotate"": ""true"", ""hasScale"": ""true"", ""nRotateBits"": ""17"", ""nScaleBits"": ""17"", ""nTranslateBits"": ""13"", ""rotateSkew0"": ""0.5528412"", ""rotateSkew1"": ""-0.5528412"", ""scaleX"": ""0.8314667"", ""scaleY"": ""0.8314667"", ""translateX"": ""-2275"", ""translateY"": ""1577"", ""type"": ""MATRIX""}",
1952,71,PlaceObject2Tag,10,,true,"{""hasRotate"": ""false"", ""hasScale"": ""false"", ""nRotateBits"": ""0"", ""nScaleBits"": ""0"", ""nTranslateBits"": ""13"", ""translateX"": ""-2111"", ""translateY"": ""-612"", ""type"": ""MATRIX""}",
1952,72,PlaceObject2Tag,5,,true,,
1952,72,PlaceObject2Tag,8,,true,"{""hasRotate"": ""true"", ""hasScale"": ""true"", ""nRotateBits"": ""17"", ""nScaleBits"": ""17"", ""nTranslateBits"": ""14"", ""rotateSkew0"": ""0.5454712"", ""rotateSkew1"": ""-0.5454712"", ""scaleX"": ""0.8363342"", ""scaleY"": ""0.8363342"", ""translateX"": ""6395"", ""translateY"": ""2233"", ""type"": ""MATRIX""}",
1952,72,PlaceObject2Tag,9,,true,"{""hasRotate"": ""true"", ""hasScale"": ""true"", ""nRotateBits"": ""17"", ""nScaleBits"": ""17"", ""nTranslateBits"": ""13"", ""rotateSkew0"": ""-0.5454712"", ""rotateSkew1"": ""0.5454712"", ""scaleX"": ""0.8363342"", ""scaleY"": ""0.8363342"", ""translateX"": ""-2380"", ""translateY"": ""1853"", ""type"": ""MATRIX""}",
1952,72,PlaceObject2Tag,10,,true,"{""hasRotate"": ""false"", ""hasScale"": ""false"", ""nRotateBits"": ""0"", ""nScaleBits"": ""0"", ""nTranslateBits"": ""13"", ""translateX"": ""-2125"", ""translateY"": ""-596"", ""type"": ""MATRIX""}",
1952,73,PlaceObject2Tag,5,,true,,
1952,73,PlaceObject2Tag,8,,true,"{""hasRotate"": ""true"", ""hasScale"": ""true"", ""nRotateBits"": ""17"", ""nScaleBits"": ""15"", ""nTranslateBits"": ""14"", ""rotateSkew0"": ""0.98410034"", ""rotateSkew1"": ""-0.98410034"", ""scaleX"": ""-0.1743927"", ""scaleY"": ""-0.1743927"", ""translateX"": ""6461"", ""translateY"": ""2535"", ""type"": ""MATRIX""}",
1952,73,PlaceObject2Tag,9,,true,"{""hasRotate"": ""true"", ""hasScale"": ""true"", ""nRotateBits"": ""17"", ""nScaleBits"": ""15"", ""nTranslateBits"": ""13"", ""rotateSkew0"": ""-0.98410034"", ""rotateSkew1"": ""0.98410034"", ""scaleX"": ""-0.1743927"", ""scaleY"": ""-0.1743927"", ""translateX"": ""-2482"", ""translateY"": ""2130"", ""type"": ""MATRIX""}",
1952,73,PlaceObject2Tag,10,,true,"{""hasRotate"": ""false"", ""hasScale"": ""false"", ""nRotateBits"": ""0"", ""nScaleBits"": ""0"", ""nTranslateBits"": ""13"", ""translateX"": ""-2138"", ""translateY"": ""-580"", ""type"": ""MATRIX""}",
1952,74,PlaceObject2Tag,5,,true,,
1952,74,PlaceObject2Tag,8,,true,"{""hasRotate"": ""true"", ""hasScale"": ""true"", ""nRotateBits"": ""15"", ""nScaleBits"": ""17"", ""nTranslateBits"": ""14"", ""rotateSkew0"": ""0.22111511"", ""rotateSkew1"": ""-0.22111511"", ""scaleX"": ""-0.9745178"", ""scaleY"": ""-0.9745178"", ""translateX"": ""6523"", ""translateY"": ""2836"", ""type"": ""MATRIX""}",
1952,74,PlaceObject2Tag,9,,true,"{""hasRotate"": ""true"", ""hasScale"": ""true"", ""nRotateBits"": ""15"", ""nScaleBits"": ""17"", ""nTranslateBits"": ""13"", ""rotateSkew0"": ""-0.22111511"", ""rotateSkew1"": ""0.22111511"", ""scaleX"": ""-0.9745178"", ""scaleY"": ""-0.9745178"", ""translateX"": ""-2579"", ""translateY"": ""2408"", ""type"": ""MATRIX""}",
1952,74,PlaceObject2Tag,10,,true,"{""hasRotate"": ""false"", ""hasScale"": ""false"", ""nRotateBits"": ""0"", ""nScaleBits"": ""0"", ""nTranslateBits"": ""13"", ""translateX"": ""-2152"", ""translateY"": ""-564"", ""type"": ""MATRIX""}",
1952,75,PlaceObject2Tag,5,,true,,
1952,75,PlaceObject2Tag,8,,true,"{""hasRotate"": ""true"", ""hasScale"": ""true"", ""nRotateBits"": ""17"", ""nScaleBits"": ""17"", ""nTranslateBits"": ""14"", ""rotateSkew0"": ""-0.80926514"", ""rotateSkew1"": ""0.80926514"", ""scaleX"": ""-0.58477783"", ""scaleY"": ""-0.58477783"", ""translateX"": ""6582"", ""translateY"": ""3138"", ""type"": ""MATRIX""}",
1952,75,PlaceObject2Tag,9,,true,"{""hasRotate"": ""true"", ""hasScale"": ""true"", ""nRotateBits"": ""17"", ""nScaleBits"": ""17"", ""nTranslateBits"": ""13"", ""rotateSkew0"": ""0.80926514"", ""rotateSkew1"": ""-0.80926514"", ""scaleX"": ""-0.58477783"", ""scaleY"": ""-0.58477783"", ""translateX"": ""-2674"", ""translateY"": ""2686"", ""type"": ""MATRIX""}",
1952,75,PlaceObject2Tag,10,,true,"{""hasRotate"": ""false"", ""hasScale"": ""false"", ""nRotateBits"": ""0"", ""nScaleBits"": ""0"", ""nTranslateBits"": ""13"", ""translateX"": ""-2165"", ""translateY"": ""-548"", ""type"": ""MATRIX""}",
1952,76,PlaceObject2Tag,5,,true,,
1952,76,PlaceObject2Tag,8,,true,"{""hasRotate"": ""true"", ""hasScale"": ""true"", ""nRotateBits"": ""17"", ""nScaleBits"": ""17"", ""nTranslateBits"": ""14"", ""rotateSkew0"": ""-0.8553009"", ""rotateSkew1"": ""0.8553009"", ""scaleX"": ""0.5153198"", ""scaleY"": ""0.5153198"", ""translateX"": ""6638"", ""translateY"": ""3439"", ""type"": ""MATRIX""}",
1952,76,PlaceObject2Tag,9,,true,"{""hasRotate"": ""true"", ""hasScale"": ""true"", ""nRotateBits"": ""17"", ""nScaleBits"": ""17"", ""nTranslateBits"": ""13"", ""rotateSkew0"": ""0.8553009"", ""rotateSkew1"": ""-0.8553009"", ""scaleX"": ""0.5153198"", ""scaleY"": ""0.5153198"", ""translateX"": ""-2765"", ""translateY"": ""2964"", ""type"": ""MATRIX""}",
1952,76,PlaceObject2Tag,10,,true,"{""hasRotate"": ""false"", ""hasScale"": ""false"", ""nRotateBits"": ""0"", ""nScaleBits"": ""0"", ""nTranslateBits"": ""13"", ""translateX"": ""-2179"", ""translateY"": ""-532"", ""type"": ""MATRIX""}",
1952,77,PlaceObject2Tag,5,,true,,
1952,77,PlaceObject2Tag,8,,true,"{""hasRotate"": ""true"", ""hasScale"": ""true"", ""nRotateBits"": ""15"", ""nScaleBits"": ""17"", ""nTranslateBits"": ""14"", ""rotateSkew0"": ""0.13928223"", ""rotateSkew1"": ""-0.13928223"", ""scaleX"": ""0.98979187"", ""scaleY"": ""0.98979187"", ""translateX"": ""6692"", ""translateY"": ""3741"", ""type"": ""MATRIX""}",
1952,77,PlaceObject2Tag,9,,true,"{""hasRotate"": ""true"", ""hasScale"": ""true"", ""nRotateBits"": ""15"", ""nScaleBits"": ""17"", ""nTranslateBits"": ""13"", ""rotateSkew0"": ""-0.13928223"", ""rotateSkew1"": ""0.13928223"", ""scaleX"": ""0.98979187"", ""scaleY"": ""0.98979187"", ""translateX"": ""-2854"", ""translateY"": ""3243"", ""type"": ""MATRIX""}",
1952,77,PlaceObject2Tag,10,,true,"{""hasRotate"": ""false"", ""hasScale"": ""false"", ""nRotateBits"": ""0"", ""nScaleBits"": ""0"", ""nTranslateBits"": ""13"", ""translateX"": ""-2193"", ""translateY"": ""-516"", ""type"": ""MATRIX""}",
1952,78,PlaceObject2Tag,5,,true,,
1952,78,PlaceObject2Tag,8,,true,"{""hasRotate"": ""true"", ""hasScale"": ""true"", ""nRotateBits"": ""17"", ""nScaleBits"": ""16"", ""nTranslateBits"": ""14"", ""rotateSkew0"": ""0.9659271"", ""rotateSkew1"": ""-0.9659271"", ""scaleX"": ""0.25881958"", ""scaleY"": ""0.25881958"", ""translateX"": ""6743"", ""translateY"": ""4042"", ""type"": ""MATRIX""}",
1952,78,PlaceObject2Tag,9,,true,"{""hasRotate"": ""true"", ""hasScale"": ""true"", ""nRotateBits"": ""17"", ""nScaleBits"": ""16"", ""nTranslateBits"": ""13"", ""rotateSkew0"": ""-0.9659271"", ""rotateSkew1"": ""0.9659271"", ""scaleX"": ""0.25881958"", ""scaleY"": ""0.25881958"", ""translateX"": ""-2940"", ""translateY"": ""3522"", ""type"": ""MATRIX""}",
1952,78,PlaceObject2Tag,10,,true,"{""hasRotate"": ""false"", ""hasScale"": ""false"", ""nRotateBits"": ""0"", ""nScaleBits"": ""0"", ""nTranslateBits"": ""13"", ""translateX"": ""-2206"", ""translateY"": ""-500"", ""type"": ""MATRIX""}",
1952,79,PlaceObject2Tag,5,,true,,
1952,79,PlaceObject2Tag,10,,true,"{""hasRotate"": ""false"", ""hasScale"": ""false"", ""nRotateBits"": ""0"", ""nScaleBits"": ""0"", ""nTranslateBits"": ""13"", ""translateX"": ""-2220"", ""translateY"": ""-484"", ""type"": ""MATRIX""}",
1952,80,PlaceObject2Tag,5,,true,,
1952,80,PlaceObject2Tag,10,,true,"{""hasRotate"": ""false"", ""hasScale"": ""false"", ""nRotateBits"": ""0"", ""nScaleBits"": ""0"", ""nTranslateBits"": ""13"", ""translateX"": ""-2233"", ""translateY"": ""-468"", ""type"": ""MATRIX""}",
1952,81,PlaceObject2Tag,5,,true,,
1952,81,PlaceObject2Tag,10,,true,"{""hasRotate"": ""false"", ""hasScale"": ""false"", ""nRotateBits"": ""0"", ""nScaleBits"": ""0"", ""nTranslateBits"": ""13"", ""translateX"": ""-2247"", ""translateY"": ""-451"", ""type"": ""MATRIX""}",
1952,82,PlaceObject2Tag,5,,true,,
1952,82,PlaceObject2Tag,10,,true,"{""hasRotate"": ""false"", ""hasScale"": ""false"", ""nRotateBits"": ""0"", ""nScaleBits"": ""0"", ""nTranslateBits"": ""13"", ""translateX"": ""-2260"", ""translateY"": ""-435"", ""type"": ""MATRIX""}",
1952,83,PlaceObject2Tag,5,,true,,
1952,83,PlaceObject2Tag,10,,true,"{""hasRotate"": ""false"", ""hasScale"": ""false"", ""nRotateBits"": ""0"", ""nScaleBits"": ""0"", ""nTranslateBits"": ""13"", ""translateX"": ""-2274"", ""translateY"": ""-419"", ""type"": ""MATRIX""}",
1952,84,PlaceObject2Tag,5,,true,,
1952,84,PlaceObject2Tag,10,,true,"{""hasRotate"": ""false"", ""hasScale"": ""false"", ""nRotateBits"": ""0"", ""nScaleBits"": ""0"", ""nTranslateBits"": ""13"", ""translateX"": ""-2287"", ""translateY"": ""-403"", ""type"": ""MATRIX""}",
1952,85,PlaceObject2Tag,5,,true,,
1952,85,PlaceObject2Tag,10,,true,"{""hasRotate"": ""false"", ""hasScale"": ""false"", ""nRotateBits"": ""0"", ""nScaleBits"": ""0"", ""nTranslateBits"": ""13"", ""translateX"": ""-2301"", ""translateY"": ""-387"", ""type"": ""MATRIX""}",
1952,86,PlaceObject2Tag,5,,true,,
1952,86,PlaceObject2Tag,10,,true,"{""hasRotate"": ""false"", ""hasScale"": ""false"", ""nRotateBits"": ""0"", ""nScaleBits"": ""0"", ""nTranslateBits"": ""13"", ""translateX"": ""-2315"", ""translateY"": ""-371"", ""type"": ""MATRIX""}",
1952,87,PlaceObject2Tag,5,,true,,
1952,87,PlaceObject2Tag,10,,true,"{""hasRotate"": ""false"", ""hasScale"": ""false"", ""nRotateBits"": ""0"", ""nScaleBits"": ""0"", ""nTranslateBits"": ""13"", ""translateX"": ""-2328"", ""translateY"": ""-355"", ""type"": ""MATRIX""}",
1952,88,PlaceObject2Tag,5,,true,,
1952,88,PlaceObject2Tag,10,,true,"{""hasRotate"": ""false"", ""hasScale"": ""false"", ""nRotateBits"": ""0"", ""nScaleBits"": ""0"", ""nTranslateBits"": ""13"", ""translateX"": ""-2342"", ""translateY"": ""-339"", ""type"": ""MATRIX""}",
1952,89,PlaceObject2Tag,5,,true,,
1952,89,PlaceObject2Tag,10,,true,"{""hasRotate"": ""false"", ""hasScale"": ""false"", ""nRotateBits"": ""0"", ""nScaleBits"": ""0"", ""nTranslateBits"": ""13"", ""translateX"": ""-2355"", ""translateY"": ""-323"", ""type"": ""MATRIX""}",
1952,90,PlaceObject2Tag,5,,true,,
1952,90,PlaceObject2Tag,10,,true,"{""hasRotate"": ""false"", ""hasScale"": ""false"", ""nRotateBits"": ""0"", ""nScaleBits"": ""0"", ""nTranslateBits"": ""13"", ""translateX"": ""-2369"", ""translateY"": ""-307"", ""type"": ""MATRIX""}",
1952,91,PlaceObject2Tag,5,,true,,
1952,91,PlaceObject2Tag,10,,true,"{""hasRotate"": ""false"", ""hasScale"": ""false"", ""nRotateBits"": ""0"", ""nScaleBits"": ""0"", ""nTranslateBits"": ""13"", ""translateX"": ""-2382"", ""translateY"": ""-291"", ""type"": ""MATRIX""}",
1952,92,PlaceObject2Tag,5,,true,,
1952,92,PlaceObject2Tag,10,,true,"{""hasRotate"": ""false"", ""hasScale"": ""false"", ""nRotateBits"": ""0"", ""nScaleBits"": ""0"", ""nTranslateBits"": ""13"", ""translateX"": ""-2396"", ""translateY"": ""-275"", ""type"": ""MATRIX""}",
1952,93,PlaceObject2Tag,5,,true,,
1952,93,PlaceObject2Tag,10,,true,"{""hasRotate"": ""false"", ""hasScale"": ""false"", ""nRotateBits"": ""0"", ""nScaleBits"": ""0"", ""nTranslateBits"": ""13"", ""translateX"": ""-2409"", ""translateY"": ""-259"", ""type"": ""MATRIX""}",
1952,94,PlaceObject2Tag,5,,true,,
1952,94,PlaceObject2Tag,10,,true,"{""hasRotate"": ""false"", ""hasScale"": ""false"", ""nRotateBits"": ""0"", ""nScaleBits"": ""0"", ""nTranslateBits"": ""13"", ""translateX"": ""-2423"", ""translateY"": ""-243"", ""type"": ""MATRIX""}",
1952,95,PlaceObject2Tag,5,,true,,
1952,95,PlaceObject2Tag,10,,true,"{""hasRotate"": ""false"", ""hasScale"": ""false"", ""nRotateBits"": ""0"", ""nScaleBits"": ""0"", ""nTranslateBits"": ""13"", ""translateX"": ""-2436"", ""translateY"": ""-227"", ""type"": ""MATRIX""}",
1952,96,PlaceObject2Tag,5,1951,false,"{""hasRotate"": ""false"", ""hasScale"": ""false"", ""nRotateBits"": ""0"", ""nScaleBits"": ""0"", ""nTranslateBits"": ""0"", ""translateX"": ""0"", ""translateY"": ""0"", ""type"": ""MATRIX""}",
1952,96,PlaceObject2Tag,10,,true,"{""hasRotate"": ""false"", ""hasScale"": ""false"", ""nRotateBits"": ""0"", ""nScaleBits"": ""0"", ""nTranslateBits"": ""13"", ""translateX"": ""-2450"", ""translateY"": ""-211"", ""type"": ""MATRIX""}",
1952,100,PlaceObject2Tag,4,1939,false,"{""hasRotate"": ""false"", ""hasScale"": ""false"", ""nRotateBits"": ""0"", ""nScaleBits"": ""0"", ""nTranslateBits"": ""12"", ""translateX"": ""-1858"", ""translateY"": ""-842"", ""type"": ""MATRIX""}",
1952,101,PlaceObject2Tag,4,,true,"{""hasRotate"": ""true"", ""hasScale"": ""true"", ""nRotateBits"": ""17"", ""nScaleBits"": ""17"", ""nTranslateBits"": ""12"", ""rotateSkew0"": ""0.7803345"", ""rotateSkew1"": ""-0.7803345"", ""scaleX"": ""0.62280273"", ""scaleY"": ""0.62280273"", ""translateX"": ""-1811"", ""translateY"": ""-982"", ""type"": ""MATRIX""}",
1952,102,PlaceObject2Tag,4,,true,"{""hasRotate"": ""true"", ""hasScale"": ""true"", ""nRotateBits"": ""17"", ""nScaleBits"": ""15"", ""nTranslateBits"": ""12"", ""rotateSkew0"": ""0.97450256"", ""rotateSkew1"": ""-0.97450256"", ""scaleX"": ""-0.22116089"", ""scaleY"": ""-0.22116089"", ""translateX"": ""-1760"", ""translateY"": ""-1117"", ""type"": ""MATRIX""}",
1952,103,PlaceObject2Tag,4,,true,"{""hasRotate"": ""true"", ""hasScale"": ""true"", ""nRotateBits"": ""16"", ""nScaleBits"": ""17"", ""nTranslateBits"": ""12"", ""rotateSkew0"": ""0.43139648"", ""rotateSkew1"": ""-0.43139648"", ""scaleX"": ""-0.9007416"", ""scaleY"": ""-0.9007416"", ""translateX"": ""-1704"", ""translateY"": ""-1250"", ""type"": ""MATRIX""}",
1952,104,PlaceObject2Tag,4,,true,"{""hasRotate"": ""true"", ""hasScale"": ""true"", ""nRotateBits"": ""16"", ""nScaleBits"": ""17"", ""nTranslateBits"": ""12"", ""rotateSkew0"": ""-0.43136597"", ""rotateSkew1"": ""0.43136597"", ""scaleX"": ""-0.90075684"", ""scaleY"": ""-0.90075684"", ""translateX"": ""-1643"", ""translateY"": ""-1382"", ""type"": ""MATRIX""}",
1952,105,PlaceObject2Tag,4,,true,"{""hasRotate"": ""true"", ""hasScale"": ""true"", ""nRotateBits"": ""17"", ""nScaleBits"": ""15"", ""nTranslateBits"": ""12"", ""rotateSkew0"": ""-0.97450256"", ""rotateSkew1"": ""0.97450256"", ""scaleX"": ""-0.2211914"", ""scaleY"": ""-0.2211914"", ""translateX"": ""-1576"", ""translateY"": ""-1510"", ""type"": ""MATRIX""}",
1952,106,PlaceObject2Tag,4,,true,"{""hasRotate"": ""true"", ""hasScale"": ""true"", ""nRotateBits"": ""17"", ""nScaleBits"": ""17"", ""nTranslateBits"": ""12"", ""rotateSkew0"": ""-0.78034973"", ""rotateSkew1"": ""0.78034973"", ""scaleX"": ""0.6227875"", ""scaleY"": ""0.6227875"", ""translateX"": ""-1501"", ""translateY"": ""-1636"", ""type"": ""MATRIX""}",
1952,107,PlaceObject2Tag,4,,true,"{""hasRotate"": ""true"", ""hasScale"": ""false"", ""nRotateBits"": ""3"", ""nScaleBits"": ""0"", ""nTranslateBits"": ""12"", ""rotateSkew0"": ""-3.0517578E-5"", ""rotateSkew1"": ""3.0517578E-5"", ""translateX"": ""-1418"", ""translateY"": ""-1757"", ""type"": ""MATRIX""}",
1952,108,PlaceObject2Tag,4,,true,"{""hasRotate"": ""true"", ""hasScale"": ""true"", ""nRotateBits"": ""17"", ""nScaleBits"": ""17"", ""nTranslateBits"": ""12"", ""rotateSkew0"": ""0.7803955"", ""rotateSkew1"": ""-0.7803955"", ""scaleX"": ""0.62272644"", ""scaleY"": ""0.62272644"", ""translateX"": ""-1326"", ""translateY"": ""-1873"", ""type"": ""MATRIX""}",
1952,109,PlaceObject2Tag,4,,true,"{""hasRotate"": ""true"", ""hasScale"": ""true"", ""nRotateBits"": ""17"", ""nScaleBits"": ""15"", ""nTranslateBits"": ""12"", ""rotateSkew0"": ""0.9745178"", ""rotateSkew1"": ""-0.9745178"", ""scaleX"": ""-0.22114563"", ""scaleY"": ""-0.22114563"", ""translateX"": ""-1225"", ""translateY"": ""-1981"", ""type"": ""MATRIX""}",
1952,110,PlaceObject2Tag,4,,true,"{""hasRotate"": ""true"", ""hasScale"": ""true"", ""nRotateBits"": ""16"", ""nScaleBits"": ""17"", ""nTranslateBits"": ""13"", ""rotateSkew0"": ""0.43130493"", ""rotateSkew1"": ""-0.43130493"", ""scaleX"": ""-0.90078735"", ""scaleY"": ""-0.90078735"", ""translateX"": ""-1111"", ""translateY"": ""-2079"", ""type"": ""MATRIX""}",
1952,111,PlaceObject2Tag,4,,true,"{""hasRotate"": ""true"", ""hasScale"": ""true"", ""nRotateBits"": ""16"", ""nScaleBits"": ""17"", ""nTranslateBits"": ""13"", ""rotateSkew0"": ""-0.4313507"", ""rotateSkew1"": ""0.4313507"", ""scaleX"": ""-0.9007721"", ""scaleY"": ""-0.9007721"", ""translateX"": ""-987"", ""translateY"": ""-2166"", ""type"": ""MATRIX""}",
1952,112,PlaceObject2Tag,4,,true,"{""hasRotate"": ""true"", ""hasScale"": ""true"", ""nRotateBits"": ""17"", ""nScaleBits"": ""15"", ""nTranslateBits"": ""13"", ""rotateSkew0"": ""-0.97450256"", ""rotateSkew1"": ""0.97450256"", ""scaleX"": ""-0.22120667"", ""scaleY"": ""-0.22120667"", ""translateX"": ""-851"", ""translateY"": ""-2237"", ""type"": ""MATRIX""}",
1952,113,PlaceObject2Tag,4,,true,"{""hasRotate"": ""true"", ""hasScale"": ""true"", ""nRotateBits"": ""17"", ""nScaleBits"": ""17"", ""nTranslateBits"": ""13"", ""rotateSkew0"": ""-0.780365"", ""rotateSkew1"": ""0.780365"", ""scaleX"": ""0.62275696"", ""scaleY"": ""0.62275696"", ""translateX"": ""-705"", ""translateY"": ""-2290"", ""type"": ""MATRIX""}",
1952,114,PlaceObject2Tag,4,,true,"{""hasRotate"": ""true"", ""hasScale"": ""false"", ""nRotateBits"": ""3"", ""nScaleBits"": ""0"", ""nTranslateBits"": ""13"", ""rotateSkew0"": ""-4.5776367E-5"", ""rotateSkew1"": ""4.5776367E-5"", ""translateX"": ""-551"", ""translateY"": ""-2324"", ""type"": ""MATRIX""}",
1952,115,PlaceObject2Tag,4,,true,"{""hasRotate"": ""true"", ""hasScale"": ""true"", ""nRotateBits"": ""17"", ""nScaleBits"": ""17"", ""nTranslateBits"": ""13"", ""rotateSkew0"": ""0.78038025"", ""rotateSkew1"": ""-0.78038025"", ""scaleX"": ""0.6227417"", ""scaleY"": ""0.6227417"", ""translateX"": ""-394"", ""translateY"": ""-2338"", ""type"": ""MATRIX""}",
1952,116,PlaceObject2Tag,4,,true,"{""hasRotate"": ""true"", ""hasScale"": ""true"", ""nRotateBits"": ""17"", ""nScaleBits"": ""15"", ""nTranslateBits"": ""13"", ""rotateSkew0"": ""0.9745178"", ""rotateSkew1"": ""-0.9745178"", ""scaleX"": ""-0.22111511"", ""scaleY"": ""-0.22111511"", ""translateX"": ""-236"", ""translateY"": ""-2333"", ""type"": ""MATRIX""}",
1952,117,PlaceObject2Tag,4,,true,"{""hasRotate"": ""true"", ""hasScale"": ""true"", ""nRotateBits"": ""16"", ""nScaleBits"": ""17"", ""nTranslateBits"": ""13"", ""rotateSkew0"": ""0.43133545"", ""rotateSkew1"": ""-0.43133545"", ""scaleX"": ""-0.9007721"", ""scaleY"": ""-0.9007721"", ""translateX"": ""-79"", ""translateY"": ""-2312"", ""type"": ""MATRIX""}",
1952,118,PlaceObject2Tag,4,,true,"{""hasRotate"": ""true"", ""hasScale"": ""true"", ""nRotateBits"": ""16"", ""nScaleBits"": ""17"", ""nTranslateBits"": ""13"", ""rotateSkew0"": ""-0.43133545"", ""rotateSkew1"": ""0.43133545"", ""scaleX"": ""-0.9007721"", ""scaleY"": ""-0.9007721"", ""translateX"": ""76"", ""translateY"": ""-2278"", ""type"": ""MATRIX""}",
1952,119,PlaceObject2Tag,4,,true,"{""hasRotate"": ""true"", ""hasScale"": ""true"", ""nRotateBits"": ""17"", ""nScaleBits"": ""15"", ""nTranslateBits"": ""13"", ""rotateSkew0"": ""-0.9745178"", ""rotateSkew1"": ""0.9745178"", ""scaleX"": ""-0.22111511"", ""scaleY"": ""-0.22111511"", ""translateX"": ""226"", ""translateY"": ""-2232"", ""type"": ""MATRIX""}",
1952,120,PlaceObject2Tag,4,,true,"{""hasRotate"": ""true"", ""hasScale"": ""true"", ""nRotateBits"": ""17"", ""nScaleBits"": ""17"", ""nTranslateBits"": ""13"", ""rotateSkew0"": ""-0.78038025"", ""rotateSkew1"": ""0.78038025"", ""scaleX"": ""0.6227417"", ""scaleY"": ""0.6227417"", ""translateX"": ""373"", ""translateY"": ""-2176"", ""type"": ""MATRIX""}",
1952,121,PlaceObject2Tag,4,,true,"{""hasRotate"": ""true"", ""hasScale"": ""false"", ""nRotateBits"": ""3"", ""nScaleBits"": ""0"", ""nTranslateBits"": ""13"", ""rotateSkew0"": ""4.5776367E-5"", ""rotateSkew1"": ""-4.5776367E-5"", ""translateX"": ""516"", ""translateY"": ""-2113"", ""type"": ""MATRIX""}",
1952,122,PlaceObject2Tag,4,,true,"{""hasRotate"": ""true"", ""hasScale"": ""true"", ""nRotateBits"": ""17"", ""nScaleBits"": ""17"", ""nTranslateBits"": ""12"", ""rotateSkew0"": ""0.780365"", ""rotateSkew1"": ""-0.780365"", ""scaleX"": ""0.62275696"", ""scaleY"": ""0.62275696"", ""translateX"": ""655"", ""translateY"": ""-2043"", ""type"": ""MATRIX""}",
1952,123,PlaceObject2Tag,4,,true,"{""hasRotate"": ""true"", ""hasScale"": ""true"", ""nRotateBits"": ""17"", ""nScaleBits"": ""15"", ""nTranslateBits"": ""12"", ""rotateSkew0"": ""0.97450256"", ""rotateSkew1"": ""-0.97450256"", ""scaleX"": ""-0.22120667"", ""scaleY"": ""-0.22120667"", ""translateX"": ""791"", ""translateY"": ""-1968"", ""type"": ""MATRIX""}",
1952,124,PlaceObject2Tag,4,,true,"{""hasRotate"": ""true"", ""hasScale"": ""true"", ""nRotateBits"": ""16"", ""nScaleBits"": ""17"", ""nTranslateBits"": ""12"", ""rotateSkew0"": ""0.4313507"", ""rotateSkew1"": ""-0.4313507"", ""scaleX"": ""-0.9007721"", ""scaleY"": ""-0.9007721"", ""translateX"": ""923"", ""translateY"": ""-1888"", ""type"": ""MATRIX""}",
1952,125,PlaceObject2Tag,4,,true,"{""hasRotate"": ""true"", ""hasScale"": ""true"", ""nRotateBits"": ""16"", ""nScaleBits"": ""17"", ""nTranslateBits"": ""12"", ""rotateSkew0"": ""-0.43130493"", ""rotateSkew1"": ""0.43130493"", ""scaleX"": ""-0.90078735"", ""scaleY"": ""-0.90078735"", ""translateX"": ""1053"", ""translateY"": ""-1804"", ""type"": ""MATRIX""}",
1952,126,PlaceObject2Tag,4,,true,"{""hasRotate"": ""true"", ""hasScale"": ""true"", ""nRotateBits"": ""17"", ""nScaleBits"": ""15"", ""nTranslateBits"": ""12"", ""rotateSkew0"": ""-0.9745178"", ""rotateSkew1"": ""0.9745178"", ""scaleX"": ""-0.22114563"", ""scaleY"": ""-0.22114563"", ""translateX"": ""1179"", ""translateY"": ""-1718"", ""type"": ""MATRIX""}",
1952,127,PlaceObject2Tag,4,,true,"{""hasRotate"": ""true"", ""hasScale"": ""true"", ""nRotateBits"": ""17"", ""nScaleBits"": ""17"", ""nTranslateBits"": ""12"", ""rotateSkew0"": ""-0.7803955"", ""rotateSkew1"": ""0.7803955"", ""scaleX"": ""0.62272644"", ""scaleY"": ""0.62272644"", ""translateX"": ""1303"", ""translateY"": ""-1628"", ""type"": ""MATRIX""}",
1952,128,PlaceObject2Tag,4,,true,"{""hasRotate"": ""true"", ""hasScale"": ""false"", ""nRotateBits"": ""3"", ""nScaleBits"": ""0"", ""nTranslateBits"": ""12"", ""rotateSkew0"": ""3.0517578E-5"", ""rotateSkew1"": ""-3.0517578E-5"", ""translateX"": ""1425"", ""translateY"": ""-1536"", ""type"": ""MATRIX""}",
1952,129,PlaceObject2Tag,4,,true,"{""hasRotate"": ""true"", ""hasScale"": ""true"", ""nRotateBits"": ""17"", ""nScaleBits"": ""17"", ""nTranslateBits"": ""12"", ""rotateSkew0"": ""0.78034973"", ""rotateSkew1"": ""-0.78034973"", ""scaleX"": ""0.6227875"", ""scaleY"": ""0.6227875"", ""translateX"": ""1544"", ""translateY"": ""-1441"", ""type"": ""MATRIX""}",
1952,130,PlaceObject2Tag,4,,true,"{""hasRotate"": ""true"", ""hasScale"": ""true"", ""nRotateBits"": ""17"", ""nScaleBits"": ""15"", ""nTranslateBits"": ""12"", ""rotateSkew0"": ""0.97450256"", ""rotateSkew1"": ""-0.97450256"", ""scaleX"": ""-0.2211914"", ""scaleY"": ""-0.2211914"", ""translateX"": ""1661"", ""translateY"": ""-1345"", ""type"": ""MATRIX""}",
1952,131,PlaceObject2Tag,4,,true,"{""hasRotate"": ""true"", ""hasScale"": ""true"", ""nRotateBits"": ""16"", ""nScaleBits"": ""17"", ""nTranslateBits"": ""12"", ""rotateSkew0"": ""0.43136597"", ""rotateSkew1"": ""-0.43136597"", ""scaleX"": ""-0.90075684"", ""scaleY"": ""-0.90075684"", ""translateX"": ""1777"", ""translateY"": ""-1246"", ""type"": ""MATRIX""}",
1952,132,PlaceObject2Tag,4,,true,"{""hasRotate"": ""true"", ""hasScale"": ""true"", ""nRotateBits"": ""16"", ""nScaleBits"": ""17"", ""nTranslateBits"": ""12"", ""rotateSkew0"": ""-0.43139648"", ""rotateSkew1"": ""0.43139648"", ""scaleX"": ""-0.9007416"", ""scaleY"": ""-0.9007416"", ""translateX"": ""1890"", ""translateY"": ""-1146"", ""type"": ""MATRIX""}",
1952,133,PlaceObject2Tag,4,,true,"{""hasRotate"": ""true"", ""hasScale"": ""true"", ""nRotateBits"": ""17"", ""nScaleBits"": ""15"", ""nTranslateBits"": ""12"", ""rotateSkew0"": ""-0.97450256"", ""rotateSkew1"": ""0.97450256"", ""scaleX"": ""-0.22116089"", ""scaleY"": ""-0.22116089"", ""translateX"": ""2002"", ""translateY"": ""-1045"", ""type"": ""MATRIX""}",
1952,134,PlaceObject2Tag,4,,true,"{""hasRotate"": ""true"", ""hasScale"": ""true"", ""nRotateBits"": ""17"", ""nScaleBits"": ""17"", ""nTranslateBits"": ""13"", ""rotateSkew0"": ""-0.7803345"", ""rotateSkew1"": ""0.7803345"", ""scaleX"": ""0.62280273"", ""scaleY"": ""0.62280273"", ""translateX"": ""2113"", ""translateY"": ""-943"", ""type"": ""MATRIX""}",
1952,135,PlaceObject2Tag,4,,true,"{""hasRotate"": ""false"", ""hasScale"": ""false"", ""nRotateBits"": ""0"", ""nScaleBits"": ""0"", ""nTranslateBits"": ""13"", ""translateX"": ""2222"", ""translateY"": ""-839"", ""type"": ""MATRIX""}",
1961,1,PlaceObject2Tag,2,177,false,"{""hasRotate"": ""false"", ""hasScale"": ""false"", ""nRotateBits"": ""0"", ""nScaleBits"": ""0"", ""nTranslateBits"": ""0"", ""translateX"": ""0"", ""translateY"": ""0"", ""type"": ""MATRIX""}",
1969,1,PlaceObject2Tag,10,1968,false,"{""hasRotate"": ""false"", ""hasScale"": ""false"", ""nRotateBits"": ""0"", ""nScaleBits"": ""0"", ""nTranslateBits"": ""0"", ""translateX"": ""0"", ""translateY"": ""0"", ""type"": ""MATRIX""}",
1972,1,PlaceObject2Tag,2,1971,false,"{""hasRotate"": ""false"", ""hasScale"": ""false"", ""nRotateBits"": ""0"", ""nScaleBits"": ""0"", ""nTranslateBits"": ""0"", ""translateX"": ""0"", ""translateY"": ""0"", ""type"": ""MATRIX""}",
1975,1,PlaceObject2Tag,10,1974,false,"{""hasRotate"": ""false"", ""hasScale"": ""false"", ""nRotateBits"": ""0"", ""nScaleBits"": ""0"", ""nTranslateBits"": ""0"", ""translateX"": ""0"", ""translateY"": ""0"", ""type"": ""MATRIX""}",
1978,1,PlaceObject2Tag,2,1977,false,"{""hasRotate"": ""false"", ""hasScale"": ""false"", ""nRotateBits"": ""0"", ""nScaleBits"": ""0"", ""nTranslateBits"": ""0"", ""translateX"": ""0"", ""translateY"": ""0"", ""type"": ""MATRIX""}",
1980,1,PlaceObject2Tag,1,1979,false,"{""hasRotate"": ""false"", ""hasScale"": ""false"", ""nRotateBits"": ""0"", ""nScaleBits"": ""0"", ""nTranslateBits"": ""0"", ""translateX"": ""0"", ""translateY"": ""0"", ""type"": ""MATRIX""}",
1988,1,PlaceObject2Tag,10,1987,false,"{""hasRotate"": ""false"", ""hasScale"": ""false"", ""nRotateBits"": ""0"", ""nScaleBits"": ""0"", ""nTranslateBits"": ""0"", ""translateX"": ""0"", ""translateY"": ""0"", ""type"": ""MATRIX""}",
1991,1,PlaceObject2Tag,2,1990,false,"{""hasRotate"": ""false"", ""hasScale"": ""false"", ""nRotateBits"": ""0"", ""nScaleBits"": ""0"", ""nTranslateBits"": ""0"", ""translateX"": ""0"", ""translateY"": ""0"", ""type"": ""MATRIX""}",
1994,1,PlaceObject2Tag,10,1993,false,"{""hasRotate"": ""false"", ""hasScale"": ""false"", ""nRotateBits"": ""0"", ""nScaleBits"": ""0"", ""nTranslateBits"": ""0"", ""translateX"": ""0"", ""translateY"": ""0"", ""type"": ""MATRIX""}",
1997,1,PlaceObject2Tag,2,1996,false,"{""hasRotate"": ""false"", ""hasScale"": ""false"", ""nRotateBits"": ""0"", ""nScaleBits"": ""0"", ""nTranslateBits"": ""0"", ""translateX"": ""0"", ""translateY"": ""0"", ""type"": ""MATRIX""}",
1998,1,PlaceObject2Tag,1,169,false,"{""hasRotate"": ""false"", ""hasScale"": ""false"", ""nRotateBits"": ""0"", ""nScaleBits"": ""0"", ""nTranslateBits"": ""0"", ""translateX"": ""0"", ""translateY"": ""0"", ""type"": ""MATRIX""}",
1998,1,PlaceObject2Tag,2,175,false,"{""hasRotate"": ""false"", ""hasScale"": ""false"", ""nRotateBits"": ""0"", ""nScaleBits"": ""0"", ""nTranslateBits"": ""0"", ""translateX"": ""0"", ""translateY"": ""0"", ""type"": ""MATRIX""}",backClouds
1998,1,PlaceObject2Tag,13,1961,false,"{""hasRotate"": ""false"", ""hasScale"": ""true"", ""nRotateBits"": ""0"", ""nScaleBits"": ""18"", ""nTranslateBits"": ""10"", ""scaleX"": ""1.000061"", ""scaleY"": ""0.99983215"", ""translateX"": ""0"", ""translateY"": ""460"", ""type"": ""MATRIX""}",hills
1998,1,PlaceObject2Tag,16,181,false,"{""hasRotate"": ""false"", ""hasScale"": ""false"", ""nRotateBits"": ""0"", ""nScaleBits"": ""0"", ""nTranslateBits"": ""0"", ""translateX"": ""0"", ""translateY"": ""0"", ""type"": ""MATRIX""}",frontClouds
1998,1,PlaceObject2Tag,27,184,false,"{""hasRotate"": ""false"", ""hasScale"": ""true"", ""nRotateBits"": ""0"", ""nScaleBits"": ""18"", ""nTranslateBits"": ""2"", ""scaleX"": ""1.0"", ""scaleY"": ""0.99967957"", ""translateX"": ""0"", ""translateY"": ""-1"", ""type"": ""MATRIX""}",cloudBase
1998,1,PlaceObject2Tag,30,186,false,"{""hasRotate"": ""false"", ""hasScale"": ""false"", ""nRotateBits"": ""0"", ""nScaleBits"": ""0"", ""nTranslateBits"": ""14"", ""translateX"": ""0"", ""translateY"": ""6000"", ""type"": ""MATRIX""}",waterBackground
1998,11,PlaceObject2Tag,1,1963,true,,
1998,11,PlaceObject2Tag,2,1969,false,"{""hasRotate"": ""false"", ""hasScale"": ""false"", ""nRotateBits"": ""0"", ""nScaleBits"": ""0"", ""nTranslateBits"": ""0"", ""translateX"": ""0"", ""translateY"": ""0"", ""type"": ""MATRIX""}",backClouds
1998,11,PlaceObject2Tag,13,1972,false,"{""hasRotate"": ""false"", ""hasScale"": ""true"", ""nRotateBits"": ""0"", ""nScaleBits"": ""18"", ""nTranslateBits"": ""10"", ""scaleX"": ""1.000061"", ""scaleY"": ""0.99983215"", ""translateX"": ""0"", ""translateY"": ""460"", ""type"": ""MATRIX""}",hills
1998,11,PlaceObject2Tag,16,1975,false,"{""hasRotate"": ""false"", ""hasScale"": ""false"", ""nRotateBits"": ""0"", ""nScaleBits"": ""0"", ""nTranslateBits"": ""0"", ""translateX"": ""0"", ""translateY"": ""0"", ""type"": ""MATRIX""}",frontClouds
1998,11,PlaceObject2Tag,27,1978,false,"{""hasRotate"": ""false"", ""hasScale"": ""true"", ""nRotateBits"": ""0"", ""nScaleBits"": ""18"", ""nTranslateBits"": ""2"", ""scaleX"": ""1.0"", ""scaleY"": ""0.99967957"", ""translateX"": ""0"", ""translateY"": ""-1"", ""type"": ""MATRIX""}",cloudBase
1998,11,PlaceObject2Tag,30,1980,false,"{""hasRotate"": ""false"", ""hasScale"": ""false"", ""nRotateBits"": ""0"", ""nScaleBits"": ""0"", ""nTranslateBits"": ""14"", ""translateX"": ""0"", ""translateY"": ""6000"", ""type"": ""MATRIX""}",waterBackground
1998,21,PlaceObject2Tag,1,1982,true,,
1998,21,PlaceObject2Tag,2,1988,false,"{""hasRotate"": ""false"", ""hasScale"": ""false"", ""nRotateBits"": ""0"", ""nScaleBits"": ""0"", ""nTranslateBits"": ""8"", ""translateX"": ""0"", ""translateY"": ""-100"", ""type"": ""MATRIX""}",backClouds
1998,21,PlaceObject2Tag,13,1991,false,"{""hasRotate"": ""false"", ""hasScale"": ""true"", ""nRotateBits"": ""0"", ""nScaleBits"": ""18"", ""nTranslateBits"": ""10"", ""scaleX"": ""1.000061"", ""scaleY"": ""0.99983215"", ""translateX"": ""0"", ""translateY"": ""460"", ""type"": ""MATRIX""}",hills
1998,21,PlaceObject2Tag,16,1994,false,"{""hasRotate"": ""false"", ""hasScale"": ""false"", ""nRotateBits"": ""0"", ""nScaleBits"": ""0"", ""nTranslateBits"": ""0"", ""translateX"": ""0"", ""translateY"": ""0"", ""type"": ""MATRIX""}",frontClouds
1998,21,PlaceObject2Tag,27,1997,false,"{""hasRotate"": ""false"", ""hasScale"": ""true"", ""nRotateBits"": ""0"", ""nScaleBits"": ""18"", ""nTranslateBits"": ""2"", ""scaleX"": ""1.0"", ""scaleY"": ""0.99967957"", ""translateX"": ""0"", ""translateY"": ""-1"", ""type"": ""MATRIX""}",cloudBase
1998,21,PlaceObject2Tag,30,186,false,"{""hasRotate"": ""false"", ""hasScale"": ""false"", ""nRotateBits"": ""0"", ""nScaleBits"": ""0"", ""nTranslateBits"": ""14"", ""translateX"": ""0"", ""translateY"": ""6000"", ""type"": ""MATRIX""}",waterBackground
2004,1,PlaceObject2Tag,1,811,false,"{""hasRotate"": ""false"", ""hasScale"": ""false"", ""nRotateBits"": ""0"", ""nScaleBits"": ""0"", ""nTranslateBits"": ""11"", ""translateX"": ""560"", ""translateY"": ""-1"", ""type"": ""MATRIX""}",
2004,1,PlaceObject2Tag,4,2001,false,"{""hasRotate"": ""false"", ""hasScale"": ""false"", ""nRotateBits"": ""0"", ""nScaleBits"": ""0"", ""nTranslateBits"": ""0"", ""translateX"": ""0"", ""translateY"": ""0"", ""type"": ""MATRIX""}",
2004,2,PlaceObject2Tag,2,2002,false,"{""hasRotate"": ""false"", ""hasScale"": ""false"", ""nRotateBits"": ""0"", ""nScaleBits"": ""0"", ""nTranslateBits"": ""0"", ""translateX"": ""0"", ""translateY"": ""0"", ""type"": ""MATRIX""}",
2004,3,PlaceObject2Tag,2,,true,,
2004,4,PlaceObject2Tag,2,,true,,
2004,5,PlaceObject2Tag,2,,true,,
2004,6,PlaceObject2Tag,2,,true,,
2004,7,PlaceObject2Tag,2,,true,,
2004,8,PlaceObject2Tag,2,,true,,
2004,9,PlaceObject2Tag,2,,true,,
2004,10,PlaceObject2Tag,2,,true,,
2004,11,PlaceObject2Tag,2,,true,,
2004,12,PlaceObject2Tag,2,,true,,
2004,13,PlaceObject2Tag,2,,true,,
2004,14,PlaceObject2Tag,2,,true,,
2004,15,PlaceObject2Tag,2,,true,,
2004,16,PlaceObject2Tag,2,,true,,
2004,17,PlaceObject2Tag,2,,true,,
2004,18,PlaceObject2Tag,2,,true,,
2004,19,PlaceObject2Tag,2,,true,,
2004,20,PlaceObject2Tag,2,,true,,
2004,21,PlaceObject2Tag,2,,true,,
2004,22,PlaceObject2Tag,2,,true,,
2004,23,PlaceObject2Tag,2,,true,,
2004,24,PlaceObject2Tag,2,,true,,
2004,25,PlaceObject2Tag,2,,true,,
2004,26,PlaceObject2Tag,2,,true,,
2004,27,PlaceObject2Tag,2,,true,,
2004,28,PlaceObject2Tag,2,,true,,
2004,29,PlaceObject2Tag,2,,true,,
2004,30,PlaceObject2Tag,2,,true,,
2004,31,PlaceObject2Tag,2,,true,,
2004,32,PlaceObject2Tag,2,,true,,
2004,33,PlaceObject2Tag,2,,true,,
2004,34,PlaceObject2Tag,2,,true,,
2004,35,PlaceObject2Tag,2,,true,,
2004,36,PlaceObject2Tag,2,,true,,
2004,37,PlaceObject2Tag,2,,true,,
2004,38,PlaceObject2Tag,2,,true,,
2004,39,PlaceObject2Tag,2,,true,,
2004,40,PlaceObject2Tag,2,,true,,
2004,41,PlaceObject2Tag,2,,true,,
2004,42,PlaceObject2Tag,2,,true,,
2004,43,PlaceObject2Tag,2,,true,,
2004,44,PlaceObject2Tag,2,,true,,
2004,45,PlaceObject2Tag,2,,true,,
2004,46,PlaceObject2Tag,2,,true,,
2004,47,PlaceObject2Tag,2,,true,,
2004,48,PlaceObject2Tag,2,,true,,
2004,49,PlaceObject2Tag,2,,true,,
2004,50,PlaceObject2Tag,2,,true,,
2004,51,PlaceObject2Tag,2,,true,,
2004,52,PlaceObject2Tag,2,,true,,
2004,53,PlaceObject2Tag,2,,true,,
2004,54,PlaceObject2Tag,2,,true,,
2004,55,PlaceObject2Tag,2,,true,,
2004,56,PlaceObject2Tag,2,,true,,
2004,57,PlaceObject2Tag,2,,true,,
2004,58,PlaceObject2Tag,2,,true,,
2004,59,PlaceObject2Tag,2,,true,,
2004,60,PlaceObject2Tag,2,,true,,
2004,61,PlaceObject2Tag,2,,true,,
2004,62,PlaceObject2Tag,2,,true,,
2004,63,PlaceObject2Tag,2,,true,,
2004,64,PlaceObject2Tag,2,,true,,
2004,65,PlaceObject2Tag,2,,true,,
2004,66,PlaceObject2Tag,2,,true,,
2004,67,PlaceObject2Tag,2,,true,,
2004,68,PlaceObject2Tag,2,,true,,
2004,69,PlaceObject2Tag,2,,true,,
2004,70,PlaceObject2Tag,2,,true,,
2004,71,PlaceObject2Tag,2,,true,,
2004,72,PlaceObject2Tag,2,,true,,
2004,73,PlaceObject2Tag,2,,true,,
2004,74,PlaceObject2Tag,2,,true,,
2004,75,PlaceObject2Tag,2,,true,,
2004,76,PlaceObject2Tag,2,,true,,
2004,77,PlaceObject2Tag,2,,true,,
2004,78,PlaceObject2Tag,2,,true,,
2004,79,PlaceObject2Tag,2,,true,,
2004,80,PlaceObject2Tag,2,,true,,
2004,81,PlaceObject2Tag,2,,true,,
2004,82,PlaceObject2Tag,2,,true,,
2004,83,PlaceObject2Tag,2,,true,,
2004,84,PlaceObject2Tag,2,,true,,
2004,85,PlaceObject2Tag,2,,true,,
2004,86,PlaceObject2Tag,2,,true,,
2004,87,PlaceObject2Tag,2,,true,,
2004,88,PlaceObject2Tag,2,,true,,
2004,89,PlaceObject2Tag,2,,true,,
2004,90,PlaceObject2Tag,2,,true,,
2004,91,PlaceObject2Tag,2,,true,,
2004,92,PlaceObject2Tag,2,,true,,
2004,93,PlaceObject2Tag,2,,true,,
2004,94,PlaceObject2Tag,2,,true,,
2004,95,PlaceObject2Tag,2,,true,,
2004,96,PlaceObject2Tag,2,,true,,
2004,97,PlaceObject2Tag,2,2003,false,"{""hasRotate"": ""false"", ""hasScale"": ""false"", ""nRotateBits"": ""0"", ""nScaleBits"": ""0"", ""nTranslateBits"": ""0"", ""translateX"": ""0"", ""translateY"": ""0"", ""type"": ""MATRIX""}",
2009,1,PlaceObject2Tag,1,635,false,"{""hasRotate"": ""false"", ""hasScale"": ""false"", ""nRotateBits"": ""0"", ""nScaleBits"": ""0"", ""nTranslateBits"": ""0"", ""translateX"": ""0"", ""translateY"": ""0"", ""type"": ""MATRIX""}",
2009,2,PlaceObject2Tag,1,637,true,,
2009,3,PlaceObject2Tag,1,639,true,,
2009,4,PlaceObject2Tag,1,1139,true,,
2009,5,PlaceObject2Tag,1,643,true,,
2009,6,PlaceObject2Tag,1,645,true,,
2009,7,PlaceObject2Tag,1,647,true,,
2009,8,PlaceObject2Tag,1,649,true,,
2009,9,PlaceObject2Tag,1,1108,true,,
2009,10,PlaceObject2Tag,1,653,true,,
2009,11,PlaceObject2Tag,1,655,true,,
2009,12,PlaceObject2Tag,1,657,true,,
2009,13,PlaceObject2Tag,1,659,true,,
2009,14,PlaceObject2Tag,1,661,true,,
2009,15,PlaceObject2Tag,1,663,true,,
2009,16,PlaceObject2Tag,1,2008,true,,
2011,1,PlaceObject2Tag,1,811,false,"{""hasRotate"": ""false"", ""hasScale"": ""false"", ""nRotateBits"": ""0"", ""nScaleBits"": ""0"", ""nTranslateBits"": ""0"", ""translateX"": ""0"", ""translateY"": ""0"", ""type"": ""MATRIX""}",
2011,1,PlaceObject2Tag,3,2006,false,"{""hasRotate"": ""false"", ""hasScale"": ""false"", ""nRotateBits"": ""0"", ""nScaleBits"": ""0"", ""nTranslateBits"": ""0"", ""translateX"": ""0"", ""translateY"": ""0"", ""type"": ""MATRIX""}",
2011,1,PlaceObject2Tag,4,2009,false,"{""hasRotate"": ""false"", ""hasScale"": ""false"", ""nRotateBits"": ""0"", ""nScaleBits"": ""0"", ""nTranslateBits"": ""11"", ""translateX"": ""1000"", ""translateY"": ""20"", ""type"": ""MATRIX""}",opponent_image
2011,2,PlaceObject2Tag,2,2010,false,"{""hasRotate"": ""false"", ""hasScale"": ""false"", ""nRotateBits"": ""0"", ""nScaleBits"": ""0"", ""nTranslateBits"": ""0"", ""translateX"": ""0"", ""translateY"": ""0"", ""type"": ""MATRIX""}",
2011,3,PlaceObject2Tag,2,,true,,
2011,4,PlaceObject2Tag,2,,true,,
2011,5,PlaceObject2Tag,2,,true,,
2011,6,PlaceObject2Tag,2,,true,,
2011,7,PlaceObject2Tag,2,,true,,
2011,8,PlaceObject2Tag,2,,true,,
2011,9,PlaceObject2Tag,2,,true,,
2011,10,PlaceObject2Tag,2,,true,,
2011,11,PlaceObject2Tag,2,,true,,
2011,12,PlaceObject2Tag,2,,true,,
2011,13,PlaceObject2Tag,2,,true,,
2011,14,PlaceObject2Tag,2,,true,,
2011,15,PlaceObject2Tag,2,,true,,
2011,16,PlaceObject2Tag,2,,true,,
2011,17,PlaceObject2Tag,2,,true,,
2011,18,PlaceObject2Tag,2,,true,,
2011,19,PlaceObject2Tag,2,,true,,
2011,20,PlaceObject2Tag,2,,true,,
2011,21,PlaceObject2Tag,2,,true,,
2011,22,PlaceObject2Tag,2,,true,,
2011,23,PlaceObject2Tag,2,,true,,
2011,24,PlaceObject2Tag,2,,true,,
2011,25,PlaceObject2Tag,2,,true,,
2011,26,PlaceObject2Tag,2,,true,,
2011,27,PlaceObject2Tag,2,,true,,
2011,28,PlaceObject2Tag,2,,true,,
2011,29,PlaceObject2Tag,2,,true,,
2011,30,PlaceObject2Tag,2,,true,,
2011,31,PlaceObject2Tag,2,,true,,
2011,32,PlaceObject2Tag,2,,true,,
2011,33,PlaceObject2Tag,2,,true,,
2011,34,PlaceObject2Tag,2,,true,,
2011,35,PlaceObject2Tag,2,,true,,
2011,36,PlaceObject2Tag,2,,true,,
2011,37,PlaceObject2Tag,2,,true,,
2011,38,PlaceObject2Tag,2,,true,,
2011,39,PlaceObject2Tag,2,,true,,
2011,40,PlaceObject2Tag,2,,true,,
2011,41,PlaceObject2Tag,2,,true,,
2011,42,PlaceObject2Tag,2,,true,,
2011,43,PlaceObject2Tag,2,,true,,
2011,44,PlaceObject2Tag,2,,true,,
2011,45,PlaceObject2Tag,2,,true,,
2011,46,PlaceObject2Tag,2,,true,,
2011,47,PlaceObject2Tag,2,,true,,
2011,48,PlaceObject2Tag,2,,true,,
2011,49,PlaceObject2Tag,2,,true,,
2011,50,PlaceObject2Tag,2,,true,,
2011,51,PlaceObject2Tag,2,,true,,
2011,52,PlaceObject2Tag,2,,true,,
2011,53,PlaceObject2Tag,2,,true,,
2011,54,PlaceObject2Tag,2,,true,,
2011,55,PlaceObject2Tag,2,,true,,
2011,56,PlaceObject2Tag,2,,true,,
2011,57,PlaceObject2Tag,2,,true,,
2011,58,PlaceObject2Tag,2,,true,,
2011,59,PlaceObject2Tag,2,,true,,
2011,60,PlaceObject2Tag,2,,true,,
2011,61,PlaceObject2Tag,2,,true,,
2011,62,PlaceObject2Tag,2,,true,,
2011,63,PlaceObject2Tag,2,,true,,
2011,64,PlaceObject2Tag,2,,true,,
2011,65,PlaceObject2Tag,2,,true,,
2011,66,PlaceObject2Tag,2,,true,,
2011,67,PlaceObject2Tag,2,,true,,
2011,68,PlaceObject2Tag,2,,true,,
2011,69,PlaceObject2Tag,2,,true,,
2011,70,PlaceObject2Tag,2,,true,,
2011,71,PlaceObject2Tag,2,,true,,
2011,72,PlaceObject2Tag,2,,true,,
2011,73,PlaceObject2Tag,2,,true,,
2011,74,PlaceObject2Tag,2,,true,,
2011,75,PlaceObject2Tag,2,,true,,
2011,76,PlaceObject2Tag,2,,true,,
2011,77,PlaceObject2Tag,2,,true,,
2011,78,PlaceObject2Tag,2,,true,,
2011,79,PlaceObject2Tag,2,,true,,
2011,80,PlaceObject2Tag,2,,true,,
2011,81,PlaceObject2Tag,2,,true,,
2011,82,PlaceObject2Tag,2,,true,,
2011,83,PlaceObject2Tag,2,,true,,
2011,84,PlaceObject2Tag,2,,true,,
2011,85,PlaceObject2Tag,2,,true,,
2011,86,PlaceObject2Tag,2,,true,,
2011,87,PlaceObject2Tag,2,,true,,
2011,88,PlaceObject2Tag,2,,true,,
2011,89,PlaceObject2Tag,2,,true,,
2011,90,PlaceObject2Tag,2,,true,,
2011,91,PlaceObject2Tag,2,,true,,
2011,92,PlaceObject2Tag,2,,true,,
2011,93,PlaceObject2Tag,2,,true,,
2011,94,PlaceObject2Tag,2,,true,,
2011,95,PlaceObject2Tag,2,,true,,
2011,96,PlaceObject2Tag,2,,true,,
2011,97,PlaceObject2Tag,2,1873,false,"{""hasRotate"": ""false"", ""hasScale"": ""false"", ""nRotateBits"": ""0"", ""nScaleBits"": ""0"", ""nTranslateBits"": ""0"", ""translateX"": ""0"", ""translateY"": ""0"", ""type"": ""MATRIX""}",
