symbol_id,linkage_names,raster_path,width,height,png_color_type,alpha_capable,bytes,sha256
134,,buttons/DefineButton2_134/1_up.png,28,28,6,True,119,df0715a96bf1fe57e237147ab9b3fd3e0f5bdf78d292f80a1ff41294cdfa9a9e
134,,buttons/DefineButton2_134/2_over.png,28,28,6,True,119,df0715a96bf1fe57e237147ab9b3fd3e0f5bdf78d292f80a1ff41294cdfa9a9e
134,,buttons/DefineButton2_134/3_down.png,28,28,6,True,123,49756be79a5129054e1798f693811f263e89c8d52741da23a65297476cfd9262
134,,buttons/DefineButton2_134/4_hittest.png,28,28,6,True,123,49756be79a5129054e1798f693811f263e89c8d52741da23a65297476cfd9262
1909,,buttons/DefineButton2_1909/1_up.png,550,400,6,True,933,fd1395667c15679e7784d7380d00b7418a39ddec0c2c61b0bd1938ea7f1a05cd
1909,,buttons/DefineButton2_1909/2_over.png,550,400,6,True,933,fd1395667c15679e7784d7380d00b7418a39ddec0c2c61b0bd1938ea7f1a05cd
1909,,buttons/DefineButton2_1909/3_down.png,550,400,6,True,933,fd1395667c15679e7784d7380d00b7418a39ddec0c2c61b0bd1938ea7f1a05cd
1909,,buttons/DefineButton2_1909/4_hittest.png,550,400,6,True,1837,4499e156ca8bc81137b2ef837a37ad4eaa7f195d710ef9d5319489487cc01574
1914,,buttons/DefineButton2_1914/1_up.png,550,400,6,True,933,fd1395667c15679e7784d7380d00b7418a39ddec0c2c61b0bd1938ea7f1a05cd
1914,,buttons/DefineButton2_1914/2_over.png,550,400,6,True,933,fd1395667c15679e7784d7380d00b7418a39ddec0c2c61b0bd1938ea7f1a05cd
1914,,buttons/DefineButton2_1914/3_down.png,550,400,6,True,933,fd1395667c15679e7784d7380d00b7418a39ddec0c2c61b0bd1938ea7f1a05cd
1914,,buttons/DefineButton2_1914/4_hittest.png,550,400,6,True,1837,4499e156ca8bc81137b2ef837a37ad4eaa7f195d710ef9d5319489487cc01574
1925,,buttons/DefineButton2_1925/1_up.png,141,11,6,True,435,256d148df7902df72132b52d8df3d967a35c9cc555ff89785e61b4f9b19605d3
1925,,buttons/DefineButton2_1925/2_over.png,141,11,6,True,435,256d148df7902df72132b52d8df3d967a35c9cc555ff89785e61b4f9b19605d3
1925,,buttons/DefineButton2_1925/3_down.png,141,11,6,True,435,256d148df7902df72132b52d8df3d967a35c9cc555ff89785e61b4f9b19605d3
1925,,buttons/DefineButton2_1925/4_hittest.png,141,11,6,True,435,256d148df7902df72132b52d8df3d967a35c9cc555ff89785e61b4f9b19605d3
1933,,buttons/DefineButton2_1933/1_up.png,99,74,6,True,1214,bb3c6b14b54000eefd079e3473afe1a18fe3ae5856d92f0d5689cd76a9107773
1933,,buttons/DefineButton2_1933/2_over.png,99,74,6,True,1214,bb3c6b14b54000eefd079e3473afe1a18fe3ae5856d92f0d5689cd76a9107773
1933,,buttons/DefineButton2_1933/3_down.png,99,74,6,True,1214,bb3c6b14b54000eefd079e3473afe1a18fe3ae5856d92f0d5689cd76a9107773
1933,,buttons/DefineButton2_1933/4_hittest.png,99,74,6,True,1214,bb3c6b14b54000eefd079e3473afe1a18fe3ae5856d92f0d5689cd76a9107773
817,,buttons/DefineButton2_817/1_up.png,589,436,6,True,1076,25208f30f8fbb5a6993a00827464568fa7064471af151ab9d092823b808bc3ca
817,,buttons/DefineButton2_817/2_over.png,589,436,6,True,1076,25208f30f8fbb5a6993a00827464568fa7064471af151ab9d092823b808bc3ca
817,,buttons/DefineButton2_817/3_down.png,589,436,6,True,1076,25208f30f8fbb5a6993a00827464568fa7064471af151ab9d092823b808bc3ca
817,,buttons/DefineButton2_817/4_hittest.png,589,436,6,True,1999,7337173201eea59683274373044d27304ac8a20f36abe447ac3a882c4cf2b8bd
834,,buttons/DefineButton2_834/1_up.png,50,50,6,True,89,196e77c1d5e1b0e28677ab57dca87dd8a758ad2a20b29d0b8ae26ba76095e924
834,,buttons/DefineButton2_834/2_over.png,50,50,6,True,89,196e77c1d5e1b0e28677ab57dca87dd8a758ad2a20b29d0b8ae26ba76095e924
834,,buttons/DefineButton2_834/3_down.png,50,50,6,True,89,196e77c1d5e1b0e28677ab57dca87dd8a758ad2a20b29d0b8ae26ba76095e924
834,,buttons/DefineButton2_834/4_hittest.png,50,50,6,True,173,f92f6a9e020c1824804ec11bf0fdf0cfb04bc17826476b4236579232e420ee78
1,,images/1.png,397,27,6,True,342,195168b403a8a7cd91df7a2ed6cca0c19a893376b0a9f388b6804bf2035b8cbe
10,,images/10.png,8,11,6,True,114,c05a42ba633a2a17265617fd971fd11246a51f46e593e3afa1082be3646d6de1
1000,,images/1000.png,27,13,6,True,90,99ec5eb04c33bdce9ca6e4255ae1c904878698df13840a805d6fe5b378832858
1004,,images/1004.png,38,35,6,True,525,84ec8ad324dacc98ad86e27a361256d032b506221297314433359aa003e194e5
1006,,images/1006.png,38,35,6,True,608,d279ab647e39e6edba264ec16c0ca654208400ee5f210270ea1a4ed73ef5e414
1008,,images/1008.png,38,35,6,True,648,a1fd4d44dfd419fad2a769168bea94f69185a178cf8f832d26eb23f7d74265a6
1010,,images/1010.png,38,35,6,True,676,b65f7ed491ce4363695f9a5ed0cabfd5ff704b775f5df241437d3261ce6997b7
1012,,images/1012.png,38,35,6,True,699,a1aadae8d80ab827a77ac510a6cb6d8fb6fbe31869c297182b58825624ba9a6c
1014,,images/1014.png,38,35,6,True,676,b65f7ed491ce4363695f9a5ed0cabfd5ff704b775f5df241437d3261ce6997b7
1016,,images/1016.png,38,35,6,True,676,b65f7ed491ce4363695f9a5ed0cabfd5ff704b775f5df241437d3261ce6997b7
1018,,images/1018.png,38,35,6,True,679,72019c833d5dba08cbdfe4be63a49c1d614122263c13289b3b9b5957c10605ef
102,,images/102.png,4,11,6,True,69,947f6f1aaade78c2687be2a27e7d69545362f2465904f108a7a82d546b68a549
1020,,images/1020.png,38,35,6,True,690,53549b2e5221606a94cd95f7fda155b1df2d8857fb59dda90cd414215a5ca8b2
1022,,images/1022.png,38,35,6,True,715,80a713f9994179e7a81b0d3ef31d5be44e9b95c85f5480efb7330d2803e06730
1025,,images/1025.png,19,26,6,True,426,2f20b8765740057e2ddc90ea7dce2f78dca1bcffa7cacf01a9b35da527fd6910
1028,,images/1028.png,499,345,6,True,13619,0c1442aec42ef7dfc39d291581dfa856e4ff25dc007a1e456293d5d39d8a55c5
1030,,images/1030.png,499,345,6,True,13776,4091d4e01c3f30fa5582866494efb79e69574b7ae5b451e6556a2db85341408a
1032,,images/1032.png,499,345,6,True,14076,8849f75353d36a523f969142e0d144a057324851bcae49bbd78af3eda0d4a7ae
1034,,images/1034.png,499,345,6,True,14032,f92a7fd23d88803cf39243cb8c835b6c27d702824904dfe3a6c863f7d4067595
1036,,images/1036.png,499,345,6,True,13784,d0b0ffbd593b0de381afec3a6e47d6324368130b7d19066884fc2805fd464280
1038,,images/1038.png,475,352,6,True,13868,261bf68cc1b5ed5dd675a0f328ee9d5db29591263739ef862d1515743eecdfa5
1040,,images/1040.png,475,352,6,True,14038,bbd8dee1a4e5be90b985ed5591abc3b55c0bde99f0d88c32abeea334f9d89ff5
1042,,images/1042.png,475,352,6,True,14261,48c590cc85abf132dcc5ee07a8e3a8ea5a4c9611af0a24febb4f76aeca05afcd
1044,,images/1044.png,475,352,6,True,14258,9225b933f5bc9346b2d61eba4ff5495a3980cf24463261527cfabfb4536a9a1e
1046,,images/1046.png,475,352,6,True,14045,c549dbac366732c5fde137c30f980739b1de341885b1db6bf46be467481b115b
1048,,images/1048.png,475,352,6,True,13763,2f7c9c359e997f21c4d350bf8171ab1a9aa9504ba6c881d50d305f0a2885e359
105,,images/105.png,4,11,6,True,82,ee5070c738c939f6c08a51d8a6a9380c08f5f1e29eca9a17e58f6a607efac128
1050,,images/1050.png,475,352,6,True,13939,f066fce719f266bcaed857b4464a504e5d6de8d03296694ab44cec41f7942a72
1052,,images/1052.png,475,352,6,True,14162,ca3b78f0422ece139c03ef82c834c41c81bc2ad9bae6108130e3a7a459619c49
1054,,images/1054.png,475,352,6,True,14156,64bc60164e2bad75998f0d57ab3fc4bbab35a5f1e2a6e70bc5671a935caea30b
1056,,images/1056.png,475,352,6,True,13964,a9a5ee07610a3448c8b6ef8577403764ab4c65e11b3d67e7188115c3382ad0a0
1059,,images/1059.png,13,7,6,True,143,5e58bddeed3f7660443afbce1fc0e4710931780190524d48dbcadb4e16b89eef
1062,,images/1062.png,18,14,6,True,195,a730eeb2bf41606095b4484e46c94c0b92971fc59b2d2501413ed6daa6d50f38
1067,,images/1067.png,25,25,6,True,369,15b236945f61da472378cf02ee2238ef37825e11fc220128bb0c3c4ffe4354f0
1069,,images/1069.png,25,25,6,True,350,71fca848bdd9e054cf6d1af46aad028d0f5bd30c51242bd654224fa737d351f2
1071,,images/1071.png,25,25,6,True,369,15b236945f61da472378cf02ee2238ef37825e11fc220128bb0c3c4ffe4354f0
1073,,images/1073.png,25,25,6,True,375,df2511a8317c5a4210d3090276b9fa571c1668bbcc4fee35d6362c7299205d22
1075,,images/1075.png,26,23,6,True,387,02eb310c3272179f5497e9e99b4f1eef05fdaa6a4714b8ce95c33ed889b52348
1078,,images/1078.png,22,25,6,True,342,888fa8ccc452f8f5ac28d69255bec766195676114e7200591665325d4fdf62ed
108,,images/108.png,8,11,6,True,100,5335e7a266455e70b9d3d248c3b0037f501c6039526b85994258b6ce9d35abfb
1080,,images/1080.png,22,25,6,True,328,7e5c505f6b119d2081c2a8d7e3b56e55c871e0d76e764ac99bf07054d22f90be
1082,,images/1082.png,22,25,6,True,324,a23b5cc03a8c45b0d116779fb0539a9bc2bc521ac8e0305c75aef0a4a4fc735d
1084,,images/1084.png,20,23,6,True,359,fb8c532e2386e60f92901248071b30d9fa04459033263e20b2c3c84089ca3037
1087,,images/1087.png,25,24,6,True,389,dbc9fe296b5d0507a0df2f7fad3bb856714af81278fe9e2c64f99af5e02a01f4
1089,,images/1089.png,25,24,6,True,378,4c3e5b2db887c056394e721b4f84676faea10585f10e39bad4159880ad9dc8d6
1091,,images/1091.png,25,24,6,True,389,dbc9fe296b5d0507a0df2f7fad3bb856714af81278fe9e2c64f99af5e02a01f4
1093,,images/1093.png,25,24,6,True,378,70e92aa4310f7dc3ee3808d7b94924fc2b1b3c190753241e8c884d56039e965c
1095,,images/1095.png,26,22,6,True,402,8d138347a486f25a324cc53a4da8340cebf48e88ca9959f898e761bedb71c2e4
1098,,images/1098.png,36,26,6,True,438,06f629197bfe8360b0ae500b060286d088aa5dcc5213f0e873e624668a8166f8
1100,,images/1100.png,36,26,6,True,457,7149ec9f34e5f8e641bbff9ad3077facc74697dff883b38b375f6f16ea436487
1102,,images/1102.png,36,26,6,True,451,27c0397d41c9006860a5de0576d75216ffc57a1210c42b46c983ca8c9c5e0b5e
1104,,images/1104.png,34,23,6,True,445,4bee50d0fb3f6b3e91c1b7627a7eacc4d6ebccb2acf636b78c29025fb5c98c60
1107,,images/1107.png,26,25,6,True,400,c99ff9b8410602f3daba0445de3f539d9df64b62d84ffd007f52410c7991a8ab
1109,,images/1109.png,26,25,6,True,378,bb6e904666e29075f9f5df8efe2317e6f19db83b5b7c991545ba1a00254312bc
111,,images/111.png,8,11,6,True,113,496eeb38f036e6fe769eb5cc1eff71d72296a41b83acceb6f08662ccf9951c8f
1111,,images/1111.png,26,25,6,True,400,c99ff9b8410602f3daba0445de3f539d9df64b62d84ffd007f52410c7991a8ab
1113,,images/1113.png,26,25,6,True,394,da61debbfd277974c5d0324a45c5ef1acacbd3d24c541897a20ea9de97f8a593
1115,,images/1115.png,25,23,6,True,412,7e6cda2a165ec4dd612faf46801953b4d83a681dbc07194bd65e4824f273ee57
1118,,images/1118.png,28,26,6,True,424,afe73847aab4bc4eb8075e0d8b0aa18bf54a5f213d2a12becf686ff8a9354ab6
1120,,images/1120.png,28,26,6,True,439,2d05e293c423e792cc7dd588f4e7540ce7a2dd71683137a6d24b23b5d6e73f5b
1122,,images/1122.png,28,26,6,True,431,8585d55f5dfe783e107ff8095d7ce258821d9c338053cf8e126f1c287d9653bd
1124,,images/1124.png,28,24,6,True,449,50c299b2618454e5ad1ead4c7fb3de15d1c4cf2f70e05252493c490fe6f37831
1127,,images/1127.png,28,25,6,True,423,1a753cba2dcb180f91351f89ef9c0c6a8bc7ffb1f4883bec0479e6e00246dadd
1129,,images/1129.png,28,25,6,True,401,9ef71aaa80a50d7949bdd1054ea4963b479280ab43e123253526dc2e6990b32f
1131,,images/1131.png,28,25,6,True,423,1a753cba2dcb180f91351f89ef9c0c6a8bc7ffb1f4883bec0479e6e00246dadd
1133,,images/1133.png,28,25,6,True,428,7efc41b818aed52b7c3e2a3e47216cdca2cf9261a010410ee500b3d5711b9ce3
1135,,images/1135.png,29,23,6,True,443,8edf49e36581b7fb63c3f69ea997617f729e3787682be4b20e6b4eb9f95d98e7
1138,,images/1138.png,22,42,6,True,373,3097b6b8882d75b50de221515fff2a575ed4151b44706a7515e33f4824fcddac
114,,images/114.png,8,11,6,True,111,42ce54bf242176e30f52f00b59d5998d15e78407186cf78033c26dea332fbea0
1140,,images/1140.png,22,42,6,True,352,3ec2799a7a90b85df6b089e281daa9aae95c7be5d1d9411f0881cec3cb72ad83
1142,,images/1142.png,22,42,6,True,373,3097b6b8882d75b50de221515fff2a575ed4151b44706a7515e33f4824fcddac
1144,,images/1144.png,22,42,6,True,362,004aee271e2cc0955756a20ea438bd25a96a168b26774f34796361fded1e11ad
1146,,images/1146.png,20,40,6,True,373,8871a4659686c6d53687f74dea3bd1782933f258785a88f2c64e29a54595f968
1149,,images/1149.png,39,56,6,True,824,63e9894dc4a441b7511553a8d2f4d530f716932397e6272fa418d72351f3e63b
1151,,images/1151.png,39,56,6,True,816,ba79cfbc611584e56cd1908937a501553db6e66324087cd5bd6eab88c9ecf2f5
1153,,images/1153.png,39,56,6,True,820,c2aa1b9438455d2385032625362d5ca5120e3a738caf13887c5ae44e51c62e5d
1155,,images/1155.png,40,58,6,True,898,94693c94e7c73dc3117c85d7fda91f6300ac2168f94c3ba5fe88aebff48ebe16
1158,,images/1158.png,39,56,6,True,868,d41c99844edad6ea1f2bf0f4c8b02deaf00e54e827af56c42d2836efe6c171cf
1160,,images/1160.png,39,56,6,True,910,c300549bb24564d69e8c4d4a4f49750296f540b3d7b4415ea1f4d61fe67f2756
1162,,images/1162.png,39,56,6,True,855,ecf8acc99ec070fba589cb7888e8f9eef1b3f67f9797ba33baff58d95ae435ac
1164,,images/1164.png,40,58,6,True,922,faff3cacae5a3449708ad5cfbfe20e3ac3e171b4fce519a6e73c0da443e206eb
1167,,images/1167.png,34,32,6,True,469,b60592caf77e6cfe2d3feed1607aa4e9570c40ce991a961375433c7cd94ea737
1169,,images/1169.png,34,32,6,True,480,dedb8ecff87f209b0def9786041f78d5c294cfd080d582a5bd243c4ab8fdae77
117,,images/117.png,12,11,6,True,117,6ee4acf0e1375f5a7fb0a993fe012d53a8928c2e76ed955b5cb177d7bfb7a8ed
1171,,images/1171.png,34,32,6,True,476,0687d4fbf38f831537fbb838f24155d61edf5998a3df57bbbcd5e592a31e7cfa
1173,,images/1173.png,32,30,6,True,486,a3217e0ed212e03868b9682d1dcb62ffab90892b1da71346b6b6365eede29936
1176,,images/1176.png,28,30,6,True,472,d0f10e1b1dd0e8c32cb07b24ac3f178742424b3ab4b0b7b4b2afb3be6acc8544
1178,,images/1178.png,28,30,6,True,455,2fbf9a3e2a09bb83dc82d347ed0c569e6d7927c011827c5859c5c09efd3eddc2
1180,,images/1180.png,28,30,6,True,472,d0f10e1b1dd0e8c32cb07b24ac3f178742424b3ab4b0b7b4b2afb3be6acc8544
1182,,images/1182.png,28,30,6,True,473,566516593d5f45a51f0f4e485a3efb5748422dcbabe2ac8287117f88bb45596f
1184,,images/1184.png,28,29,6,True,487,b3b4e06c1e7a6ec91a8749e46dea64c2135d61307012fd98dd193b1bde9c0fb8
1187,,images/1187.png,30,28,6,True,512,0f642d23cc61f1654dfd217e43bc68a79d30bd75dfc97e64e7e1c1814f95ce99
1189,,images/1189.png,30,28,6,True,490,3d238e9de9509670dc803e48f1b6af8e2f59f6c5683126410d0cb22534b24280
1191,,images/1191.png,30,28,6,True,512,0f642d23cc61f1654dfd217e43bc68a79d30bd75dfc97e64e7e1c1814f95ce99
1193,,images/1193.png,30,28,6,True,519,133c028f743a257d5b22f180dbce15776b8c9821d0478a1aae8e1105a651385b
1195,,images/1195.png,31,27,6,True,546,ff0677b05d8d27dc35a42dd2e64eea93521f703c58f0b77fc2156fc8cb6b7441
1198,,images/1198.png,36,35,6,True,625,bcfb184b13b5c446bd44a686f098de68b2673943b73ce0615a4fc3807ed57906
120,,images/120.png,8,11,6,True,114,94ed1f8f17a5c1c36584389ddefda6c33e2b86c7710c767e6dfda79e0befce13
1200,,images/1200.png,36,35,6,True,634,9529b1434c9566caf63b0f58c452e1b412b83c3a7a37a913f9260dab06fb3128
1202,,images/1202.png,36,35,6,True,641,6b5a7d1178717293922938b50a9b113cf8e9b2749ff638fe2dbd5ce8c3282ef8
1204,,images/1204.png,34,33,6,True,621,8a76826028b65eb419582884e9996d309528de28abc98083ddb118a6dee78e03
1207,,images/1207.png,36,30,6,True,470,0df0caa245918b830e8444fecfe6a8b639d365ec22792829c77a962e26d01f38
1209,,images/1209.png,36,30,6,True,445,30b702d6982c91ee5851f12e62110eaa893121cc24756248e7e5cbd3510253da
1211,,images/1211.png,36,30,6,True,470,0df0caa245918b830e8444fecfe6a8b639d365ec22792829c77a962e26d01f38
1213,,images/1213.png,36,30,6,True,462,d1c04b35155a0e44297e6f6f03f9da31fb8b5da116c41dbf025fc83ad89c6a4a
1215,,images/1215.png,34,29,6,True,455,0b4a0ff349ac4a3667a0ef150983da2ac918b9d39d7939e16d753188d1b58f56
1218,,images/1218.png,22,29,6,True,386,07fd2ab3785145bd3848868b63d435a78a162b4da0dc8a8dab2f86c0e6950f3d
1220,,images/1220.png,22,29,6,True,383,399c37a1a3e2cc6d8179e17a0f7de31db734a44729eb45f6f657589baae671f8
1222,,images/1222.png,22,29,6,True,386,07fd2ab3785145bd3848868b63d435a78a162b4da0dc8a8dab2f86c0e6950f3d
1224,,images/1224.png,22,29,6,True,386,69793ff7ca94af63d11028988477750150d4b9c5531c73f129e0f44a7ed01409
1226,,images/1226.png,20,26,6,True,393,fce3a513186254df9fc6602c0abc5a73778eb2be9eaeccfab48079b211b1389b
1229,,images/1229.png,27,35,6,True,525,117eb879b70d67ce7877b3bb631417c7deecd1afb8042fa7b9bc1925a0e0e261
123,,images/123.png,8,11,6,True,109,c2b4b17012debc8cb6b0bbdbb27a053a083365a9e87d1f6084db303f3330fc69
1231,,images/1231.png,27,35,6,True,520,4950901ad91f5b2687a6f75eae99b2fbba7794d663e1d595a496a89664287594
1233,,images/1233.png,27,35,6,True,507,449484d0a4b7cdf8fd5f21b4b4d3e19bd68476a49ebc52370bb0d4169d8de079
1235,,images/1235.png,28,32,6,True,554,5b13613c8aa92164b95cf4d19413b21e2c39abbd0668dae9396bff77ea039404
1238,,images/1238.png,26,25,6,True,305,075e5695672f553c2e3ca3071b972ea2ed31f3bbe51dd54a694b575b6b93ee89
1240,,images/1240.png,26,25,6,True,303,73e9cb98709adf6dbd0d9f2fdaa3aaf8f1a0044943b79b5fcbebcee994066a62
1242,,images/1242.png,26,25,6,True,305,075e5695672f553c2e3ca3071b972ea2ed31f3bbe51dd54a694b575b6b93ee89
1244,,images/1244.png,26,25,6,True,315,cd694b668bd398196f5ea24ce30deacb1abc242ad5b7cca14c55b48b2c6d9df2
1246,,images/1246.png,26,23,6,True,300,d4568d671939d679b54e16530cb288cf0697c1901d2a2b8ac8eac04a8e1d85af
1249,,images/1249.png,29,31,6,True,391,9f88ae5cb08585b5abb3810fb2d4212936b987a7582b486e2e28d029b6d25b47
1251,,images/1251.png,29,31,6,True,397,7af4c187fa16b2ac844eb1402d6b832982d04c2942a909fec5a1ba9c60479e8e
1253,,images/1253.png,29,31,6,True,391,9f88ae5cb08585b5abb3810fb2d4212936b987a7582b486e2e28d029b6d25b47
1255,,images/1255.png,29,31,6,True,403,2a9bfb551a8252ff12cdbba227dd5507b052a8516db4072c13cbe4bd7359971b
1257,,images/1257.png,30,29,6,True,398,2e5abfb6450cc890791e2e96b99f65bc894b69534b6bb01afbee14b253a53732
126,,images/126.png,8,11,6,True,106,c47852be096e563dab4d6c43e688e785688649a53ebc16a7941245eeddabf48e
1260,,images/1260.png,29,24,6,True,368,a76245fe893bf0b55f4c12b1cff9d6c214d309c7261ea9010a33297f75e557b9
1262,,images/1262.png,29,24,6,True,360,cdce7881e8ec594cf4d359bb6b6c23bddbe6023c1598699be9001d9c9e4e608a
1264,,images/1264.png,29,24,6,True,368,a76245fe893bf0b55f4c12b1cff9d6c214d309c7261ea9010a33297f75e557b9
1266,,images/1266.png,29,24,6,True,367,7971679d295a698168e350be0453e38d31cce7ba914acdec4bdd5d22fe9ef043
1268,,images/1268.png,26,22,6,True,369,7e2bb451e893c2ede426ddc3eac4d8a28743131a902933e05889c1c4cd7fc51c
1271,,images/1271.png,40,23,6,True,396,145a08f57af281c436372dfe2f6afeccddb5c80b4fd0d434d82af40dfc8862fe
1273,,images/1273.png,40,23,6,True,411,b38345ecf631e7107350ea81b98c62bb11a004399d63f6274090978b4f4a94a3
1275,,images/1275.png,40,23,6,True,396,145a08f57af281c436372dfe2f6afeccddb5c80b4fd0d434d82af40dfc8862fe
1277,,images/1277.png,40,23,6,True,400,ac98376f82d78a0330560c194539cd2ba708cc87d2ba0bf08b977e72af8bb375
1279,,images/1279.png,38,22,6,True,447,74b33283726cc0968dfbee5432c69da1f250306dbb187925448822eac70a5d81
1282,,images/1282.png,30,25,6,True,318,981f9e866e2cf5b68b3900bfcb0b04100e57e0537d6580565c1cb73855786d97
1284,,images/1284.png,30,25,6,True,322,a65fefa63ca88a34fbf54d30c8d9ef9d9a1e0a87650871b8d40a66917a12c86c
1286,,images/1286.png,30,25,6,True,303,8f9962552868847bb28a4ca8e9a808046a88f61908fbf8c953285adc4bb16c39
1288,,images/1288.png,32,24,6,True,337,c525c0165191aacd205ae17e8ee1c01de27da7fcca5816afbb598c104cd03a9a
1291,,images/1291.png,22,35,6,True,350,0a814fc077734a4c753909735deb6380066629fbe3477434884c6845cb15c612
1293,,images/1293.png,22,35,6,True,346,daf6ae3f3483b81ba86702be1498fe945065538dae9cd199be4f2ebe5207e918
1295,,images/1295.png,22,35,6,True,342,76499891d53775f406a9ca488a62b1a036a764d75a7f48dd9abee10254af06a5
1297,,images/1297.png,20,32,6,True,372,f5756f5191db6a888cc1d16d84d8c74532efa11dabc0eeac99ef8de0c1647e06
13,,images/13.png,6,11,6,True,94,48288f4a8bc0cc5874bb29c10f3b145b6374866000cb19af67c0d968a3bbcc64
1300,,images/1300.png,24,24,6,True,315,b41efd4012ffdb53bdcc615943195e882ad1118f741d6f6bc6dd9ff3b6cdfb1e
1302,,images/1302.png,24,24,6,True,330,752ccbf81a052e96d926801da1438a5c0b2859032e9d70ef446fa405b2e60bd3
1304,,images/1304.png,24,24,6,True,315,b41efd4012ffdb53bdcc615943195e882ad1118f741d6f6bc6dd9ff3b6cdfb1e
1306,,images/1306.png,24,24,6,True,327,7b6b7016665e3abebac11de5e88b600969abd04c9bb716c2e71f8627df94ab03
1308,,images/1308.png,22,22,6,True,366,72a98b1008e51129cb74ce4f71c259a02b7ced3071fdcd0e3b8f94f715387e4c
1311,,images/1311.png,28,32,6,True,401,db389c7b0c35a8c6aa5956a05cda4ae981615f060683dc4992dd8ce089ce8d1e
1313,,images/1313.png,28,32,6,True,394,38509d09d929dc1664a7891e88cd68f7b456f794406da9c4b2fd8ce13c6a4489
1315,,images/1315.png,28,32,6,True,401,db389c7b0c35a8c6aa5956a05cda4ae981615f060683dc4992dd8ce089ce8d1e
1317,,images/1317.png,28,32,6,True,414,8a72c8b74bdfa645b211243cdab86bcedb5b23ddb6208eae13e00dbba0be1206
1319,,images/1319.png,28,29,6,True,426,220d8125893a46744cec90a978c4207a0cc8e6b0485f94a0e38e947dfb788b2c
1322,,images/1322.png,26,23,6,True,384,e15a0aab9fba5a752112cf839dcd2e7b64e58a6617e10d6fcfbf3e3a74b38f01
1329,,images/1329.png,28,29,6,True,424,908c62e6223aeaef5414063d87d23a74740a763bd33c3eb1103a0e262fc4c7e8
1332,,images/1332.png,32,32,2,False,341,ca4b46ecac8faf2be5b621b94cde1ca9ea01b2b4d4f626a5784d64afa2982b41
1335,,images/1335.png,32,32,2,False,327,6f86696038f3e348f525400d9f40e17f5588f87d8ad307a12ceee932665cd8b4
1338,,images/1338.png,34,32,6,True,501,33fa47b24ade6e9396d3d3c5cc5f01361ce1fddd6b4572f7a3b69582139e2ee5
1341,,images/1341.png,32,32,2,False,429,47dd8f8917d2541392b5b5eea1644433b28ca9791b1c3de4de6188bd70d9f25d
1344,,images/1344.png,34,32,6,True,556,2fc24daddc9ed351f09efffa1366568c5bb4498ba0e61b6f46cfdd53efdd801c
1347,,images/1347.png,32,32,6,True,487,4e316b874cb24bb1343bbf76908dd141c67c053b5bd29595faafcab6b2b45c45
1350,,images/1350.png,32,32,6,True,440,06400f0c53bea8e8dae7bdabf477223ae79ba7c07f885770f9ad70e006f7df68
1353,,images/1353.png,32,32,6,True,493,131b39c1d832e1a798707d8a10f9324260be721a07f9256c42aea2cc33cb43b4
1356,,images/1356.png,32,32,2,False,314,3e82e85fc77c48f21c104efb7f28428ab710cb72c9bfb47d51bc7c431a834807
1359,,images/1359.png,32,32,6,True,409,b1912d83e542384d485ff80ff5cc2f5633ae58e3f3ae7074d4f15c1a55fecfe6
1362,,images/1362.png,32,32,6,True,465,714355f9ed88aa6cfce9800ae449eefba4d9b0595e4bbe7ff547c7bd888f1ecf
1365,,images/1365.png,32,32,6,True,440,79c7a566d9b194adb040355145a5eea967938ab8267a1d0e41b8d894baf50530
1368,,images/1368.png,27,26,6,True,1107,d784e44429325443c44417d2605e861462a17990e694232089ba3059487448c0
1371,,images/1371.png,32,32,2,False,232,30f0b9e302ab84e84d3ec3b6eebe61a42f88e4960281c9ad7085005b72fe8ce0
1374,,images/1374.png,32,32,2,False,174,f2a20a6d0565a0b08f671924d91acfc78b17a054cb3289c040f8ed6fb739fb77
1377,,images/1377.png,32,32,2,False,248,bb43f507b690e08f175b28b9b432e4f2c40a31eed2a134086187136d9d124708
1380,,images/1380.png,28,26,6,True,1139,bb670e332c93a149973102ad9c18524afda0545f430363d85b96f83daa81028c
1383,,images/1383.png,27,26,6,True,1154,571b6ee6a244c11e3d88e2000b958e87e7c353790c2b75bd71b5ce943f3997ef
1386,,images/1386.png,32,32,6,True,598,2c2d1cad51731d188fe98a61113ac299aebdf5d74e044f9fd6df4ccdc029ba4a
1389,,images/1389.png,32,32,6,True,412,b58a3de180e9a10cdf55f41308f4ee2727ec7fd34cbe877424c12274be4e242c
1392,,images/1392.png,36,32,6,True,611,17cdeab29f1288fcf2b717391ae1d0b1d25ca0747f879bca4bf0a31e70af3f26
1395,,images/1395.png,32,32,2,False,443,588cfaa4da595ef1b20efd91773fdfeb7f3eceb6257e8d0b012545f37d93e008
1398,,images/1398.png,32,32,2,False,489,d1e456b6644b48a6bc392a461a9d9f8b3ab29f39c84dba229290835c44885da8
140,,images/140.png,4,12,6,True,86,2cda9d55364232ca07722f88b6c3dc0a366eea2585b2871ed5a9774fbba0082e
1401,,images/1401.png,32,32,2,False,448,0c39a4e75d6413bbb591d3ebe774054c5e256294c573d8b56763cd58a0d4985d
1404,,images/1404.png,32,32,2,False,400,e4c3a3c802204a48ceda1b7e2dd054121f53e95292c12cbf02d9d875d71c5e3d
1407,,images/1407.png,32,32,2,False,400,b8c071480402fa025f281c4db3f5d2f13eac118c9e0496a3ca5be6eedf8467d2
1410,,images/1410.png,32,32,2,False,377,ff07b82b4b86d35325c62f5b116d0f15a8fca77ba51facf027bb6ce60ad4d13e
1413,,images/1413.png,32,32,2,False,316,e3f5b0ab18d71ff015be787f0053261ad3d699a91f4f6cd4e7d6759bee1ac7b1
1416,,images/1416.png,32,32,6,True,495,41fcea63f40a1f52414b313f9782059f91cbe6f622a0f671f62a621f6ff6ce4d
1419,,images/1419.png,32,32,2,False,403,6cfe66a75599d0ea1c9dafcb815c62055fd3435e3f416441910bfaa402eab4bc
1422,,images/1422.png,32,32,2,False,540,41371e2934d16bcefad05c9813a553c5c2104e97528aa5e3df4adcd758f12eeb
1425,,images/1425.png,32,32,6,True,485,12675833492c2be3429adaeac88e9a25672dfdec17e5e8835ed29d0ab2640f2b
1428,,images/1428.png,32,32,2,False,311,9117aca12cfa76852ddf370fc6848ada1e42fe14ca911c3acafc520470f63263
143,,images/143.png,4,11,6,True,88,277e047ef33c479e2c585b32dc984252d5b8dc1b61ba104409de0b3450665f80
1431,,images/1431.png,32,32,2,False,293,e7a49565e641e917d1eb149f363ccaf73b11543eb243fa4d34816be6e151f309
1434,,images/1434.png,32,32,6,True,345,37dcf8fc006e4816d4891d8689b257cb58abc7726defcde10cdd9c0f8f86ece7
1437,,images/1437.png,32,32,6,True,362,7dbc6ceb515889c5e5527d9927cab691dd47a347ac9ded1db2e523bf8f854296
1440,,images/1440.png,29,16,6,True,266,e9b26f5d7ef79f78ea2a9b4099e3f022ac944d1bf8de93794bc75e357b5176d9
1445,,images/1445.png,28,13,6,True,266,328480b9e602bc3b18862af54d0005062759a39fbafd02f9783b3210c6e37efd
1450,,images/1450.png,25,20,6,True,275,18cf321cbbc3069463cebd01ab1cbd6019dc2c72e5754b7b227e17ed19bb20dc
1455,,images/1455.png,18,14,6,True,251,54510046d2d8312484b51bcaba49bb37f032b2c3312cb75ee4dbc8e6a113c9eb
146,,images/146.png,8,11,6,True,87,2acf881f9d5353fb2ff8313700b8e9a69471861cca7f9b16cc90334f6d546435
1461,,images/1461.png,36,39,6,True,617,29119d31f5b8e815defd4a0128aa090a2f2be7fcf07b4fc9ba12e68cd1c0de40
1463,,images/1463.png,36,39,6,True,620,26b2537be957452a8da1ed4a4ae1fff533b8704ef8665b2cc2c4a765550a01c2
1465,,images/1465.png,36,39,6,True,643,fec76cb7f1895eb9242efea973213c1a97ef1210fd174bdc6b71e8a67dcc571c
1467,,images/1467.png,36,39,6,True,608,50cda2e7f5634717255cc0d0a58c0611fab2e947b2e0eaf60ba72bd06b2c510f
1469,,images/1469.png,36,39,6,True,616,4428834e5fc8badf66744761119e32b835708fdf2f6d7383092729b9730e0603
1471,,images/1471.png,36,39,6,True,611,0e6422893db59ad5cd8538d07ed0a1b011f9f6fb357c3c659b826524f72ce9e9
1473,,images/1473.png,36,39,6,True,603,abe814e23aaa87c64be89b80b0aa8880f47e1aa2ec248a8ef4c5188beb290ba9
1475,,images/1475.png,36,39,6,True,615,0ed37210014c431d3a2f7f3a80c79019c3c0f82132723c84cdcfd8361f963ca0
1477,,images/1477.png,36,39,6,True,615,26b9e2becd63f1df9d15f9175bb7c28dc80152294094937fd4fc0c1f3fc90b39
1479,,images/1479.png,36,39,6,True,634,f39909d59cc4c561db2ecc5765ffa081ebbfb76e8d3de7455797fb491f796cc0
1481,,images/1481.png,36,39,6,True,617,4153f9740b333ce60bcf0e11dac478590042018530b8921e434086f2ac7f4f34
1483,,images/1483.png,36,39,6,True,619,9bf685de6579a54c99cf1fb0804c2abe0c6bb03f8d93a8ee37c576fc5a4ef3f2
1487,,images/1487.png,34,58,6,True,852,ba3311410daad29b005f579efbaf2ccccbd387d80df976cf238718a15e1ff82b
1490,,images/1490.png,31,40,6,True,686,b0cdee6a7a148545cd2da33155c45598670723023d944c00d8baeb453289a826
1493,,images/1493.png,32,32,6,True,849,a3a48fc1c58e46d07cb1ef2f57af37215113c9e6058c3f4ce76dba7f7ef911b2
1496,,images/1496.png,32,26,6,True,1123,d39d84ac6235e75e7f7d54d50bd45f4d6d998767dfdc2c5c2d0c77d520322ad2
1499,,images/1499.png,32,32,6,True,860,779ea9ad16455f82d3e0bfe50f1b6da71cf9243c90daa236b432aa6a6636f5ea
1502,,images/1502.png,32,32,6,True,893,9a2562d94760decb047efde531e92bd2605b113ffd055e74e50b3f24a57c127b
1505,,images/1505.png,32,32,6,True,815,67b6061ba0d9d1c0f31a84181375d01b15c386eb50b417887e5abf998bb74a21
1508,,images/1508.png,32,27,6,True,916,302d824497547b04998114bb9e5b4d40859fef1b2d9733fdf07b33d866640815
1511,,images/1511.png,32,26,6,True,907,9704f88c2987e6654c47d9736caf93c83c7e00d95ec2e8bc77385f80a74e3aa1
1514,,images/1514.png,32,32,6,True,1147,c74b9b333c23954e4121d03b99e8c72057b298e66d25b7612d04d320a250092d
1517,,images/1517.png,30,32,6,True,1090,749f72cc466ba9d7d70f580d2a2b3fdcc86a75a478eb7d82b7144adf60159bce
1520,,images/1520.png,32,32,2,False,423,031f08935b6765762844c5c7e6814fdffc790a31942f1133457c37f00e953512
1523,,images/1523.png,32,32,2,False,430,7e9f6def5719b77f8dcaf840450aee1f3739d3b71d6b62e9b10db775a58d302c
1526,,images/1526.png,34,32,6,True,592,62adf67b224566610b91cf2dfc7d8e158c498a99ce04564f3caa55ad59c9fdd9
1529,,images/1529.png,34,32,6,True,501,33fa47b24ade6e9396d3d3c5cc5f01361ce1fddd6b4572f7a3b69582139e2ee5
1532,,images/1532.png,32,32,2,False,314,3e82e85fc77c48f21c104efb7f28428ab710cb72c9bfb47d51bc7c431a834807
1535,,images/1535.png,32,32,2,False,304,2b68ec56d06d0a6d586864590ef2fab865050eed34feaaaf013e7790a3b86ffd
1538,,images/1538.png,32,32,2,False,341,ca4b46ecac8faf2be5b621b94cde1ca9ea01b2b4d4f626a5784d64afa2982b41
1541,,images/1541.png,32,32,2,False,327,6f86696038f3e348f525400d9f40e17f5588f87d8ad307a12ceee932665cd8b4
1544,,images/1544.png,32,32,6,True,440,06400f0c53bea8e8dae7bdabf477223ae79ba7c07f885770f9ad70e006f7df68
1547,,images/1547.png,32,32,6,True,493,131b39c1d832e1a798707d8a10f9324260be721a07f9256c42aea2cc33cb43b4
1550,,images/1550.png,32,32,6,True,487,4e316b874cb24bb1343bbf76908dd141c67c053b5bd29595faafcab6b2b45c45
1553,,images/1553.png,36,32,6,True,686,ec8e045cba75c5ed6475d6167ea5b73bf2ee77bb7b089c216e7720187a739e20
1556,,images/1556.png,36,32,6,True,696,3bdc1904807e3956ce44ee04764d238cb8c3974c1d27a0fa6a76389b679d32ac
1559,,images/1559.png,34,32,6,True,385,34ade86808d501578678129eae2ad334009452f6f068b89c23c61e94d543340e
1561,,images/1561.png,34,32,6,True,385,eb399790a54c41a1cd20c274ec7c7c57dcd3d164e98b8ad4642dce4327c47668
1563,,images/1563.png,34,32,6,True,379,9cb8cd793142b01d374807f4e9f0817c76ad4c6421bf36f7bde24b042e07f82a
1565,,images/1565.png,34,32,6,True,386,4fd32fc5304c07f8aeb775cf1e87fa0c707907d61c407ca274d656678ec3b0f7
1567,,images/1567.png,34,32,6,True,385,cb7b8d35d803f1b5c93f6476cfbf0e3aed83167cafde97bbbbca72f3c3fd9c8b
1569,,images/1569.png,34,32,6,True,387,ba5d6457e769cb49a695cfaee2f7bf2b050d1ac032e985064cda384e81fc77b5
1571,,images/1571.png,34,32,6,True,380,1574b7a845d1dd79b067c9046ce686e98b0f2dc65d33d9e5034de8c80ae52da1
1573,,images/1573.png,34,32,6,True,386,308837cf6e6bffce0fdb8c86a1d96e0e96c2e332fb39b25970979b69cc29ca93
1576,,images/1576.png,34,32,6,True,389,4d070622a24beb2e0471cf3d42dd6c938e47ccb40e2d89028bf216cd6244d466
1578,,images/1578.png,34,32,6,True,386,c76eba63c485b502f52c2524ca46f66cc37e353f621b67e9907a43a5f8dea5ce
1580,,images/1580.png,34,32,6,True,386,dd7d17281cfbca23c7487953c6b541d511b5dd94e353b8197780a7440c3b58be
1582,,images/1582.png,34,32,6,True,393,0d1ce2425a44c81d3a7552b4f6550b7a9d11973ca850e0730b93a116af0decc8
1584,,images/1584.png,34,32,6,True,384,7506af9ea92ac59c3592de2fa05de1d8218e1b648f658305fddb5d321b54aa28
1586,,images/1586.png,34,32,6,True,392,a85e52891fa50292e9d9f004df113403d1605c7604ec4f114a7fa44ecdbce716
1588,,images/1588.png,34,32,6,True,393,32d60aa4882821ff82d9f187037b0cd9e4329dcb02fc678fc60428599d24ef58
1590,,images/1590.png,34,32,6,True,394,fdd7b577324cda95a7c49f9802bf87e5d0e79419d1facc944d42747d04e5ed09
1593,,images/1593.png,32,32,6,True,328,a3abd59a130c670ece997bb388f3c157b3559b54f05ccd3f43c0c1cc278b2bcf
1595,,images/1595.png,32,32,6,True,335,0534120bdbb09afc47e99a117fe4d0b5a180db543f112895fb5415ea34d54ad7
1597,,images/1597.png,32,32,6,True,334,25dd9d679eefbf72bb78ec28f7ea54415903a301fccf6afff25aa1d771e744d6
1599,,images/1599.png,32,32,6,True,322,6c8d1213d8bdb596056f9ad5024e744c6cc42dd71124a2c32e99127984f7d08b
16,,images/16.png,8,11,6,True,115,b8f55ecfa0d1c2c9509fd15231f1d3af9d87c3dc92ca76f8431ee4def3f36e6c
1601,,images/1601.png,32,32,6,True,325,15041ffa1c4ab3a9f171d5293a5e87befdb4eb9b8cb67e087ab19e1880a15545
1603,,images/1603.png,32,32,6,True,331,d898a567928cc722d115813d0c96d45ff6489aa141c49d3b5a15ffa0d82af249
1605,,images/1605.png,32,32,6,True,330,9d3938cd049167223a6461be1d5869543255e924683ae2a4f87c110835c4b5cd
1607,,images/1607.png,32,32,6,True,321,90fb4e7205ad9ef0164d9b1d7c86724a864576f4a85e4cfcc2e5cae28e3ed255
1611,,images/1611.png,64,64,6,True,357,5dfd6f88be824c8ae9c11bdff8429f23e36006db3629890947d47efaa56db750
1613,,images/1613.png,64,64,6,True,327,858ec48331e41a8b91936d14aa53aab4a3c87bce0b7ad9a8ddaf138e193703e9
1615,,images/1615.png,64,64,6,True,321,5fa58b4fcc69128a101f278187cdd233a0cdcb5372d034afc5758c600683495f
1617,,images/1617.png,64,64,6,True,372,3a3131a19cb8cf157d7875cf8872249138c45af0f5ae11b58cead5fbcf8e6f81
1619,,images/1619.png,64,64,6,True,336,3742649906375d8178ba893042316cff303a8c63c9434a1eece01b1d1d866d67
1624,,images/1624.png,64,64,6,True,351,301d7605d1faf79a1c8f50eaeb24033a78d5ada09fe37d201dbe972ab2ac7734
1626,,images/1626.png,64,64,6,True,324,d9130b89367372a58a06fa08156613667fbdd81efea717c7c1852249cb4f7792
1628,,images/1628.png,64,64,6,True,318,b83e0e137897d43d18d762c00090ff08d76896ac0b07383590148e5bb3433cea
1630,,images/1630.png,64,64,6,True,365,8dd4e4db4bfb78d4543ad1445c17d67b657576109b46a5ee869528bc5f3ca770
1632,,images/1632.png,64,64,6,True,329,90e8a7d949f42053ebba14c13af2136e91985869945bd13351556b573a69f1df
1634,,images/1634.png,64,64,6,True,319,476ad3cd7c5a08b69daffe12adcf42df0446467de123e946ffcdde2e582911e5
1638,,images/1638.png,64,64,6,True,368,ac2aa9d99e10c3b3308cb9e12e0a1b2e9acf80315a773d643c24558e4a8ce31f
1640,,images/1640.png,64,64,6,True,338,c2eb8b971a95c6cce5532f85537e4da9c9535e05825e166fb6e95389a01ccab8
1642,,images/1642.png,64,64,6,True,332,4f36a7b146ac0a10782aee2e23646691821bad37017670b8ae227b1523bcd76e
1644,,images/1644.png,64,64,6,True,379,1a52bac80a8ad8430319d903744edaef1ba9c424794036cc73d8cd8e06b301c1
1646,,images/1646.png,64,64,6,True,344,1635f589c12b81b4983b6fff0de1cabc8f0142f236249b3bc1576ba558fe7e2e
1648,,images/1648.png,64,64,6,True,334,5a34a1f793eed7aa01aee330b9151cad2cd6b9e43cd3900e0662b5c6ac6af8b1
1652,,images/1652.png,34,39,6,True,488,63369d978a3bf420cb160ae2f281e85c3ff2d923e58aea9e2e2fdf29e665db7f
1654,,images/1654.png,34,39,6,True,482,5a1388219a625dff066213112bad5b7490c920301fc341794db35cb967550b42
1657,,images/1657.png,34,39,6,True,488,63369d978a3bf420cb160ae2f281e85c3ff2d923e58aea9e2e2fdf29e665db7f
1660,,images/1660.png,53,20,6,True,150,89a42e9ba48f96fc146448bc5dc19ff0b827a32f3976af68406a8b0b8c908cef
1662,,images/1662.png,53,20,6,True,138,ceb7280a17d6362250e4957c8b90e4187ce9899d5f2fcb9778a84a34d9121cb1
1664,,images/1664.png,53,20,6,True,146,b528e0d00d27aa62589096d249d7c1c1007a15d77ac60b649219e5618b3b748c
1666,,images/1666.png,53,20,6,True,179,00294559ba884600ac4376b557ae1fc0e6d612c02432a7a5944bc848a361175a
1668,,images/1668.png,53,20,6,True,233,26e3a2d4a8bed4532fa0c1d297dbb2744d752dc2ca6b6589e49fa4de173d40f1
1670,,images/1670.png,53,20,6,True,186,c9a47ba63bebd6244750afa155a8191f8fc6b0245e8940dc9e3c46c2422550e8
1672,,images/1672.png,53,20,6,True,151,dc1532d8990fde8a866c49d203f6d821cd882e7e8e6110181f6dfeb2d7d5cf32
1674,,images/1674.png,53,20,6,True,106,447ee3042f1a898331a7b9e70df31304514dc01aca9215bee043a608d43db0ba
1677,,images/1677.png,34,40,6,True,596,fdd30d3baa437f4c8abd88bade5123894eb8e347392e22ee60d85d991ff4d3c5
1679,,images/1679.png,34,40,6,True,601,d762b2152c463316263c168414eb3497495b1c2d68e0aa13099bfee1a8de5a5f
168,,images/168.png,550,400,2,False,7045,2f44ee82ef6ec436fd64e648dd84a3e23b21692d60dce312420c95cdd1fdb6f5
1681,,images/1681.png,34,40,6,True,581,a50c69346a673e12da960686e36730e0219db41e451bc04950a191eb0d8f1976
1684,,images/1684.png,26,26,6,True,373,4cf1fc67c8a36e892c2abf446bc07028bc2f5779a18b17d807f1cc22f4886c56
1686,,images/1686.png,18,17,6,True,163,32be6be6b0deb34727f76d64840028cb21f688b6f57ea04e019af525ccf11162
1688,,images/1688.png,18,17,6,True,238,bcd81fd0051e8c8cef81a7c8628ecaa2283b19b1dd9e35930daac7f11f7437a9
1690,,images/1690.png,18,17,6,True,246,9deeee5602e45092513fba32c6e018acba8f559839438a8902a8467c28df85b8
1692,,images/1692.png,18,17,6,True,249,303cc5dc6c55e569a8c8ecc91f390bcf902dd8ec05d66fc85b00c8f31150a40b
1694,,images/1694.png,18,17,6,True,226,3d62d35f3ce90791dd817b8632d5a535596167580ae045de935f335752884c40
1696,,images/1696.png,18,17,6,True,221,0e3b4ec8210d9c99c1e4b20da933e6411fa03d9fc09cdefb76263bc29b82f365
1698,,images/1698.png,18,17,6,True,274,226a2fcd8c89b0722c95d971bbd88e2d15cf5aaf303ba4026678cc0c07de8a9d
170,,images/170.png,75,42,6,True,499,08c5d6495f8c6ea675a3d7a6485f2ed9daf8acfec39d80c261915b2f97b79037
1700,,images/1700.png,18,17,6,True,259,97aed6856f3db5cce6562b2baa7c5dc9e702f5b0cfd7e4b0969c8533fe7de1d7
1702,,images/1702.png,18,17,6,True,259,64cefdd2d27e7cd13e66700691e4d76824c6937e10514709baa0aea27c8cc32e
1704,,images/1704.png,18,17,6,True,260,cef88b9582c1e62674b5b48a339f9efd95cd34ee3b4a67a89a58290721e0bddc
1706,,images/1706.png,18,17,6,True,225,60c35b4551f132e795886ceef1ee3eeaf11a89a383e0dd7ef3cd704ecf0e6b34
1708,,images/1708.png,18,17,6,True,244,b157107b17162df7c8065c41313e21eea83d24d300f762f018254c0949ed0533
171,,images/171.png,83,40,6,True,538,e80de6399a6280c2b66cfcced8b7b6ddf96a94336d61c372ff2899bbb3568cec
1710,,images/1710.png,18,17,6,True,245,1d625dfa74e94e546b8281f1b7a1027bc49b4b26ef867851c033d03bf3d2b59a
1712,,images/1712.png,18,17,6,True,243,1eb5f2f6c0fa559a0807f9fcb3c657d5df5f044c44bef67a7aed96bacdc05bcd
1714,,images/1714.png,18,17,6,True,234,295d4d8a59b06ea41a2b193561eac463a74e6d0e11c70af8df48c7439b48e854
1716,,images/1716.png,18,17,6,True,235,92b0e4a5a94d9ba2bb9295991a5cc27436e90d1cd18744bb3ea73a0c5558bb1e
1718,,images/1718.png,18,17,6,True,242,09873153d16cb9c0b640e4a8eb3b3b66fd9c213eeffdc268f23910803365f9df
172,,images/172.png,100,48,6,True,707,2dd5c6b9c754e0024b35a0fe8fd3eb0f7b0b3f01f2e0887558534eed35702ac7
1721,,images/1721.png,26,26,6,True,336,8a9cf270fd7bff98c8f27dd809015eb3301ee3b128c180bc728a3875d0bbbf32
1726,,images/1726.png,48,44,6,True,211,ffd8addfe3852816a04ae5a20dd2c8d28979ef6f068827c93dcaffd72bbb5b8c
1728,,images/1728.png,48,44,6,True,194,3af0567d48c9b1fa9a591d8a56ec347e01d66d064612b082bcbe35acc2e08dd5
173,,images/173.png,74,39,6,True,526,9ed1ecfb5f0ded7fbe9706d94d332c75bf3c83df6fdbb0fe391225269a348020
1730,,images/1730.png,48,44,6,True,211,64cf75056750ea1ad1f3384148c016a842e3942b323e1e1ed8f2c26fbce6b272
1732,,images/1732.png,48,44,6,True,346,ba9dff80a4f0e794078edb1e474a1087aa4eb78b19e8371c592c614058ec703e
1734,,images/1734.png,48,44,6,True,543,d81e428ad7810ba404de1e1736ac6c483b2bf104dfd601be7d11db4adfed4555
1736,,images/1736.png,48,44,6,True,683,b8e9f1920aadad196529e7e6e154387b8fcf34588582ae8b42470dd0db842fbb
1738,,images/1738.png,48,44,6,True,571,e27c464bf098a2b759c20bc2f839417aebfee084cc978a4839b1beee82951d00
1740,,images/1740.png,48,44,6,True,324,240ffa55b6dd459583cc8c7e0d33b1d105a5d9ecb0b32a11f41b87a3f21b6aa4
1742,,images/1742.png,48,44,6,True,217,741f66d271f5fb2466ba5a5c2df7d54c7736b71f1ca8a24b84ce65aa5cdd4134
1744,,images/1744.png,48,44,6,True,206,0671129d719b28d806169eda4f62e0162234fbe72b5efca2e8bc1e8f45183d5a
1746,,images/1746.png,48,44,6,True,189,39dad9129ad09ad898e834273e0c4d67fdddc8055c17e7abcabaad4ab9beef3b
1748,,images/1748.png,48,44,6,True,205,3a92b77e9b5c956776ddeac6908e2b48b56bc247dc506a8bdbba69838b43fec7
1750,,images/1750.png,48,44,6,True,339,76bb696f98ae62e1eebdaf07e5ee9921d8ddf7a29c5db6d4e76aed5630689772
1752,,images/1752.png,48,44,6,True,536,984b6f1a5ba09422c596e1fff14817219830c8a0add919978e8d334f343d7a36
1754,,images/1754.png,48,44,6,True,678,9f74bb171c2dbd53d2321e8ef679459771341710bc662f81746a81c0c84acd27
1756,,images/1756.png,48,44,6,True,564,39fd6bf1bedb78fb9eb09edddaa434e2fc03d2fbe5ee5e227dc6763a9bfbf030
1758,,images/1758.png,48,44,6,True,317,70b28feef97e66b58fe8e83da1ac8ac7db9c305b74f95cc6a6a4a99d399adb20
176,,images/176.png,801,291,6,True,15472,21f163187b332227a14c7d3ff921344e26a082c5a51bd43a06e23a0b9dc968da
1760,,images/1760.png,48,44,6,True,211,cacb4cf519a563b595a5cb3ac3c38ab061d7fbacc09010555d3ea1d475489243
1762,,images/1762.png,48,44,6,True,214,e8d40226a2592fbd5a83aa877267e6beacb06c91d24a4477ad5917826d208e6f
1764,,images/1764.png,48,44,6,True,197,e26186b6bf962373291191d5fcc0ae4d031a93f183faae65eb7295ff9eb97683
1766,,images/1766.png,48,44,6,True,213,ed6338b9e0c60a6fcce669c8455074e172c984627f4bb1f9c7fcc81a4f3e319a
1768,,images/1768.png,48,44,6,True,344,cdc172b072738a0aa8071f4a685acdd35499b4945e1936e730fd30253825a447
1770,,images/1770.png,48,44,6,True,530,babb07dc0ce4bcaf6168a4d58796907fb116dff592f238a06b452c52b2631c50
1772,,images/1772.png,48,44,6,True,669,2e19609d1facaa9cf3ae0f5ea0a3a8303242225ab4fa73214060cd15502ad4e4
1774,,images/1774.png,48,44,6,True,564,bda836fda97a97aedae83bdef5fa099305634ada36ccb3053e1f664286c4120f
1776,,images/1776.png,48,44,6,True,317,741b9577a663bb8a999547fb78e79b96b4aec3dcbcf19832191d908604463cdb
1778,,images/1778.png,48,44,6,True,215,fd271bc4a1ca86e72e4f34afd238427ed1113193f3465fc1e3ec54d836aad570
1786,,images/1786.png,22,22,6,True,396,8d5a8bf93b6cf312c5039382a17fd2d85b2e2151733e46c7c194b7f3448346fc
1788,,images/1788.png,19,21,6,True,387,b902ec60efbe6208e35e110fd224e140ee0e647701775401e8842426970cf0f8
179,,images/179.png,108,55,6,True,743,5dee0c333312f343c41bfd813eef13ad68835f01456fbf609428c0800e7ed8b6
1790,,images/1790.png,20,10,6,True,188,64de058cc00605f08aadcd1b1a5eadfe89164425ddbbae208f6b21ede9953a1d
1792,,images/1792.png,21,19,6,True,336,da6f55ea027d525d6097b388d51d296d95fc534a7b96ce878977ad8afc49b77b
1794,,images/1794.png,19,21,6,True,378,1a6fe26fedde5e82216eba4393288007a06213fb6234d10fa3277e77232ada85
1796,,images/1796.png,19,20,6,True,314,f7f1065d821bc5b2dc6aacd941e056a21f17bcae8b904313e0ccf6d46b9c2ef8
1798,,images/1798.png,31,21,6,True,277,db20d0e3ca3123bdd41dda804a4e83f90260e4db45a91f7206afa7c8961cbc0e
1800,,images/1800.png,31,21,6,True,269,f49e071cffb6af4d20f8d8380a4cd724685e0a922203d27672e87a9c91c5a802
1802,,images/1802.png,31,21,6,True,277,db20d0e3ca3123bdd41dda804a4e83f90260e4db45a91f7206afa7c8961cbc0e
1804,,images/1804.png,31,21,6,True,278,cec69b613497dcc2d887cb378550623aad40fe5a2e158bc131c3b5a97f10a06c
1807,,images/1807.png,19,19,6,True,261,464dff181ddb10a5ef3c9abf6c3290d5fbc67117546b705a5c6735055e1933fa
1809,,images/1809.png,13,21,6,True,164,a8cafd7e906fa7e5542247a95013e5bd1b93cb77226f8cdce52bef123071727c
1811,,images/1811.png,16,16,6,True,160,bf914eb272509633366f91e64a5be057e8cd9a4b8e63999387d991d3f8ad5d9e
1814,,images/1814.png,20,20,6,True,271,587df129de67ad2a2c799c79948297d615b406aa05c5524180e2e0f771f25a54
1818,,images/1818.png,20,20,6,True,275,167dcb5bc16d80bfed699cede5053b1aa0c3ce8147878e377451c46550644528
182,,images/182.png,550,154,6,True,3956,3391ea5c75285a2c438876af135caea33acba138a9a8641c909fb929ab2870fa
1821,,images/1821.png,24,36,6,True,252,8698e20bf2cdd2ba8aa47c696c13e269f644b6d406c3b09b1ccbc6f15ae26bfd
1823,,images/1823.png,24,36,6,True,268,909ed2f47ac25271858b74817eb5c3576f558e43e7f0b5ce9f3282f878ab992b
1825,,images/1825.png,18,9,6,True,141,a840f54cb2c2a42c0f4c362184c1290bec5f79a0765dbbffe4b11861d937b172
1829,,images/1829.png,24,36,6,True,264,e763e4baabfe2e47936d25db96c19fcc693dc16f8482ab623c8f8a73c85128b8
1832,,images/1832.png,86,57,6,True,1231,b275c14f5f663213282f814b69000d3bf6f38882acfd92b72462b7bf5a5bac13
1834,,images/1834.png,86,57,6,True,1276,9ac6f844f555d8cf55571721c0fb6764054bcd8c9f3e6ddcb81a72357a47dbd2
1837,,images/1837.png,86,57,6,True,1269,a63fc9ad85bed27b780f178e5f132aa3f7666283c9ca0657b5f15b4c3941388f
1840,,images/1840.png,86,57,6,True,1686,193ff92a7f9a3305ba3143749af639cc722e8d36b14a4a3aec89ca8225d64363
1842,,images/1842.png,86,57,6,True,1681,22daa3464f13daa8bdc9c706b510dac94b0a0bd02a5cdb7ca140df1696cb9c57
1845,,images/1845.png,20,20,6,True,280,61c2374852524187604080ec385f95a58bb56524806d877c6e74eba1403cff8c
1848,,images/1848.png,20,20,6,True,274,6ff057f23ebfa5ac4aa776d8cd02a406af290d4ea0fef20d4df46592c0cdb95c
1851,,images/1851.png,271,247,6,True,1956,e04db40322b6d3b71f7a4cb46c5eaca71a1fbc818ac0ad7597610a8e89c1799d
1853,,images/1853.png,271,247,6,True,1994,2e8488e72a6b56603370e0448f77bdc95e6eea7684ddadf4a209c8a7f36a604c
1856,,images/1856.png,8,8,6,True,117,627dbcfc5dbd6f1a691069b09f743780520ddce735811fd816274f5b610459d5
1859,,images/1859.png,30,6,6,True,104,07715c1b4bd6ed017430c57d8ac728cbf5b9f43495a1fd16cb3589ae9e09849a
1867,,images/1867.png,16,23,6,True,251,371066e185300c1ed62d7c41d195829ad0a73a0e5c20ddbb85a098cc3c8b0985
1870,,images/1870.png,41,42,6,True,470,0a37bbba519219db2b794568f3332bd7db36ae3759a8281b072091d859e9b713
1878,,images/1878.png,16,23,6,True,264,6791b1a9702617e6cf37f091dadfe6e21602e40ca99077617aea0a0fdce874b6
188,,images/188.png,64,64,6,True,324,ef7c59b37fd4f63c6632db85114a0264671a621f7436b86533615117545558b2
1881,,images/1881.png,24,23,6,True,302,1e5276ac77ddec5b6077d7a41a1c351ab176b1fe7c868594a32f3350056af446
19,,images/19.png,8,11,6,True,119,de23eb57ac8fb4dbf5bc1bc0a20a99c9d65af346f89434b97953d72caf39aba0
1903,,images/1903.png,436,141,6,True,5007,ecc04b627a692744320979069223999466963928e0a3d2a33bbfc591f7bb25cf
1906,,images/1906.png,436,141,6,True,2632,f6ab23223810788a3eaaeac4814a10a88109314588076769ff0a678b3933343e
1912,,images/1912.png,192,143,6,True,3976,98695880a98c484e3df8031d1f5d1b4a5453e87214bef968eb4f31e9f5a8b963
1915,,images/1915.png,192,143,6,True,6177,2711ee77cf61c9cd8af78baa694766b0f802e49e58231b59aa6c578d329fc84b
1923,,images/1923.png,141,11,6,True,435,256d148df7902df72132b52d8df3d967a35c9cc555ff89785e61b4f9b19605d3
1926,,images/1926.png,452,154,6,True,8046,be8c2676e78b88c43e0a21d548942948c84d99e19f31c471599bb1b67076aec1
1929,,images/1929.png,462,352,6,True,1587,89818d7d9947b959b92be2eca07447ae1671dfbe7dd28a921b4c5aa75058041d
193,,images/193.png,16,18,6,True,151,ced0e1d9b01afb7bde61b0f207a291aa655d1c8acce6b58d6a9782e7c49b7916
1931,,images/1931.png,10,6,6,True,89,c2a525306a29ac8c41717fe420af6a394838337491217b85d800faed831d6787
1934,,images/1934.png,102,66,6,True,1669,a1c52d62c65bdea29c99679c6f0e75bc4cf7ba30b395d4638c5f0adb8ff1713c
1938,,images/1938.png,24,23,6,True,362,b5135066d90cd716177c4ba8aca8a0091b2c1944d4f8d1b17fb1f7ec5ab5cd5d
1940,,images/1940.png,24,23,6,True,358,cd6162ec95b631e597872dcc7ab28e4fad28371c66c94e9d15f5d5e76312feaf
1942,,images/1942.png,22,22,6,True,255,817df058dfa2d78ecc61120cc152ece295325a5334ca34cb855ffc79c1a15c7d
1944,,images/1944.png,12,21,6,True,161,e25990428eff1e65a0dbf7aa668a34f55554cabf00aa163629edb4632b9910a8
1953,,images/1953.png,460,350,6,True,3151,63ad761210a8ef3b66697f2c700bd4575dc9e4dd26762af5669f5acef39f6b2a
1955,,images/1955.png,86,80,6,True,1317,61d69c323bb2d9daed9f42e3f7056f7b9e4dcdaeb28783d857293188f24e3dea
1956,,images/1956.png,86,80,6,True,1300,0c8cdef185438d46c25fdd11f202c5032e3745429cc73282ed14b36918d99452
1958,,images/1958.png,460,350,6,True,2139,67097560d94fd2cd1df4536aeb7d37f5bbd3b5ccc50938b6e5712198de761181
196,,images/196.png,15,23,6,True,176,5b09baa63bac2d4e22f9b440555907fd273eab9ffcad856b8c6d85c1acffd423
1962,,images/1962.png,550,400,2,False,6999,f10a9834f5fdd340f8511adb91ce8ff880bf9d93c336ba0aeb93a223c029d468
1964,,images/1964.png,75,42,6,True,495,f5a1a0d06ca8ac9fe07605b57998739cda71214859d7e65a7dfc1206e89c225c
1965,,images/1965.png,83,40,6,True,543,28515fb05f07c20c1bdb2679580b108a35cb0820ec4d619430f1940d4fa4590f
1966,,images/1966.png,100,48,6,True,704,6d7c5efe955981a5feac2f730bee3f7b5b0a8211ce12dfc964c5dd5fdfa4aa58
1967,,images/1967.png,74,39,6,True,520,fcaf332daa213ebc6315297a1acd7d11ccc799758ab0be45a52776c38948aa93
1970,,images/1970.png,801,291,6,True,15982,94d0febd8c461f6ccae6fee163a583f45e5acb0aaf3584f88ee1f62611b6cd19
1973,,images/1973.png,108,55,6,True,735,f1640a66a63b70109a35555a9ea4d93bbe8919ce23dccdf707357f002f01864c
1976,,images/1976.png,550,154,6,True,3992,f411b33b1568c3c93d601e8fa219ce3622bb1e56ef14a442e67eade85f8bbc8d
1981,,images/1981.png,550,400,2,False,6999,79ac65b26d4ee3cb86e2f1bbb912deb83d0b8d8fd1a8000adb21611918865a86
1983,,images/1983.png,75,42,6,True,491,21c86d16d75b48f3b789f5fb11a7893491aa82179ec905085dd689ae72735f71
1984,,images/1984.png,83,40,6,True,547,0b0123c3b97205370f3b19eca42075b1a4436cbaa84245cd68bd275e141d838b
1985,,images/1985.png,100,48,6,True,692,69fbfb1f21745e0065f1b63481aa1e12aec2c63894ce72b3558a06fd8c6d263f
1986,,images/1986.png,74,39,6,True,534,79bfbce21f12ec020ed77578b322d75c181696497f3ebad0ed229a913e79c933
1989,,images/1989.png,801,291,6,True,15520,bfb39546357d66084a7970be220fdcb7b7b593cf0121c8945b199f469b2d5fbd
199,,images/199.png,26,23,6,True,260,616873b98516b210bb26e592fab25398b7c9a52f83718d96f23062b19f8784ff
1992,,images/1992.png,108,55,6,True,773,771b3e96ad1df8d90113578fd1fb180f00c38c5db091977f61ab7cc3a7b16f1e
1995,,images/1995.png,550,154,6,True,3867,3ffde7b41db0355cadd291440a015df3d5d6cb4895e894db1e8c31c3a41f8a22
1999,,images/1999.png,22,21,6,True,352,c651c9b17c1ec69db3f2d82819a79527c794fae715341ddaf43888a9ecca7528
2000,,images/2000.png,132,34,6,True,484,761d510ac9022c452035e78d6083a1a4a9847fe7267d37b8f5b35c6d86f9f4b9
2005,,images/2005.png,132,34,6,True,460,e386f8355e9eff7bf4070c3008b4d80f892e56233dd5f5ad493c08021d1cfa1a
2007,,images/2007.png,22,21,6,True,350,68bc07d31c65b934536bbea01b2da63decb13d95098a12015719814e96aab51e
202,,images/202.png,16,18,6,True,144,dd6bfc1731d637241f344c42d31bc19ab59dfc4a704c25ffea45920c22f7e89c
205,,images/205.png,16,18,6,True,149,fbe8aa6d4d4fdef0dde9050c65a412505d56a7d0d2ba7c2e1de5c1ddd5902b89
208,,images/208.png,16,18,6,True,148,0c3774b7c7b80693eedc04c5f7fce0da380684d12ede314af8729e040bdf0361
211,,images/211.png,16,18,6,True,152,c4f2f94be91ee49c196552c34ab371a545caed675557578028f6cc6b39a28382
214,,images/214.png,16,18,6,True,142,dcc9906e2e6ed2b6199fa23eb0414dfb041e10fe5e62e84e8ef78dfbf2555c2d
217,,images/217.png,16,18,6,True,149,ffc2543aad4e5807fe647a550313310bd7d37ae2141cf89463b9410a25d8ecfb
22,,images/22.png,8,11,6,True,111,12af5ebf66eea32a68ebc0179f62d9ef774d53aa1d89a47a298da348bbb33faf
220,,images/220.png,16,18,6,True,145,aa165d422c5fa01f328188b7f22935429fbdeb425ebc86ea606eaa76a9988b68
223,,images/223.png,26,23,6,True,255,5c2ee21ffae35ca9eb7d9f26ceb17a0ec18af5c6fcc6de9de216b51991c3a17b
226,,images/226.png,23,23,6,True,241,bbe7dcdbe09dd4471f94f1babef4b057ffe9a31c02389d901cfcdf24b6ea6684
229,,images/229.png,24,23,6,True,254,e1324671f869934910d13a36c9a4d07441a67e7913939a467386fd9595219917
232,,images/232.png,24,23,6,True,259,9bee418aa33e14e027b5f30ed1f214b01b450a12babbef8f65f95f5ffb7f87ba
235,,images/235.png,26,23,6,True,266,9d5e5e81114edc7a8505ad266be851345d62cbc94f6064443958de942534f78d
238,,images/238.png,10,18,6,True,131,0a4b88b4a0bb5bf83b52ada6b9660904176d2f2dde96fbd947aa3b1593ea2124
241,,images/241.png,22,23,6,True,232,dc26a5887f94e5530030bc03487cb6f66964991e11e339933eccb4e634adea53
244,,images/244.png,24,26,6,True,285,d7a332e73d1eb38ab3b9560f8d8f52c11636477d2773f44e325db82c4363a553
247,,images/247.png,25,23,6,True,241,651a51999f823a40296637796e33c7699717fb4494c3293c0112dc682866f191
25,,images/25.png,8,11,6,True,116,d96fa363b50fd311d750063ba641b314873019e642e11f4d5ae2eee3f735674e
250,,images/250.png,15,23,6,True,169,5359e4b13b7fc328443131bbd5618dfedf3b47a1ee095bb13e47a92b817d3572
253,,images/253.png,22,26,6,True,236,70b5eb22b347bcb094ad0d5788812b494422fde8d3d9d7ec18ec158498245ad1
256,,images/256.png,38,31,6,True,349,cc5736fe39487165419d15aae17a29a265a2f2ea92d0ded8e4a3051eacd4a4ee
259,,images/259.png,23,23,6,True,210,54047700cfff506e255b66f78a077bb31038ef32f5d9f4ac1b44597730af4703
262,,images/262.png,28,23,6,True,290,ceb9846e5737fe70698cfd7707074f1fd14c5aa1607c62882b1d72cc887041f6
265,,images/265.png,40,33,6,True,381,205f0007d0d4ccc4a913b82c250fa94a8b5ceb754f45370ddb8191609c147802
268,,images/268.png,24,23,6,True,246,cf77d2e2a2ecee6f75a4bf38775b2b6157e66ec084a452df04ce2c247ff4afd7
271,,images/271.png,23,24,6,True,253,abc93bcf2bf57c984b413487482800a33c9eb91fd72c0a22a26413dca0121de5
274,,images/274.png,26,27,6,True,317,121faea9348bf9f13b300ddd6515e81c7d502be8b7ede46a9494ff862c499b66
277,,images/277.png,16,18,6,True,170,baf30b0d732546901be28381a5948038c86c91f005bf4935f2a1be3df827cbcb
28,,images/28.png,8,11,6,True,117,47b936f41b728a2cbaf30f1840f918852b1e7ad54fac9472391ea376af11519f
280,,images/280.png,39,31,6,True,354,e60230318cd11fd2bae3d89184e27de71b7e7d40a1157899a9b0d4f5f6b1bde2
283,,images/283.png,22,23,6,True,257,7a28b0ab8de7e01bf0388d3332555ca893982aea965df1e115c8395489996bdc
289,,images/289.png,10,18,6,True,99,9bf5bccd6d455acaf0afb6788affa227b0918cfc7cbfb00ef3670e6199190422
292,,images/292.png,23,23,6,True,213,374befec47fcf6414d8a474202ea992af00c7d0fc870252804c65d0a01adb32e
295,,images/295.png,24,23,6,True,260,6bc2f54a2af75f93fce3bf244b2b77dd4f5f7cd452a10d704cf5afedd3e50678
298,,images/298.png,26,23,6,True,271,540f5c1dbc4f032a45336f7a6222d70591d1cdedeb95e3a5ce2c35e60c4a5253
301,,images/301.png,35,23,6,True,331,3355770c733fe4ac9c863ebf7feb552aaf3ed4e052495be0ae22ef7544d65478
304,,images/304.png,26,23,6,True,272,5d2cd484fd8511fbfca23b676f36b16a43cb03cf0497c7bb55526f918b09176f
307,,images/307.png,23,23,6,True,224,77463ac452b28a502b40f5526155429f6dfa1f7c23d5302aa747eb40ad5f7137
31,,images/31.png,8,11,6,True,106,3d7afcb2fbef2a2442309d396a14b78e240a77aca51da3badf2d3c209c4706ce
310,,images/310.png,23,23,6,True,235,5bae40652009e3c989c584e458ef4649f68d55b886569706f66892bd7e0d9190
313,,images/313.png,16,18,6,True,108,7e51bbfa26368822153e6bfb7295df3e803260c94e0b63293c4f0ee9df65df88
316,,images/316.png,10,20,6,True,109,2bf8edc772574bd3bf6d8353be80ef72a9a0dc536e9860679bda6a0ce2e7ed8b
322,,images/322.png,5,5,6,True,79,5c0c82563196bfeb2b7387683dde693f64cb62b55eb56d7375dc7959cf2a057f
325,,images/325.png,350,260,6,True,1146,64d464c96f7ddc258fdb330aa951ceaeb5f6838abc600eb825fea1832b2f99b8
327,,images/327.png,120,24,6,True,217,d2b7dec2c01bdf38326067272397064848fee7f997d722ad586a3b05268517bd
34,,images/34.png,8,11,6,True,116,d00540f0e09bd1d6143ae2adace453c458332e6517c4c93a4b27b76b386a64bb
343,,images/343.png,14,14,6,True,151,cd50716397faba9c7430186b2026ed235aec631dc3880cb448faf9fca3b6cc27
345,,images/345.png,47,17,6,True,209,f4ca84848827db68af153c2222b8a6a0c967e4e849bb18d18e3384f0c5678948
347,,images/347.png,14,14,6,True,151,f4d2b3dab7f29ce1cd5a7c3ef8e60523544c2fc23fd0565f0a0924539aaa3b54
350,,images/350.png,20,14,6,True,153,4b6c2071ecaeb1df5190fb537808a1b42683dc9d3dce13579460447ce1389f17
352,,images/352.png,31,17,6,True,185,2ebcac808be0c3c6c8e94bde9b0aeb4f8ddf200f5e356bd12b55b06bb9a91744
356,,images/356.png,23,17,6,True,171,576401593f1be56545a0559e88d5e8f86fb17f870f8cc161ae2e8dc71103c6cd
37,,images/37.png,8,11,6,True,116,f1fbbf9f02a706b729f7f5bb8ae50fcccf31f8ca6d06b00393b9d1c384ffee97
40,,images/40.png,8,11,6,True,101,4c56f1f91157adaac0ba015ca86b327742269653c5f3cc4dfdc8f3fcab4e51e8
43,,images/43.png,8,11,6,True,112,0e1026c6f3dcdc835882902f4ded7133ed026d1b13752ffaba1667114e1cc746
441,,images/441.png,34,32,6,True,662,255feb74c7b31582e0c57a9b06209deb14588d06cba6258d8dfef818bd0a5941
444,,images/444.png,32,32,6,True,549,b18e10dfb4fdb892bdac799677cb561129a106d12ef30f94bee2dfc09c863a42
447,,images/447.png,34,32,6,True,576,ebdd3e9693193bfaaa3d4952b3a2821773880a6da9500ed6331ec26c9efc537d
450,,images/450.png,32,32,2,False,357,0c74ee007eda1f09dd0d6d21eb6b115418e64646af9df802f30237cb376ae11e
453,,images/453.png,32,32,2,False,413,e64e13d9944e27f63f4f29cbc8a05202c1323ed90e3edd35daf4ac905dbc7d8c
456,,images/456.png,32,32,2,False,383,e9546c30c9080464f1d415098f882eac261fe5a67ee19dc5933579898f7956c1
459,,images/459.png,32,32,2,False,434,714a448610258fb3f14975b406f3066b38850290fb8ebb006abd1669fe549052
46,,images/46.png,8,11,6,True,115,1ad4e5a523272c4785a2434ad7bd7b582a1226e780d625f9b242feadc225b348
462,,images/462.png,244,132,6,True,946,626ec9e9f400fd3bbd24b6117f53eb8b28eef3f19df706a8b459df37c9c1e9d5
466,,images/466.png,32,32,2,False,389,6d826860dd692052e60d02ae3ade9aa9b481e65904dda5e04686e89642f77bf6
469,,images/469.png,32,32,2,False,348,ffe2988deea504d5fec3e402f3e09c86b1d18ccac8463c4972a81075330a8a3d
472,,images/472.png,32,32,2,False,386,2daecbac0ae39942a1acf3db4c7e3ff3d84c9b1daaec4e1315055657b2fd702e
475,,images/475.png,32,32,2,False,228,c60868e516e14714de5f2c2df63b412068294ae6faede1d214fa09cbfe7ffdf5
478,,images/478.png,32,32,2,False,259,fc2d85982586c951f1303a13d1840e7eba26c255e98aaeb3f6109faa3c66a714
481,,images/481.png,32,33,6,True,411,3cf671afeeac8f87c5bf7ed4edc79625664786d8183d77bc8c3f531267c61c75
484,,images/484.png,32,33,6,True,382,05f4cd6d695b77d80fd5fdffc0011196ee1418c8d7bf23a060da95c9cdd024f7
487,,images/487.png,32,33,6,True,391,ac3d4e6144c4a2d22968caa60a43f02b49d81da4b97dc333136b31c4e0d72f12
49,,images/49.png,8,11,6,True,115,351eb8393487c095496ed4d8dce9bf15723c20c52d0235dd3fc94f25f22796da
490,,images/490.png,32,33,6,True,403,95954156b4bae031a27f5fed22385d5d207fbbe3cc09d56e808d4058155833cd
493,,images/493.png,32,33,6,True,411,fdd6b2b6cf868f0d639d89b50687e39b98cdd52d83b04e945389dcb79017ecf3
496,,images/496.png,34,31,6,True,362,b34a88664e665403a62ecbb39ed9e0a5a2fec4f12f358352c3d3191582becae5
499,,images/499.png,34,31,6,True,399,dbd40140c4af5c17c09914dba8785e23e935ed6ae73c5580a131fd66b986ed5b
502,,images/502.png,16,32,6,True,167,7fe07a676e49291c7ce9998edf8d57cde6e9b61922cb643eb2b2ff0a5be25b99
505,,images/505.png,16,32,2,False,112,7f3f3f6d474aa5ab10b5a1f62d30f423db98392e677ff9c97cdb312c142caa6c
508,,images/508.png,16,32,2,False,125,d8d77b803099b424f60759ddc4359d6086ae3ab0866edc0a267bc55782576245
511,,images/511.png,32,32,6,True,398,0ef99bf717018696dd578aca59558bc36dc23727f184384907af39185bbaad32
514,,images/514.png,32,32,6,True,409,06751fd39cc5b75a711f4079cce47e1bd55115c67cc83587f59d7b7ae79e340e
517,,images/517.png,32,32,6,True,361,71cf68fa983bb4499df5dccc4e007b232ffc7bd0c8bcd20d1da7ca571deda549
52,,images/52.png,8,11,6,True,109,1911646c3545b8cbee3da93c75c8d724c58191a837c2026066ea66ed86267cd7
520,,images/520.png,43,32,6,True,546,03a5871ebeb01f35a1137998d71ac83ae0c97c71db3f0d0b2f0750efc572eada
523,,images/523.png,32,32,2,False,413,f1efdb94731bd8e19db7a1812399ccda46b089b926cf6de49c3b740cc9712970
526,,images/526.png,43,32,6,True,553,c7772e4ae53a0b5f77692c15798eeadfe1e0368dbb402fd0d0a9a8e601c36206
529,,images/529.png,32,32,2,False,436,47fb1173e2eb8582eed957172e9ea9a12fc9c2524df70f540854d9171ea1cd05
532,,images/532.png,36,32,6,True,309,7b8d7091dd28749e6b54004b2e030841622ee7b630f3c97704bd03c22f4ba2af
535,,images/535.png,32,32,2,False,227,baf8e6d39048e9db67b6101aa481ef0eb823b34300a5bec91cc69a6bef2754e4
538,,images/538.png,32,32,6,True,396,9a464ebeedfd1318c737e2dc5b764e978a5b5e6794afbdbc453416543194b905
541,,images/541.png,32,32,6,True,258,0dc57ed361222a70ace61589e4d1191789600e4b823956fce13c7d8168f9cac9
544,,images/544.png,32,32,2,False,229,65533facb34ee612e9ee0dd3ea8506ab6678ecb89a0567fd184429720d8e1552
547,,images/547.png,32,32,6,True,231,454fda56b28678c42459cf03c87261ec7b81178a29fcaa391e220cedc6259991
55,,images/55.png,4,11,6,True,90,33a18d6768c964633f870aee6e722a19f8693b391cf6eb14e62b20c12e7d9406
550,,images/550.png,32,32,2,False,196,a8de806f968e32044ac60f3f36d8dc10389fc10e40939259aba9d4e0457aa2e0
553,,images/553.png,32,32,2,False,210,df5f5044aebe142b7eea2d0c6e2231b6f663e18163e20dbd02ff5a0a49542a2c
556,,images/556.png,32,32,6,True,330,d83188c53cd35aaca37dcb453423b3a53003dcca15e986dcb2f184febcd5b08a
559,,images/559.png,32,32,6,True,262,145e3f5c909e3409274c805bbf60140edff8c6bfc54fe0f2f0a6ab56c36c801e
562,,images/562.png,32,32,2,False,319,225e34aa0a752600f807f2624bdc52519d34d37fd06b28881a8f118fa05f70c2
565,,images/565.png,32,32,6,True,221,99c04613cc4723c69475510b1650dd17d84f1b98c3778d2175cf9437a6960c29
568,,images/568.png,32,37,6,True,661,a962f1deb4b346ab53e02034bcb395a71f63e88f187cd6533cda9e53359b2190
571,,images/571.png,36,22,6,True,522,7276b3ecca41889694d5e0fdc0010e35d632adc3ba746426e8704beafa7d95d6
574,,images/574.png,36,32,6,True,319,a86936951098d9f0a552a91cf34a3f87cdcffec9643f885d7a7ef2171dbfbc1c
577,,images/577.png,202,152,6,True,596,0fb061ba9feeaee681bec64c3ef01627e45919b9d5fce5d1bdc14de6088d743d
579,,images/579.png,35,38,6,True,299,1c8fae68c4f45c63e0cc3bfbab097b22494a164c7ed0e72e8a955b97d57afa84
58,,images/58.png,8,11,6,True,105,b61616d6ba1f3d0bd5a51a9ddd03fd2df3e1f9dcc6bbf4fac9defc621bc5bbac
583,,images/583.png,35,38,6,True,289,f8eb07e623f401165397218719f1f15dff4980a0e75a04975950c46102108163
590,,images/590.png,192,129,2,False,2851,956c251fee91b7f3a94e74526768712ed05d8725ce1aa78d066ee11b2c0f84ed
592,,images/592.png,162,63,2,False,797,6fd7f489cadaf565e5156e31460dc8e81c2f57483087e84f3109a1521aaca469
594,,images/594.png,153,96,2,False,919,1bfa0095dfc7f728111c5958d7a42121fcd12798154ddaaa0aeae896617731a6
596,,images/596.png,132,75,2,False,889,88742f2ff89b4aabf591875ac02ef86cd1cd99277ae53a6cf664509d80bf7bad
598,,images/598.png,180,66,2,False,664,6a698def1d16003fa1b8c408a3a0c62530adae294ca8f4e4c122443b5bf0baf2
600,,images/600.png,144,66,2,False,693,0dd9f4c42ffc8bffe6d1ba1b5098f441295b12f006410721b37536691b39add7
602,,images/602.png,201,117,2,False,1193,be54e16bc4ce3eaff67f361ce19a01ed4e062f0b76be6afe6f2ead1fd5b68761
604,,images/604.png,357,96,2,False,1829,793a566304541ab932dc7d68e5a912433d24ceb74ce80042d5b9a7aaaf4e252b
606,,images/606.png,84,60,2,False,355,365a05eab2d7b538d2679f5825f22f82a40f1006b2c171d86101a490c042ebdd
608,,images/608.png,81,114,2,False,947,7411daaaaeca20607b4b083e3cd0dd4fe51740e7506396eaea6ddabd99b2b900
61,,images/61.png,8,11,6,True,113,a76b41f5c82d04eb287c2ded1cb35080d09e808141629c00bd9301fadc7cc58d
610,,images/610.png,189,93,2,False,770,0d0700a3b781b888b0a9d2f1ea65a0ccaad392ccc9b69172b6142dcccda4d2fd
612,,images/612.png,243,108,2,False,1467,2f317402851b8f66c00a52c486c499239f87cdf953753c00db955e6daaa73072
614,,images/614.png,75,72,2,False,499,e8e7effb626b68cf34292bf0a8f885646ab5566a6a1f1d521b85ccea54c557e4
616,,images/616.png,144,72,2,False,659,28291f9812f635748f271908bccadd05166d7cb97b423763e9735d95c17a4006
618,,images/618.png,144,90,2,False,1164,ba2b0681d9d0d7f150d55d8a403a84a890a29b85374a9fc0a1b8ae66f997b6b8
620,,images/620.png,282,48,2,False,809,82685d62dafde3dbfec3ff62b1db19cd5face904b01ff00ab0fbd36784f01a98
622,,images/622.png,156,102,2,False,1309,ce5eaa8305a19ff6ebc0229e1845199bbccd1f2b44113496e90d586947b40bac
624,,images/624.png,270,72,2,False,1063,6e7509e2e78e8243406b07c29ab2a9ec2a920b420383a02315c170e9eef52939
626,,images/626.png,135,111,2,False,1230,5afd1680f1e0a8600a084289053134498d9f8a4e713e3f4de75f68ed280f4706
632,,images/632.png,46,52,6,True,310,6b5d5bd1ddfc1ed1c9c6debbf446d34c99077553e7e6e3bab4e18bab61a0a0dd
634,,images/634.png,24,22,6,True,382,ef13ff2225cb5f30b89f2f9efd2f452c7965bf7e018bb6e8aceafa97aaed6a4b
636,,images/636.png,22,35,6,True,346,daf6ae3f3483b81ba86702be1498fe945065538dae9cd199be4f2ebe5207e918
638,,images/638.png,26,23,6,True,417,1681476bfae26f1891eb351c7f4de8604b695df01c389c031410890908255ad7
64,,images/64.png,8,11,6,True,108,77839425f1457eb5f6e4ff3bcb601d171093d05bb5ae2898ed63d28d2ad5d61c
640,,images/640.png,34,32,6,True,480,dedb8ecff87f209b0def9786041f78d5c294cfd080d582a5bd243c4ab8fdae77
642,,images/642.png,25,22,6,True,355,91200a8ee108c6a33493bf2c1106ba00776cbcfe260fff25e42dd981ae2c159f
644,,images/644.png,36,26,6,True,457,7149ec9f34e5f8e641bbff9ad3077facc74697dff883b38b375f6f16ea436487
646,,images/646.png,39,56,6,True,816,ba79cfbc611584e56cd1908937a501553db6e66324087cd5bd6eab88c9ecf2f5
648,,images/648.png,18,22,6,True,303,71e3316d34b3aa55fc049b24da2307f5d1f6ad43a1a77a0261172cc646c574d1
650,,images/650.png,36,35,6,True,634,9529b1434c9566caf63b0f58c452e1b412b83c3a7a37a913f9260dab06fb3128
652,,images/652.png,28,26,6,True,439,2d05e293c423e792cc7dd588f4e7540ce7a2dd71683137a6d24b23b5d6e73f5b
654,,images/654.png,38,20,6,True,394,973b02ee4ca01559c555e0439496b4ac85b854f3bc95cadecbccbd4edc79e9a1
656,,images/656.png,24,23,6,True,300,3369ff9c6f265fb13c251cfccae1b1096c6f9c11bff9483ab83a8d7b6401e058
658,,images/658.png,30,25,6,True,322,a65fefa63ca88a34fbf54d30c8d9ef9d9a1e0a87650871b8d40a66917a12c86c
660,,images/660.png,27,35,6,True,520,4950901ad91f5b2687a6f75eae99b2fbba7794d663e1d595a496a89664287594
662,,images/662.png,39,56,6,True,910,c300549bb24564d69e8c4d4a4f49750296f540b3d7b4415ea1f4d61fe67f2756
666,,images/666.png,46,52,6,True,140,6e57b6956e9732efb2258026e353cd2b96dcee6f4fef6a24c7d59b7d54be6ccd
67,,images/67.png,4,11,6,True,82,b0faf3eda531048694c9b5912b9f42ecacdc0c5f64f896b204e89562423ba77f
683,,images/683.png,21,26,6,True,322,2c22bd42872eda97f28f9b2a807c9c47d6a6a91641cfb4ae164535ccd6b9a00b
686,,images/686.png,228,255,6,True,5050,a55fc5b10a76becf79d1abd530dfd337af35c6f74dead1914c2ee2c7f7edd17c
688,,images/688.png,34,32,6,True,593,8543c7a8ff324b80138dc647fe336b29bf1253effe87c03c04fa2825d5511f3b
691,,images/691.png,32,32,6,True,185,0e4bc8064acfb5ab03ac24ded3a4b633019001114afff0f69281b541bf08ac4c
693,,images/693.png,32,32,6,True,205,fbb2b8beea5546983d12cea528d525d4d6704e852b75bd14dd4a663d4080e3a6
695,,images/695.png,32,32,6,True,197,33f1bee93bc2b8edc50b4dc62006cdb748d9cfd85d6211b2be3d87ff82a02d89
697,,images/697.png,32,32,6,True,206,58c34beefd6ac1b87002edff5f65f8b767bc0dd7a8c22f3e8bd7634694dc6f2a
699,,images/699.png,32,32,6,True,197,6b7a7e4ef36460adbf4e55a4b4076fb87ba9493133a12abfd9e5a9dfe588e1e9
70,,images/70.png,8,11,6,True,106,ab0d130e43276b3686afee8799bf42a0202fe563284055081805543abb193f21
701,,images/701.png,32,32,6,True,205,da389c299f69edb70228163f78c53793b817cf0f8b0a04c08bb22f41806f9b1a
703,,images/703.png,32,32,6,True,207,678ede91cdc04b923a13dddaa104670dd0280e6abfd1f710033f43e2903d60f4
705,,images/705.png,32,32,6,True,210,be80ea362438527ffd7557c9bf35f1f1e965b0d3a26d6cebf10c7cc882d161fb
708,,images/708.png,32,32,6,True,193,0155c9efff4d2a882ce26f48d0f031dd7126bcae6e7a0a36bc933051655a4a2b
710,,images/710.png,32,32,6,True,196,cc05880be0f60d07120d744b1e84605db056b140affec8406be0c2e735cf85ad
712,,images/712.png,32,32,6,True,186,18400412a6ef66518668e4910947cf7700a80d57034411669ccdcd2099918f22
714,,images/714.png,32,32,6,True,181,bc5e94ab2be6ded9077237de3e152101b7be6194ba2895c872435d424032fdee
716,,images/716.png,32,32,6,True,182,1f414de522bfa7d5777b7b119b35874585b4b612fa6e2da844b84735c1658179
718,,images/718.png,32,32,6,True,179,4c7caf9bbbd29c0d6b74ce5ad9f273d055f652face25b7dd449fe868693b202c
720,,images/720.png,32,32,6,True,201,17e7fe0d7cdac97a7ef5d672cb6a1b1e42cbe828b5e8f132feb3f726aed7a559
722,,images/722.png,32,32,6,True,207,21cebcd40b02489d52af265e872bacf92ac17cf910deacb09abfb53b293b9f57
725,,images/725.png,33,32,6,True,335,35631e09585a4a0f1aed325b75b12e3039200849d6298e07fd1044f1aadf6eef
727,,images/727.png,33,32,6,True,339,c010a8b08ac5be4fd7f39065bfe9424fde83e180efa23a247b30efaa534802f5
729,,images/729.png,33,32,6,True,335,ce857f690d55039512220f60064c93a0ee6e1239d7fa6c0a8e6af833bc3e30ad
73,,images/73.png,8,11,6,True,114,c19742a99fad4a3dba7edf5b81fc5173c8ca8fa176e0534f368d6f421d3124c7
731,,images/731.png,33,32,6,True,326,da5f8c96ad931b8236e0ef07f5a0e434de084ecc77430398fce09a01ebaebf48
733,,images/733.png,33,32,6,True,323,5c458d69f8ae0f1454c1907b8038202ae1d8471da9086c7d55095198d9960adc
735,,images/735.png,33,32,6,True,328,41577e6347ed5cf3f701ab92986cbf0d641c2318d720761bee8abd9eac5aa17a
737,,images/737.png,33,32,6,True,324,937f43297f3425b6e28c242f51f671c9386a6bb9927e3e41971485f378c99d9e
739,,images/739.png,33,32,6,True,337,96a20654f4dd74615c9d20f968e9b7128876ba326c5e02d09d5c0025ef70b37c
742,,images/742.png,33,32,6,True,361,f660195cf2fb72a71c5d1d8458e083fd44c2e90bc01235a6d43687c782b32c21
744,,images/744.png,33,32,6,True,357,ed221d3866d0d06b01f0e8452870904ab4ccfce261393692ef4a8f5e1798d062
746,,images/746.png,33,32,6,True,358,87751b436578f43d13ebb7f4422addd6f9dc8945ebd49c728d33264c73947ca7
748,,images/748.png,33,32,6,True,365,43179be0978292b5ffd4010cbc42f79e791b2d762685b8a550e0201a974cd2d8
750,,images/750.png,33,32,6,True,365,2c36171ed96ef49e43d61b377675cd6ae88fb881d4a27a1cb0f3d719a1bd9911
752,,images/752.png,33,32,6,True,371,4c7896b57426aa3de9ac53ce548cf9bce0feb9808bd005d55bb2e81ee9a0cbb9
754,,images/754.png,33,32,6,True,357,ef9d8be98d90613133b02507e38e01693269f0b632333c410d5ee045e77abbe2
756,,images/756.png,33,32,6,True,348,54d6ece4434ed190d7055ed83831a882696d0be9ef3b2a40c663a0f6ab61fc0d
759,,images/759.png,25,25,6,True,372,4345cbb6b596ce768d2b1cc69b4174e3e2ed237a4144406d0bf2b7a1c90b0927
76,,images/76.png,8,11,6,True,99,8f188494a528bec0bcb7ebc5fe8f986453af750a6b0a4a25f4aacea77a9acf11
761,,images/761.png,25,25,6,True,349,a9cafd61ffe540eb3abb79ea25db1975a1954dffa8734c5d79ce8b8b127da6fb
763,,images/763.png,25,25,6,True,372,4345cbb6b596ce768d2b1cc69b4174e3e2ed237a4144406d0bf2b7a1c90b0927
765,,images/765.png,25,25,6,True,372,5fa0331045c60ca18053dfa1a94d3a1a8ba20790068d28d167402fe72b5227b1
768,,images/768.png,28,32,6,True,412,83d5fa71e5d2e361477d83ed2260eed7bfb2d689f7c4e6b20683d82bd99e97d4
770,,images/770.png,28,32,6,True,391,50b681211cabb184c705778e87292c4ab22f87aa5f04d0237a8e33ab861c4029
771,,images/771.png,28,32,6,True,388,aa03df9941e313849ce9d9720c485d3ac2791731f5dbf7c51da843004311473f
773,,images/773.png,28,32,6,True,412,83d5fa71e5d2e361477d83ed2260eed7bfb2d689f7c4e6b20683d82bd99e97d4
774,,images/774.png,28,32,6,True,412,83d5fa71e5d2e361477d83ed2260eed7bfb2d689f7c4e6b20683d82bd99e97d4
776,,images/776.png,28,32,6,True,419,02f41a43346105ee9cc8bb4166424c1eaa529dda12967eeafd011749e4ac3e1b
777,,images/777.png,28,32,6,True,428,5605deb8c46465c6b7d8ebb70ef9c9446aea423ab276f4b940a99f0d3a2411e3
781,,images/781.png,244,132,6,True,946,5c82319079e0f241ac9ab68bdd56bf9b81145a60e6f200f7b011312e0e6ba8bb
79,,images/79.png,12,11,6,True,115,7853637357cb1c6d2524a4f108d3c9cf34cee65bf2b1e77474d24d2acfd84bd8
814,,images/814.png,99,74,6,True,1214,bb3c6b14b54000eefd079e3473afe1a18fe3ae5856d92f0d5689cd76a9107773
82,,images/82.png,8,11,6,True,109,29de41fe793c93e6e8f89cd54cffe84fab6ed5da526ad98448123d9cd9401dea
831,,images/831.png,114,99,2,False,1221,48dc9490005c6f30bb6116a1bfcf108ff676928ba34f83ccb48d28df2328ec1c
836,,images/836.png,20,32,6,True,454,8ea9f1b453ed410e65ee486fad3ff01e279a5cf0ddc502c54658fee5d17e5715
838,,images/838.png,20,32,6,True,491,902df768635fd94054edcb9f714b051555f958ee6d72944dee38d24242974a0c
840,,images/840.png,20,32,6,True,542,68845e8edb3687bbbb1c1f6ecc094ae9f7a081958336b7000e4def7d1f44004c
842,,images/842.png,20,32,6,True,491,902df768635fd94054edcb9f714b051555f958ee6d72944dee38d24242974a0c
845,,images/845.png,35,16,6,True,209,3265c910aabc399e8b868ff8b10f7c98e4a9c13507f2f5b5528506598049bdfc
848,,images/848.png,46,38,6,True,540,df8bc3b3477164571dfe481e361d3a73bb7b44a28e06bc34dd456e3e1938ae14
851,,images/851.png,20,20,6,True,350,e9fdefa0524499febc3cdfd6578a8c66112dbebb648e1c4c7687f659906c11d3
854,,images/854.png,17,17,6,True,200,ac31b70d48041e220d1181dd78a5d9a025b02518ac2bc0bcb298823099444ce2
856,,images/856.png,17,17,6,True,194,beb4e3403754356acd70ff638f4cabbf4f113071c7b76a5581dd111e68766f48
858,,images/858.png,17,17,6,True,187,6e8a37145e3a600c235f0f86ff58a5984999ce7c709a0a1bd67cd9c4d4b46280
86,,images/86.png,8,11,6,True,109,f465242009e6825c2535c5fb6d2b665c6c6d5774d6a681b6064e2f22e90a5ccd
860,,images/860.png,17,17,6,True,178,cd855e0833ed76be24bf9a9fc3d777a510123c74e1d7e5139d5faac058f5b2c5
862,,images/862.png,17,17,6,True,135,e415993729b6fe048430c8f556eae3119a8a2df6bed39865b1e29f21469ee289
864,,images/864.png,17,17,6,True,118,be6faed65cdb0ba7d43332650f7579b412426c234e8332917ce53550ea5e98d1
867,,images/867.png,64,64,6,True,854,ceaa2d8f2de710d629a41d1dcfacd700a5b93289fc1ea84e22084c374be7a141
870,,images/870.png,64,64,6,True,929,d939ad123c68218efd61b48adf00c40810b8cb6c692e48684cb86f45d42fe273
873,,images/873.png,22,27,6,True,406,bfe8b120e11eaa6f1b398bbd663c9b85033b6e87e0380c6b98c3ccae21f060c5
875,,images/875.png,22,27,6,True,470,4127836cf87dba87937067dc4fe2624be76de9334886c3cbc52fd6b69adf70d9
877,,images/877.png,22,27,6,True,528,0c4efe726b442de098b5eb58fce51176a9da216170e11c760837c8927d3c08f4
879,,images/879.png,22,27,6,True,523,c9f268a51466943725f8b53b7aa888cd46f3f0d79d84ad747296cfbcd75782d8
882,,images/882.png,15,15,6,True,256,464549f1ea37ca5d94b318d6943c5a33a0c26e7b3e3bd54798c873b340a56c3b
885,,images/885.png,19,31,6,True,135,bc254e26ac935542d2dbc3c708303f6cfea14dc8a037ccc8860897c2964d8894
887,,images/887.png,19,31,6,True,192,1b9cefbafade700629b40e4adcb8e008a7773c578f4f63683ebc2f3683a339aa
889,,images/889.png,19,31,6,True,230,2fccfa16f79f6e1f2d6fca9ad2a3952db4aa5e1e98cd8f663c577bc10746f714
89,,images/89.png,9,11,6,True,106,5899322b01c6a82fd290bb7514cc5ba0746d7e2d6e0567c156a502b5d7fd11d0
891,,images/891.png,19,31,6,True,292,f9bbde42cf23f513dfcf68370f8bb222f121ba9903560ee94388aaea0f2edf80
893,,images/893.png,19,31,6,True,265,1e8337fed9866bd2ecaa46e15727281e85c2471f6c940823e12b5aaff7fedd39
895,,images/895.png,19,31,6,True,261,1ec453125d56077b8d86275454f59b52c5b989b20b3087b1c0296e3351ada852
897,,images/897.png,19,31,6,True,237,c4b9de4aa78a52d25c2ba595686d89a5c7d0d70fc92aebd9705db2b6627aab22
899,,images/899.png,19,31,6,True,187,e95d78f1ab500d58583a07fc316e4fab92991180cc457730a8f3589a2f6a82ce
901,,images/901.png,19,31,6,True,162,beeae72547f4d6ab3fb7df533efa40344dbdcb1aa0150170dde0110c4b6c04aa
903,,images/903.png,19,31,6,True,116,ee329b57918e6dc50de7af939c2b53ba1cae294a6f5f2a8381aa65e026bbe6e9
906,,images/906.png,18,48,6,True,614,47a50b3ecb79bc03024c9822cff92e97db21d922db37329b402cb6c8d6d1017c
908,,images/908.png,18,48,6,True,632,fc6787d8e9a7d9929a87a6706d240989b882b06b6bd7381c71b4a16dc237f2ca
910,,images/910.png,18,48,6,True,621,4c17ffbd9e9faba2676e8b268f79bbce28c44d91f87696a2fca5177fdeedb554
912,,images/912.png,18,48,6,True,616,50f9e7056daa70d23db47c24905e349e794ca791c11ae93873a6d0cdfb3d6067
914,,images/914.png,18,48,6,True,600,aafb75bd68a8e459e4c10504567f47b6fa97e506e87b2079410f94f82569cb24
916,,images/916.png,18,48,6,True,565,c02fb72b2b18540a96bc77f90944c7a1ee55d9e68a7ba1010de89c017a4c6bcc
919,,images/919.png,27,15,6,True,355,5939dcd4a25a1398b787f7fb32af5d33d61dcd93452f697c29b3d5523e1c9a8e
922,,images/922.png,24,38,6,True,513,59cdb717b56138e0782b26ed4bbbe0286a589d917bd61ea134ced743e7756978
924,,images/924.png,24,38,6,True,595,b847a9e26c0426da113efaece592306856d4339f40ebbed3a9f7b78ea87b3607
926,,images/926.png,24,38,6,True,627,7100ed1583837c6b027b3fd0a2851bcf352a580ac4d42f8f7789f382e71cffa2
928,,images/928.png,24,38,6,True,595,b847a9e26c0426da113efaece592306856d4339f40ebbed3a9f7b78ea87b3607
93,,images/93.png,8,11,6,True,114,b806df0eef996b0b29c925fe813f1a2b113f7266e86691f9c7ba53daedaccdda
931,,images/931.png,34,39,6,True,479,a32211c44f18e5f0992b350eb75a598aff5a9c0802ee32fc07bf9602315ce5be
935,,images/935.png,34,39,6,True,479,a32211c44f18e5f0992b350eb75a598aff5a9c0802ee32fc07bf9602315ce5be
937,,images/937.png,34,39,6,True,471,fc1bd6a27f56d2b169121ac9a4aeaab4d20c083ae2864e8ae27ae72f2c43fe1d
940,,images/940.png,32,32,6,True,374,26f62796f2e9ab8199d4595558d417e4b084e370fda7a95dafcbd8b187942fd5
942,,images/942.png,54,45,6,True,662,9f262c1900642f5a1bef6808de287f0f10b3e3b03b71e09f30cca5a97a43e649
944,,images/944.png,62,64,6,True,822,8cb678990bf5d8721e696d325ac73e99e9173ef1fe4bde87fd39ed931af3c4c1
946,,images/946.png,62,64,6,True,699,e3e08ce44c7ddb6e580c2327fe85fbb2be6a144256d4d9356d3d795ec957a8e6
948,,images/948.png,62,64,6,True,605,37f6cdf91ab0201b105e04367269f16734fa77aa7c82dc59c165e7a96fc263b1
950,,images/950.png,62,64,6,True,467,50faaeb9035944af0e2000c2ac18a27a0a1c3da5fabe78d4be0f69c701167700
952,,images/952.png,62,64,6,True,233,be29243c60be4f1ac3695001d341e15205dfce68913d7996ac6f05582ef3dcf8
954,,images/954.png,62,64,6,True,205,dab19524880c78333d8daeb5f0a4473438f7e5274e26c57e8bba461a71bb0a80
956,,images/956.png,62,64,6,True,167,892a1b59aac0ab821597f20813fbb4d04885777fbd3fe5ca2038cf938ac130e4
959,,images/959.png,54,45,6,True,562,4183dd4ec3d7f3e2d4210fde8a77d1c602c909934983d262f9c9451b78b80a2f
96,,images/96.png,8,11,6,True,112,f615dbbebf04c23f803c0bbc562fa4ef90516cc61954bfe00592ce740e9e5569
961,,images/961.png,54,45,6,True,493,5090458787e49a47a03dfdc02a8b99735478ce5df2e84c73c71925b6361d0345
963,,images/963.png,54,45,6,True,345,dfc264e220bda2312dcb9bd2cee17409e286b721a7d0213e9c37f7bc1b9719ea
966,,images/966.png,33,32,6,True,623,5fedc36ec0717567538379fe50eb370c939fc05147766fa1fc8bc313b2cfccf8
969,,images/969.png,13,20,6,True,190,08d4e736fdb4f3917651503b097cf9f382e5fc7972a124c99f88e481b4a9a5af
972,,images/972.png,26,20,6,True,343,d7ec5dd7bce56cb05829e4208832c94db1b089ba58d6433b8b59689048fc0ffe
974,,images/974.png,26,20,6,True,335,1c977e1e995fbf3a62ac969ee06eb8afc0cdf624bd53724e8597c321cc539391
976,,images/976.png,26,20,6,True,343,d7ec5dd7bce56cb05829e4208832c94db1b089ba58d6433b8b59689048fc0ffe
978,,images/978.png,26,20,6,True,338,fd545003a6757140cd13f168812f7d9b283c05d95d00d9bdd4e2bf2abfd0931c
980,,images/980.png,25,18,6,True,348,5f9df19c36e08aaecf8142270fd647b4b0ee19495faa91438fca02670c0cd3bc
983,,images/983.png,98,98,6,True,2204,97296f1de83db661dca51e8a6c768c4afd18e27dc262264438ef883068c3e2d0
986,,images/986.png,27,13,6,True,96,5957626b02e6eab4d6a944e1aee6f2c97fb60ef80452876655a4b106689e8e1f
988,,images/988.png,27,13,6,True,111,045023e045614a2e97c6ec6f7f6b50a9f530f9db5bcc73a0c33a26288a59dc75
99,,images/99.png,8,11,6,True,116,04260902e1ae1d70e8265991ca5cf8b466fe8270fb53392a5dba6ab225f5db0a
990,,images/990.png,27,13,6,True,132,6f8980bfcc894ba896c452eddb224a2f2ff080bc024c74307c21d9b9c7bfd9fd
992,,images/992.png,27,13,6,True,146,d30461f60ae2ab51c841e57a88ebef44d1d72db625de82143703242a148e3740
994,,images/994.png,27,13,6,True,147,4127ca831289302ccdc1903583779a1cc06a957473bed9874020fda7aa9908ee
996,,images/996.png,27,13,6,True,133,25014d4cc91f0b1fbb2ac52c674456130da5f70ad679d84579f2b1cdfbdd6973
998,,images/998.png,27,13,6,True,108,5adc5955e6ee68dc8668c5c16454d42328963aa1d892f9466bda5b4397c43b4b
1783,,morphshapes/1783/10_of_10.png,100,100,6,True,2501,a07c8d9df3409a9ff19d407db54b20af7bcedd63252f0116d13aa30604a852b5
1783,,morphshapes/1783/1_of_10.png,100,100,6,True,1850,e8515ac0d128d9b9d648003dbb0ffd659a83f73eacad79c35bb0f8e406a959d7
1783,,morphshapes/1783/2_of_10.png,100,100,6,True,2055,7b9c7eb256dafb510d51133a57ba5990ab9a8d63f0d3d6a1dc2e10d1d1d31508
1783,,morphshapes/1783/3_of_10.png,100,100,6,True,2296,4f09c1ff706de8d83f1429a12dfccb2f1220a703f8e90f6802e996a34d5fbbbc
1783,,morphshapes/1783/4_of_10.png,100,100,6,True,2402,3c8bed3490d7ed12c62857dc1197f77174e7325092e4fd642301c39a5a19209e
1783,,morphshapes/1783/5_of_10.png,100,100,6,True,2421,5113b97d976b7ccd2e3b9bf173b1bd76c4ad60f10fb93f4a8f5656370aee6a4a
1783,,morphshapes/1783/6_of_10.png,100,100,6,True,2535,0bc56fee5977abbc8a739ee913fd5d71f7c671e2850055a51051b2293117feef
1783,,morphshapes/1783/7_of_10.png,100,100,6,True,2592,525cd30ba5c9ea94d2381566bad5bdcce5db3dfaca903d6c64c14ae7a55757da
1783,,morphshapes/1783/8_of_10.png,100,100,6,True,2607,cdeb5e22c906c798f2a63824e4bd38c9912e9f10249bba1f07f68ea98b700f2c
1783,,morphshapes/1783/9_of_10.png,100,100,6,True,2584,7b87c4c31f672d293f2a87e87f3f6f9a63a1c326d5f9216e012837d23c7c77fa
1861,,morphshapes/1861/10_of_10.png,27,4,6,True,84,1a010630b1c3d1ded8f7cfaf672da2bafc1bd764484ca7f2e4c6f00505e8342c
1861,,morphshapes/1861/1_of_10.png,27,4,6,True,85,4a1d7cb76bcb447d64b01af4e3e75320fc96af97fd6a41ae735f6ed95856b806
1861,,morphshapes/1861/2_of_10.png,27,4,6,True,88,3da7f68c8af4afd486824086c8f845a7d66529a4172043f3624836f37c1f76ec
1861,,morphshapes/1861/3_of_10.png,27,4,6,True,92,0b123321b6c7a9852a2c56ab2bc37a14a785a202e9b93621a492765088b8ae64
1861,,morphshapes/1861/4_of_10.png,27,4,6,True,97,37e21dd8c30d8d6bc5b8035ad9e1950bd23fbbc9880af2d5db1f293d9abcbd9b
1861,,morphshapes/1861/5_of_10.png,27,4,6,True,97,8c49c5e141fd25d11df951a12873a6de3907eee492da433d20adf0f4113dfd88
1861,,morphshapes/1861/6_of_10.png,27,4,6,True,98,845ddd5d6c6830b523a11b5dd5a595b5b967276e0587dc5357922e88efa48180
1861,,morphshapes/1861/7_of_10.png,27,4,6,True,94,d1cbdabc6f4c94f27bc2888dce56939ae44d35216291ee0993e237dac904b094
1861,,morphshapes/1861/8_of_10.png,27,4,6,True,95,8f882c3acd860f3a82447b9f1b209eb4ee5fcc73ae9ac3cd06d12847c55a25a8
1861,,morphshapes/1861/9_of_10.png,27,4,6,True,93,93fe18ec67988bd413b2b6bf0c371c9221313fc59219baac13820e23cf332bd6
1874,,morphshapes/1874/10_of_10.png,27,4,6,True,84,914a6e6e7441c5ec09ebc37d62437d3145b4e465fe78f1f6e32fa0b6a5926ae0
1874,,morphshapes/1874/1_of_10.png,27,4,6,True,85,77e573ed000491c5a6111abefca61312bd17c33ffbf88388a48a1c90860de2e6
1874,,morphshapes/1874/2_of_10.png,27,4,6,True,88,c41d98c84cb840054422643957099ddf3d469931117565c334ced56056585fa2
1874,,morphshapes/1874/3_of_10.png,27,4,6,True,91,7d406484b22030388a2d8ba5fb64b0511ae47e102d3653cc3fd58d35097dbdf8
1874,,morphshapes/1874/4_of_10.png,27,4,6,True,97,53fa0e9a8443ce4cf41834c5ad54aaac55eef9ec904dc088ce4b7c7db9b340b0
1874,,morphshapes/1874/5_of_10.png,27,4,6,True,97,968f0e16ffb8856b1b735777faeb2227df81e57de989e7912b1c306a65aafc02
1874,,morphshapes/1874/6_of_10.png,27,4,6,True,95,d08f5f30c62c4527d487d09742614725cf2d6dec5977c14c17e51242a81a490e
1874,,morphshapes/1874/7_of_10.png,27,4,6,True,96,7507ed0850bb54e754b1c6a02427bfc8e969845fad9cd9a42c9c8ed5953d820f
1874,,morphshapes/1874/8_of_10.png,27,4,6,True,96,4619ac0e1730c712a7b1b3fca9acd0f357c68cc7cfc2ac62ed30b1eead1d08b9
1874,,morphshapes/1874/9_of_10.png,27,4,6,True,94,e10ad03a19148b7ffdd8728e0e6f5d008b0726a94f867e1c5d9d5a2319967caf
1917,,morphshapes/1917/10_of_10.png,100,100,6,True,1762,9ba033b3d92e878fb6d4224677173804cb0ab4960baffc8bde7d59da029a2c14
1917,,morphshapes/1917/1_of_10.png,100,100,6,True,1850,e8515ac0d128d9b9d648003dbb0ffd659a83f73eacad79c35bb0f8e406a959d7
1917,,morphshapes/1917/2_of_10.png,100,100,6,True,2045,714f02793f4dbecd5fbb684441ec7b2e03dea582f52943c44c76bed084f276d3
1917,,morphshapes/1917/3_of_10.png,100,100,6,True,2254,6560c005949b9954c018cc24d75ffaf9cd363df8e0f3d27fe6936b79c8e422ce
1917,,morphshapes/1917/4_of_10.png,100,100,6,True,2367,069336961de034ab55dc0c6afc9823cf97707d6055b5c3d76fbc79d37dccbbe6
1917,,morphshapes/1917/5_of_10.png,100,100,6,True,2488,371950789ab4d49f6f41f75dea9c4204317ec649a070699be5a81bdb4016c93c
1917,,morphshapes/1917/6_of_10.png,100,100,6,True,2513,7a99d9f0337533383a05d2c2b529e9b975a8d0f485057e7e16496b3805421e5d
1917,,morphshapes/1917/7_of_10.png,100,100,6,True,2562,475adfe53ad448af5e7ebd926ca86e250f5f3bdbb4941f9623386b9fd30e8641
1917,,morphshapes/1917/8_of_10.png,100,100,6,True,2623,86a2fc72c6910bc1bfa29eb6efb28e590a42ae80a59fa29c93fbfc5b106cd927
1917,,morphshapes/1917/9_of_10.png,100,100,6,True,2566,bbce4e39891068d8440b93790cc7ca80a9f76b04964268e1c1db362d14ec0537
1918,,morphshapes/1918/10_of_10.png,100,100,6,True,1762,9ba033b3d92e878fb6d4224677173804cb0ab4960baffc8bde7d59da029a2c14
1918,,morphshapes/1918/1_of_10.png,100,100,6,True,1850,e8515ac0d128d9b9d648003dbb0ffd659a83f73eacad79c35bb0f8e406a959d7
1918,,morphshapes/1918/2_of_10.png,100,100,6,True,2045,714f02793f4dbecd5fbb684441ec7b2e03dea582f52943c44c76bed084f276d3
1918,,morphshapes/1918/3_of_10.png,100,100,6,True,2254,6560c005949b9954c018cc24d75ffaf9cd363df8e0f3d27fe6936b79c8e422ce
1918,,morphshapes/1918/4_of_10.png,100,100,6,True,2367,069336961de034ab55dc0c6afc9823cf97707d6055b5c3d76fbc79d37dccbbe6
1918,,morphshapes/1918/5_of_10.png,100,100,6,True,2488,371950789ab4d49f6f41f75dea9c4204317ec649a070699be5a81bdb4016c93c
1918,,morphshapes/1918/6_of_10.png,100,100,6,True,2513,7a99d9f0337533383a05d2c2b529e9b975a8d0f485057e7e16496b3805421e5d
1918,,morphshapes/1918/7_of_10.png,100,100,6,True,2562,475adfe53ad448af5e7ebd926ca86e250f5f3bdbb4941f9623386b9fd30e8641
1918,,morphshapes/1918/8_of_10.png,100,100,6,True,2623,86a2fc72c6910bc1bfa29eb6efb28e590a42ae80a59fa29c93fbfc5b106cd927
1918,,morphshapes/1918/9_of_10.png,100,100,6,True,2566,bbce4e39891068d8440b93790cc7ca80a9f76b04964268e1c1db362d14ec0537
1921,,morphshapes/1921/10_of_10.png,100,100,6,True,1762,9ba033b3d92e878fb6d4224677173804cb0ab4960baffc8bde7d59da029a2c14
1921,,morphshapes/1921/1_of_10.png,100,100,6,True,1850,e8515ac0d128d9b9d648003dbb0ffd659a83f73eacad79c35bb0f8e406a959d7
1921,,morphshapes/1921/2_of_10.png,100,100,6,True,2045,714f02793f4dbecd5fbb684441ec7b2e03dea582f52943c44c76bed084f276d3
1921,,morphshapes/1921/3_of_10.png,100,100,6,True,2254,6560c005949b9954c018cc24d75ffaf9cd363df8e0f3d27fe6936b79c8e422ce
1921,,morphshapes/1921/4_of_10.png,100,100,6,True,2367,069336961de034ab55dc0c6afc9823cf97707d6055b5c3d76fbc79d37dccbbe6
1921,,morphshapes/1921/5_of_10.png,100,100,6,True,2488,371950789ab4d49f6f41f75dea9c4204317ec649a070699be5a81bdb4016c93c
1921,,morphshapes/1921/6_of_10.png,100,100,6,True,2513,7a99d9f0337533383a05d2c2b529e9b975a8d0f485057e7e16496b3805421e5d
1921,,morphshapes/1921/7_of_10.png,100,100,6,True,2562,475adfe53ad448af5e7ebd926ca86e250f5f3bdbb4941f9623386b9fd30e8641
1921,,morphshapes/1921/8_of_10.png,100,100,6,True,2623,86a2fc72c6910bc1bfa29eb6efb28e590a42ae80a59fa29c93fbfc5b106cd927
1921,,morphshapes/1921/9_of_10.png,100,100,6,True,2566,bbce4e39891068d8440b93790cc7ca80a9f76b04964268e1c1db362d14ec0537
1937,,morphshapes/1937/10_of_10.png,32,44,6,True,236,5aeaae23f72ad5acd5f1c030317e25f966b18ec3e539352867b0aa55b61c3cb0
1937,,morphshapes/1937/1_of_10.png,32,44,6,True,220,9cd2c77c6891085e26c08c618e1a25aedc9241dc201f66d685ba9562bd542629
1937,,morphshapes/1937/2_of_10.png,32,44,6,True,259,59eeb1e69e60afcf4279ebca00b0a61c6522852dcfe803d2a75d9e75bf7ab0ba
1937,,morphshapes/1937/3_of_10.png,32,44,6,True,295,6c4f53a0ed3b0126894f2eeb6c0ac454f81cc3c413e7e32617f18db1fd8f2bf3
1937,,morphshapes/1937/4_of_10.png,32,44,6,True,330,ab014cc945a82f8b3e2ff8d1addec38d57c549752ae2873a5f0dea2bd44db85f
1937,,morphshapes/1937/5_of_10.png,32,44,6,True,367,52931a91dc379d804e7eadc6a6df4d1d5d6eb6ecd19c2e404c4541367ddd5050
1937,,morphshapes/1937/6_of_10.png,32,44,6,True,411,49a6820c748080b5295c650e5f59919e210852c7f5a656fd597b6655eba9d1f7
1937,,morphshapes/1937/7_of_10.png,32,44,6,True,412,169bd179b8edfd1fce6e4aee860a0ecbbbec8b8394d5b56b295d98da7a9d4984
1937,,morphshapes/1937/8_of_10.png,32,44,6,True,470,a77461d93de17af976d4fd2ad7393b83df5838eef097c98a11c23f4e776efc39
1937,,morphshapes/1937/9_of_10.png,32,44,6,True,505,21a94af4ee907c5fecf07d4e9d2431993c8525d5c0804ac4c2378a8dfc5af424
1949,,morphshapes/1949/10_of_10.png,100,100,6,True,1762,9ba033b3d92e878fb6d4224677173804cb0ab4960baffc8bde7d59da029a2c14
1949,,morphshapes/1949/1_of_10.png,100,100,6,True,1850,e8515ac0d128d9b9d648003dbb0ffd659a83f73eacad79c35bb0f8e406a959d7
1949,,morphshapes/1949/2_of_10.png,100,100,6,True,2045,714f02793f4dbecd5fbb684441ec7b2e03dea582f52943c44c76bed084f276d3
1949,,morphshapes/1949/3_of_10.png,100,100,6,True,2254,6560c005949b9954c018cc24d75ffaf9cd363df8e0f3d27fe6936b79c8e422ce
1949,,morphshapes/1949/4_of_10.png,100,100,6,True,2367,069336961de034ab55dc0c6afc9823cf97707d6055b5c3d76fbc79d37dccbbe6
1949,,morphshapes/1949/5_of_10.png,100,100,6,True,2488,371950789ab4d49f6f41f75dea9c4204317ec649a070699be5a81bdb4016c93c
1949,,morphshapes/1949/6_of_10.png,100,100,6,True,2513,7a99d9f0337533383a05d2c2b529e9b975a8d0f485057e7e16496b3805421e5d
1949,,morphshapes/1949/7_of_10.png,100,100,6,True,2562,475adfe53ad448af5e7ebd926ca86e250f5f3bdbb4941f9623386b9fd30e8641
1949,,morphshapes/1949/8_of_10.png,100,100,6,True,2623,86a2fc72c6910bc1bfa29eb6efb28e590a42ae80a59fa29c93fbfc5b106cd927
1949,,morphshapes/1949/9_of_10.png,100,100,6,True,2566,bbce4e39891068d8440b93790cc7ca80a9f76b04964268e1c1db362d14ec0537
1950,,morphshapes/1950/10_of_10.png,29,34,6,True,244,12ec127f488d3e17daa57a9ee1a2dc96e3ece3bdf7bea1e80a5301458853e213
1950,,morphshapes/1950/1_of_10.png,29,34,6,True,195,f83020e4f1978f02fbea6853cb22b295f339230dd0b5be888e7b11d17b1bdde7
1950,,morphshapes/1950/2_of_10.png,29,34,6,True,219,05dc38c96b3c1ab0b6805c1847ac2cee6733310732d55f2e7975f40d2ce70ca7
1950,,morphshapes/1950/3_of_10.png,29,34,6,True,250,097f4caf586e6ac50cd45ba097d3e6c865c700098d51686868cc99d9dbf9e3d1
1950,,morphshapes/1950/4_of_10.png,29,34,6,True,283,8b8f734ad75cbf33baa13bc841f2b338b0e96ddc722cf86abc5bc3225f97a21a
1950,,morphshapes/1950/5_of_10.png,29,34,6,True,325,bfb388c655a151953f3f7041a7e6ab35102b7c267bc9b3e9168560db0c6ccb8c
1950,,morphshapes/1950/6_of_10.png,29,34,6,True,344,fbf877e0c82d05f793e580b754e7b8f1648d2f2b6f51fd9ad66c03a03239c364
1950,,morphshapes/1950/7_of_10.png,29,34,6,True,369,5182a5b7e3a32e996c9b3c8e9924add84224a57a98b8c7c7427c2175d1de1b68
1950,,morphshapes/1950/8_of_10.png,29,34,6,True,381,6ae8f469b99c982bec16297747b9b7188407c0d59452ac430abffd423435e6f0
1950,,morphshapes/1950/9_of_10.png,29,34,6,True,239,d341a8344bfdeffe884ddab31bb21dbdf87c30141633311978d4bcc2eb2b2aa9
2002,,morphshapes/2002/10_of_10.png,96,9,6,True,109,d61b3e22cabee957dd528251fa34f51323d5d4b256990deaf24be750ea56ae7e
2002,,morphshapes/2002/1_of_10.png,96,9,6,True,103,96712f0afa60e1b215178b94d781a9088eebc97707c22e6e2b82c8b8ac0d96c7
2002,,morphshapes/2002/2_of_10.png,96,9,6,True,132,21a1be8128c2593f5c17b28cbcfbdd588e232c83c8b1999b99e9569fe1b3c68d
2002,,morphshapes/2002/3_of_10.png,96,9,6,True,137,1dd0c6733227288cb0c5cc3ccdd5e7dbd88b7da62cee985027cc8f101dbf6fb5
2002,,morphshapes/2002/4_of_10.png,96,9,6,True,126,3281e6dbaf19132efaaa8f0d2b78a21f3df493497b90d444bd908ee8857f2214
2002,,morphshapes/2002/5_of_10.png,96,9,6,True,118,7384d8b903bfe67acb2149ff9f410c49dd1996e2c654dfffa486122790b64646
2002,,morphshapes/2002/6_of_10.png,96,9,6,True,116,73dde0265a99a34f071455c26e359019154336518a2bedda74fbd1fa134ed28a
2002,,morphshapes/2002/7_of_10.png,96,9,6,True,117,cdc8cb17499936adb3fc6ea3adaafe5040438e413d45ca1fa5ef372a19d4c991
2002,,morphshapes/2002/8_of_10.png,96,9,6,True,117,52c372ded536449a1c910e65d0be94b56da3883b2fdba27920d838142782194e
2002,,morphshapes/2002/9_of_10.png,96,9,6,True,118,0fced1438494aabebfe1f295e89b0f7ec66997e7820bdc7ac5c2590da8da52c4
2010,,morphshapes/2010/10_of_10.png,96,8,6,True,106,0d6fe330b1eb3642125bbca2096da9930326e585cc0fd75050a2ba68f9fe5d6e
2010,,morphshapes/2010/1_of_10.png,96,8,6,True,108,e609dffc1db9a6afbd31f15fc914996f847002f6149b457af498034f7d491fb6
2010,,morphshapes/2010/2_of_10.png,96,8,6,True,115,c8c92eb29fe5b99b04ff654f24ee013f1abf5555e785a5f83cfb1d15c36a8097
2010,,morphshapes/2010/3_of_10.png,96,8,6,True,117,76569cf2b201105503ab2e04f1a0c815659cfca2b3277459e7295cce418dff1e
2010,,morphshapes/2010/4_of_10.png,96,8,6,True,115,4eb220f687a95d022ba1897593f5fe10f60a483b442f342625a0bbfc9f9403fb
2010,,morphshapes/2010/5_of_10.png,96,8,6,True,115,57abb57b224e80e181e8e280b65aece5844588eb783700a8bd2441b23f41fb45
2010,,morphshapes/2010/6_of_10.png,96,8,6,True,117,9a93f8d8b643e7f932dfb4b71244971dd0c436232d6082f1b5fe36707cde229d
2010,,morphshapes/2010/7_of_10.png,96,8,6,True,120,1ada08f6418588e81617dc15a43c02c4ca11794d85ba7c752e6f4b9043a1dc70
2010,,morphshapes/2010/8_of_10.png,96,8,6,True,133,f9f922c41ad93704a2a0636717a6e68458f012874b30d1653d35476259a72db7
2010,,morphshapes/2010/9_of_10.png,96,8,6,True,133,739d2dd1fa6a344c0f8c0f9348d1d60ba88d3d392ec44f96600f86b7d1f8caa4
100,,shapes/100.png,8,11,6,True,116,04260902e1ae1d70e8265991ca5cf8b466fe8270fb53392a5dba6ab225f5db0a
1001,,shapes/1001.png,27,13,6,True,90,99ec5eb04c33bdce9ca6e4255ae1c904878698df13840a805d6fe5b378832858
1005,,shapes/1005.png,38,35,6,True,525,84ec8ad324dacc98ad86e27a361256d032b506221297314433359aa003e194e5
1007,,shapes/1007.png,38,35,6,True,608,d279ab647e39e6edba264ec16c0ca654208400ee5f210270ea1a4ed73ef5e414
1009,,shapes/1009.png,38,35,6,True,648,a1fd4d44dfd419fad2a769168bea94f69185a178cf8f832d26eb23f7d74265a6
1011,,shapes/1011.png,38,35,6,True,676,b65f7ed491ce4363695f9a5ed0cabfd5ff704b775f5df241437d3261ce6997b7
1013,,shapes/1013.png,38,35,6,True,699,a1aadae8d80ab827a77ac510a6cb6d8fb6fbe31869c297182b58825624ba9a6c
1015,,shapes/1015.png,38,35,6,True,676,b65f7ed491ce4363695f9a5ed0cabfd5ff704b775f5df241437d3261ce6997b7
1017,,shapes/1017.png,38,35,6,True,676,b65f7ed491ce4363695f9a5ed0cabfd5ff704b775f5df241437d3261ce6997b7
1019,,shapes/1019.png,38,35,6,True,679,72019c833d5dba08cbdfe4be63a49c1d614122263c13289b3b9b5957c10605ef
1021,,shapes/1021.png,38,35,6,True,690,53549b2e5221606a94cd95f7fda155b1df2d8857fb59dda90cd414215a5ca8b2
1023,,shapes/1023.png,38,35,6,True,715,80a713f9994179e7a81b0d3ef31d5be44e9b95c85f5480efb7330d2803e06730
1026,,shapes/1026.png,19,26,6,True,426,2f20b8765740057e2ddc90ea7dce2f78dca1bcffa7cacf01a9b35da527fd6910
1029,,shapes/1029.png,499,345,6,True,13619,0c1442aec42ef7dfc39d291581dfa856e4ff25dc007a1e456293d5d39d8a55c5
103,,shapes/103.png,4,11,6,True,69,947f6f1aaade78c2687be2a27e7d69545362f2465904f108a7a82d546b68a549
1031,,shapes/1031.png,499,345,6,True,13776,4091d4e01c3f30fa5582866494efb79e69574b7ae5b451e6556a2db85341408a
1033,,shapes/1033.png,499,345,6,True,14076,8849f75353d36a523f969142e0d144a057324851bcae49bbd78af3eda0d4a7ae
1035,,shapes/1035.png,499,345,6,True,14032,f92a7fd23d88803cf39243cb8c835b6c27d702824904dfe3a6c863f7d4067595
1037,,shapes/1037.png,499,345,6,True,13784,d0b0ffbd593b0de381afec3a6e47d6324368130b7d19066884fc2805fd464280
1039,,shapes/1039.png,475,352,6,True,13868,261bf68cc1b5ed5dd675a0f328ee9d5db29591263739ef862d1515743eecdfa5
1041,,shapes/1041.png,475,352,6,True,14038,bbd8dee1a4e5be90b985ed5591abc3b55c0bde99f0d88c32abeea334f9d89ff5
1043,,shapes/1043.png,475,352,6,True,14261,48c590cc85abf132dcc5ee07a8e3a8ea5a4c9611af0a24febb4f76aeca05afcd
1045,,shapes/1045.png,475,352,6,True,14258,9225b933f5bc9346b2d61eba4ff5495a3980cf24463261527cfabfb4536a9a1e
1047,,shapes/1047.png,475,352,6,True,14045,c549dbac366732c5fde137c30f980739b1de341885b1db6bf46be467481b115b
1049,,shapes/1049.png,475,352,6,True,13763,2f7c9c359e997f21c4d350bf8171ab1a9aa9504ba6c881d50d305f0a2885e359
1051,,shapes/1051.png,475,352,6,True,13939,f066fce719f266bcaed857b4464a504e5d6de8d03296694ab44cec41f7942a72
1053,,shapes/1053.png,475,352,6,True,14162,ca3b78f0422ece139c03ef82c834c41c81bc2ad9bae6108130e3a7a459619c49
1055,,shapes/1055.png,475,352,6,True,14156,64bc60164e2bad75998f0d57ab3fc4bbab35a5f1e2a6e70bc5671a935caea30b
1057,,shapes/1057.png,475,352,6,True,13964,a9a5ee07610a3448c8b6ef8577403764ab4c65e11b3d67e7188115c3382ad0a0
106,,shapes/106.png,4,11,6,True,82,ee5070c738c939f6c08a51d8a6a9380c08f5f1e29eca9a17e58f6a607efac128
1060,,shapes/1060.png,13,7,6,True,143,5e58bddeed3f7660443afbce1fc0e4710931780190524d48dbcadb4e16b89eef
1063,,shapes/1063.png,18,14,6,True,195,a730eeb2bf41606095b4484e46c94c0b92971fc59b2d2501413ed6daa6d50f38
1066,,shapes/1066.png,24,30,6,True,83,6c241e0d2fd11469b9eca3fd9a2bba648b000a9b8dc207633b9967d4c3e2787f
1068,,shapes/1068.png,25,25,6,True,369,15b236945f61da472378cf02ee2238ef37825e11fc220128bb0c3c4ffe4354f0
1070,,shapes/1070.png,25,25,6,True,350,71fca848bdd9e054cf6d1af46aad028d0f5bd30c51242bd654224fa737d351f2
1072,,shapes/1072.png,25,25,6,True,369,15b236945f61da472378cf02ee2238ef37825e11fc220128bb0c3c4ffe4354f0
1074,,shapes/1074.png,25,25,6,True,375,df2511a8317c5a4210d3090276b9fa571c1668bbcc4fee35d6362c7299205d22
1076,,shapes/1076.png,26,23,6,True,387,02eb310c3272179f5497e9e99b4f1eef05fdaa6a4714b8ce95c33ed889b52348
1079,,shapes/1079.png,22,25,6,True,342,888fa8ccc452f8f5ac28d69255bec766195676114e7200591665325d4fdf62ed
1081,,shapes/1081.png,22,25,6,True,328,7e5c505f6b119d2081c2a8d7e3b56e55c871e0d76e764ac99bf07054d22f90be
1083,,shapes/1083.png,22,25,6,True,324,a23b5cc03a8c45b0d116779fb0539a9bc2bc521ac8e0305c75aef0a4a4fc735d
1085,,shapes/1085.png,20,23,6,True,359,fb8c532e2386e60f92901248071b30d9fa04459033263e20b2c3c84089ca3037
1088,,shapes/1088.png,25,24,6,True,389,dbc9fe296b5d0507a0df2f7fad3bb856714af81278fe9e2c64f99af5e02a01f4
109,,shapes/109.png,8,11,6,True,100,5335e7a266455e70b9d3d248c3b0037f501c6039526b85994258b6ce9d35abfb
1090,,shapes/1090.png,25,24,6,True,378,4c3e5b2db887c056394e721b4f84676faea10585f10e39bad4159880ad9dc8d6
1092,,shapes/1092.png,25,24,6,True,389,dbc9fe296b5d0507a0df2f7fad3bb856714af81278fe9e2c64f99af5e02a01f4
1094,,shapes/1094.png,25,24,6,True,378,70e92aa4310f7dc3ee3808d7b94924fc2b1b3c190753241e8c884d56039e965c
1096,,shapes/1096.png,26,22,6,True,402,8d138347a486f25a324cc53a4da8340cebf48e88ca9959f898e761bedb71c2e4
1099,,shapes/1099.png,36,26,6,True,438,06f629197bfe8360b0ae500b060286d088aa5dcc5213f0e873e624668a8166f8
11,,shapes/11.png,8,11,6,True,114,c05a42ba633a2a17265617fd971fd11246a51f46e593e3afa1082be3646d6de1
1101,,shapes/1101.png,36,26,6,True,457,7149ec9f34e5f8e641bbff9ad3077facc74697dff883b38b375f6f16ea436487
1103,,shapes/1103.png,36,26,6,True,451,27c0397d41c9006860a5de0576d75216ffc57a1210c42b46c983ca8c9c5e0b5e
1105,,shapes/1105.png,34,23,6,True,445,4bee50d0fb3f6b3e91c1b7627a7eacc4d6ebccb2acf636b78c29025fb5c98c60
1108,,shapes/1108.png,26,25,6,True,400,c99ff9b8410602f3daba0445de3f539d9df64b62d84ffd007f52410c7991a8ab
1110,,shapes/1110.png,26,25,6,True,378,bb6e904666e29075f9f5df8efe2317e6f19db83b5b7c991545ba1a00254312bc
1112,,shapes/1112.png,26,25,6,True,400,c99ff9b8410602f3daba0445de3f539d9df64b62d84ffd007f52410c7991a8ab
1114,,shapes/1114.png,26,25,6,True,394,da61debbfd277974c5d0324a45c5ef1acacbd3d24c541897a20ea9de97f8a593
1116,,shapes/1116.png,25,23,6,True,412,7e6cda2a165ec4dd612faf46801953b4d83a681dbc07194bd65e4824f273ee57
1119,,shapes/1119.png,28,26,6,True,424,afe73847aab4bc4eb8075e0d8b0aa18bf54a5f213d2a12becf686ff8a9354ab6
112,,shapes/112.png,8,11,6,True,113,496eeb38f036e6fe769eb5cc1eff71d72296a41b83acceb6f08662ccf9951c8f
1121,,shapes/1121.png,28,26,6,True,439,2d05e293c423e792cc7dd588f4e7540ce7a2dd71683137a6d24b23b5d6e73f5b
1123,,shapes/1123.png,28,26,6,True,431,8585d55f5dfe783e107ff8095d7ce258821d9c338053cf8e126f1c287d9653bd
1125,,shapes/1125.png,28,24,6,True,449,50c299b2618454e5ad1ead4c7fb3de15d1c4cf2f70e05252493c490fe6f37831
1128,,shapes/1128.png,28,25,6,True,423,1a753cba2dcb180f91351f89ef9c0c6a8bc7ffb1f4883bec0479e6e00246dadd
1130,,shapes/1130.png,28,25,6,True,401,9ef71aaa80a50d7949bdd1054ea4963b479280ab43e123253526dc2e6990b32f
1132,,shapes/1132.png,28,25,6,True,423,1a753cba2dcb180f91351f89ef9c0c6a8bc7ffb1f4883bec0479e6e00246dadd
1134,,shapes/1134.png,28,25,6,True,428,7efc41b818aed52b7c3e2a3e47216cdca2cf9261a010410ee500b3d5711b9ce3
1136,,shapes/1136.png,29,23,6,True,443,8edf49e36581b7fb63c3f69ea997617f729e3787682be4b20e6b4eb9f95d98e7
1139,,shapes/1139.png,22,42,6,True,373,3097b6b8882d75b50de221515fff2a575ed4151b44706a7515e33f4824fcddac
1141,,shapes/1141.png,22,42,6,True,352,3ec2799a7a90b85df6b089e281daa9aae95c7be5d1d9411f0881cec3cb72ad83
1143,,shapes/1143.png,22,42,6,True,373,3097b6b8882d75b50de221515fff2a575ed4151b44706a7515e33f4824fcddac
1145,,shapes/1145.png,22,42,6,True,362,004aee271e2cc0955756a20ea438bd25a96a168b26774f34796361fded1e11ad
1147,,shapes/1147.png,20,40,6,True,373,8871a4659686c6d53687f74dea3bd1782933f258785a88f2c64e29a54595f968
115,,shapes/115.png,8,11,6,True,111,42ce54bf242176e30f52f00b59d5998d15e78407186cf78033c26dea332fbea0
1150,,shapes/1150.png,39,56,6,True,824,63e9894dc4a441b7511553a8d2f4d530f716932397e6272fa418d72351f3e63b
1152,,shapes/1152.png,39,56,6,True,816,ba79cfbc611584e56cd1908937a501553db6e66324087cd5bd6eab88c9ecf2f5
1154,,shapes/1154.png,39,56,6,True,820,c2aa1b9438455d2385032625362d5ca5120e3a738caf13887c5ae44e51c62e5d
1156,,shapes/1156.png,40,58,6,True,898,94693c94e7c73dc3117c85d7fda91f6300ac2168f94c3ba5fe88aebff48ebe16
1159,,shapes/1159.png,39,56,6,True,868,d41c99844edad6ea1f2bf0f4c8b02deaf00e54e827af56c42d2836efe6c171cf
1161,,shapes/1161.png,39,56,6,True,910,c300549bb24564d69e8c4d4a4f49750296f540b3d7b4415ea1f4d61fe67f2756
1163,,shapes/1163.png,39,56,6,True,855,ecf8acc99ec070fba589cb7888e8f9eef1b3f67f9797ba33baff58d95ae435ac
1165,,shapes/1165.png,40,58,6,True,922,faff3cacae5a3449708ad5cfbfe20e3ac3e171b4fce519a6e73c0da443e206eb
1168,,shapes/1168.png,34,32,6,True,469,b60592caf77e6cfe2d3feed1607aa4e9570c40ce991a961375433c7cd94ea737
1170,,shapes/1170.png,34,32,6,True,480,dedb8ecff87f209b0def9786041f78d5c294cfd080d582a5bd243c4ab8fdae77
1172,,shapes/1172.png,34,32,6,True,476,0687d4fbf38f831537fbb838f24155d61edf5998a3df57bbbcd5e592a31e7cfa
1174,,shapes/1174.png,32,30,6,True,486,a3217e0ed212e03868b9682d1dcb62ffab90892b1da71346b6b6365eede29936
1177,,shapes/1177.png,28,30,6,True,472,d0f10e1b1dd0e8c32cb07b24ac3f178742424b3ab4b0b7b4b2afb3be6acc8544
1179,,shapes/1179.png,28,30,6,True,455,2fbf9a3e2a09bb83dc82d347ed0c569e6d7927c011827c5859c5c09efd3eddc2
118,,shapes/118.png,12,11,6,True,117,6ee4acf0e1375f5a7fb0a993fe012d53a8928c2e76ed955b5cb177d7bfb7a8ed
1181,,shapes/1181.png,28,30,6,True,472,d0f10e1b1dd0e8c32cb07b24ac3f178742424b3ab4b0b7b4b2afb3be6acc8544
1183,,shapes/1183.png,28,30,6,True,473,566516593d5f45a51f0f4e485a3efb5748422dcbabe2ac8287117f88bb45596f
1185,,shapes/1185.png,28,29,6,True,487,b3b4e06c1e7a6ec91a8749e46dea64c2135d61307012fd98dd193b1bde9c0fb8
1188,,shapes/1188.png,30,28,6,True,512,0f642d23cc61f1654dfd217e43bc68a79d30bd75dfc97e64e7e1c1814f95ce99
1190,,shapes/1190.png,30,28,6,True,490,3d238e9de9509670dc803e48f1b6af8e2f59f6c5683126410d0cb22534b24280
1192,,shapes/1192.png,30,28,6,True,512,0f642d23cc61f1654dfd217e43bc68a79d30bd75dfc97e64e7e1c1814f95ce99
1194,,shapes/1194.png,30,28,6,True,519,133c028f743a257d5b22f180dbce15776b8c9821d0478a1aae8e1105a651385b
1196,,shapes/1196.png,31,27,6,True,546,ff0677b05d8d27dc35a42dd2e64eea93521f703c58f0b77fc2156fc8cb6b7441
1199,,shapes/1199.png,36,35,6,True,625,bcfb184b13b5c446bd44a686f098de68b2673943b73ce0615a4fc3807ed57906
1201,,shapes/1201.png,36,35,6,True,634,9529b1434c9566caf63b0f58c452e1b412b83c3a7a37a913f9260dab06fb3128
1203,,shapes/1203.png,36,35,6,True,641,6b5a7d1178717293922938b50a9b113cf8e9b2749ff638fe2dbd5ce8c3282ef8
1205,,shapes/1205.png,34,33,6,True,621,8a76826028b65eb419582884e9996d309528de28abc98083ddb118a6dee78e03
1208,,shapes/1208.png,36,30,6,True,470,0df0caa245918b830e8444fecfe6a8b639d365ec22792829c77a962e26d01f38
121,,shapes/121.png,8,11,6,True,114,94ed1f8f17a5c1c36584389ddefda6c33e2b86c7710c767e6dfda79e0befce13
1210,,shapes/1210.png,36,30,6,True,445,30b702d6982c91ee5851f12e62110eaa893121cc24756248e7e5cbd3510253da
1212,,shapes/1212.png,36,30,6,True,470,0df0caa245918b830e8444fecfe6a8b639d365ec22792829c77a962e26d01f38
1214,,shapes/1214.png,36,30,6,True,462,d1c04b35155a0e44297e6f6f03f9da31fb8b5da116c41dbf025fc83ad89c6a4a
1216,,shapes/1216.png,34,29,6,True,455,0b4a0ff349ac4a3667a0ef150983da2ac918b9d39d7939e16d753188d1b58f56
1219,,shapes/1219.png,22,29,6,True,386,07fd2ab3785145bd3848868b63d435a78a162b4da0dc8a8dab2f86c0e6950f3d
1221,,shapes/1221.png,22,29,6,True,383,399c37a1a3e2cc6d8179e17a0f7de31db734a44729eb45f6f657589baae671f8
1223,,shapes/1223.png,22,29,6,True,386,07fd2ab3785145bd3848868b63d435a78a162b4da0dc8a8dab2f86c0e6950f3d
1225,,shapes/1225.png,22,29,6,True,386,69793ff7ca94af63d11028988477750150d4b9c5531c73f129e0f44a7ed01409
1227,,shapes/1227.png,20,26,6,True,393,fce3a513186254df9fc6602c0abc5a73778eb2be9eaeccfab48079b211b1389b
1230,,shapes/1230.png,27,35,6,True,525,117eb879b70d67ce7877b3bb631417c7deecd1afb8042fa7b9bc1925a0e0e261
1232,,shapes/1232.png,27,35,6,True,520,4950901ad91f5b2687a6f75eae99b2fbba7794d663e1d595a496a89664287594
1234,,shapes/1234.png,27,35,6,True,507,449484d0a4b7cdf8fd5f21b4b4d3e19bd68476a49ebc52370bb0d4169d8de079
1236,,shapes/1236.png,28,32,6,True,554,5b13613c8aa92164b95cf4d19413b21e2c39abbd0668dae9396bff77ea039404
1239,,shapes/1239.png,26,25,6,True,305,075e5695672f553c2e3ca3071b972ea2ed31f3bbe51dd54a694b575b6b93ee89
124,,shapes/124.png,8,11,6,True,109,c2b4b17012debc8cb6b0bbdbb27a053a083365a9e87d1f6084db303f3330fc69
1241,,shapes/1241.png,26,25,6,True,303,73e9cb98709adf6dbd0d9f2fdaa3aaf8f1a0044943b79b5fcbebcee994066a62
1243,,shapes/1243.png,26,25,6,True,305,075e5695672f553c2e3ca3071b972ea2ed31f3bbe51dd54a694b575b6b93ee89
1245,,shapes/1245.png,26,25,6,True,315,cd694b668bd398196f5ea24ce30deacb1abc242ad5b7cca14c55b48b2c6d9df2
1247,,shapes/1247.png,26,23,6,True,300,d4568d671939d679b54e16530cb288cf0697c1901d2a2b8ac8eac04a8e1d85af
1250,,shapes/1250.png,29,31,6,True,391,9f88ae5cb08585b5abb3810fb2d4212936b987a7582b486e2e28d029b6d25b47
1252,,shapes/1252.png,29,31,6,True,397,7af4c187fa16b2ac844eb1402d6b832982d04c2942a909fec5a1ba9c60479e8e
1254,,shapes/1254.png,29,31,6,True,391,9f88ae5cb08585b5abb3810fb2d4212936b987a7582b486e2e28d029b6d25b47
1256,,shapes/1256.png,29,31,6,True,403,2a9bfb551a8252ff12cdbba227dd5507b052a8516db4072c13cbe4bd7359971b
1258,,shapes/1258.png,30,29,6,True,398,2e5abfb6450cc890791e2e96b99f65bc894b69534b6bb01afbee14b253a53732
1261,,shapes/1261.png,29,24,6,True,368,a76245fe893bf0b55f4c12b1cff9d6c214d309c7261ea9010a33297f75e557b9
1263,,shapes/1263.png,29,24,6,True,360,cdce7881e8ec594cf4d359bb6b6c23bddbe6023c1598699be9001d9c9e4e608a
1265,,shapes/1265.png,29,24,6,True,368,a76245fe893bf0b55f4c12b1cff9d6c214d309c7261ea9010a33297f75e557b9
1267,,shapes/1267.png,29,24,6,True,367,7971679d295a698168e350be0453e38d31cce7ba914acdec4bdd5d22fe9ef043
1269,,shapes/1269.png,26,22,6,True,369,7e2bb451e893c2ede426ddc3eac4d8a28743131a902933e05889c1c4cd7fc51c
127,,shapes/127.png,8,11,6,True,106,c47852be096e563dab4d6c43e688e785688649a53ebc16a7941245eeddabf48e
1272,,shapes/1272.png,40,23,6,True,396,145a08f57af281c436372dfe2f6afeccddb5c80b4fd0d434d82af40dfc8862fe
1274,,shapes/1274.png,40,23,6,True,411,b38345ecf631e7107350ea81b98c62bb11a004399d63f6274090978b4f4a94a3
1276,,shapes/1276.png,40,23,6,True,396,145a08f57af281c436372dfe2f6afeccddb5c80b4fd0d434d82af40dfc8862fe
1278,,shapes/1278.png,40,23,6,True,400,ac98376f82d78a0330560c194539cd2ba708cc87d2ba0bf08b977e72af8bb375
1280,,shapes/1280.png,38,22,6,True,447,74b33283726cc0968dfbee5432c69da1f250306dbb187925448822eac70a5d81
1283,,shapes/1283.png,30,25,6,True,318,981f9e866e2cf5b68b3900bfcb0b04100e57e0537d6580565c1cb73855786d97
1285,,shapes/1285.png,30,25,6,True,322,a65fefa63ca88a34fbf54d30c8d9ef9d9a1e0a87650871b8d40a66917a12c86c
1287,,shapes/1287.png,30,25,6,True,303,8f9962552868847bb28a4ca8e9a808046a88f61908fbf8c953285adc4bb16c39
1289,,shapes/1289.png,32,24,6,True,337,c525c0165191aacd205ae17e8ee1c01de27da7fcca5816afbb598c104cd03a9a
1292,,shapes/1292.png,22,35,6,True,350,0a814fc077734a4c753909735deb6380066629fbe3477434884c6845cb15c612
1294,,shapes/1294.png,22,35,6,True,346,daf6ae3f3483b81ba86702be1498fe945065538dae9cd199be4f2ebe5207e918
1296,,shapes/1296.png,22,35,6,True,342,76499891d53775f406a9ca488a62b1a036a764d75a7f48dd9abee10254af06a5
1298,,shapes/1298.png,20,32,6,True,372,f5756f5191db6a888cc1d16d84d8c74532efa11dabc0eeac99ef8de0c1647e06
1301,,shapes/1301.png,24,24,6,True,315,b41efd4012ffdb53bdcc615943195e882ad1118f741d6f6bc6dd9ff3b6cdfb1e
1303,,shapes/1303.png,24,24,6,True,330,752ccbf81a052e96d926801da1438a5c0b2859032e9d70ef446fa405b2e60bd3
1305,,shapes/1305.png,24,24,6,True,315,b41efd4012ffdb53bdcc615943195e882ad1118f741d6f6bc6dd9ff3b6cdfb1e
1307,,shapes/1307.png,24,24,6,True,327,7b6b7016665e3abebac11de5e88b600969abd04c9bb716c2e71f8627df94ab03
1309,,shapes/1309.png,22,22,6,True,366,72a98b1008e51129cb74ce4f71c259a02b7ced3071fdcd0e3b8f94f715387e4c
1312,,shapes/1312.png,28,32,6,True,401,db389c7b0c35a8c6aa5956a05cda4ae981615f060683dc4992dd8ce089ce8d1e
1314,,shapes/1314.png,28,32,6,True,394,38509d09d929dc1664a7891e88cd68f7b456f794406da9c4b2fd8ce13c6a4489
1316,,shapes/1316.png,28,32,6,True,401,db389c7b0c35a8c6aa5956a05cda4ae981615f060683dc4992dd8ce089ce8d1e
1318,,shapes/1318.png,28,32,6,True,414,8a72c8b74bdfa645b211243cdab86bcedb5b23ddb6208eae13e00dbba0be1206
132,,shapes/132.png,28,28,6,True,119,df0715a96bf1fe57e237147ab9b3fd3e0f5bdf78d292f80a1ff41294cdfa9a9e
1320,,shapes/1320.png,28,29,6,True,426,220d8125893a46744cec90a978c4207a0cc8e6b0485f94a0e38e947dfb788b2c
1323,,shapes/1323.png,26,23,6,True,384,e15a0aab9fba5a752112cf839dcd2e7b64e58a6617e10d6fcfbf3e3a74b38f01
1325,,shapes/1325.png,28,32,6,True,412,83d5fa71e5d2e361477d83ed2260eed7bfb2d689f7c4e6b20683d82bd99e97d4
1326,,shapes/1326.png,28,32,6,True,391,50b681211cabb184c705778e87292c4ab22f87aa5f04d0237a8e33ab861c4029
1327,,shapes/1327.png,28,32,6,True,412,83d5fa71e5d2e361477d83ed2260eed7bfb2d689f7c4e6b20683d82bd99e97d4
1328,,shapes/1328.png,28,32,6,True,419,02f41a43346105ee9cc8bb4166424c1eaa529dda12967eeafd011749e4ac3e1b
133,,shapes/133.png,28,28,6,True,123,49756be79a5129054e1798f693811f263e89c8d52741da23a65297476cfd9262
1330,,shapes/1330.png,28,29,6,True,424,908c62e6223aeaef5414063d87d23a74740a763bd33c3eb1103a0e262fc4c7e8
1333,,shapes/1333.png,32,32,6,True,367,3b85f7d3a81a55d9e03ef5d0866c1324586d69257b1f5c9986199f5744891c63
1336,,shapes/1336.png,32,32,6,True,349,c55b41cfb7b5a1c45c16ac52c2b37f60d5a5e5b06aef240a30ded6ab7e5378d0
1339,,shapes/1339.png,34,32,6,True,501,33fa47b24ade6e9396d3d3c5cc5f01361ce1fddd6b4572f7a3b69582139e2ee5
1342,,shapes/1342.png,32,32,6,True,463,742ef025207c51756495c799982ae730a9f68a26d0c9db24ba5a40007d03f9b8
1345,,shapes/1345.png,34,32,6,True,556,2fc24daddc9ed351f09efffa1366568c5bb4498ba0e61b6f46cfdd53efdd801c
1348,,shapes/1348.png,32,32,6,True,487,4e316b874cb24bb1343bbf76908dd141c67c053b5bd29595faafcab6b2b45c45
1351,,shapes/1351.png,32,32,6,True,440,06400f0c53bea8e8dae7bdabf477223ae79ba7c07f885770f9ad70e006f7df68
1354,,shapes/1354.png,32,32,6,True,493,131b39c1d832e1a798707d8a10f9324260be721a07f9256c42aea2cc33cb43b4
1357,,shapes/1357.png,32,32,6,True,341,fe68130141fbb2f22386645f5036a8bdd0ff874cb39a9a4ff4546550f9257e3d
1360,,shapes/1360.png,32,32,6,True,409,b1912d83e542384d485ff80ff5cc2f5633ae58e3f3ae7074d4f15c1a55fecfe6
1363,,shapes/1363.png,32,32,6,True,465,714355f9ed88aa6cfce9800ae449eefba4d9b0595e4bbe7ff547c7bd888f1ecf
1366,,shapes/1366.png,32,32,6,True,440,79c7a566d9b194adb040355145a5eea967938ab8267a1d0e41b8d894baf50530
1369,,shapes/1369.png,27,26,6,True,1107,d784e44429325443c44417d2605e861462a17990e694232089ba3059487448c0
1372,,shapes/1372.png,32,32,6,True,204,053a0622953c4efac1e6e8998179d263088b11571cad9c1d2e57ba4cf1abb3da
1375,,shapes/1375.png,32,32,6,True,141,bd05b5b1cd71b05bdfee51f9108035ad59f17992ea81e7a8f211597f5eb34b84
1378,,shapes/1378.png,32,32,6,True,228,25e2dbb815c9aa9d9bf8228b4c093bd65c106076f825e3f6cb97fac5c05b7520
1381,,shapes/1381.png,28,26,6,True,1139,bb670e332c93a149973102ad9c18524afda0545f430363d85b96f83daa81028c
1384,,shapes/1384.png,27,26,6,True,1154,571b6ee6a244c11e3d88e2000b958e87e7c353790c2b75bd71b5ce943f3997ef
1387,,shapes/1387.png,32,32,6,True,598,2c2d1cad51731d188fe98a61113ac299aebdf5d74e044f9fd6df4ccdc029ba4a
1390,,shapes/1390.png,32,32,6,True,412,b58a3de180e9a10cdf55f41308f4ee2727ec7fd34cbe877424c12274be4e242c
1393,,shapes/1393.png,36,32,6,True,611,17cdeab29f1288fcf2b717391ae1d0b1d25ca0747f879bca4bf0a31e70af3f26
1396,,shapes/1396.png,32,32,6,True,468,2f00189e3aef1137e17a60ebd78ddc9a71b310f2a8f7c46d9c4f8dcdbb0968e2
1399,,shapes/1399.png,32,32,6,True,523,ceb3a842539b6ed22304b66a9c110a81052fa5e7fc556921255fa9971de0d7eb
14,,shapes/14.png,6,11,6,True,94,48288f4a8bc0cc5874bb29c10f3b145b6374866000cb19af67c0d968a3bbcc64
1402,,shapes/1402.png,32,32,6,True,478,a1fbe19faf562fbc2d87927c431f7ff9aa79762be42452b1bb3f7e87e76161c1
1405,,shapes/1405.png,32,32,6,True,433,b28d3caa7c996aa79fd18f080526cabe0410efd28dece2edea2408dbc434c9ec
1408,,shapes/1408.png,32,32,6,True,427,2c181c2be0a861810b819171811daf9615e34584ece37b0cb4e9d96b0dfe4b4f
141,,shapes/141.png,4,12,6,True,86,2cda9d55364232ca07722f88b6c3dc0a366eea2585b2871ed5a9774fbba0082e
1411,,shapes/1411.png,32,32,6,True,399,1dee8fe934a7dd5c6a1e2d47cd38cffb2e9b399e908dd7574ccbcf55bde84161
1414,,shapes/1414.png,32,32,6,True,354,ecd59f4722c52371a9910a6db55adde2d065fed913166438d0cd680d687c505b
1417,,shapes/1417.png,32,32,6,True,495,41fcea63f40a1f52414b313f9782059f91cbe6f622a0f671f62a621f6ff6ce4d
1420,,shapes/1420.png,32,32,6,True,430,64fdd51b8e3b2c7afa271308c6ca1a355da7f387d3126627e204563c622e1a5e
1423,,shapes/1423.png,32,32,6,True,580,7dead64ce622d01771991c20c264b96fade65005e55ca5ac8e1b3fa52135335e
1426,,shapes/1426.png,32,32,6,True,485,12675833492c2be3429adaeac88e9a25672dfdec17e5e8835ed29d0ab2640f2b
1429,,shapes/1429.png,32,32,6,True,332,3847d203602a06ef43287ff8da370a2f84a919ec784dbe72a8eb107c622e446f
1432,,shapes/1432.png,32,32,6,True,309,8eaf810a9f542bf0fb49cbb536c9d1243d6282150d43f6ca602785d467fc6fa4
1435,,shapes/1435.png,32,32,6,True,345,37dcf8fc006e4816d4891d8689b257cb58abc7726defcde10cdd9c0f8f86ece7
1438,,shapes/1438.png,32,32,6,True,362,7dbc6ceb515889c5e5527d9927cab691dd47a347ac9ded1db2e523bf8f854296
144,,shapes/144.png,4,11,6,True,88,277e047ef33c479e2c585b32dc984252d5b8dc1b61ba104409de0b3450665f80
1441,,shapes/1441.png,29,16,6,True,266,e9b26f5d7ef79f78ea2a9b4099e3f022ac944d1bf8de93794bc75e357b5176d9
1443,,shapes/1443.png,32,32,6,True,300,a5647e3157b3eba49c38ff69200c4a031ae764f38d4b5b21016a2341d20c77df
1446,,shapes/1446.png,28,13,6,True,266,328480b9e602bc3b18862af54d0005062759a39fbafd02f9783b3210c6e37efd
1448,,shapes/1448.png,32,32,6,True,329,a2aa175aa858df9a2f7177018346b77a5da338555e279c594c7c8384091d72f4
1451,,shapes/1451.png,25,20,6,True,275,18cf321cbbc3069463cebd01ab1cbd6019dc2c72e5754b7b227e17ed19bb20dc
1453,,shapes/1453.png,32,32,6,True,319,2502dc82279a578b5447bf329cbef4152a24f0f9aba4846a2d4ecaa0cbb7c147
1456,,shapes/1456.png,18,14,6,True,251,54510046d2d8312484b51bcaba49bb37f032b2c3312cb75ee4dbc8e6a113c9eb
1458,,shapes/1458.png,32,32,6,True,319,68240ff8ad7a201dacdc344dba7afddbac5af8f46651ff2f7f7b8b4f88aa409b
1460,,shapes/1460.png,64,64,6,True,443,6cf7087dff70c74b30b805348fc1eb9a55036fe54b08039a71dc628dc7c86e14
1462,,shapes/1462.png,36,39,6,True,617,4d033329acdda8a9dffb28000c6cb932188f24d60e2febfd3ee674340e4c82c6
1464,,shapes/1464.png,36,39,6,True,622,2675c57f2be7da7c121df145b361be83f49f5a375f6ccf6a87ed8303d2c65cb8
1466,,shapes/1466.png,36,39,6,True,647,3943455da6313212c82fc447dfa7ad79e502159dc00dfc3ba60aa53ec191c963
1468,,shapes/1468.png,36,39,6,True,611,92389ff37344bc02b052e789def944fbdd386b30430af05e33cb834c40c0b4e1
147,,shapes/147.png,8,11,6,True,87,2acf881f9d5353fb2ff8313700b8e9a69471861cca7f9b16cc90334f6d546435
1470,,shapes/1470.png,36,39,6,True,615,5226312adfc63da301791ace2f1cde2e211095026fd412545a5252fb7b801c85
1472,,shapes/1472.png,36,39,6,True,612,2b40a63e23b5d01ca04816cd17fc4716199597c427a55059364ba227e7952c7e
1474,,shapes/1474.png,36,39,6,True,603,3bdb46894d84bd33888deb873f078267fb1ebfba388d6330a1353ad4baf333e1
1476,,shapes/1476.png,36,39,6,True,616,0eadcb1c8168cb6af6dfd7af9c8e38813db4f075cddeb4e06705d5b28f642d9d
1478,,shapes/1478.png,36,39,6,True,617,2fb8c79f39b1592941202914602c2ad614aecbdedf1b9fe1acf51fc63c4ba474
1480,,shapes/1480.png,36,39,6,True,635,1d07054918f961db586eef71a9fbbb73432a844328c5288c68dd47655316f0db
1482,,shapes/1482.png,36,39,6,True,620,8814f3735fe0e228c894648ad2cd9b83825e13ca1ebb3c163abdee4729d59a54
1484,,shapes/1484.png,36,39,6,True,623,67aa74623ccf56d27bb2663a914cd5014b5e4c53de406810368c1370d680ea78
1488,,shapes/1488.png,34,58,6,True,852,ba3311410daad29b005f579efbaf2ccccbd387d80df976cf238718a15e1ff82b
1491,,shapes/1491.png,31,40,6,True,686,b0cdee6a7a148545cd2da33155c45598670723023d944c00d8baeb453289a826
1494,,shapes/1494.png,32,32,6,True,849,a3a48fc1c58e46d07cb1ef2f57af37215113c9e6058c3f4ce76dba7f7ef911b2
1497,,shapes/1497.png,32,26,6,True,1122,378b37e07ff5c31b699a9407d741648f5bf7d1deba5d42ba2de7b47a26582318
1500,,shapes/1500.png,32,32,6,True,860,779ea9ad16455f82d3e0bfe50f1b6da71cf9243c90daa236b432aa6a6636f5ea
1503,,shapes/1503.png,32,32,6,True,893,9a2562d94760decb047efde531e92bd2605b113ffd055e74e50b3f24a57c127b
1506,,shapes/1506.png,32,32,6,True,815,67b6061ba0d9d1c0f31a84181375d01b15c386eb50b417887e5abf998bb74a21
1509,,shapes/1509.png,32,27,6,True,916,302d824497547b04998114bb9e5b4d40859fef1b2d9733fdf07b33d866640815
1512,,shapes/1512.png,32,26,6,True,907,9704f88c2987e6654c47d9736caf93c83c7e00d95ec2e8bc77385f80a74e3aa1
1515,,shapes/1515.png,32,32,6,True,1147,d32da7bcd2849fb911edc2b2e357eea5d9cc030eb059fb65304b2e4a9e0e3937
1518,,shapes/1518.png,30,32,6,True,1090,ac9384a4ac3ea659e9579a9ca333c60fcc87b6a77edea51e0574703a2f851004
1521,,shapes/1521.png,32,32,6,True,452,45fd02afee44616005d6cc6216ce0461ffae8948080203672526cb24cf65e4f7
1524,,shapes/1524.png,32,32,6,True,464,7899a6dbf02415bb73c161767770673337717591b64311ceb5d48b287ac9845d
1527,,shapes/1527.png,34,32,6,True,598,4b78658ed25ba6ffe487d4434c5655326667c5d71c072b37cf6039f7cd71e273
1530,,shapes/1530.png,34,32,6,True,501,33fa47b24ade6e9396d3d3c5cc5f01361ce1fddd6b4572f7a3b69582139e2ee5
1533,,shapes/1533.png,32,32,6,True,341,fe68130141fbb2f22386645f5036a8bdd0ff874cb39a9a4ff4546550f9257e3d
1536,,shapes/1536.png,32,32,6,True,329,4b0f72cfb7fd8e65200c531279c3ac778412539bcb80389f058f71a4ccdea0a2
1539,,shapes/1539.png,32,32,6,True,367,3b85f7d3a81a55d9e03ef5d0866c1324586d69257b1f5c9986199f5744891c63
1542,,shapes/1542.png,32,32,6,True,349,c55b41cfb7b5a1c45c16ac52c2b37f60d5a5e5b06aef240a30ded6ab7e5378d0
1545,,shapes/1545.png,32,32,6,True,440,06400f0c53bea8e8dae7bdabf477223ae79ba7c07f885770f9ad70e006f7df68
1548,,shapes/1548.png,32,32,6,True,493,131b39c1d832e1a798707d8a10f9324260be721a07f9256c42aea2cc33cb43b4
1551,,shapes/1551.png,32,32,6,True,487,4e316b874cb24bb1343bbf76908dd141c67c053b5bd29595faafcab6b2b45c45
1554,,shapes/1554.png,36,32,6,True,686,ec8e045cba75c5ed6475d6167ea5b73bf2ee77bb7b089c216e7720187a739e20
1557,,shapes/1557.png,36,32,6,True,696,3bdc1904807e3956ce44ee04764d238cb8c3974c1d27a0fa6a76389b679d32ac
1560,,shapes/1560.png,34,32,6,True,385,34ade86808d501578678129eae2ad334009452f6f068b89c23c61e94d543340e
1562,,shapes/1562.png,34,32,6,True,385,eb399790a54c41a1cd20c274ec7c7c57dcd3d164e98b8ad4642dce4327c47668
1564,,shapes/1564.png,34,32,6,True,379,9cb8cd793142b01d374807f4e9f0817c76ad4c6421bf36f7bde24b042e07f82a
1566,,shapes/1566.png,34,32,6,True,386,4fd32fc5304c07f8aeb775cf1e87fa0c707907d61c407ca274d656678ec3b0f7
1568,,shapes/1568.png,34,32,6,True,385,cb7b8d35d803f1b5c93f6476cfbf0e3aed83167cafde97bbbbca72f3c3fd9c8b
1570,,shapes/1570.png,34,32,6,True,387,ba5d6457e769cb49a695cfaee2f7bf2b050d1ac032e985064cda384e81fc77b5
1572,,shapes/1572.png,34,32,6,True,380,1574b7a845d1dd79b067c9046ce686e98b0f2dc65d33d9e5034de8c80ae52da1
1574,,shapes/1574.png,34,32,6,True,386,308837cf6e6bffce0fdb8c86a1d96e0e96c2e332fb39b25970979b69cc29ca93
1577,,shapes/1577.png,34,32,6,True,389,4d070622a24beb2e0471cf3d42dd6c938e47ccb40e2d89028bf216cd6244d466
1579,,shapes/1579.png,34,32,6,True,386,c76eba63c485b502f52c2524ca46f66cc37e353f621b67e9907a43a5f8dea5ce
1581,,shapes/1581.png,34,32,6,True,386,dd7d17281cfbca23c7487953c6b541d511b5dd94e353b8197780a7440c3b58be
1583,,shapes/1583.png,34,32,6,True,393,0d1ce2425a44c81d3a7552b4f6550b7a9d11973ca850e0730b93a116af0decc8
1585,,shapes/1585.png,34,32,6,True,384,7506af9ea92ac59c3592de2fa05de1d8218e1b648f658305fddb5d321b54aa28
1587,,shapes/1587.png,34,32,6,True,392,a85e52891fa50292e9d9f004df113403d1605c7604ec4f114a7fa44ecdbce716
1589,,shapes/1589.png,34,32,6,True,393,32d60aa4882821ff82d9f187037b0cd9e4329dcb02fc678fc60428599d24ef58
1591,,shapes/1591.png,34,32,6,True,394,fdd7b577324cda95a7c49f9802bf87e5d0e79419d1facc944d42747d04e5ed09
1594,,shapes/1594.png,32,32,6,True,328,a3abd59a130c670ece997bb388f3c157b3559b54f05ccd3f43c0c1cc278b2bcf
1596,,shapes/1596.png,32,32,6,True,335,0534120bdbb09afc47e99a117fe4d0b5a180db543f112895fb5415ea34d54ad7
1598,,shapes/1598.png,32,32,6,True,334,25dd9d679eefbf72bb78ec28f7ea54415903a301fccf6afff25aa1d771e744d6
1600,,shapes/1600.png,32,32,6,True,322,6c8d1213d8bdb596056f9ad5024e744c6cc42dd71124a2c32e99127984f7d08b
1602,,shapes/1602.png,32,32,6,True,325,15041ffa1c4ab3a9f171d5293a5e87befdb4eb9b8cb67e087ab19e1880a15545
1604,,shapes/1604.png,32,32,6,True,331,d898a567928cc722d115813d0c96d45ff6489aa141c49d3b5a15ffa0d82af249
1606,,shapes/1606.png,32,32,6,True,330,9d3938cd049167223a6461be1d5869543255e924683ae2a4f87c110835c4b5cd
1608,,shapes/1608.png,32,32,6,True,321,90fb4e7205ad9ef0164d9b1d7c86724a864576f4a85e4cfcc2e5cae28e3ed255
1610,,shapes/1610.png,980,320,6,True,1971,b6873f0e91c5fc8dad9f7fc6b4b2c8be05bf2bbbf23feffafcb55997584e2c42
1612,,shapes/1612.png,1024,64,6,True,2590,5f04678a33edde02968f400be7cde6c553b531c4d3db77ebbb722ff023251bfd
1614,,shapes/1614.png,1024,64,6,True,2565,a9f9833a2c89f191bc5a991d050af921fe1700972dae0cbe72e67f612437056e
1616,,shapes/1616.png,1024,64,6,True,2540,94c4a502545db4510c5fb3d7dbb419a874411c67e3aae5b87892a91a323ccd34
1618,,shapes/1618.png,1024,64,6,True,2668,ea73bb8a6e62b5179463b18c8c3ca281adee97dfd40562f6181c5c9b16d8845f
1620,,shapes/1620.png,1024,64,6,True,2520,7a41e71fe29dc93e949e379ae2b8811f92fadf46d8576073ec8ffd53f6e78efa
1621,,shapes/1621.png,1024,64,6,True,2538,b75a5a24478ee11b5397ab07fcb3aaeee5bbf63a2c9e82f2699dc2318d631332
1623,,shapes/1623.png,980,320,6,True,1970,b4ec5f97a603622cf9f8d5302fafd81570f1e80e7fdaf5bde9d6dbbf671067a1
1625,,shapes/1625.png,1024,64,6,True,2590,40d0ef442814e6c7b8174f1c80c803fb57705748d1d44f01db51a501b381f6ca
1627,,shapes/1627.png,1024,64,6,True,2561,b520f3e1ad20693c069c48f739e2e3ef4b1634418bb65a9a72250e5eb6e08dbc
1629,,shapes/1629.png,1024,64,6,True,2532,a08e72d6681d6af13aa7332be3a302b3e4dcdcf6f6e7f8fcbd4e728de7aadb1a
1631,,shapes/1631.png,1024,64,6,True,2669,7267c53d628aff6c527c066996b48c73d7a8533c097698028064822bb6633d20
1633,,shapes/1633.png,1024,64,6,True,2517,b07acfb40a0ea7ef0a73515679f254251365123cd6fb8098bdba14c3363b7bc6
1635,,shapes/1635.png,1024,64,6,True,2535,2cf0c016790dfdc54b54934d6092ec6737c9611133d094f8ba47f83e16d4f7ad
1637,,shapes/1637.png,980,320,6,True,1972,7411a625700a26e340b72ac910f5d7a49b79c7e0ada82aac6b55a3ce2a7e211c
1639,,shapes/1639.png,1024,64,6,True,2619,03b77d790152235f6cff806e002649d8e15bb523dc89f299f520719010a9aba2
1641,,shapes/1641.png,1024,64,6,True,2603,adc45e0a696ac3a2d3f027918c8ade79d2c0adc9e0e8ebdf8b4433ce0f91f0eb
1643,,shapes/1643.png,1024,64,6,True,2561,0248491562943294474f2dc31eb4d0127dbaf8abd8f7525840a018e5137a7d71
1645,,shapes/1645.png,1024,64,6,True,2703,73e9decf6cd2d635a56f9ada00fd15f3d16eb38f59417d98e4ea521da8be7737
1647,,shapes/1647.png,1024,64,6,True,2539,fd6b515bcde28f0fc7a55fecc37fc07fd2aef55454f2186705cb9c40886647f4
1649,,shapes/1649.png,1024,64,6,True,2566,0692b3306f658cfb0789bd8b693fa887e6b1293d88d95136a338648afc7c282c
1653,,shapes/1653.png,34,39,6,True,488,63369d978a3bf420cb160ae2f281e85c3ff2d923e58aea9e2e2fdf29e665db7f
1655,,shapes/1655.png,34,39,6,True,482,5a1388219a625dff066213112bad5b7490c920301fc341794db35cb967550b42
1658,,shapes/1658.png,34,39,6,True,488,63369d978a3bf420cb160ae2f281e85c3ff2d923e58aea9e2e2fdf29e665db7f
1661,,shapes/1661.png,53,20,6,True,150,89a42e9ba48f96fc146448bc5dc19ff0b827a32f3976af68406a8b0b8c908cef
1663,,shapes/1663.png,53,20,6,True,138,ceb7280a17d6362250e4957c8b90e4187ce9899d5f2fcb9778a84a34d9121cb1
1665,,shapes/1665.png,53,20,6,True,146,b528e0d00d27aa62589096d249d7c1c1007a15d77ac60b649219e5618b3b748c
1667,,shapes/1667.png,53,20,6,True,179,00294559ba884600ac4376b557ae1fc0e6d612c02432a7a5944bc848a361175a
1669,,shapes/1669.png,53,20,6,True,233,26e3a2d4a8bed4532fa0c1d297dbb2744d752dc2ca6b6589e49fa4de173d40f1
1671,,shapes/1671.png,53,20,6,True,186,c9a47ba63bebd6244750afa155a8191f8fc6b0245e8940dc9e3c46c2422550e8
1673,,shapes/1673.png,53,20,6,True,151,dc1532d8990fde8a866c49d203f6d821cd882e7e8e6110181f6dfeb2d7d5cf32
1675,,shapes/1675.png,53,20,6,True,106,447ee3042f1a898331a7b9e70df31304514dc01aca9215bee043a608d43db0ba
1678,,shapes/1678.png,34,40,6,True,596,fdd30d3baa437f4c8abd88bade5123894eb8e347392e22ee60d85d991ff4d3c5
1680,,shapes/1680.png,34,40,6,True,601,d762b2152c463316263c168414eb3497495b1c2d68e0aa13099bfee1a8de5a5f
1682,,shapes/1682.png,34,40,6,True,581,a50c69346a673e12da960686e36730e0219db41e451bc04950a191eb0d8f1976
1683,,shapes/1683.png,40,50,6,True,187,eb3c84bcb9e0164f5cce3867ee5fdde58ea7080af653cb7c35f4bbf0a1ecc442
1685,,shapes/1685.png,26,26,6,True,373,4cf1fc67c8a36e892c2abf446bc07028bc2f5779a18b17d807f1cc22f4886c56
1687,,shapes/1687.png,18,17,6,True,163,32be6be6b0deb34727f76d64840028cb21f688b6f57ea04e019af525ccf11162
1689,,shapes/1689.png,18,17,6,True,238,bcd81fd0051e8c8cef81a7c8628ecaa2283b19b1dd9e35930daac7f11f7437a9
169,,shapes/169.png,550,400,6,True,9229,3eba50f48cf9c581ebe8ad3a6d7f33c26018ba20dc8a7cb48f9814445730866a
1691,,shapes/1691.png,18,17,6,True,246,9deeee5602e45092513fba32c6e018acba8f559839438a8902a8467c28df85b8
1693,,shapes/1693.png,18,17,6,True,249,303cc5dc6c55e569a8c8ecc91f390bcf902dd8ec05d66fc85b00c8f31150a40b
1695,,shapes/1695.png,18,17,6,True,226,3d62d35f3ce90791dd817b8632d5a535596167580ae045de935f335752884c40
1697,,shapes/1697.png,18,17,6,True,221,0e3b4ec8210d9c99c1e4b20da933e6411fa03d9fc09cdefb76263bc29b82f365
1699,,shapes/1699.png,18,17,6,True,274,226a2fcd8c89b0722c95d971bbd88e2d15cf5aaf303ba4026678cc0c07de8a9d
17,,shapes/17.png,8,11,6,True,115,b8f55ecfa0d1c2c9509fd15231f1d3af9d87c3dc92ca76f8431ee4def3f36e6c
1701,,shapes/1701.png,18,17,6,True,259,97aed6856f3db5cce6562b2baa7c5dc9e702f5b0cfd7e4b0969c8533fe7de1d7
1703,,shapes/1703.png,18,17,6,True,259,64cefdd2d27e7cd13e66700691e4d76824c6937e10514709baa0aea27c8cc32e
1705,,shapes/1705.png,18,17,6,True,260,cef88b9582c1e62674b5b48a339f9efd95cd34ee3b4a67a89a58290721e0bddc
1707,,shapes/1707.png,18,17,6,True,225,60c35b4551f132e795886ceef1ee3eeaf11a89a383e0dd7ef3cd704ecf0e6b34
1709,,shapes/1709.png,18,17,6,True,244,b157107b17162df7c8065c41313e21eea83d24d300f762f018254c0949ed0533
1711,,shapes/1711.png,18,17,6,True,245,1d625dfa74e94e546b8281f1b7a1027bc49b4b26ef867851c033d03bf3d2b59a
1713,,shapes/1713.png,18,17,6,True,243,1eb5f2f6c0fa559a0807f9fcb3c657d5df5f044c44bef67a7aed96bacdc05bcd
1715,,shapes/1715.png,18,17,6,True,234,295d4d8a59b06ea41a2b193561eac463a74e6d0e11c70af8df48c7439b48e854
1717,,shapes/1717.png,18,17,6,True,235,92b0e4a5a94d9ba2bb9295991a5cc27436e90d1cd18744bb3ea73a0c5558bb1e
1719,,shapes/1719.png,18,17,6,True,242,09873153d16cb9c0b640e4a8eb3b3b66fd9c213eeffdc268f23910803365f9df
1722,,shapes/1722.png,26,26,6,True,336,8a9cf270fd7bff98c8f27dd809015eb3301ee3b128c180bc728a3875d0bbbf32
1727,,shapes/1727.png,48,44,6,True,211,ffd8addfe3852816a04ae5a20dd2c8d28979ef6f068827c93dcaffd72bbb5b8c
1729,,shapes/1729.png,48,44,6,True,194,3af0567d48c9b1fa9a591d8a56ec347e01d66d064612b082bcbe35acc2e08dd5
1731,,shapes/1731.png,48,44,6,True,211,64cf75056750ea1ad1f3384148c016a842e3942b323e1e1ed8f2c26fbce6b272
1733,,shapes/1733.png,48,44,6,True,346,ba9dff80a4f0e794078edb1e474a1087aa4eb78b19e8371c592c614058ec703e
1735,,shapes/1735.png,48,44,6,True,543,d81e428ad7810ba404de1e1736ac6c483b2bf104dfd601be7d11db4adfed4555
1737,,shapes/1737.png,48,44,6,True,683,b8e9f1920aadad196529e7e6e154387b8fcf34588582ae8b42470dd0db842fbb
1739,,shapes/1739.png,48,44,6,True,571,e27c464bf098a2b759c20bc2f839417aebfee084cc978a4839b1beee82951d00
174,,shapes/174.png,1634,171,6,True,5482,a876e030ace36ae38c147c1fafff8513a55e06afc2a386868ffb6fcc5891f9f3
1741,,shapes/1741.png,48,44,6,True,324,240ffa55b6dd459583cc8c7e0d33b1d105a5d9ecb0b32a11f41b87a3f21b6aa4
1743,,shapes/1743.png,48,44,6,True,217,741f66d271f5fb2466ba5a5c2df7d54c7736b71f1ca8a24b84ce65aa5cdd4134
1745,,shapes/1745.png,48,44,6,True,206,0671129d719b28d806169eda4f62e0162234fbe72b5efca2e8bc1e8f45183d5a
1747,,shapes/1747.png,48,44,6,True,189,39dad9129ad09ad898e834273e0c4d67fdddc8055c17e7abcabaad4ab9beef3b
1749,,shapes/1749.png,48,44,6,True,205,3a92b77e9b5c956776ddeac6908e2b48b56bc247dc506a8bdbba69838b43fec7
1751,,shapes/1751.png,48,44,6,True,339,76bb696f98ae62e1eebdaf07e5ee9921d8ddf7a29c5db6d4e76aed5630689772
1753,,shapes/1753.png,48,44,6,True,536,984b6f1a5ba09422c596e1fff14817219830c8a0add919978e8d334f343d7a36
1755,,shapes/1755.png,48,44,6,True,678,9f74bb171c2dbd53d2321e8ef679459771341710bc662f81746a81c0c84acd27
1757,,shapes/1757.png,48,44,6,True,564,39fd6bf1bedb78fb9eb09edddaa434e2fc03d2fbe5ee5e227dc6763a9bfbf030
1759,,shapes/1759.png,48,44,6,True,317,70b28feef97e66b58fe8e83da1ac8ac7db9c305b74f95cc6a6a4a99d399adb20
1761,,shapes/1761.png,48,44,6,True,211,cacb4cf519a563b595a5cb3ac3c38ab061d7fbacc09010555d3ea1d475489243
1763,,shapes/1763.png,48,44,6,True,214,e8d40226a2592fbd5a83aa877267e6beacb06c91d24a4477ad5917826d208e6f
1765,,shapes/1765.png,48,44,6,True,197,e26186b6bf962373291191d5fcc0ae4d031a93f183faae65eb7295ff9eb97683
1767,,shapes/1767.png,48,44,6,True,213,ed6338b9e0c60a6fcce669c8455074e172c984627f4bb1f9c7fcc81a4f3e319a
1769,,shapes/1769.png,48,44,6,True,344,cdc172b072738a0aa8071f4a685acdd35499b4945e1936e730fd30253825a447
177,,shapes/177.png,1641,291,6,True,27811,9b6aa79337274c4a60c39411e7da3d3d50e8b6bc8d7c948ad3b32d01dd644b5f
1771,,shapes/1771.png,48,44,6,True,530,babb07dc0ce4bcaf6168a4d58796907fb116dff592f238a06b452c52b2631c50
1773,,shapes/1773.png,48,44,6,True,669,2e19609d1facaa9cf3ae0f5ea0a3a8303242225ab4fa73214060cd15502ad4e4
1775,,shapes/1775.png,48,44,6,True,564,bda836fda97a97aedae83bdef5fa099305634ada36ccb3053e1f664286c4120f
1777,,shapes/1777.png,48,44,6,True,317,741b9577a663bb8a999547fb78e79b96b4aec3dcbcf19832191d908604463cdb
1779,,shapes/1779.png,48,44,6,True,215,fd271bc4a1ca86e72e4f34afd238427ed1113193f3465fc1e3ec54d836aad570
1781,,shapes/1781.png,84,84,6,True,1448,5f62088307e9bad6dac11c509af69060050b37ab3255a418762e216cf228ea28
1782,,shapes/1782.png,92,92,6,True,1934,55f311e71e74786b3094123363989d4b6aef00a9065dc9ebaf2949de6512f828
1784,,shapes/1784.png,100,100,6,True,2402,3b998ea2ebc353c6b334bef5e1065de077d75f309be404389229ca4f66519fed
1787,,shapes/1787.png,22,22,6,True,396,3819b14b45d4cbf6c650e621a5e8e627cdf5f89c3ed40fd9455015c0a1b99d90
1789,,shapes/1789.png,19,21,6,True,387,903d770d38650bd6f10e99ecf3aaeaf1fc56d9a05e6b39686312eb27a2d9949a
1791,,shapes/1791.png,20,10,6,True,189,18a202f945469353fd24265aeafa66d190f7204352c92381495e944772212663
1793,,shapes/1793.png,21,19,6,True,336,3d8803c35788e804534fff1afd94dc79558e46ae37ff14994e4653adc2690d5b
1795,,shapes/1795.png,19,21,6,True,377,e07796335a0819766d6c72746dfad2e805872ceb3b347383ecd97d22623e60ec
1797,,shapes/1797.png,19,20,6,True,314,f7f1065d821bc5b2dc6aacd941e056a21f17bcae8b904313e0ccf6d46b9c2ef8
1799,,shapes/1799.png,31,21,6,True,277,db20d0e3ca3123bdd41dda804a4e83f90260e4db45a91f7206afa7c8961cbc0e
180,,shapes/180.png,1847,189,6,True,6507,ce90faf64db92cceb9fffd52bd38c8b7bded39467dd18643300cebe84a733c43
1801,,shapes/1801.png,31,21,6,True,269,f49e071cffb6af4d20f8d8380a4cd724685e0a922203d27672e87a9c91c5a802
1803,,shapes/1803.png,31,21,6,True,277,db20d0e3ca3123bdd41dda804a4e83f90260e4db45a91f7206afa7c8961cbc0e
1805,,shapes/1805.png,31,21,6,True,278,cec69b613497dcc2d887cb378550623aad40fe5a2e158bc131c3b5a97f10a06c
1808,,shapes/1808.png,19,19,6,True,261,464dff181ddb10a5ef3c9abf6c3290d5fbc67117546b705a5c6735055e1933fa
1810,,shapes/1810.png,13,21,6,True,164,a8cafd7e906fa7e5542247a95013e5bd1b93cb77226f8cdce52bef123071727c
1812,,shapes/1812.png,16,16,6,True,160,bf914eb272509633366f91e64a5be057e8cd9a4b8e63999387d991d3f8ad5d9e
1815,,shapes/1815.png,20,20,6,True,271,587df129de67ad2a2c799c79948297d615b406aa05c5524180e2e0f771f25a54
1816,,shapes/1816.png,20,20,6,True,181,489104d06e14c9bc958421c97c68cb1c55540df7c897959dd813ab9d0fafd391
1819,,shapes/1819.png,20,20,6,True,275,167dcb5bc16d80bfed699cede5053b1aa0c3ce8147878e377451c46550644528
1822,,shapes/1822.png,24,36,6,True,252,8698e20bf2cdd2ba8aa47c696c13e269f644b6d406c3b09b1ccbc6f15ae26bfd
1824,,shapes/1824.png,24,36,6,True,268,909ed2f47ac25271858b74817eb5c3576f558e43e7f0b5ce9f3282f878ab992b
1826,,shapes/1826.png,18,9,6,True,141,a840f54cb2c2a42c0f4c362184c1290bec5f79a0765dbbffe4b11861d937b172
1828,,shapes/1828.png,24,36,6,True,120,0fa41b6dae7fdfd73be92177cd468d6b8b0511fa11b086bed1c7f6ff8c142109
183,,shapes/183.png,1100,154,6,True,6625,3c81778ccbce2ef510b0fb3f4bb56de8abefefb7e6b69be6e88c5516aae31571
1830,,shapes/1830.png,24,36,6,True,264,e763e4baabfe2e47936d25db96c19fcc693dc16f8482ab623c8f8a73c85128b8
1833,,shapes/1833.png,86,57,6,True,1231,b275c14f5f663213282f814b69000d3bf6f38882acfd92b72462b7bf5a5bac13
1835,,shapes/1835.png,86,57,6,True,1276,9ac6f844f555d8cf55571721c0fb6764054bcd8c9f3e6ddcb81a72357a47dbd2
1836,,shapes/1836.png,86,57,6,True,219,e8a3a7defc991f5dac30887c3ea13cbf7364d0445469a54a2b04de4a1c991a12
1838,,shapes/1838.png,86,57,6,True,1269,a63fc9ad85bed27b780f178e5f132aa3f7666283c9ca0657b5f15b4c3941388f
1841,,shapes/1841.png,86,57,6,True,1686,193ff92a7f9a3305ba3143749af639cc722e8d36b14a4a3aec89ca8225d64363
1843,,shapes/1843.png,86,57,6,True,1681,22daa3464f13daa8bdc9c706b510dac94b0a0bd02a5cdb7ca140df1696cb9c57
1846,,shapes/1846.png,20,20,6,True,280,61c2374852524187604080ec385f95a58bb56524806d877c6e74eba1403cff8c
1849,,shapes/1849.png,20,20,6,True,274,6ff057f23ebfa5ac4aa776d8cd02a406af290d4ea0fef20d4df46592c0cdb95c
185,,shapes/185.png,550,400,6,True,1838,f3ff2f8c0aec348628a21ac0f00cf25df471b9cbc250509f38dca181ef813e7c
1852,,shapes/1852.png,271,247,6,True,1956,e04db40322b6d3b71f7a4cb46c5eaca71a1fbc818ac0ad7597610a8e89c1799d
1854,,shapes/1854.png,271,247,6,True,1994,2e8488e72a6b56603370e0448f77bdc95e6eea7684ddadf4a209c8a7f36a604c
1857,,shapes/1857.png,8,8,6,True,117,627dbcfc5dbd6f1a691069b09f743780520ddce735811fd816274f5b610459d5
1860,,shapes/1860.png,30,6,6,True,104,07715c1b4bd6ed017430c57d8ac728cbf5b9f43495a1fd16cb3589ae9e09849a
1862,,shapes/1862.png,27,4,6,True,84,8ac48203176448e5ac80c9463a7e8ee928b4d5a914ca18c5c1e8cc4b67678dd3
1863,,shapes/1863.png,28,4,6,True,88,b08de9531dbe868a5158de16fa987944c409cbe60f3b7133fbab0d213cceddb3
1865,,shapes/1865.png,28,26,6,True,169,a7d43ff68575bed1b6692d78f7f2b151bd3492d047fe01d2d766776d69c77c83
1868,,shapes/1868.png,16,23,6,True,251,371066e185300c1ed62d7c41d195829ad0a73a0e5c20ddbb85a098cc3c8b0985
1871,,shapes/1871.png,41,42,6,True,470,0a37bbba519219db2b794568f3332bd7db36ae3759a8281b072091d859e9b713
1873,,shapes/1873.png,96,8,6,True,106,0d6fe330b1eb3642125bbca2096da9930326e585cc0fd75050a2ba68f9fe5d6e
1875,,shapes/1875.png,27,4,6,True,84,914a6e6e7441c5ec09ebc37d62437d3145b4e465fe78f1f6e32fa0b6a5926ae0
1876,,shapes/1876.png,28,4,6,True,88,64f2da695b78fb7edb3332d81dc658f270cbc32e742d12f79b6e930f13769eb1
1879,,shapes/1879.png,16,23,6,True,264,6791b1a9702617e6cf37f091dadfe6e21602e40ca99077617aea0a0fdce874b6
1882,,shapes/1882.png,24,23,6,True,302,1e5276ac77ddec5b6077d7a41a1c351ab176b1fe7c868594a32f3350056af446
1885,,shapes/1885.png,4,4,6,True,83,42d7b2e52eef638a7145c1d403780c10f158d1be9dd3eaf11904b55d68ebd5b4
1887,,shapes/1887.png,4,1,6,True,78,e94a8890733872d90279c0557149a4adac4a4e6e4b261220ef543a957b5a2306
1889,,shapes/1889.png,1,4,6,True,73,be7885cb50c2142b82c0ee9f17042ead2367b40770807ebda5d76545175abe59
189,,shapes/189.png,1024,384,6,True,5858,5519794fdd49e266c14d080bcec59490537c059f5750e81d21e96f050aee1604
1891,,shapes/1891.png,1,4,6,True,75,d06f6c703a2854383348165cf9c9ecbc6938f326365eae71630386ddc5c344c6
1893,,shapes/1893.png,4,1,6,True,78,4c88742b2f154bb76d554c3caf70cc83819f780e1f8001795bbf5267d17a3cad
1897,,shapes/1897.png,636,2,6,True,119,b3f5e5a2d482d658ddfc732cf26276534d8acfc821e084d95d618ceed5f721a9
1899,,shapes/1899.png,365,365,6,True,13933,ba056906fca2e53c1c413a3ea6ef7fd102d9a413145700a6313ae8e0b619d600
1902,,shapes/1902.png,550,400,6,True,1636,fd29cb05328037973a51b2d05000844aba5e87566b9aebbab470193ea0566ac1
1904,,shapes/1904.png,550,400,6,True,6871,a2f6a8ed49eb88a96a76d773913c4029f3ca41b103905219497b52f613aa6362
1905,,shapes/1905.png,436,141,6,True,1715,446a8d9e6a6c092f550a9a97b9dff1615781586e46c9faa051226bf94087ddc1
1907,,shapes/1907.png,436,141,6,True,2632,f6ab23223810788a3eaaeac4814a10a88109314588076769ff0a678b3933343e
1911,,shapes/1911.png,550,400,6,True,1838,b4e53d363473c6fdacf384885663cb43da9c49c44e57bd5cd80902b8c2520cf7
1913,,shapes/1913.png,192,143,6,True,3976,98695880a98c484e3df8031d1f5d1b4a5453e87214bef968eb4f31e9f5a8b963
1916,,shapes/1916.png,192,143,6,True,6177,2711ee77cf61c9cd8af78baa694766b0f802e49e58231b59aa6c578d329fc84b
1919,,shapes/1919.png,100,100,6,True,1709,93a263d256eb69cecf0646ef3924a5f10b3f49209522c01f3bf5a7ad272f6db3
1920,,shapes/1920.png,278,191,6,True,687,58331fac6cbac848497f6d29c7f3eeac5a07c2a025ad5fa411fdfbe45d625482
1924,,shapes/1924.png,141,11,6,True,435,256d148df7902df72132b52d8df3d967a35c9cc555ff89785e61b4f9b19605d3
1927,,shapes/1927.png,452,154,6,True,8046,be8c2676e78b88c43e0a21d548942948c84d99e19f31c471599bb1b67076aec1
1930,,shapes/1930.png,462,352,6,True,1587,89818d7d9947b959b92be2eca07447ae1671dfbe7dd28a921b4c5aa75058041d
1932,,shapes/1932.png,10,6,6,True,89,c2a525306a29ac8c41717fe420af6a394838337491217b85d800faed831d6787
1935,,shapes/1935.png,325,66,6,True,2485,07b71eba3476d929c4cacb64f1b9455c47abb0c18ad2bc5ee563b25a2f3a2214
1936,,shapes/1936.png,96,47,6,True,779,2b4814f70f778c67f9fbbd7ec0f27e75f8c84587c08b1dab0307be376e591514
1939,,shapes/1939.png,24,23,6,True,362,b5135066d90cd716177c4ba8aca8a0091b2c1944d4f8d1b17fb1f7ec5ab5cd5d
194,,shapes/194.png,16,18,6,True,151,ced0e1d9b01afb7bde61b0f207a291aa655d1c8acce6b58d6a9782e7c49b7916
1941,,shapes/1941.png,59,23,6,True,456,0920c9c67c6de831d28c9a5e93145c5693fdab662f9e20452ece1712cdbf89b1
1943,,shapes/1943.png,22,22,6,True,255,817df058dfa2d78ecc61120cc152ece295325a5334ca34cb855ffc79c1a15c7d
1945,,shapes/1945.png,12,21,6,True,161,e25990428eff1e65a0dbf7aa668a34f55554cabf00aa163629edb4632b9910a8
1947,,shapes/1947.png,32,44,6,True,236,5aeaae23f72ad5acd5f1c030317e25f966b18ec3e539352867b0aa55b61c3cb0
1948,,shapes/1948.png,24,23,6,True,358,cd6162ec95b631e597872dcc7ab28e4fad28371c66c94e9d15f5d5e76312feaf
1951,,shapes/1951.png,29,34,6,True,244,12ec127f488d3e17daa57a9ee1a2dc96e3ece3bdf7bea1e80a5301458853e213
1954,,shapes/1954.png,460,350,6,True,3151,63ad761210a8ef3b66697f2c700bd4575dc9e4dd26762af5669f5acef39f6b2a
1957,,shapes/1957.png,346,80,6,True,2986,caa05bf8bb27b0d28bf0383184c42219d3a4ef6ade0de747500e020cbd581789
1959,,shapes/1959.png,460,350,6,True,2139,67097560d94fd2cd1df4536aeb7d37f5bbd3b5ccc50938b6e5712198de761181
1960,,shapes/1960.png,177,23,6,True,604,61285e6ba8722a7100e5e55c2d3f53ced1fa64ccffa8ad3f85b1858080a06ad3
1963,,shapes/1963.png,550,400,6,True,9215,502a0884ddac0812826959b9a0cd96a6cf876125a41e1c4d448b41c8fe226fcd
1968,,shapes/1968.png,1634,171,6,True,5843,2ff14a846c4f6c07430fb5b69f70bc935767486f398683c6f54df7396b6ffa28
197,,shapes/197.png,15,23,6,True,176,5b09baa63bac2d4e22f9b440555907fd273eab9ffcad856b8c6d85c1acffd423
1971,,shapes/1971.png,1641,291,6,True,28595,2e92089721437ecfe088437334141201ea1d25501cc1b05af28f307dacca0131
1974,,shapes/1974.png,1847,189,6,True,6745,c681b3fb05c07a8f4694141dc0cb0b3b435b864cdafda8cef7c4aba13f4429d0
1977,,shapes/1977.png,1100,154,6,True,6725,4d7a754d9fd26bafbc5d15c7eb4c760eaa51fee2bf26c75cc8bda498413d61e0
1979,,shapes/1979.png,550,400,6,True,1839,59b2eb598b0ef5ebcee2d42b47d573d2e1b43dacf20f714b03649585dfa44c07
1982,,shapes/1982.png,550,400,6,True,9216,767dd729996aedba53971d6879095e3c5d2b24b858f6f4a261ab7625ed7489af
1987,,shapes/1987.png,1634,171,6,True,5873,65bbe32e32c24cc7c213a09f8b83b8e6652aedb8735466d5c94086d4455935e8
1990,,shapes/1990.png,1641,291,6,True,27886,6bf1c1745f5d94fc867300301fcf1f25581c6472209346ed993e5d1ca0ef5ce6
1993,,shapes/1993.png,1847,189,6,True,7001,65197e7a0d2572895ee380bc9064fd34889277a71411a5a7e4b081e46665e9d5
1996,,shapes/1996.png,1100,154,6,True,6843,7cb5c8916e8436e3fba45cd612ac3ab6abd0418d0ff418d51f7df235b5dc1a7c
2,,shapes/2.png,140,27,6,True,469,955b85092631549f75be58cf92584e576b81cd448b9e6a4f832e41832070b687
20,,shapes/20.png,8,11,6,True,119,de23eb57ac8fb4dbf5bc1bc0a20a99c9d65af346f89434b97953d72caf39aba0
200,,shapes/200.png,26,23,6,True,260,616873b98516b210bb26e592fab25398b7c9a52f83718d96f23062b19f8784ff
2001,,shapes/2001.png,132,34,6,True,761,2505088e37bd170c4a283e0ee0006b0ece6bdc7a081373c7cbc66eee691c8d36
2003,,shapes/2003.png,96,8,6,True,106,e541616f5817ccda79984b9e43951e4861bc60acbd5f3787de732b9dec610ed1
2006,,shapes/2006.png,132,34,6,True,460,5cf729232d7c0628e0762440c0995ac0abd091a58f921a65660435717945b210
2008,,shapes/2008.png,22,21,6,True,350,68bc07d31c65b934536bbea01b2da63decb13d95098a12015719814e96aab51e
203,,shapes/203.png,16,18,6,True,144,dd6bfc1731d637241f344c42d31bc19ab59dfc4a704c25ffea45920c22f7e89c
206,,shapes/206.png,16,18,6,True,149,fbe8aa6d4d4fdef0dde9050c65a412505d56a7d0d2ba7c2e1de5c1ddd5902b89
209,,shapes/209.png,16,18,6,True,148,0c3774b7c7b80693eedc04c5f7fce0da380684d12ede314af8729e040bdf0361
212,,shapes/212.png,16,18,6,True,152,c4f2f94be91ee49c196552c34ab371a545caed675557578028f6cc6b39a28382
215,,shapes/215.png,16,18,6,True,142,dcc9906e2e6ed2b6199fa23eb0414dfb041e10fe5e62e84e8ef78dfbf2555c2d
218,,shapes/218.png,16,18,6,True,149,ffc2543aad4e5807fe647a550313310bd7d37ae2141cf89463b9410a25d8ecfb
221,,shapes/221.png,16,18,6,True,145,aa165d422c5fa01f328188b7f22935429fbdeb425ebc86ea606eaa76a9988b68
224,,shapes/224.png,26,23,6,True,255,5c2ee21ffae35ca9eb7d9f26ceb17a0ec18af5c6fcc6de9de216b51991c3a17b
227,,shapes/227.png,23,23,6,True,241,bbe7dcdbe09dd4471f94f1babef4b057ffe9a31c02389d901cfcdf24b6ea6684
23,,shapes/23.png,8,11,6,True,111,12af5ebf66eea32a68ebc0179f62d9ef774d53aa1d89a47a298da348bbb33faf
230,,shapes/230.png,24,23,6,True,254,e1324671f869934910d13a36c9a4d07441a67e7913939a467386fd9595219917
233,,shapes/233.png,24,23,6,True,259,9bee418aa33e14e027b5f30ed1f214b01b450a12babbef8f65f95f5ffb7f87ba
236,,shapes/236.png,26,23,6,True,266,9d5e5e81114edc7a8505ad266be851345d62cbc94f6064443958de942534f78d
239,,shapes/239.png,10,18,6,True,131,0a4b88b4a0bb5bf83b52ada6b9660904176d2f2dde96fbd947aa3b1593ea2124
242,,shapes/242.png,22,23,6,True,232,dc26a5887f94e5530030bc03487cb6f66964991e11e339933eccb4e634adea53
245,,shapes/245.png,24,26,6,True,285,d7a332e73d1eb38ab3b9560f8d8f52c11636477d2773f44e325db82c4363a553
248,,shapes/248.png,25,23,6,True,241,651a51999f823a40296637796e33c7699717fb4494c3293c0112dc682866f191
251,,shapes/251.png,15,23,6,True,169,5359e4b13b7fc328443131bbd5618dfedf3b47a1ee095bb13e47a92b817d3572
254,,shapes/254.png,22,26,6,True,236,70b5eb22b347bcb094ad0d5788812b494422fde8d3d9d7ec18ec158498245ad1
257,,shapes/257.png,38,31,6,True,349,cc5736fe39487165419d15aae17a29a265a2f2ea92d0ded8e4a3051eacd4a4ee
26,,shapes/26.png,8,11,6,True,116,d96fa363b50fd311d750063ba641b314873019e642e11f4d5ae2eee3f735674e
260,,shapes/260.png,23,23,6,True,210,54047700cfff506e255b66f78a077bb31038ef32f5d9f4ac1b44597730af4703
263,,shapes/263.png,28,23,6,True,290,ceb9846e5737fe70698cfd7707074f1fd14c5aa1607c62882b1d72cc887041f6
266,,shapes/266.png,40,33,6,True,381,205f0007d0d4ccc4a913b82c250fa94a8b5ceb754f45370ddb8191609c147802
269,,shapes/269.png,24,23,6,True,246,cf77d2e2a2ecee6f75a4bf38775b2b6157e66ec084a452df04ce2c247ff4afd7
272,,shapes/272.png,23,24,6,True,253,abc93bcf2bf57c984b413487482800a33c9eb91fd72c0a22a26413dca0121de5
275,,shapes/275.png,26,27,6,True,317,121faea9348bf9f13b300ddd6515e81c7d502be8b7ede46a9494ff862c499b66
278,,shapes/278.png,16,18,6,True,170,baf30b0d732546901be28381a5948038c86c91f005bf4935f2a1be3df827cbcb
281,,shapes/281.png,39,31,6,True,354,e60230318cd11fd2bae3d89184e27de71b7e7d40a1157899a9b0d4f5f6b1bde2
284,,shapes/284.png,22,23,6,True,257,7a28b0ab8de7e01bf0388d3332555ca893982aea965df1e115c8395489996bdc
286,,shapes/286.png,10,18,6,True,109,7b6bb7fd8f3d811e820da92a3df461a6b9eca45daa75c0b5c64e55c87e16bd1c
29,,shapes/29.png,8,11,6,True,117,47b936f41b728a2cbaf30f1840f918852b1e7ad54fac9472391ea376af11519f
290,,shapes/290.png,10,18,6,True,99,9bf5bccd6d455acaf0afb6788affa227b0918cfc7cbfb00ef3670e6199190422
293,,shapes/293.png,23,23,6,True,213,374befec47fcf6414d8a474202ea992af00c7d0fc870252804c65d0a01adb32e
296,,shapes/296.png,24,23,6,True,260,6bc2f54a2af75f93fce3bf244b2b77dd4f5f7cd452a10d704cf5afedd3e50678
299,,shapes/299.png,26,23,6,True,271,540f5c1dbc4f032a45336f7a6222d70591d1cdedeb95e3a5ce2c35e60c4a5253
3,,shapes/3.png,1,2,6,True,73,10592a7b4d574618d7b246b9526e5e6a1b8b7b807b82c858f52cc8ae72aa3e9c
302,,shapes/302.png,35,23,6,True,331,3355770c733fe4ac9c863ebf7feb552aaf3ed4e052495be0ae22ef7544d65478
305,,shapes/305.png,26,23,6,True,272,5d2cd484fd8511fbfca23b676f36b16a43cb03cf0497c7bb55526f918b09176f
308,,shapes/308.png,23,23,6,True,224,77463ac452b28a502b40f5526155429f6dfa1f7c23d5302aa747eb40ad5f7137
311,,shapes/311.png,23,23,6,True,235,5bae40652009e3c989c584e458ef4649f68d55b886569706f66892bd7e0d9190
314,,shapes/314.png,16,18,6,True,108,7e51bbfa26368822153e6bfb7295df3e803260c94e0b63293c4f0ee9df65df88
317,,shapes/317.png,10,20,6,True,109,2bf8edc772574bd3bf6d8353be80ef72a9a0dc536e9860679bda6a0ce2e7ed8b
32,,shapes/32.png,8,11,6,True,106,3d7afcb2fbef2a2442309d396a14b78e240a77aca51da3badf2d3c209c4706ce
320,,shapes/320.png,550,400,6,True,1833,bbacdf4e26061978be13f16bc21013ec458a428b810b401368e4c80fd21f3635
323,,shapes/323.png,552,402,6,True,981,e90239e9e9b0bab86b8dd7fc98f18802b9a87652984aa181b41c168bfb50e1db
326,,shapes/326.png,350,260,6,True,1146,64d464c96f7ddc258fdb330aa951ceaeb5f6838abc600eb825fea1832b2f99b8
328,,shapes/328.png,280,24,6,True,529,c747e7db6c3b5e64c445fefb1343ba1fa51e0d1bd6513b65f51d4462d297281e
331,,shapes/331.png,280,24,6,True,507,1d3c1133ec1ced9c03e71cb0d893b598cd31b9633b813794fef9fcbd55437598
344,,shapes/344.png,14,14,6,True,151,cd50716397faba9c7430186b2026ed235aec631dc3880cb448faf9fca3b6cc27
346,,shapes/346.png,47,17,6,True,209,f4ca84848827db68af153c2222b8a6a0c967e4e849bb18d18e3384f0c5678948
348,,shapes/348.png,14,14,6,True,151,f4d2b3dab7f29ce1cd5a7c3ef8e60523544c2fc23fd0565f0a0924539aaa3b54
35,,shapes/35.png,8,11,6,True,116,d00540f0e09bd1d6143ae2adace453c458332e6517c4c93a4b27b76b386a64bb
351,,shapes/351.png,20,14,6,True,153,4b6c2071ecaeb1df5190fb537808a1b42683dc9d3dce13579460447ce1389f17
353,,shapes/353.png,31,17,6,True,185,2ebcac808be0c3c6c8e94bde9b0aeb4f8ddf200f5e356bd12b55b06bb9a91744
355,,shapes/355.png,14,14,6,True,151,f4d2b3dab7f29ce1cd5a7c3ef8e60523544c2fc23fd0565f0a0924539aaa3b54
357,,shapes/357.png,23,17,6,True,171,576401593f1be56545a0559e88d5e8f86fb17f870f8cc161ae2e8dc71103c6cd
359,,shapes/359.png,191,17,6,True,149,3401b478d492e2280ecb87b91b0addf9c10c6e4275025e6d2020874749e4fc2b
38,,shapes/38.png,8,11,6,True,116,f1fbbf9f02a706b729f7f5bb8ae50fcccf31f8ca6d06b00393b9d1c384ffee97
41,,shapes/41.png,8,11,6,True,101,4c56f1f91157adaac0ba015ca86b327742269653c5f3cc4dfdc8f3fcab4e51e8
435,,shapes/435.png,17,17,6,True,102,68295f36c03c70493856355178702816878cd65efd72833088d43b88f6e7dc83
44,,shapes/44.png,8,11,6,True,112,0e1026c6f3dcdc835882902f4ded7133ed026d1b13752ffaba1667114e1cc746
442,,shapes/442.png,34,32,6,True,662,255feb74c7b31582e0c57a9b06209deb14588d06cba6258d8dfef818bd0a5941
445,,shapes/445.png,32,32,6,True,549,b18e10dfb4fdb892bdac799677cb561129a106d12ef30f94bee2dfc09c863a42
448,,shapes/448.png,34,32,6,True,576,ebdd3e9693193bfaaa3d4952b3a2821773880a6da9500ed6331ec26c9efc537d
451,,shapes/451.png,32,32,6,True,388,1a103d1d619d7b78d64d01eff2d0c149eb32c3dcccc5bb5f0a2fe9c16f76c2ed
454,,shapes/454.png,32,32,6,True,453,35954f947aa006c53b74b6f08d8932b1bfae152c2626671442da131e6211f2eb
457,,shapes/457.png,32,32,6,True,424,4521442582ffe726763f3b56cf0110c92766e000d26db52d0c5db9271a40e662
460,,shapes/460.png,32,32,6,True,479,90f211e3d7e1be15be29aaa94b0e136419164dab039f350d552fcf33d9251d43
463,,shapes/463.png,244,132,6,True,946,626ec9e9f400fd3bbd24b6117f53eb8b28eef3f19df706a8b459df37c9c1e9d5
467,,shapes/467.png,32,32,6,True,413,175d943d269d46ff54cf6c18e03b9ecd825ea6da3a3412b755e0ab96c52955a8
47,,shapes/47.png,8,11,6,True,115,1ad4e5a523272c4785a2434ad7bd7b582a1226e780d625f9b242feadc225b348
470,,shapes/470.png,32,32,6,True,368,cd12a96688b84e0f94e64ca516b58ad96dd711e182d061c49d90d7a8352c7aa6
473,,shapes/473.png,32,32,6,True,410,976a88368f337b0f2d2909062b850ac2e12a551255326616b9b1d00531d555e5
476,,shapes/476.png,32,32,6,True,240,00782b3c457d6f76bb06a2215c8bfc6e846d55cb3b35316914cb0b5dbe40737a
479,,shapes/479.png,32,32,6,True,281,58578df72ad8754c10afcc53f72972d366cc6adda257e2de3b61fc6e6572f362
482,,shapes/482.png,32,33,6,True,411,3cf671afeeac8f87c5bf7ed4edc79625664786d8183d77bc8c3f531267c61c75
485,,shapes/485.png,32,33,6,True,382,05f4cd6d695b77d80fd5fdffc0011196ee1418c8d7bf23a060da95c9cdd024f7
488,,shapes/488.png,32,33,6,True,391,ac3d4e6144c4a2d22968caa60a43f02b49d81da4b97dc333136b31c4e0d72f12
491,,shapes/491.png,32,33,6,True,403,95954156b4bae031a27f5fed22385d5d207fbbe3cc09d56e808d4058155833cd
494,,shapes/494.png,32,33,6,True,411,fdd6b2b6cf868f0d639d89b50687e39b98cdd52d83b04e945389dcb79017ecf3
497,,shapes/497.png,34,31,6,True,362,b34a88664e665403a62ecbb39ed9e0a5a2fec4f12f358352c3d3191582becae5
50,,shapes/50.png,8,11,6,True,115,351eb8393487c095496ed4d8dce9bf15723c20c52d0235dd3fc94f25f22796da
500,,shapes/500.png,34,31,6,True,399,dbd40140c4af5c17c09914dba8785e23e935ed6ae73c5580a131fd66b986ed5b
503,,shapes/503.png,16,32,6,True,167,7fe07a676e49291c7ce9998edf8d57cde6e9b61922cb643eb2b2ff0a5be25b99
506,,shapes/506.png,16,32,6,True,122,1f8ebd19ad3bdc5a9880e35914927becca49a78f1442893d508b826097361fe4
509,,shapes/509.png,16,32,6,True,135,638b4a838cc07f4959d2cceb75dc157a5466df53c74750d82706c37d3ffc05df
512,,shapes/512.png,32,32,6,True,398,0ef99bf717018696dd578aca59558bc36dc23727f184384907af39185bbaad32
515,,shapes/515.png,32,32,6,True,409,06751fd39cc5b75a711f4079cce47e1bd55115c67cc83587f59d7b7ae79e340e
518,,shapes/518.png,32,32,6,True,361,71cf68fa983bb4499df5dccc4e007b232ffc7bd0c8bcd20d1da7ca571deda549
521,,shapes/521.png,43,32,6,True,546,03a5871ebeb01f35a1137998d71ac83ae0c97c71db3f0d0b2f0750efc572eada
524,,shapes/524.png,32,32,6,True,435,3c256d6d1945942b858eb693a6bffdf33a76939827d27f17269160fcb7d63475
527,,shapes/527.png,43,32,6,True,553,c7772e4ae53a0b5f77692c15798eeadfe1e0368dbb402fd0d0a9a8e601c36206
53,,shapes/53.png,8,11,6,True,109,1911646c3545b8cbee3da93c75c8d724c58191a837c2026066ea66ed86267cd7
530,,shapes/530.png,32,32,6,True,464,431700e64461380efcf3311ae1bb03db66fdd8a2de2ab6c665eb8c62715b83a3
533,,shapes/533.png,36,32,6,True,309,7b8d7091dd28749e6b54004b2e030841622ee7b630f3c97704bd03c22f4ba2af
536,,shapes/536.png,32,32,6,True,256,82a57a3adf5e6bcc3dc6043b142826b5358dd08f71ed259f3462e8d5f0596df9
539,,shapes/539.png,32,32,6,True,396,9a464ebeedfd1318c737e2dc5b764e978a5b5e6794afbdbc453416543194b905
542,,shapes/542.png,32,32,6,True,258,0dc57ed361222a70ace61589e4d1191789600e4b823956fce13c7d8168f9cac9
545,,shapes/545.png,32,32,6,True,239,f8897befb2541ebe301a122ccce3addd5bcec70d2543d87dd9ccf79838b75e90
548,,shapes/548.png,32,32,6,True,231,454fda56b28678c42459cf03c87261ec7b81178a29fcaa391e220cedc6259991
551,,shapes/551.png,32,32,6,True,207,94bd3f606e8af64f859789c6f33adde4a9cf7ea4e1029108c94ced683336f505
554,,shapes/554.png,32,32,6,True,227,be34ba1fd2a757e9e2bfbb7913a3bd11acf8049f6a2f64b4f55cff7ba4d4032e
557,,shapes/557.png,32,32,6,True,330,d83188c53cd35aaca37dcb453423b3a53003dcca15e986dcb2f184febcd5b08a
56,,shapes/56.png,4,11,6,True,90,33a18d6768c964633f870aee6e722a19f8693b391cf6eb14e62b20c12e7d9406
560,,shapes/560.png,32,32,6,True,262,145e3f5c909e3409274c805bbf60140edff8c6bfc54fe0f2f0a6ab56c36c801e
563,,shapes/563.png,32,32,6,True,342,17c9e0eff709aadd6e3acb5f2273f00ccb058e66ffdff84a0a4aea4d29b6d002
566,,shapes/566.png,32,32,6,True,221,99c04613cc4723c69475510b1650dd17d84f1b98c3778d2175cf9437a6960c29
569,,shapes/569.png,32,37,6,True,661,a962f1deb4b346ab53e02034bcb395a71f63e88f187cd6533cda9e53359b2190
572,,shapes/572.png,36,22,6,True,522,7276b3ecca41889694d5e0fdc0010e35d632adc3ba746426e8704beafa7d95d6
575,,shapes/575.png,36,32,6,True,319,a86936951098d9f0a552a91cf34a3f87cdcffec9643f885d7a7ef2171dbfbc1c
578,,shapes/578.png,202,152,6,True,596,0fb061ba9feeaee681bec64c3ef01627e45919b9d5fce5d1bdc14de6088d743d
580,,shapes/580.png,35,38,6,True,299,1c8fae68c4f45c63e0cc3bfbab097b22494a164c7ed0e72e8a955b97d57afa84
584,,shapes/584.png,35,38,6,True,289,f8eb07e623f401165397218719f1f15dff4980a0e75a04975950c46102108163
587,,shapes/587.png,140,24,6,True,270,99a72a526a75a30d35cbde2aa9862f66d4e6e5e01e0489b2cc607187d7e931dd
59,,shapes/59.png,8,11,6,True,105,b61616d6ba1f3d0bd5a51a9ddd03fd2df3e1f9dcc6bbf4fac9defc621bc5bbac
591,,shapes/591.png,192,129,6,True,3182,bab18a1bb8b760cda2d523d07b17476a8094bc95a15d6ab21bdbc2eb30f48336
593,,shapes/593.png,162,63,6,True,906,4278e1ad52f69eeb070b206bc89861add71bd6fe2373ece9cc81983476c10102
595,,shapes/595.png,153,96,6,True,946,582d480b0df751571ae73775491d95ee67cc15bf7a9004ab0ba23bc3f28e4cc0
597,,shapes/597.png,132,75,6,True,919,07d0e1abdbac0af28a3da25f00d51775f272d2f409b431507338fe7f681e723f
599,,shapes/599.png,180,66,6,True,733,84397e09aba8236d64bc2d8460afa4203040330c46a0798265dfd79672e41062
601,,shapes/601.png,144,66,6,True,719,cfa903ad96eb45d186a0e0739b9afd5c134e3e585dfbaa8149e1ee341e56ab0e
603,,shapes/603.png,201,117,6,True,1223,0308afb7688faba6004e2133822fd976582fb848f70e81feff3303876296e9f7
605,,shapes/605.png,357,96,6,True,2073,572eccfb583b4a57c7c9dd9c9dd63d6308c49f66b047e3c2e5dcc1bf66a96e26
607,,shapes/607.png,84,60,6,True,418,412c404b19a0fa5c1cb011199d3e9e20c0d04a511c5126345015d04cdd0557fb
609,,shapes/609.png,81,114,6,True,1252,b27a359b3e1429679af3297da99e58ce07c3ca92d8d36c06844aeee464ec7285
611,,shapes/611.png,189,93,6,True,805,65aa0e8ad8a744213387b09257f8d3ff43735f1191dbdbb7919e7801d18075d5
613,,shapes/613.png,243,108,6,True,1561,d51a8b0e1f7d0ed9cc2a6de11d839d2b0dfddf8de7cc148022d4133cac647cf9
615,,shapes/615.png,75,72,6,True,634,482bfa0eaf22b887cc90b3c241244bb0e32536909f87be30fdeb798be8acf552
617,,shapes/617.png,144,72,6,True,698,f945eb738c42690ef35a3e2309a4fd533d890445a9603872cf35a2c1ef46b91e
619,,shapes/619.png,144,90,6,True,1225,6d654c6b6aed995adb66caa552767f6ca24e38c2c1a68c6ee647c9c440f246fb
62,,shapes/62.png,8,11,6,True,113,a76b41f5c82d04eb287c2ded1cb35080d09e808141629c00bd9301fadc7cc58d
621,,shapes/621.png,282,48,6,True,1042,29226b5f8ebc2c26df1674c831196b8e5bd363e57da8d5a9c0f3d4392d22278f
623,,shapes/623.png,156,102,6,True,1447,f268dce3709e471c468d51ba6bbb636f3069cf4e55e23b13752d3a4216c42302
625,,shapes/625.png,270,72,6,True,1161,f9536b4a077b406b372583bf17f564b5655ba945b150e06c1440143441091bc9
627,,shapes/627.png,135,111,6,True,1386,b82af21e0b3989feb24910626d9f4884b2a915c7fc783efb44468549595fee88
633,,shapes/633.png,51,77,6,True,502,ba9fa57d3cadce232bb341ac61b514dcd1b41b7f22bb3a7497d5d91e3dc56fec
635,,shapes/635.png,24,22,6,True,382,ef13ff2225cb5f30b89f2f9efd2f452c7965bf7e018bb6e8aceafa97aaed6a4b
637,,shapes/637.png,22,35,6,True,346,daf6ae3f3483b81ba86702be1498fe945065538dae9cd199be4f2ebe5207e918
639,,shapes/639.png,26,23,6,True,417,1681476bfae26f1891eb351c7f4de8604b695df01c389c031410890908255ad7
641,,shapes/641.png,34,32,6,True,480,dedb8ecff87f209b0def9786041f78d5c294cfd080d582a5bd243c4ab8fdae77
643,,shapes/643.png,25,22,6,True,355,91200a8ee108c6a33493bf2c1106ba00776cbcfe260fff25e42dd981ae2c159f
645,,shapes/645.png,36,26,6,True,457,7149ec9f34e5f8e641bbff9ad3077facc74697dff883b38b375f6f16ea436487
647,,shapes/647.png,39,56,6,True,816,ba79cfbc611584e56cd1908937a501553db6e66324087cd5bd6eab88c9ecf2f5
649,,shapes/649.png,18,22,6,True,303,71e3316d34b3aa55fc049b24da2307f5d1f6ad43a1a77a0261172cc646c574d1
65,,shapes/65.png,8,11,6,True,108,77839425f1457eb5f6e4ff3bcb601d171093d05bb5ae2898ed63d28d2ad5d61c
651,,shapes/651.png,36,35,6,True,634,9529b1434c9566caf63b0f58c452e1b412b83c3a7a37a913f9260dab06fb3128
653,,shapes/653.png,28,26,6,True,439,2d05e293c423e792cc7dd588f4e7540ce7a2dd71683137a6d24b23b5d6e73f5b
655,,shapes/655.png,38,20,6,True,394,973b02ee4ca01559c555e0439496b4ac85b854f3bc95cadecbccbd4edc79e9a1
657,,shapes/657.png,24,23,6,True,300,3369ff9c6f265fb13c251cfccae1b1096c6f9c11bff9483ab83a8d7b6401e058
659,,shapes/659.png,30,25,6,True,322,a65fefa63ca88a34fbf54d30c8d9ef9d9a1e0a87650871b8d40a66917a12c86c
661,,shapes/661.png,27,35,6,True,520,4950901ad91f5b2687a6f75eae99b2fbba7794d663e1d595a496a89664287594
663,,shapes/663.png,39,56,6,True,910,c300549bb24564d69e8c4d4a4f49750296f540b3d7b4415ea1f4d61fe67f2756
667,,shapes/667.png,51,77,6,True,211,bfa67dbc7c2a24243be097b30427dd611d936f345def7e658e3ee2cf48df6932
670,,shapes/670.png,200,24,6,True,275,42175a51266d15c17806b15c0d9ebef51e7b2a0a24a5db1dcead5d23268c4aa1
675,,shapes/675.png,163,24,6,True,300,320f4f89837cab1dd9786fe3628f83d552940bd6fd41a700e934b651923f7a6c
68,,shapes/68.png,4,11,6,True,82,b0faf3eda531048694c9b5912b9f42ecacdc0c5f64f896b204e89562423ba77f
684,,shapes/684.png,21,26,6,True,322,2c22bd42872eda97f28f9b2a807c9c47d6a6a91641cfb4ae164535ccd6b9a00b
687,,shapes/687.png,228,255,6,True,5050,a55fc5b10a76becf79d1abd530dfd337af35c6f74dead1914c2ee2c7f7edd17c
689,,shapes/689.png,34,32,6,True,593,8543c7a8ff324b80138dc647fe336b29bf1253effe87c03c04fa2825d5511f3b
692,,shapes/692.png,32,32,6,True,185,0e4bc8064acfb5ab03ac24ded3a4b633019001114afff0f69281b541bf08ac4c
694,,shapes/694.png,32,32,6,True,205,fbb2b8beea5546983d12cea528d525d4d6704e852b75bd14dd4a663d4080e3a6
696,,shapes/696.png,32,32,6,True,197,33f1bee93bc2b8edc50b4dc62006cdb748d9cfd85d6211b2be3d87ff82a02d89
698,,shapes/698.png,32,32,6,True,206,58c34beefd6ac1b87002edff5f65f8b767bc0dd7a8c22f3e8bd7634694dc6f2a
700,,shapes/700.png,32,32,6,True,197,6b7a7e4ef36460adbf4e55a4b4076fb87ba9493133a12abfd9e5a9dfe588e1e9
702,,shapes/702.png,32,32,6,True,205,da389c299f69edb70228163f78c53793b817cf0f8b0a04c08bb22f41806f9b1a
704,,shapes/704.png,32,32,6,True,207,678ede91cdc04b923a13dddaa104670dd0280e6abfd1f710033f43e2903d60f4
706,,shapes/706.png,32,32,6,True,210,be80ea362438527ffd7557c9bf35f1f1e965b0d3a26d6cebf10c7cc882d161fb
709,,shapes/709.png,32,32,6,True,193,0155c9efff4d2a882ce26f48d0f031dd7126bcae6e7a0a36bc933051655a4a2b
71,,shapes/71.png,8,11,6,True,106,ab0d130e43276b3686afee8799bf42a0202fe563284055081805543abb193f21
711,,shapes/711.png,32,32,6,True,196,cc05880be0f60d07120d744b1e84605db056b140affec8406be0c2e735cf85ad
713,,shapes/713.png,32,32,6,True,186,18400412a6ef66518668e4910947cf7700a80d57034411669ccdcd2099918f22
715,,shapes/715.png,32,32,6,True,181,bc5e94ab2be6ded9077237de3e152101b7be6194ba2895c872435d424032fdee
717,,shapes/717.png,32,32,6,True,182,1f414de522bfa7d5777b7b119b35874585b4b612fa6e2da844b84735c1658179
719,,shapes/719.png,32,32,6,True,179,4c7caf9bbbd29c0d6b74ce5ad9f273d055f652face25b7dd449fe868693b202c
721,,shapes/721.png,32,32,6,True,201,17e7fe0d7cdac97a7ef5d672cb6a1b1e42cbe828b5e8f132feb3f726aed7a559
723,,shapes/723.png,32,32,6,True,207,21cebcd40b02489d52af265e872bacf92ac17cf910deacb09abfb53b293b9f57
726,,shapes/726.png,33,32,6,True,335,35631e09585a4a0f1aed325b75b12e3039200849d6298e07fd1044f1aadf6eef
728,,shapes/728.png,33,32,6,True,339,c010a8b08ac5be4fd7f39065bfe9424fde83e180efa23a247b30efaa534802f5
730,,shapes/730.png,33,32,6,True,335,ce857f690d55039512220f60064c93a0ee6e1239d7fa6c0a8e6af833bc3e30ad
732,,shapes/732.png,33,32,6,True,326,da5f8c96ad931b8236e0ef07f5a0e434de084ecc77430398fce09a01ebaebf48
734,,shapes/734.png,33,32,6,True,323,5c458d69f8ae0f1454c1907b8038202ae1d8471da9086c7d55095198d9960adc
736,,shapes/736.png,33,32,6,True,328,41577e6347ed5cf3f701ab92986cbf0d641c2318d720761bee8abd9eac5aa17a
738,,shapes/738.png,33,32,6,True,324,937f43297f3425b6e28c242f51f671c9386a6bb9927e3e41971485f378c99d9e
74,,shapes/74.png,8,11,6,True,114,c19742a99fad4a3dba7edf5b81fc5173c8ca8fa176e0534f368d6f421d3124c7
740,,shapes/740.png,33,32,6,True,337,96a20654f4dd74615c9d20f968e9b7128876ba326c5e02d09d5c0025ef70b37c
743,,shapes/743.png,33,32,6,True,361,f660195cf2fb72a71c5d1d8458e083fd44c2e90bc01235a6d43687c782b32c21
745,,shapes/745.png,33,32,6,True,357,ed221d3866d0d06b01f0e8452870904ab4ccfce261393692ef4a8f5e1798d062
747,,shapes/747.png,33,32,6,True,358,87751b436578f43d13ebb7f4422addd6f9dc8945ebd49c728d33264c73947ca7
749,,shapes/749.png,33,32,6,True,365,43179be0978292b5ffd4010cbc42f79e791b2d762685b8a550e0201a974cd2d8
751,,shapes/751.png,33,32,6,True,365,2c36171ed96ef49e43d61b377675cd6ae88fb881d4a27a1cb0f3d719a1bd9911
753,,shapes/753.png,33,32,6,True,371,4c7896b57426aa3de9ac53ce548cf9bce0feb9808bd005d55bb2e81ee9a0cbb9
755,,shapes/755.png,33,32,6,True,357,ef9d8be98d90613133b02507e38e01693269f0b632333c410d5ee045e77abbe2
757,,shapes/757.png,33,32,6,True,348,54d6ece4434ed190d7055ed83831a882696d0be9ef3b2a40c663a0f6ab61fc0d
760,,shapes/760.png,25,25,6,True,372,4345cbb6b596ce768d2b1cc69b4174e3e2ed237a4144406d0bf2b7a1c90b0927
762,,shapes/762.png,25,25,6,True,349,a9cafd61ffe540eb3abb79ea25db1975a1954dffa8734c5d79ce8b8b127da6fb
764,,shapes/764.png,25,25,6,True,372,4345cbb6b596ce768d2b1cc69b4174e3e2ed237a4144406d0bf2b7a1c90b0927
766,,shapes/766.png,25,25,6,True,372,5fa0331045c60ca18053dfa1a94d3a1a8ba20790068d28d167402fe72b5227b1
769,,shapes/769.png,28,32,6,True,412,83d5fa71e5d2e361477d83ed2260eed7bfb2d689f7c4e6b20683d82bd99e97d4
77,,shapes/77.png,8,11,6,True,99,8f188494a528bec0bcb7ebc5fe8f986453af750a6b0a4a25f4aacea77a9acf11
772,,shapes/772.png,28,32,6,True,393,4311e246919c9baf6edcc6658e6991b1379af3be0b61e69aec3dfa8c2b9d1995
775,,shapes/775.png,28,32,6,True,412,83d5fa71e5d2e361477d83ed2260eed7bfb2d689f7c4e6b20683d82bd99e97d4
778,,shapes/778.png,28,32,6,True,420,cb226e5ac82ddb0cf18f16bb804bb6480407d6b2ade03764ee64a502f6ae8071
782,,shapes/782.png,244,132,6,True,946,5c82319079e0f241ac9ab68bdd56bf9b81145a60e6f200f7b011312e0e6ba8bb
785,,shapes/785.png,212,13,6,True,134,8aad313c04e7d0808ea1e68ce95c0c0788702f247fedcc3d3c926d9a187d3d0f
790,,shapes/790.png,244,132,6,True,938,2872c7dd702abf5e716ed0d0d4954857d05429082b7f6eb8b87a244145c89280
797,,shapes/797.png,360,190,6,True,986,c923877f3088d92cdb3fffd361747dcf4b7173dc26841c8042c1dd7b9f596668
8,,shapes/8.png,100,100,6,True,327,29d40f885d641d75673ee276cf8b4cf7effd7dbb5f9da1fcecc093d1b9e99f53
80,,shapes/80.png,12,11,6,True,115,7853637357cb1c6d2524a4f108d3c9cf34cee65bf2b1e77474d24d2acfd84bd8
807,,shapes/807.png,36,24,6,True,215,1b1cc93495dff7ccc14762a2cd96e07bdc958d5ffcffdfd4720b5afd5221fd62
810,,shapes/810.png,140,27,6,True,469,955b85092631549f75be58cf92584e576b81cd448b9e6a4f832e41832070b687
811,,shapes/811.png,96,8,6,True,104,3511641011bae619dbaa942f45d31b884d328a2c7808740c18fcff0d83abbc20
815,,shapes/815.png,99,74,6,True,1214,bb3c6b14b54000eefd079e3473afe1a18fe3ae5856d92f0d5689cd76a9107773
816,,shapes/816.png,550,400,6,True,1837,4499e156ca8bc81137b2ef837a37ad4eaa7f195d710ef9d5319489487cc01574
819,,shapes/819.png,115,24,6,True,360,0eccb0bd2571007cb7459caee5081a3cc76d77b996a6c7113b63817ff4be93ee
825,,shapes/825.png,397,261,6,True,2182,e028b7e2fd52b7524535d1a76431eefffe09c277747855cdf4e48b48a1218462
83,,shapes/83.png,8,11,6,True,109,29de41fe793c93e6e8f89cd54cffe84fab6ed5da526ad98448123d9cd9401dea
832,,shapes/832.png,114,99,6,True,1301,b53985643ad728bc6cf8384896c7a6334f45d0376b9090083477b5c8c47ebf2f
833,,shapes/833.png,50,50,6,True,173,f92f6a9e020c1824804ec11bf0fdf0cfb04bc17826476b4236579232e420ee78
837,,shapes/837.png,20,32,6,True,454,8ea9f1b453ed410e65ee486fad3ff01e279a5cf0ddc502c54658fee5d17e5715
839,,shapes/839.png,20,32,6,True,491,902df768635fd94054edcb9f714b051555f958ee6d72944dee38d24242974a0c
841,,shapes/841.png,20,32,6,True,542,68845e8edb3687bbbb1c1f6ecc094ae9f7a081958336b7000e4def7d1f44004c
843,,shapes/843.png,20,32,6,True,491,902df768635fd94054edcb9f714b051555f958ee6d72944dee38d24242974a0c
846,,shapes/846.png,35,16,6,True,209,3265c910aabc399e8b868ff8b10f7c98e4a9c13507f2f5b5528506598049bdfc
849,,shapes/849.png,46,38,6,True,540,df8bc3b3477164571dfe481e361d3a73bb7b44a28e06bc34dd456e3e1938ae14
852,,shapes/852.png,20,20,6,True,350,e9fdefa0524499febc3cdfd6578a8c66112dbebb648e1c4c7687f659906c11d3
855,,shapes/855.png,17,17,6,True,200,ac31b70d48041e220d1181dd78a5d9a025b02518ac2bc0bcb298823099444ce2
857,,shapes/857.png,17,17,6,True,194,beb4e3403754356acd70ff638f4cabbf4f113071c7b76a5581dd111e68766f48
859,,shapes/859.png,17,17,6,True,187,6e8a37145e3a600c235f0f86ff58a5984999ce7c709a0a1bd67cd9c4d4b46280
861,,shapes/861.png,17,17,6,True,178,cd855e0833ed76be24bf9a9fc3d777a510123c74e1d7e5139d5faac058f5b2c5
863,,shapes/863.png,17,17,6,True,135,e415993729b6fe048430c8f556eae3119a8a2df6bed39865b1e29f21469ee289
865,,shapes/865.png,17,17,6,True,118,be6faed65cdb0ba7d43332650f7579b412426c234e8332917ce53550ea5e98d1
868,,shapes/868.png,64,64,6,True,854,ceaa2d8f2de710d629a41d1dcfacd700a5b93289fc1ea84e22084c374be7a141
87,,shapes/87.png,8,11,6,True,109,f465242009e6825c2535c5fb6d2b665c6c6d5774d6a681b6064e2f22e90a5ccd
871,,shapes/871.png,64,64,6,True,929,d939ad123c68218efd61b48adf00c40810b8cb6c692e48684cb86f45d42fe273
874,,shapes/874.png,22,27,6,True,406,bfe8b120e11eaa6f1b398bbd663c9b85033b6e87e0380c6b98c3ccae21f060c5
876,,shapes/876.png,22,27,6,True,470,4127836cf87dba87937067dc4fe2624be76de9334886c3cbc52fd6b69adf70d9
878,,shapes/878.png,22,27,6,True,528,0c4efe726b442de098b5eb58fce51176a9da216170e11c760837c8927d3c08f4
880,,shapes/880.png,22,27,6,True,523,c9f268a51466943725f8b53b7aa888cd46f3f0d79d84ad747296cfbcd75782d8
883,,shapes/883.png,15,15,6,True,256,464549f1ea37ca5d94b318d6943c5a33a0c26e7b3e3bd54798c873b340a56c3b
886,,shapes/886.png,19,31,6,True,135,bc254e26ac935542d2dbc3c708303f6cfea14dc8a037ccc8860897c2964d8894
888,,shapes/888.png,19,31,6,True,192,1b9cefbafade700629b40e4adcb8e008a7773c578f4f63683ebc2f3683a339aa
890,,shapes/890.png,19,31,6,True,230,2fccfa16f79f6e1f2d6fca9ad2a3952db4aa5e1e98cd8f663c577bc10746f714
892,,shapes/892.png,19,31,6,True,292,f9bbde42cf23f513dfcf68370f8bb222f121ba9903560ee94388aaea0f2edf80
894,,shapes/894.png,19,31,6,True,265,1e8337fed9866bd2ecaa46e15727281e85c2471f6c940823e12b5aaff7fedd39
896,,shapes/896.png,19,31,6,True,261,1ec453125d56077b8d86275454f59b52c5b989b20b3087b1c0296e3351ada852
898,,shapes/898.png,19,31,6,True,237,c4b9de4aa78a52d25c2ba595686d89a5c7d0d70fc92aebd9705db2b6627aab22
90,,shapes/90.png,9,11,6,True,106,5899322b01c6a82fd290bb7514cc5ba0746d7e2d6e0567c156a502b5d7fd11d0
900,,shapes/900.png,19,31,6,True,187,e95d78f1ab500d58583a07fc316e4fab92991180cc457730a8f3589a2f6a82ce
902,,shapes/902.png,19,31,6,True,162,beeae72547f4d6ab3fb7df533efa40344dbdcb1aa0150170dde0110c4b6c04aa
904,,shapes/904.png,19,31,6,True,116,ee329b57918e6dc50de7af939c2b53ba1cae294a6f5f2a8381aa65e026bbe6e9
907,,shapes/907.png,18,48,6,True,614,47a50b3ecb79bc03024c9822cff92e97db21d922db37329b402cb6c8d6d1017c
909,,shapes/909.png,18,48,6,True,632,fc6787d8e9a7d9929a87a6706d240989b882b06b6bd7381c71b4a16dc237f2ca
911,,shapes/911.png,18,48,6,True,621,4c17ffbd9e9faba2676e8b268f79bbce28c44d91f87696a2fca5177fdeedb554
913,,shapes/913.png,18,48,6,True,616,50f9e7056daa70d23db47c24905e349e794ca791c11ae93873a6d0cdfb3d6067
915,,shapes/915.png,18,48,6,True,600,aafb75bd68a8e459e4c10504567f47b6fa97e506e87b2079410f94f82569cb24
917,,shapes/917.png,18,48,6,True,565,c02fb72b2b18540a96bc77f90944c7a1ee55d9e68a7ba1010de89c017a4c6bcc
920,,shapes/920.png,27,15,6,True,355,5939dcd4a25a1398b787f7fb32af5d33d61dcd93452f697c29b3d5523e1c9a8e
923,,shapes/923.png,24,38,6,True,513,59cdb717b56138e0782b26ed4bbbe0286a589d917bd61ea134ced743e7756978
925,,shapes/925.png,24,38,6,True,595,b847a9e26c0426da113efaece592306856d4339f40ebbed3a9f7b78ea87b3607
927,,shapes/927.png,24,38,6,True,627,7100ed1583837c6b027b3fd0a2851bcf352a580ac4d42f8f7789f382e71cffa2
929,,shapes/929.png,24,38,6,True,595,b847a9e26c0426da113efaece592306856d4339f40ebbed3a9f7b78ea87b3607
932,,shapes/932.png,34,39,6,True,479,a32211c44f18e5f0992b350eb75a598aff5a9c0802ee32fc07bf9602315ce5be
936,,shapes/936.png,34,39,6,True,479,a32211c44f18e5f0992b350eb75a598aff5a9c0802ee32fc07bf9602315ce5be
938,,shapes/938.png,34,39,6,True,471,fc1bd6a27f56d2b169121ac9a4aeaab4d20c083ae2864e8ae27ae72f2c43fe1d
94,,shapes/94.png,8,11,6,True,114,b806df0eef996b0b29c925fe813f1a2b113f7266e86691f9c7ba53daedaccdda
941,,shapes/941.png,32,32,6,True,374,26f62796f2e9ab8199d4595558d417e4b084e370fda7a95dafcbd8b187942fd5
943,,shapes/943.png,54,45,6,True,662,9f262c1900642f5a1bef6808de287f0f10b3e3b03b71e09f30cca5a97a43e649
945,,shapes/945.png,62,64,6,True,818,1bcb9f4b87d1149fd1d99ebf742381d76107f4595645584af84d2d44c9cb87db
947,,shapes/947.png,62,64,6,True,697,a58ab329777a567a921c16df11690c8f0fe2d22bbafd2e12128f01a1bb87573e
949,,shapes/949.png,62,64,6,True,605,37f6cdf91ab0201b105e04367269f16734fa77aa7c82dc59c165e7a96fc263b1
951,,shapes/951.png,62,64,6,True,467,50faaeb9035944af0e2000c2ac18a27a0a1c3da5fabe78d4be0f69c701167700
953,,shapes/953.png,62,64,6,True,233,be29243c60be4f1ac3695001d341e15205dfce68913d7996ac6f05582ef3dcf8
955,,shapes/955.png,62,64,6,True,205,dab19524880c78333d8daeb5f0a4473438f7e5274e26c57e8bba461a71bb0a80
957,,shapes/957.png,62,64,6,True,167,892a1b59aac0ab821597f20813fbb4d04885777fbd3fe5ca2038cf938ac130e4
960,,shapes/960.png,54,45,6,True,562,4183dd4ec3d7f3e2d4210fde8a77d1c602c909934983d262f9c9451b78b80a2f
962,,shapes/962.png,54,45,6,True,493,5090458787e49a47a03dfdc02a8b99735478ce5df2e84c73c71925b6361d0345
964,,shapes/964.png,54,45,6,True,345,dfc264e220bda2312dcb9bd2cee17409e286b721a7d0213e9c37f7bc1b9719ea
967,,shapes/967.png,33,32,6,True,623,5fedc36ec0717567538379fe50eb370c939fc05147766fa1fc8bc313b2cfccf8
97,,shapes/97.png,8,11,6,True,112,f615dbbebf04c23f803c0bbc562fa4ef90516cc61954bfe00592ce740e9e5569
970,,shapes/970.png,13,20,6,True,190,08d4e736fdb4f3917651503b097cf9f382e5fc7972a124c99f88e481b4a9a5af
973,,shapes/973.png,26,20,6,True,346,549f38937571cf1de37d060119c3193a49ed49e6598c1429757c5310f51c647f
975,,shapes/975.png,26,20,6,True,343,8b18d8485811063b07cfaf48aee2ac7401cfad0b716447d55a6ef75ea54cc467
977,,shapes/977.png,26,20,6,True,346,549f38937571cf1de37d060119c3193a49ed49e6598c1429757c5310f51c647f
979,,shapes/979.png,26,20,6,True,349,37642d98a2dfe4d31cbbf9c8f6bbed668a873b01251e764a84d3e890c7f2278a
981,,shapes/981.png,25,18,6,True,361,7dca9fe12fa24e6932e5d3b8d0a67857461de032a7acbfa4564aac21500de06d
984,,shapes/984.png,98,98,6,True,2204,97296f1de83db661dca51e8a6c768c4afd18e27dc262264438ef883068c3e2d0
987,,shapes/987.png,27,13,6,True,96,5957626b02e6eab4d6a944e1aee6f2c97fb60ef80452876655a4b106689e8e1f
989,,shapes/989.png,27,13,6,True,111,045023e045614a2e97c6ec6f7f6b50a9f530f9db5bcc73a0c33a26288a59dc75
991,,shapes/991.png,27,13,6,True,132,6f8980bfcc894ba896c452eddb224a2f2ff080bc024c74307c21d9b9c7bfd9fd
993,,shapes/993.png,27,13,6,True,146,d30461f60ae2ab51c841e57a88ebef44d1d72db625de82143703242a148e3740
995,,shapes/995.png,27,13,6,True,147,4127ca831289302ccdc1903583779a1cc06a957473bed9874020fda7aa9908ee
997,,shapes/997.png,27,13,6,True,133,25014d4cc91f0b1fbb2ac52c674456130da5f70ad679d84579f2b1cdfbdd6973
999,,shapes/999.png,27,13,6,True,108,5adc5955e6ee68dc8668c5c16454d42328963aa1d892f9466bda5b4397c43b4b
1002,,sprites/DefineSprite_1002/1.png,27,13,6,True,96,5957626b02e6eab4d6a944e1aee6f2c97fb60ef80452876655a4b106689e8e1f
1002,,sprites/DefineSprite_1002/10.png,27,13,6,True,147,4127ca831289302ccdc1903583779a1cc06a957473bed9874020fda7aa9908ee
1002,,sprites/DefineSprite_1002/11.png,27,13,6,True,133,25014d4cc91f0b1fbb2ac52c674456130da5f70ad679d84579f2b1cdfbdd6973
1002,,sprites/DefineSprite_1002/12.png,27,13,6,True,133,25014d4cc91f0b1fbb2ac52c674456130da5f70ad679d84579f2b1cdfbdd6973
1002,,sprites/DefineSprite_1002/13.png,27,13,6,True,108,5adc5955e6ee68dc8668c5c16454d42328963aa1d892f9466bda5b4397c43b4b
1002,,sprites/DefineSprite_1002/14.png,27,13,6,True,108,5adc5955e6ee68dc8668c5c16454d42328963aa1d892f9466bda5b4397c43b4b
1002,,sprites/DefineSprite_1002/15.png,27,13,6,True,90,99ec5eb04c33bdce9ca6e4255ae1c904878698df13840a805d6fe5b378832858
1002,,sprites/DefineSprite_1002/16.png,27,13,6,True,90,99ec5eb04c33bdce9ca6e4255ae1c904878698df13840a805d6fe5b378832858
1002,,sprites/DefineSprite_1002/17.png,27,13,6,True,77,816e9c5b1bd5b606c262236ecf04cb8a045e67164747ad95159c97f8f2569efc
1002,,sprites/DefineSprite_1002/18.png,27,13,6,True,77,816e9c5b1bd5b606c262236ecf04cb8a045e67164747ad95159c97f8f2569efc
1002,,sprites/DefineSprite_1002/2.png,27,13,6,True,96,5957626b02e6eab4d6a944e1aee6f2c97fb60ef80452876655a4b106689e8e1f
1002,,sprites/DefineSprite_1002/3.png,27,13,6,True,111,045023e045614a2e97c6ec6f7f6b50a9f530f9db5bcc73a0c33a26288a59dc75
1002,,sprites/DefineSprite_1002/4.png,27,13,6,True,111,045023e045614a2e97c6ec6f7f6b50a9f530f9db5bcc73a0c33a26288a59dc75
1002,,sprites/DefineSprite_1002/5.png,27,13,6,True,132,6f8980bfcc894ba896c452eddb224a2f2ff080bc024c74307c21d9b9c7bfd9fd
1002,,sprites/DefineSprite_1002/6.png,27,13,6,True,132,6f8980bfcc894ba896c452eddb224a2f2ff080bc024c74307c21d9b9c7bfd9fd
1002,,sprites/DefineSprite_1002/7.png,27,13,6,True,146,d30461f60ae2ab51c841e57a88ebef44d1d72db625de82143703242a148e3740
1002,,sprites/DefineSprite_1002/8.png,27,13,6,True,146,d30461f60ae2ab51c841e57a88ebef44d1d72db625de82143703242a148e3740
1002,,sprites/DefineSprite_1002/9.png,27,13,6,True,147,4127ca831289302ccdc1903583779a1cc06a957473bed9874020fda7aa9908ee
1003,anchor,sprites/DefineSprite_1003_anchor/1.png,104,100,6,True,2241,c3984fdec36a6072819051daecb94f6afb78c24ed4bf7ee15f83ee1e2090432d
1003,anchor,sprites/DefineSprite_1003_anchor/10.png,104,100,6,True,2374,aa3f36d3ae256e0e4d5fda4df462e3f2473ab57316ab935ddd7d611315e22ef6
1003,anchor,sprites/DefineSprite_1003_anchor/11.png,104,100,6,True,2375,95e3fb2482d0842649e4e2bd3d035ee440ff659dfb3a722ff6c9b4799ac95b57
1003,anchor,sprites/DefineSprite_1003_anchor/12.png,104,100,6,True,2375,95e3fb2482d0842649e4e2bd3d035ee440ff659dfb3a722ff6c9b4799ac95b57
1003,anchor,sprites/DefineSprite_1003_anchor/2.png,104,100,6,True,2241,647282b78cf00f3d5c1be053b28dec5ba77aca387ae638a9aeb4e90543a101cd
1003,anchor,sprites/DefineSprite_1003_anchor/3.png,104,100,6,True,2265,3e1297459902d4202314ff0764adad47b31451efde1981b6721f1a544207eb22
1003,anchor,sprites/DefineSprite_1003_anchor/4.png,104,100,6,True,2265,3e1297459902d4202314ff0764adad47b31451efde1981b6721f1a544207eb22
1003,anchor,sprites/DefineSprite_1003_anchor/5.png,104,100,6,True,2280,fbaad17dd65ba424b077dd7459db677f2f4ddfd3ceb6683be0d831903ceda8a0
1003,anchor,sprites/DefineSprite_1003_anchor/6.png,104,100,6,True,2280,fbaad17dd65ba424b077dd7459db677f2f4ddfd3ceb6683be0d831903ceda8a0
1003,anchor,sprites/DefineSprite_1003_anchor/7.png,104,100,6,True,2331,42ea024b89ac041b1ec755b8d0e06b0a5cb48a92d87f608b15d76b8e0565e747
1003,anchor,sprites/DefineSprite_1003_anchor/8.png,104,100,6,True,2331,42ea024b89ac041b1ec755b8d0e06b0a5cb48a92d87f608b15d76b8e0565e747
1003,anchor,sprites/DefineSprite_1003_anchor/9.png,104,100,6,True,2374,aa3f36d3ae256e0e4d5fda4df462e3f2473ab57316ab935ddd7d611315e22ef6
101,text_s,sprites/DefineSprite_101_text_s/1.png,8,11,6,True,116,04260902e1ae1d70e8265991ca5cf8b466fe8270fb53392a5dba6ab225f5db0a
1024,mine,sprites/DefineSprite_1024_mine/1.png,38,35,6,True,525,84ec8ad324dacc98ad86e27a361256d032b506221297314433359aa003e194e5
1024,mine,sprites/DefineSprite_1024_mine/10.png,38,35,6,True,525,84ec8ad324dacc98ad86e27a361256d032b506221297314433359aa003e194e5
1024,mine,sprites/DefineSprite_1024_mine/11.png,38,35,6,True,608,d279ab647e39e6edba264ec16c0ca654208400ee5f210270ea1a4ed73ef5e414
1024,mine,sprites/DefineSprite_1024_mine/12.png,38,35,6,True,648,a1fd4d44dfd419fad2a769168bea94f69185a178cf8f832d26eb23f7d74265a6
1024,mine,sprites/DefineSprite_1024_mine/13.png,38,35,6,True,676,b65f7ed491ce4363695f9a5ed0cabfd5ff704b775f5df241437d3261ce6997b7
1024,mine,sprites/DefineSprite_1024_mine/14.png,38,35,6,True,699,a1aadae8d80ab827a77ac510a6cb6d8fb6fbe31869c297182b58825624ba9a6c
1024,mine,sprites/DefineSprite_1024_mine/15.png,38,35,6,True,676,b65f7ed491ce4363695f9a5ed0cabfd5ff704b775f5df241437d3261ce6997b7
1024,mine,sprites/DefineSprite_1024_mine/16.png,38,35,6,True,676,b65f7ed491ce4363695f9a5ed0cabfd5ff704b775f5df241437d3261ce6997b7
1024,mine,sprites/DefineSprite_1024_mine/17.png,38,35,6,True,676,b65f7ed491ce4363695f9a5ed0cabfd5ff704b775f5df241437d3261ce6997b7
1024,mine,sprites/DefineSprite_1024_mine/18.png,38,35,6,True,676,b65f7ed491ce4363695f9a5ed0cabfd5ff704b775f5df241437d3261ce6997b7
1024,mine,sprites/DefineSprite_1024_mine/19.png,38,35,6,True,676,b65f7ed491ce4363695f9a5ed0cabfd5ff704b775f5df241437d3261ce6997b7
1024,mine,sprites/DefineSprite_1024_mine/2.png,38,35,6,True,525,84ec8ad324dacc98ad86e27a361256d032b506221297314433359aa003e194e5
1024,mine,sprites/DefineSprite_1024_mine/20.png,38,35,6,True,676,b65f7ed491ce4363695f9a5ed0cabfd5ff704b775f5df241437d3261ce6997b7
1024,mine,sprites/DefineSprite_1024_mine/21.png,38,35,6,True,676,b65f7ed491ce4363695f9a5ed0cabfd5ff704b775f5df241437d3261ce6997b7
1024,mine,sprites/DefineSprite_1024_mine/22.png,38,35,6,True,676,b65f7ed491ce4363695f9a5ed0cabfd5ff704b775f5df241437d3261ce6997b7
1024,mine,sprites/DefineSprite_1024_mine/23.png,38,35,6,True,679,72019c833d5dba08cbdfe4be63a49c1d614122263c13289b3b9b5957c10605ef
1024,mine,sprites/DefineSprite_1024_mine/24.png,38,35,6,True,679,72019c833d5dba08cbdfe4be63a49c1d614122263c13289b3b9b5957c10605ef
1024,mine,sprites/DefineSprite_1024_mine/25.png,38,35,6,True,690,53549b2e5221606a94cd95f7fda155b1df2d8857fb59dda90cd414215a5ca8b2
1024,mine,sprites/DefineSprite_1024_mine/26.png,38,35,6,True,690,53549b2e5221606a94cd95f7fda155b1df2d8857fb59dda90cd414215a5ca8b2
1024,mine,sprites/DefineSprite_1024_mine/27.png,38,35,6,True,715,80a713f9994179e7a81b0d3ef31d5be44e9b95c85f5480efb7330d2803e06730
1024,mine,sprites/DefineSprite_1024_mine/28.png,38,35,6,True,715,80a713f9994179e7a81b0d3ef31d5be44e9b95c85f5480efb7330d2803e06730
1024,mine,sprites/DefineSprite_1024_mine/29.png,38,35,6,True,715,80a713f9994179e7a81b0d3ef31d5be44e9b95c85f5480efb7330d2803e06730
1024,mine,sprites/DefineSprite_1024_mine/3.png,38,35,6,True,525,84ec8ad324dacc98ad86e27a361256d032b506221297314433359aa003e194e5
1024,mine,sprites/DefineSprite_1024_mine/30.png,38,35,6,True,715,80a713f9994179e7a81b0d3ef31d5be44e9b95c85f5480efb7330d2803e06730
1024,mine,sprites/DefineSprite_1024_mine/4.png,38,35,6,True,525,84ec8ad324dacc98ad86e27a361256d032b506221297314433359aa003e194e5
1024,mine,sprites/DefineSprite_1024_mine/5.png,38,35,6,True,525,84ec8ad324dacc98ad86e27a361256d032b506221297314433359aa003e194e5
1024,mine,sprites/DefineSprite_1024_mine/6.png,38,35,6,True,525,84ec8ad324dacc98ad86e27a361256d032b506221297314433359aa003e194e5
1024,mine,sprites/DefineSprite_1024_mine/7.png,38,35,6,True,525,84ec8ad324dacc98ad86e27a361256d032b506221297314433359aa003e194e5
1024,mine,sprites/DefineSprite_1024_mine/8.png,38,35,6,True,525,84ec8ad324dacc98ad86e27a361256d032b506221297314433359aa003e194e5
1024,mine,sprites/DefineSprite_1024_mine/9.png,38,35,6,True,525,84ec8ad324dacc98ad86e27a361256d032b506221297314433359aa003e194e5
1027,voodooDoll,sprites/DefineSprite_1027_voodooDoll/1.png,19,26,6,True,426,2f20b8765740057e2ddc90ea7dce2f78dca1bcffa7cacf01a9b35da527fd6910
104,text_space,sprites/DefineSprite_104_text_space/1.png,4,11,6,True,69,947f6f1aaade78c2687be2a27e7d69545362f2465904f108a7a82d546b68a549
1058,tidalWave,sprites/DefineSprite_1058_tidalWave/1.png,499,352,6,True,13660,8c7a67449943b3d8212b2a5f12de14df1abf5b6ae6e154a9ef8f129326514cb5
1058,tidalWave,sprites/DefineSprite_1058_tidalWave/10.png,499,352,6,True,13960,07a9fa20d48ee504950277a6e313051bd5d33af16549099854abd740f74a0577
1058,tidalWave,sprites/DefineSprite_1058_tidalWave/11.png,499,352,6,True,14127,002f3c75e61981c6478dc193792b8a69bb1cadc69b6bda302db40e5679947fd7
1058,tidalWave,sprites/DefineSprite_1058_tidalWave/12.png,499,352,6,True,14359,351d86f35e29ac327079d5159e1f7fe1b6b34a58c515e2e4ebeb795c3a0a5fa3
1058,tidalWave,sprites/DefineSprite_1058_tidalWave/13.png,499,352,6,True,14352,4b50bc81a3d194c4d0b3e2e1425ec66a317c6e70e928485c72660206dfbf26f4
1058,tidalWave,sprites/DefineSprite_1058_tidalWave/14.png,499,352,6,True,14148,f2e763bcf27910c8754a2202c286e7f3c744e404bf19fe5360f560ec488fb261
1058,tidalWave,sprites/DefineSprite_1058_tidalWave/15.png,499,352,6,True,761,198790e0ea121243c235985f08d2967fff31c2b86cea7ff1ba4e73d6ce2a84c5
1058,tidalWave,sprites/DefineSprite_1058_tidalWave/16.png,499,352,6,True,761,198790e0ea121243c235985f08d2967fff31c2b86cea7ff1ba4e73d6ce2a84c5
1058,tidalWave,sprites/DefineSprite_1058_tidalWave/17.png,499,352,6,True,761,198790e0ea121243c235985f08d2967fff31c2b86cea7ff1ba4e73d6ce2a84c5
1058,tidalWave,sprites/DefineSprite_1058_tidalWave/18.png,499,352,6,True,761,198790e0ea121243c235985f08d2967fff31c2b86cea7ff1ba4e73d6ce2a84c5
1058,tidalWave,sprites/DefineSprite_1058_tidalWave/19.png,499,352,6,True,13853,5c23b07aca2afeb80caddd47207ea0c13b958ca4d692f7a64f47af2e8fe61678
1058,tidalWave,sprites/DefineSprite_1058_tidalWave/2.png,499,352,6,True,13817,a978d7042c1c74e16254f81f01ab34001c3f7fdbe0861083b3f3a9ff56970afa
1058,tidalWave,sprites/DefineSprite_1058_tidalWave/20.png,499,352,6,True,14026,01d7342b245d051198da202d10058187148b3c2e914fe39955f3ab58ead8efdf
1058,tidalWave,sprites/DefineSprite_1058_tidalWave/21.png,499,352,6,True,14257,643b11901e96713caf8b15103034c2ea1308038aee7db1a22b5013920102c3bc
1058,tidalWave,sprites/DefineSprite_1058_tidalWave/22.png,499,352,6,True,14249,e9c8694428de6a87505fb01a5d60e6429dd7aa63cdb6dd18a9ee1c63671be182
1058,tidalWave,sprites/DefineSprite_1058_tidalWave/23.png,499,352,6,True,14060,f60c10342947524eca0da0b4c219d9a266e7caa4d7181d80ad7a917f740fe723
1058,tidalWave,sprites/DefineSprite_1058_tidalWave/24.png,499,352,6,True,761,198790e0ea121243c235985f08d2967fff31c2b86cea7ff1ba4e73d6ce2a84c5
1058,tidalWave,sprites/DefineSprite_1058_tidalWave/25.png,499,352,6,True,761,198790e0ea121243c235985f08d2967fff31c2b86cea7ff1ba4e73d6ce2a84c5
1058,tidalWave,sprites/DefineSprite_1058_tidalWave/26.png,499,352,6,True,761,198790e0ea121243c235985f08d2967fff31c2b86cea7ff1ba4e73d6ce2a84c5
1058,tidalWave,sprites/DefineSprite_1058_tidalWave/27.png,499,352,6,True,761,198790e0ea121243c235985f08d2967fff31c2b86cea7ff1ba4e73d6ce2a84c5
1058,tidalWave,sprites/DefineSprite_1058_tidalWave/3.png,499,352,6,True,14116,44b325a9ecf634c076edd3d3c977625989e91179dd5bdd97fe640be6e561f726
1058,tidalWave,sprites/DefineSprite_1058_tidalWave/4.png,499,352,6,True,14073,277b982539c7fdd8487f8bc64e90bb4fffaa273160e0d8a2367f78cfb7689a90
1058,tidalWave,sprites/DefineSprite_1058_tidalWave/5.png,499,352,6,True,13825,94010386dcf63b0141a470342fc73deb1adac921435dcb88e0b31e81b26af61d
1058,tidalWave,sprites/DefineSprite_1058_tidalWave/6.png,499,352,6,True,761,198790e0ea121243c235985f08d2967fff31c2b86cea7ff1ba4e73d6ce2a84c5
1058,tidalWave,sprites/DefineSprite_1058_tidalWave/7.png,499,352,6,True,761,198790e0ea121243c235985f08d2967fff31c2b86cea7ff1ba4e73d6ce2a84c5
1058,tidalWave,sprites/DefineSprite_1058_tidalWave/8.png,499,352,6,True,761,198790e0ea121243c235985f08d2967fff31c2b86cea7ff1ba4e73d6ce2a84c5
1058,tidalWave,sprites/DefineSprite_1058_tidalWave/9.png,499,352,6,True,761,198790e0ea121243c235985f08d2967fff31c2b86cea7ff1ba4e73d6ce2a84c5
1061,bone,sprites/DefineSprite_1061_bone/1.png,13,7,6,True,143,5e58bddeed3f7660443afbce1fc0e4710931780190524d48dbcadb4e16b89eef
1064,skull,sprites/DefineSprite_1064_skull/1.png,18,14,6,True,195,a730eeb2bf41606095b4484e46c94c0b92971fc59b2d2501413ed6daa6d50f38
1065,deadCharacter,sprites/DefineSprite_1065_deadCharacter/1.png,26,22,6,True,247,828b793653fa26f639de12a4e917bc44b7990911d3c94c04be668fe3e58594c8
1065,deadCharacter,sprites/DefineSprite_1065_deadCharacter/10.png,26,22,6,True,232,0644729ff979150cc0814eed258ed1041ca7ce0c4f02e6c9332bb08bc1ff9072
1065,deadCharacter,sprites/DefineSprite_1065_deadCharacter/11.png,26,22,6,True,231,3fbdd0c706283524249e62c4e6e1a09b53dfc6f4ede22b10fca146e19b391f00
1065,deadCharacter,sprites/DefineSprite_1065_deadCharacter/12.png,26,22,6,True,245,45ac479521428cd137f5518219337a3baa523ce4ad57737b562d6401ae2204f9
1065,deadCharacter,sprites/DefineSprite_1065_deadCharacter/13.png,26,22,6,True,243,670c33b8fb60fa69a58c2e423bcb709288855eded6ea7d6de4336992ec64b7c1
1065,deadCharacter,sprites/DefineSprite_1065_deadCharacter/14.png,26,22,6,True,236,d5ba06952b5c6358853322c64b0b122300331a572e5414a13b637f2962b44f42
1065,deadCharacter,sprites/DefineSprite_1065_deadCharacter/15.png,26,22,6,True,245,1b9c1ca1b257c8cfb7468aa43733ac7f28cc4fab73fffff2757495772379747c
1065,deadCharacter,sprites/DefineSprite_1065_deadCharacter/16.png,26,22,6,True,242,d29cb93007f541c95fdea21f5e442586e72b4a0c0446e62627289f47545ebda2
1065,deadCharacter,sprites/DefineSprite_1065_deadCharacter/17.png,26,22,6,True,238,74a461545d82bac0421088bd18c378e5e029a3926ad45b056ca5b48e45c5eedd
1065,deadCharacter,sprites/DefineSprite_1065_deadCharacter/18.png,26,22,6,True,246,c4f53d07390b26b26a48465688464aca737d76bd53ab686801c82e847a25fee9
1065,deadCharacter,sprites/DefineSprite_1065_deadCharacter/19.png,26,22,6,True,246,c4f53d07390b26b26a48465688464aca737d76bd53ab686801c82e847a25fee9
1065,deadCharacter,sprites/DefineSprite_1065_deadCharacter/2.png,26,22,6,True,258,0c01bea25a2268e0eea44093539d794d248eedd4e5b6ace89a75feeb961d793d
1065,deadCharacter,sprites/DefineSprite_1065_deadCharacter/20.png,26,22,6,True,246,c4f53d07390b26b26a48465688464aca737d76bd53ab686801c82e847a25fee9
1065,deadCharacter,sprites/DefineSprite_1065_deadCharacter/21.png,26,22,6,True,246,c4f53d07390b26b26a48465688464aca737d76bd53ab686801c82e847a25fee9
1065,deadCharacter,sprites/DefineSprite_1065_deadCharacter/22.png,26,22,6,True,246,c4f53d07390b26b26a48465688464aca737d76bd53ab686801c82e847a25fee9
1065,deadCharacter,sprites/DefineSprite_1065_deadCharacter/23.png,26,22,6,True,246,c4f53d07390b26b26a48465688464aca737d76bd53ab686801c82e847a25fee9
1065,deadCharacter,sprites/DefineSprite_1065_deadCharacter/24.png,26,22,6,True,246,c4f53d07390b26b26a48465688464aca737d76bd53ab686801c82e847a25fee9
1065,deadCharacter,sprites/DefineSprite_1065_deadCharacter/3.png,26,22,6,True,276,0e1a7812e5bfbcdff2ddc710bb34e8f19528e0fc5d821ad97d8449130c22ff3a
1065,deadCharacter,sprites/DefineSprite_1065_deadCharacter/4.png,26,22,6,True,270,8cbba0597e0cfb3dbbf580a8f605202cb47d53159e2a12f9baeebb3abc26cd56
1065,deadCharacter,sprites/DefineSprite_1065_deadCharacter/5.png,26,22,6,True,260,5f05b788db18414f39910f71090131595ffe14cf5311c91a66ea2cc0d2e2a337
1065,deadCharacter,sprites/DefineSprite_1065_deadCharacter/6.png,26,22,6,True,244,ff4cb979e593ffaa2e7c5b7158cb065df410c0d132bfade5ea86d28a867da78a
1065,deadCharacter,sprites/DefineSprite_1065_deadCharacter/7.png,26,22,6,True,242,6f528df2fca05e7ff7b16cfa95f2d8543ce470e588b6e823474f7394c8ddc813
1065,deadCharacter,sprites/DefineSprite_1065_deadCharacter/8.png,26,22,6,True,240,e45e19afc7e5f1fc2b83da58679784e799be64b7d927b71591929ea18337b6e7
1065,deadCharacter,sprites/DefineSprite_1065_deadCharacter/9.png,26,22,6,True,236,60e725cdf8bf9d4344d7f97dcf6605cc221cabedde6142e13fa49cd605ea3ff5
1077,bluePirate,sprites/DefineSprite_1077_bluePirate/1.png,28,30,6,True,378,c6f4d45d87ad78d39dd041c09b84d4eeeca0a93d9482eb9e6e638d8e242286de
1077,bluePirate,sprites/DefineSprite_1077_bluePirate/10.png,28,30,6,True,376,37c2c472faae675c4b737da804c0e69cac65abe76d8727f525651943e8ae9e84
1077,bluePirate,sprites/DefineSprite_1077_bluePirate/11.png,28,30,6,True,376,37c2c472faae675c4b737da804c0e69cac65abe76d8727f525651943e8ae9e84
1077,bluePirate,sprites/DefineSprite_1077_bluePirate/12.png,28,30,6,True,376,37c2c472faae675c4b737da804c0e69cac65abe76d8727f525651943e8ae9e84
1077,bluePirate,sprites/DefineSprite_1077_bluePirate/13.png,28,30,6,True,83,b75ebdbf6626b4de3f18eb11ce42d39710e2eafbf650279e8c48a3e58efedba7
1077,bluePirate,sprites/DefineSprite_1077_bluePirate/14.png,28,30,6,True,83,b75ebdbf6626b4de3f18eb11ce42d39710e2eafbf650279e8c48a3e58efedba7
1077,bluePirate,sprites/DefineSprite_1077_bluePirate/15.png,28,30,6,True,393,e7bf9e8d1198fc701824426aea5fbc3c76310db6e81923aebdd82e838d6cc631
1077,bluePirate,sprites/DefineSprite_1077_bluePirate/16.png,28,30,6,True,393,e7bf9e8d1198fc701824426aea5fbc3c76310db6e81923aebdd82e838d6cc631
1077,bluePirate,sprites/DefineSprite_1077_bluePirate/17.png,28,30,6,True,393,e7bf9e8d1198fc701824426aea5fbc3c76310db6e81923aebdd82e838d6cc631
1077,bluePirate,sprites/DefineSprite_1077_bluePirate/18.png,28,30,6,True,393,e7bf9e8d1198fc701824426aea5fbc3c76310db6e81923aebdd82e838d6cc631
1077,bluePirate,sprites/DefineSprite_1077_bluePirate/19.png,28,30,6,True,393,e7bf9e8d1198fc701824426aea5fbc3c76310db6e81923aebdd82e838d6cc631
1077,bluePirate,sprites/DefineSprite_1077_bluePirate/2.png,28,30,6,True,378,c6f4d45d87ad78d39dd041c09b84d4eeeca0a93d9482eb9e6e638d8e242286de
1077,bluePirate,sprites/DefineSprite_1077_bluePirate/20.png,28,30,6,True,393,e7bf9e8d1198fc701824426aea5fbc3c76310db6e81923aebdd82e838d6cc631
1077,bluePirate,sprites/DefineSprite_1077_bluePirate/21.png,28,30,6,True,393,e7bf9e8d1198fc701824426aea5fbc3c76310db6e81923aebdd82e838d6cc631
1077,bluePirate,sprites/DefineSprite_1077_bluePirate/22.png,28,30,6,True,393,e7bf9e8d1198fc701824426aea5fbc3c76310db6e81923aebdd82e838d6cc631
1077,bluePirate,sprites/DefineSprite_1077_bluePirate/23.png,28,30,6,True,393,e7bf9e8d1198fc701824426aea5fbc3c76310db6e81923aebdd82e838d6cc631
1077,bluePirate,sprites/DefineSprite_1077_bluePirate/24.png,28,30,6,True,393,e7bf9e8d1198fc701824426aea5fbc3c76310db6e81923aebdd82e838d6cc631
1077,bluePirate,sprites/DefineSprite_1077_bluePirate/25.png,28,30,6,True,393,e7bf9e8d1198fc701824426aea5fbc3c76310db6e81923aebdd82e838d6cc631
1077,bluePirate,sprites/DefineSprite_1077_bluePirate/26.png,28,30,6,True,393,e7bf9e8d1198fc701824426aea5fbc3c76310db6e81923aebdd82e838d6cc631
1077,bluePirate,sprites/DefineSprite_1077_bluePirate/27.png,28,30,6,True,393,e7bf9e8d1198fc701824426aea5fbc3c76310db6e81923aebdd82e838d6cc631
1077,bluePirate,sprites/DefineSprite_1077_bluePirate/28.png,28,30,6,True,393,e7bf9e8d1198fc701824426aea5fbc3c76310db6e81923aebdd82e838d6cc631
1077,bluePirate,sprites/DefineSprite_1077_bluePirate/29.png,28,30,6,True,393,e7bf9e8d1198fc701824426aea5fbc3c76310db6e81923aebdd82e838d6cc631
1077,bluePirate,sprites/DefineSprite_1077_bluePirate/3.png,28,30,6,True,378,c6f4d45d87ad78d39dd041c09b84d4eeeca0a93d9482eb9e6e638d8e242286de
1077,bluePirate,sprites/DefineSprite_1077_bluePirate/30.png,28,30,6,True,393,e7bf9e8d1198fc701824426aea5fbc3c76310db6e81923aebdd82e838d6cc631
1077,bluePirate,sprites/DefineSprite_1077_bluePirate/31.png,28,30,6,True,393,e7bf9e8d1198fc701824426aea5fbc3c76310db6e81923aebdd82e838d6cc631
1077,bluePirate,sprites/DefineSprite_1077_bluePirate/32.png,28,30,6,True,393,e7bf9e8d1198fc701824426aea5fbc3c76310db6e81923aebdd82e838d6cc631
1077,bluePirate,sprites/DefineSprite_1077_bluePirate/33.png,28,30,6,True,393,e7bf9e8d1198fc701824426aea5fbc3c76310db6e81923aebdd82e838d6cc631
1077,bluePirate,sprites/DefineSprite_1077_bluePirate/34.png,28,30,6,True,393,e7bf9e8d1198fc701824426aea5fbc3c76310db6e81923aebdd82e838d6cc631
1077,bluePirate,sprites/DefineSprite_1077_bluePirate/35.png,28,30,6,True,393,e7bf9e8d1198fc701824426aea5fbc3c76310db6e81923aebdd82e838d6cc631
1077,bluePirate,sprites/DefineSprite_1077_bluePirate/4.png,28,30,6,True,368,239a7fff3bb9a3f98ba071db1a4930a0157e46723fac09b9c0cc071b02a8f5f4
1077,bluePirate,sprites/DefineSprite_1077_bluePirate/5.png,28,30,6,True,368,239a7fff3bb9a3f98ba071db1a4930a0157e46723fac09b9c0cc071b02a8f5f4
1077,bluePirate,sprites/DefineSprite_1077_bluePirate/6.png,28,30,6,True,368,239a7fff3bb9a3f98ba071db1a4930a0157e46723fac09b9c0cc071b02a8f5f4
1077,bluePirate,sprites/DefineSprite_1077_bluePirate/7.png,28,30,6,True,378,c6f4d45d87ad78d39dd041c09b84d4eeeca0a93d9482eb9e6e638d8e242286de
1077,bluePirate,sprites/DefineSprite_1077_bluePirate/8.png,28,30,6,True,378,c6f4d45d87ad78d39dd041c09b84d4eeeca0a93d9482eb9e6e638d8e242286de
1077,bluePirate,sprites/DefineSprite_1077_bluePirate/9.png,28,30,6,True,378,c6f4d45d87ad78d39dd041c09b84d4eeeca0a93d9482eb9e6e638d8e242286de
107,text_stop,sprites/DefineSprite_107_text_stop/1.png,4,11,6,True,82,ee5070c738c939f6c08a51d8a6a9380c08f5f1e29eca9a17e58f6a607efac128
1086,tribe,sprites/DefineSprite_1086_tribe/1.png,24,30,6,True,348,4c237d2049b46c3d2a31ecd593c57ef088998139d951d0aaf06e6cc1547e1ae8
1086,tribe,sprites/DefineSprite_1086_tribe/10.png,24,30,6,True,335,e8037a41ea3dc63acdecaad303e2c1360a0cea4c9d427bce67f230844d436576
1086,tribe,sprites/DefineSprite_1086_tribe/11.png,24,30,6,True,335,e8037a41ea3dc63acdecaad303e2c1360a0cea4c9d427bce67f230844d436576
1086,tribe,sprites/DefineSprite_1086_tribe/12.png,24,30,6,True,335,e8037a41ea3dc63acdecaad303e2c1360a0cea4c9d427bce67f230844d436576
1086,tribe,sprites/DefineSprite_1086_tribe/13.png,24,30,6,True,83,6c241e0d2fd11469b9eca3fd9a2bba648b000a9b8dc207633b9967d4c3e2787f
1086,tribe,sprites/DefineSprite_1086_tribe/14.png,24,30,6,True,83,6c241e0d2fd11469b9eca3fd9a2bba648b000a9b8dc207633b9967d4c3e2787f
1086,tribe,sprites/DefineSprite_1086_tribe/15.png,24,30,6,True,375,4dad8ca0ca8b6e655214ee1ac33728102dfe4bc56e1784269c5782c534fa2b18
1086,tribe,sprites/DefineSprite_1086_tribe/16.png,24,30,6,True,375,4dad8ca0ca8b6e655214ee1ac33728102dfe4bc56e1784269c5782c534fa2b18
1086,tribe,sprites/DefineSprite_1086_tribe/17.png,24,30,6,True,375,4dad8ca0ca8b6e655214ee1ac33728102dfe4bc56e1784269c5782c534fa2b18
1086,tribe,sprites/DefineSprite_1086_tribe/18.png,24,30,6,True,375,4dad8ca0ca8b6e655214ee1ac33728102dfe4bc56e1784269c5782c534fa2b18
1086,tribe,sprites/DefineSprite_1086_tribe/19.png,24,30,6,True,375,4dad8ca0ca8b6e655214ee1ac33728102dfe4bc56e1784269c5782c534fa2b18
1086,tribe,sprites/DefineSprite_1086_tribe/2.png,24,30,6,True,348,4c237d2049b46c3d2a31ecd593c57ef088998139d951d0aaf06e6cc1547e1ae8
1086,tribe,sprites/DefineSprite_1086_tribe/20.png,24,30,6,True,375,4dad8ca0ca8b6e655214ee1ac33728102dfe4bc56e1784269c5782c534fa2b18
1086,tribe,sprites/DefineSprite_1086_tribe/21.png,24,30,6,True,375,4dad8ca0ca8b6e655214ee1ac33728102dfe4bc56e1784269c5782c534fa2b18
1086,tribe,sprites/DefineSprite_1086_tribe/22.png,24,30,6,True,375,4dad8ca0ca8b6e655214ee1ac33728102dfe4bc56e1784269c5782c534fa2b18
1086,tribe,sprites/DefineSprite_1086_tribe/23.png,24,30,6,True,375,4dad8ca0ca8b6e655214ee1ac33728102dfe4bc56e1784269c5782c534fa2b18
1086,tribe,sprites/DefineSprite_1086_tribe/24.png,24,30,6,True,375,4dad8ca0ca8b6e655214ee1ac33728102dfe4bc56e1784269c5782c534fa2b18
1086,tribe,sprites/DefineSprite_1086_tribe/25.png,24,30,6,True,375,4dad8ca0ca8b6e655214ee1ac33728102dfe4bc56e1784269c5782c534fa2b18
1086,tribe,sprites/DefineSprite_1086_tribe/26.png,24,30,6,True,375,4dad8ca0ca8b6e655214ee1ac33728102dfe4bc56e1784269c5782c534fa2b18
1086,tribe,sprites/DefineSprite_1086_tribe/27.png,24,30,6,True,375,4dad8ca0ca8b6e655214ee1ac33728102dfe4bc56e1784269c5782c534fa2b18
1086,tribe,sprites/DefineSprite_1086_tribe/28.png,24,30,6,True,375,4dad8ca0ca8b6e655214ee1ac33728102dfe4bc56e1784269c5782c534fa2b18
1086,tribe,sprites/DefineSprite_1086_tribe/29.png,24,30,6,True,375,4dad8ca0ca8b6e655214ee1ac33728102dfe4bc56e1784269c5782c534fa2b18
1086,tribe,sprites/DefineSprite_1086_tribe/3.png,24,30,6,True,348,4c237d2049b46c3d2a31ecd593c57ef088998139d951d0aaf06e6cc1547e1ae8
1086,tribe,sprites/DefineSprite_1086_tribe/30.png,24,30,6,True,375,4dad8ca0ca8b6e655214ee1ac33728102dfe4bc56e1784269c5782c534fa2b18
1086,tribe,sprites/DefineSprite_1086_tribe/31.png,24,30,6,True,375,4dad8ca0ca8b6e655214ee1ac33728102dfe4bc56e1784269c5782c534fa2b18
1086,tribe,sprites/DefineSprite_1086_tribe/32.png,24,30,6,True,375,4dad8ca0ca8b6e655214ee1ac33728102dfe4bc56e1784269c5782c534fa2b18
1086,tribe,sprites/DefineSprite_1086_tribe/33.png,24,30,6,True,375,4dad8ca0ca8b6e655214ee1ac33728102dfe4bc56e1784269c5782c534fa2b18
1086,tribe,sprites/DefineSprite_1086_tribe/34.png,24,30,6,True,375,4dad8ca0ca8b6e655214ee1ac33728102dfe4bc56e1784269c5782c534fa2b18
1086,tribe,sprites/DefineSprite_1086_tribe/35.png,24,30,6,True,375,4dad8ca0ca8b6e655214ee1ac33728102dfe4bc56e1784269c5782c534fa2b18
1086,tribe,sprites/DefineSprite_1086_tribe/4.png,24,30,6,True,333,90870ff46db5ac0f85cc5d7d64901bc8c9514334005e02016099cb11584ee8f7
1086,tribe,sprites/DefineSprite_1086_tribe/5.png,24,30,6,True,333,90870ff46db5ac0f85cc5d7d64901bc8c9514334005e02016099cb11584ee8f7
1086,tribe,sprites/DefineSprite_1086_tribe/6.png,24,30,6,True,333,90870ff46db5ac0f85cc5d7d64901bc8c9514334005e02016099cb11584ee8f7
1086,tribe,sprites/DefineSprite_1086_tribe/7.png,24,30,6,True,348,4c237d2049b46c3d2a31ecd593c57ef088998139d951d0aaf06e6cc1547e1ae8
1086,tribe,sprites/DefineSprite_1086_tribe/8.png,24,30,6,True,348,4c237d2049b46c3d2a31ecd593c57ef088998139d951d0aaf06e6cc1547e1ae8
1086,tribe,sprites/DefineSprite_1086_tribe/9.png,24,30,6,True,348,4c237d2049b46c3d2a31ecd593c57ef088998139d951d0aaf06e6cc1547e1ae8
1097,cabinBoy,sprites/DefineSprite_1097_cabinBoy/1.png,28,30,6,True,396,c533804c6b6614c5ca995311371c533d36d24b24231ba31497e7e6a227ea2018
1097,cabinBoy,sprites/DefineSprite_1097_cabinBoy/10.png,28,30,6,True,386,50e348a1b86cd6b4300923f2ba1cf6274c1c1d8cfee698a313b9506a6307c518
1097,cabinBoy,sprites/DefineSprite_1097_cabinBoy/11.png,28,30,6,True,386,50e348a1b86cd6b4300923f2ba1cf6274c1c1d8cfee698a313b9506a6307c518
1097,cabinBoy,sprites/DefineSprite_1097_cabinBoy/12.png,28,30,6,True,386,50e348a1b86cd6b4300923f2ba1cf6274c1c1d8cfee698a313b9506a6307c518
1097,cabinBoy,sprites/DefineSprite_1097_cabinBoy/13.png,28,30,6,True,83,b75ebdbf6626b4de3f18eb11ce42d39710e2eafbf650279e8c48a3e58efedba7
1097,cabinBoy,sprites/DefineSprite_1097_cabinBoy/14.png,28,30,6,True,83,b75ebdbf6626b4de3f18eb11ce42d39710e2eafbf650279e8c48a3e58efedba7
1097,cabinBoy,sprites/DefineSprite_1097_cabinBoy/15.png,28,30,6,True,408,74881e1bfb8ba47e557965dde91b4028c09db412143a9b367312408a23e7cd35
1097,cabinBoy,sprites/DefineSprite_1097_cabinBoy/16.png,28,30,6,True,408,74881e1bfb8ba47e557965dde91b4028c09db412143a9b367312408a23e7cd35
1097,cabinBoy,sprites/DefineSprite_1097_cabinBoy/17.png,28,30,6,True,408,74881e1bfb8ba47e557965dde91b4028c09db412143a9b367312408a23e7cd35
1097,cabinBoy,sprites/DefineSprite_1097_cabinBoy/18.png,28,30,6,True,408,74881e1bfb8ba47e557965dde91b4028c09db412143a9b367312408a23e7cd35
1097,cabinBoy,sprites/DefineSprite_1097_cabinBoy/19.png,28,30,6,True,408,74881e1bfb8ba47e557965dde91b4028c09db412143a9b367312408a23e7cd35
1097,cabinBoy,sprites/DefineSprite_1097_cabinBoy/2.png,28,30,6,True,396,c533804c6b6614c5ca995311371c533d36d24b24231ba31497e7e6a227ea2018
1097,cabinBoy,sprites/DefineSprite_1097_cabinBoy/20.png,28,30,6,True,408,74881e1bfb8ba47e557965dde91b4028c09db412143a9b367312408a23e7cd35
1097,cabinBoy,sprites/DefineSprite_1097_cabinBoy/21.png,28,30,6,True,408,74881e1bfb8ba47e557965dde91b4028c09db412143a9b367312408a23e7cd35
1097,cabinBoy,sprites/DefineSprite_1097_cabinBoy/22.png,28,30,6,True,408,74881e1bfb8ba47e557965dde91b4028c09db412143a9b367312408a23e7cd35
1097,cabinBoy,sprites/DefineSprite_1097_cabinBoy/23.png,28,30,6,True,408,74881e1bfb8ba47e557965dde91b4028c09db412143a9b367312408a23e7cd35
1097,cabinBoy,sprites/DefineSprite_1097_cabinBoy/24.png,28,30,6,True,408,74881e1bfb8ba47e557965dde91b4028c09db412143a9b367312408a23e7cd35
1097,cabinBoy,sprites/DefineSprite_1097_cabinBoy/25.png,28,30,6,True,408,74881e1bfb8ba47e557965dde91b4028c09db412143a9b367312408a23e7cd35
1097,cabinBoy,sprites/DefineSprite_1097_cabinBoy/26.png,28,30,6,True,408,74881e1bfb8ba47e557965dde91b4028c09db412143a9b367312408a23e7cd35
1097,cabinBoy,sprites/DefineSprite_1097_cabinBoy/27.png,28,30,6,True,408,74881e1bfb8ba47e557965dde91b4028c09db412143a9b367312408a23e7cd35
1097,cabinBoy,sprites/DefineSprite_1097_cabinBoy/28.png,28,30,6,True,408,74881e1bfb8ba47e557965dde91b4028c09db412143a9b367312408a23e7cd35
1097,cabinBoy,sprites/DefineSprite_1097_cabinBoy/29.png,28,30,6,True,408,74881e1bfb8ba47e557965dde91b4028c09db412143a9b367312408a23e7cd35
1097,cabinBoy,sprites/DefineSprite_1097_cabinBoy/3.png,28,30,6,True,396,c533804c6b6614c5ca995311371c533d36d24b24231ba31497e7e6a227ea2018
1097,cabinBoy,sprites/DefineSprite_1097_cabinBoy/30.png,28,30,6,True,408,74881e1bfb8ba47e557965dde91b4028c09db412143a9b367312408a23e7cd35
1097,cabinBoy,sprites/DefineSprite_1097_cabinBoy/31.png,28,30,6,True,408,74881e1bfb8ba47e557965dde91b4028c09db412143a9b367312408a23e7cd35
1097,cabinBoy,sprites/DefineSprite_1097_cabinBoy/32.png,28,30,6,True,408,74881e1bfb8ba47e557965dde91b4028c09db412143a9b367312408a23e7cd35
1097,cabinBoy,sprites/DefineSprite_1097_cabinBoy/33.png,28,30,6,True,408,74881e1bfb8ba47e557965dde91b4028c09db412143a9b367312408a23e7cd35
1097,cabinBoy,sprites/DefineSprite_1097_cabinBoy/34.png,28,30,6,True,408,74881e1bfb8ba47e557965dde91b4028c09db412143a9b367312408a23e7cd35
1097,cabinBoy,sprites/DefineSprite_1097_cabinBoy/35.png,28,30,6,True,408,74881e1bfb8ba47e557965dde91b4028c09db412143a9b367312408a23e7cd35
1097,cabinBoy,sprites/DefineSprite_1097_cabinBoy/4.png,28,30,6,True,385,840462ae7bf08244e268d967d97c77e4a72396eb3ab936f7abe8d5ece56f01ac
1097,cabinBoy,sprites/DefineSprite_1097_cabinBoy/5.png,28,30,6,True,385,840462ae7bf08244e268d967d97c77e4a72396eb3ab936f7abe8d5ece56f01ac
1097,cabinBoy,sprites/DefineSprite_1097_cabinBoy/6.png,28,30,6,True,385,840462ae7bf08244e268d967d97c77e4a72396eb3ab936f7abe8d5ece56f01ac
1097,cabinBoy,sprites/DefineSprite_1097_cabinBoy/7.png,28,30,6,True,396,c533804c6b6614c5ca995311371c533d36d24b24231ba31497e7e6a227ea2018
1097,cabinBoy,sprites/DefineSprite_1097_cabinBoy/8.png,28,30,6,True,396,c533804c6b6614c5ca995311371c533d36d24b24231ba31497e7e6a227ea2018
1097,cabinBoy,sprites/DefineSprite_1097_cabinBoy/9.png,28,30,6,True,396,c533804c6b6614c5ca995311371c533d36d24b24231ba31497e7e6a227ea2018
1106,oldPirate,sprites/DefineSprite_1106_oldPirate/1.png,36,30,6,True,459,8a23b57d3f7aa65e81a1c703cae6fc79a0fd2e29674b0ae65ca4177e7f4d4872
1106,oldPirate,sprites/DefineSprite_1106_oldPirate/10.png,36,30,6,True,455,6c4dd675b42ef3fa278915d0455f0257c7d0da3b9659b2f533617f422a2a7257
1106,oldPirate,sprites/DefineSprite_1106_oldPirate/11.png,36,30,6,True,455,6c4dd675b42ef3fa278915d0455f0257c7d0da3b9659b2f533617f422a2a7257
1106,oldPirate,sprites/DefineSprite_1106_oldPirate/12.png,36,30,6,True,455,6c4dd675b42ef3fa278915d0455f0257c7d0da3b9659b2f533617f422a2a7257
1106,oldPirate,sprites/DefineSprite_1106_oldPirate/13.png,36,30,6,True,84,e6bdf5b3d957d30eb50dd7b41d8e27e5b2aa976f974f833fd04c3ee50dba38ad
1106,oldPirate,sprites/DefineSprite_1106_oldPirate/14.png,36,30,6,True,84,e6bdf5b3d957d30eb50dd7b41d8e27e5b2aa976f974f833fd04c3ee50dba38ad
1106,oldPirate,sprites/DefineSprite_1106_oldPirate/15.png,36,30,6,True,450,128162309ddb0cf215777d8cd2a53f600c11e45d1f4d3e5157d4b70644ec4c5b
1106,oldPirate,sprites/DefineSprite_1106_oldPirate/16.png,36,30,6,True,450,128162309ddb0cf215777d8cd2a53f600c11e45d1f4d3e5157d4b70644ec4c5b
1106,oldPirate,sprites/DefineSprite_1106_oldPirate/17.png,36,30,6,True,450,128162309ddb0cf215777d8cd2a53f600c11e45d1f4d3e5157d4b70644ec4c5b
1106,oldPirate,sprites/DefineSprite_1106_oldPirate/18.png,36,30,6,True,450,128162309ddb0cf215777d8cd2a53f600c11e45d1f4d3e5157d4b70644ec4c5b
1106,oldPirate,sprites/DefineSprite_1106_oldPirate/19.png,36,30,6,True,450,128162309ddb0cf215777d8cd2a53f600c11e45d1f4d3e5157d4b70644ec4c5b
1106,oldPirate,sprites/DefineSprite_1106_oldPirate/2.png,36,30,6,True,459,8a23b57d3f7aa65e81a1c703cae6fc79a0fd2e29674b0ae65ca4177e7f4d4872
1106,oldPirate,sprites/DefineSprite_1106_oldPirate/20.png,36,30,6,True,450,128162309ddb0cf215777d8cd2a53f600c11e45d1f4d3e5157d4b70644ec4c5b
1106,oldPirate,sprites/DefineSprite_1106_oldPirate/21.png,36,30,6,True,450,128162309ddb0cf215777d8cd2a53f600c11e45d1f4d3e5157d4b70644ec4c5b
1106,oldPirate,sprites/DefineSprite_1106_oldPirate/22.png,36,30,6,True,450,128162309ddb0cf215777d8cd2a53f600c11e45d1f4d3e5157d4b70644ec4c5b
1106,oldPirate,sprites/DefineSprite_1106_oldPirate/23.png,36,30,6,True,450,128162309ddb0cf215777d8cd2a53f600c11e45d1f4d3e5157d4b70644ec4c5b
1106,oldPirate,sprites/DefineSprite_1106_oldPirate/24.png,36,30,6,True,450,128162309ddb0cf215777d8cd2a53f600c11e45d1f4d3e5157d4b70644ec4c5b
1106,oldPirate,sprites/DefineSprite_1106_oldPirate/25.png,36,30,6,True,450,128162309ddb0cf215777d8cd2a53f600c11e45d1f4d3e5157d4b70644ec4c5b
1106,oldPirate,sprites/DefineSprite_1106_oldPirate/26.png,36,30,6,True,450,128162309ddb0cf215777d8cd2a53f600c11e45d1f4d3e5157d4b70644ec4c5b
1106,oldPirate,sprites/DefineSprite_1106_oldPirate/27.png,36,30,6,True,450,128162309ddb0cf215777d8cd2a53f600c11e45d1f4d3e5157d4b70644ec4c5b
1106,oldPirate,sprites/DefineSprite_1106_oldPirate/28.png,36,30,6,True,450,128162309ddb0cf215777d8cd2a53f600c11e45d1f4d3e5157d4b70644ec4c5b
1106,oldPirate,sprites/DefineSprite_1106_oldPirate/29.png,36,30,6,True,450,128162309ddb0cf215777d8cd2a53f600c11e45d1f4d3e5157d4b70644ec4c5b
1106,oldPirate,sprites/DefineSprite_1106_oldPirate/3.png,36,30,6,True,459,8a23b57d3f7aa65e81a1c703cae6fc79a0fd2e29674b0ae65ca4177e7f4d4872
1106,oldPirate,sprites/DefineSprite_1106_oldPirate/30.png,36,30,6,True,450,128162309ddb0cf215777d8cd2a53f600c11e45d1f4d3e5157d4b70644ec4c5b
1106,oldPirate,sprites/DefineSprite_1106_oldPirate/31.png,36,30,6,True,450,128162309ddb0cf215777d8cd2a53f600c11e45d1f4d3e5157d4b70644ec4c5b
1106,oldPirate,sprites/DefineSprite_1106_oldPirate/32.png,36,30,6,True,450,128162309ddb0cf215777d8cd2a53f600c11e45d1f4d3e5157d4b70644ec4c5b
1106,oldPirate,sprites/DefineSprite_1106_oldPirate/33.png,36,30,6,True,450,128162309ddb0cf215777d8cd2a53f600c11e45d1f4d3e5157d4b70644ec4c5b
1106,oldPirate,sprites/DefineSprite_1106_oldPirate/34.png,36,30,6,True,450,128162309ddb0cf215777d8cd2a53f600c11e45d1f4d3e5157d4b70644ec4c5b
1106,oldPirate,sprites/DefineSprite_1106_oldPirate/35.png,36,30,6,True,450,128162309ddb0cf215777d8cd2a53f600c11e45d1f4d3e5157d4b70644ec4c5b
1106,oldPirate,sprites/DefineSprite_1106_oldPirate/4.png,36,30,6,True,441,0421b9b22fe7bb0cfdd75abd332925f6ca585e42c608c815919e309bf5366d25
1106,oldPirate,sprites/DefineSprite_1106_oldPirate/5.png,36,30,6,True,441,0421b9b22fe7bb0cfdd75abd332925f6ca585e42c608c815919e309bf5366d25
1106,oldPirate,sprites/DefineSprite_1106_oldPirate/6.png,36,30,6,True,441,0421b9b22fe7bb0cfdd75abd332925f6ca585e42c608c815919e309bf5366d25
1106,oldPirate,sprites/DefineSprite_1106_oldPirate/7.png,36,30,6,True,459,8a23b57d3f7aa65e81a1c703cae6fc79a0fd2e29674b0ae65ca4177e7f4d4872
1106,oldPirate,sprites/DefineSprite_1106_oldPirate/8.png,36,30,6,True,459,8a23b57d3f7aa65e81a1c703cae6fc79a0fd2e29674b0ae65ca4177e7f4d4872
1106,oldPirate,sprites/DefineSprite_1106_oldPirate/9.png,36,30,6,True,459,8a23b57d3f7aa65e81a1c703cae6fc79a0fd2e29674b0ae65ca4177e7f4d4872
110,text_t,sprites/DefineSprite_110_text_t/1.png,8,11,6,True,100,5335e7a266455e70b9d3d248c3b0037f501c6039526b85994258b6ce9d35abfb
1117,rainbowBeard,sprites/DefineSprite_1117_rainbowBeard/1.png,27,30,6,True,403,41074d1bc839af7df7f15ae22d4ef52fda5c29c81c363a4ddc0ffd4097d4c487
1117,rainbowBeard,sprites/DefineSprite_1117_rainbowBeard/10.png,27,30,6,True,397,777cd02d5a16b0a8bc3536b10146385e564e7d43b918454f958a80c8e7ca7b39
1117,rainbowBeard,sprites/DefineSprite_1117_rainbowBeard/11.png,27,30,6,True,397,777cd02d5a16b0a8bc3536b10146385e564e7d43b918454f958a80c8e7ca7b39
1117,rainbowBeard,sprites/DefineSprite_1117_rainbowBeard/12.png,27,30,6,True,397,777cd02d5a16b0a8bc3536b10146385e564e7d43b918454f958a80c8e7ca7b39
1117,rainbowBeard,sprites/DefineSprite_1117_rainbowBeard/13.png,27,30,6,True,83,32da391863358cae707d86f46bd57920dd317119799cad5188550ffe7d652cce
1117,rainbowBeard,sprites/DefineSprite_1117_rainbowBeard/14.png,27,30,6,True,83,32da391863358cae707d86f46bd57920dd317119799cad5188550ffe7d652cce
1117,rainbowBeard,sprites/DefineSprite_1117_rainbowBeard/15.png,27,30,6,True,425,fb590789c55b9f3dadfbfaa45463a89a765bbe2610b66ae81cd6d4c01558ccec
1117,rainbowBeard,sprites/DefineSprite_1117_rainbowBeard/16.png,27,30,6,True,425,fb590789c55b9f3dadfbfaa45463a89a765bbe2610b66ae81cd6d4c01558ccec
1117,rainbowBeard,sprites/DefineSprite_1117_rainbowBeard/17.png,27,30,6,True,425,fb590789c55b9f3dadfbfaa45463a89a765bbe2610b66ae81cd6d4c01558ccec
1117,rainbowBeard,sprites/DefineSprite_1117_rainbowBeard/18.png,27,30,6,True,425,fb590789c55b9f3dadfbfaa45463a89a765bbe2610b66ae81cd6d4c01558ccec
1117,rainbowBeard,sprites/DefineSprite_1117_rainbowBeard/19.png,27,30,6,True,425,fb590789c55b9f3dadfbfaa45463a89a765bbe2610b66ae81cd6d4c01558ccec
1117,rainbowBeard,sprites/DefineSprite_1117_rainbowBeard/2.png,27,30,6,True,403,41074d1bc839af7df7f15ae22d4ef52fda5c29c81c363a4ddc0ffd4097d4c487
1117,rainbowBeard,sprites/DefineSprite_1117_rainbowBeard/20.png,27,30,6,True,425,fb590789c55b9f3dadfbfaa45463a89a765bbe2610b66ae81cd6d4c01558ccec
1117,rainbowBeard,sprites/DefineSprite_1117_rainbowBeard/21.png,27,30,6,True,425,fb590789c55b9f3dadfbfaa45463a89a765bbe2610b66ae81cd6d4c01558ccec
1117,rainbowBeard,sprites/DefineSprite_1117_rainbowBeard/22.png,27,30,6,True,425,fb590789c55b9f3dadfbfaa45463a89a765bbe2610b66ae81cd6d4c01558ccec
1117,rainbowBeard,sprites/DefineSprite_1117_rainbowBeard/23.png,27,30,6,True,425,fb590789c55b9f3dadfbfaa45463a89a765bbe2610b66ae81cd6d4c01558ccec
1117,rainbowBeard,sprites/DefineSprite_1117_rainbowBeard/24.png,27,30,6,True,425,fb590789c55b9f3dadfbfaa45463a89a765bbe2610b66ae81cd6d4c01558ccec
1117,rainbowBeard,sprites/DefineSprite_1117_rainbowBeard/25.png,27,30,6,True,425,fb590789c55b9f3dadfbfaa45463a89a765bbe2610b66ae81cd6d4c01558ccec
1117,rainbowBeard,sprites/DefineSprite_1117_rainbowBeard/26.png,27,30,6,True,425,fb590789c55b9f3dadfbfaa45463a89a765bbe2610b66ae81cd6d4c01558ccec
1117,rainbowBeard,sprites/DefineSprite_1117_rainbowBeard/27.png,27,30,6,True,425,fb590789c55b9f3dadfbfaa45463a89a765bbe2610b66ae81cd6d4c01558ccec
1117,rainbowBeard,sprites/DefineSprite_1117_rainbowBeard/28.png,27,30,6,True,425,fb590789c55b9f3dadfbfaa45463a89a765bbe2610b66ae81cd6d4c01558ccec
1117,rainbowBeard,sprites/DefineSprite_1117_rainbowBeard/29.png,27,30,6,True,425,fb590789c55b9f3dadfbfaa45463a89a765bbe2610b66ae81cd6d4c01558ccec
1117,rainbowBeard,sprites/DefineSprite_1117_rainbowBeard/3.png,27,30,6,True,403,41074d1bc839af7df7f15ae22d4ef52fda5c29c81c363a4ddc0ffd4097d4c487
1117,rainbowBeard,sprites/DefineSprite_1117_rainbowBeard/30.png,27,30,6,True,425,fb590789c55b9f3dadfbfaa45463a89a765bbe2610b66ae81cd6d4c01558ccec
1117,rainbowBeard,sprites/DefineSprite_1117_rainbowBeard/31.png,27,30,6,True,425,fb590789c55b9f3dadfbfaa45463a89a765bbe2610b66ae81cd6d4c01558ccec
1117,rainbowBeard,sprites/DefineSprite_1117_rainbowBeard/32.png,27,30,6,True,425,fb590789c55b9f3dadfbfaa45463a89a765bbe2610b66ae81cd6d4c01558ccec
1117,rainbowBeard,sprites/DefineSprite_1117_rainbowBeard/33.png,27,30,6,True,425,fb590789c55b9f3dadfbfaa45463a89a765bbe2610b66ae81cd6d4c01558ccec
1117,rainbowBeard,sprites/DefineSprite_1117_rainbowBeard/34.png,27,30,6,True,425,fb590789c55b9f3dadfbfaa45463a89a765bbe2610b66ae81cd6d4c01558ccec
1117,rainbowBeard,sprites/DefineSprite_1117_rainbowBeard/35.png,27,30,6,True,425,fb590789c55b9f3dadfbfaa45463a89a765bbe2610b66ae81cd6d4c01558ccec
1117,rainbowBeard,sprites/DefineSprite_1117_rainbowBeard/4.png,27,30,6,True,387,c89fe4d7dc2cd1140406cc42ad93c5bc9e706d842e8e1bf760ab28c72a96f77e
1117,rainbowBeard,sprites/DefineSprite_1117_rainbowBeard/5.png,27,30,6,True,387,c89fe4d7dc2cd1140406cc42ad93c5bc9e706d842e8e1bf760ab28c72a96f77e
1117,rainbowBeard,sprites/DefineSprite_1117_rainbowBeard/6.png,27,30,6,True,387,c89fe4d7dc2cd1140406cc42ad93c5bc9e706d842e8e1bf760ab28c72a96f77e
1117,rainbowBeard,sprites/DefineSprite_1117_rainbowBeard/7.png,27,30,6,True,403,41074d1bc839af7df7f15ae22d4ef52fda5c29c81c363a4ddc0ffd4097d4c487
1117,rainbowBeard,sprites/DefineSprite_1117_rainbowBeard/8.png,27,30,6,True,403,41074d1bc839af7df7f15ae22d4ef52fda5c29c81c363a4ddc0ffd4097d4c487
1117,rainbowBeard,sprites/DefineSprite_1117_rainbowBeard/9.png,27,30,6,True,403,41074d1bc839af7df7f15ae22d4ef52fda5c29c81c363a4ddc0ffd4097d4c487
1126,femalePirate,sprites/DefineSprite_1126_femalePirate/1.png,29,30,6,True,441,66ae94939111ec8cb8af714215b3b8602811167fcc4e47757538aaa2b0a35c27
1126,femalePirate,sprites/DefineSprite_1126_femalePirate/10.png,29,30,6,True,437,9e7bbdfe15890ae408c7ad7b2abbce535d047ff48da8753ac53b2f61238a9cdb
1126,femalePirate,sprites/DefineSprite_1126_femalePirate/11.png,29,30,6,True,437,9e7bbdfe15890ae408c7ad7b2abbce535d047ff48da8753ac53b2f61238a9cdb
1126,femalePirate,sprites/DefineSprite_1126_femalePirate/12.png,29,30,6,True,437,9e7bbdfe15890ae408c7ad7b2abbce535d047ff48da8753ac53b2f61238a9cdb
1126,femalePirate,sprites/DefineSprite_1126_femalePirate/13.png,29,30,6,True,83,abc0127383d3a8ad18eb80030f9beb50d329e18340afcd6f9f8f38df88e9421f
1126,femalePirate,sprites/DefineSprite_1126_femalePirate/14.png,29,30,6,True,83,abc0127383d3a8ad18eb80030f9beb50d329e18340afcd6f9f8f38df88e9421f
1126,femalePirate,sprites/DefineSprite_1126_femalePirate/15.png,29,30,6,True,456,fc93f51fbf67f25195c068281daf17077bf42e6460937bb3b0dcc09a08ff2f95
1126,femalePirate,sprites/DefineSprite_1126_femalePirate/16.png,29,30,6,True,456,fc93f51fbf67f25195c068281daf17077bf42e6460937bb3b0dcc09a08ff2f95
1126,femalePirate,sprites/DefineSprite_1126_femalePirate/17.png,29,30,6,True,456,fc93f51fbf67f25195c068281daf17077bf42e6460937bb3b0dcc09a08ff2f95
1126,femalePirate,sprites/DefineSprite_1126_femalePirate/18.png,29,30,6,True,456,fc93f51fbf67f25195c068281daf17077bf42e6460937bb3b0dcc09a08ff2f95
1126,femalePirate,sprites/DefineSprite_1126_femalePirate/19.png,29,30,6,True,456,fc93f51fbf67f25195c068281daf17077bf42e6460937bb3b0dcc09a08ff2f95
1126,femalePirate,sprites/DefineSprite_1126_femalePirate/2.png,29,30,6,True,441,66ae94939111ec8cb8af714215b3b8602811167fcc4e47757538aaa2b0a35c27
1126,femalePirate,sprites/DefineSprite_1126_femalePirate/20.png,29,30,6,True,456,fc93f51fbf67f25195c068281daf17077bf42e6460937bb3b0dcc09a08ff2f95
1126,femalePirate,sprites/DefineSprite_1126_femalePirate/21.png,29,30,6,True,456,fc93f51fbf67f25195c068281daf17077bf42e6460937bb3b0dcc09a08ff2f95
1126,femalePirate,sprites/DefineSprite_1126_femalePirate/22.png,29,30,6,True,456,fc93f51fbf67f25195c068281daf17077bf42e6460937bb3b0dcc09a08ff2f95
1126,femalePirate,sprites/DefineSprite_1126_femalePirate/23.png,29,30,6,True,456,fc93f51fbf67f25195c068281daf17077bf42e6460937bb3b0dcc09a08ff2f95
1126,femalePirate,sprites/DefineSprite_1126_femalePirate/24.png,29,30,6,True,456,fc93f51fbf67f25195c068281daf17077bf42e6460937bb3b0dcc09a08ff2f95
1126,femalePirate,sprites/DefineSprite_1126_femalePirate/25.png,29,30,6,True,456,fc93f51fbf67f25195c068281daf17077bf42e6460937bb3b0dcc09a08ff2f95
1126,femalePirate,sprites/DefineSprite_1126_femalePirate/26.png,29,30,6,True,456,fc93f51fbf67f25195c068281daf17077bf42e6460937bb3b0dcc09a08ff2f95
1126,femalePirate,sprites/DefineSprite_1126_femalePirate/27.png,29,30,6,True,456,fc93f51fbf67f25195c068281daf17077bf42e6460937bb3b0dcc09a08ff2f95
1126,femalePirate,sprites/DefineSprite_1126_femalePirate/28.png,29,30,6,True,456,fc93f51fbf67f25195c068281daf17077bf42e6460937bb3b0dcc09a08ff2f95
1126,femalePirate,sprites/DefineSprite_1126_femalePirate/29.png,29,30,6,True,456,fc93f51fbf67f25195c068281daf17077bf42e6460937bb3b0dcc09a08ff2f95
1126,femalePirate,sprites/DefineSprite_1126_femalePirate/3.png,29,30,6,True,441,66ae94939111ec8cb8af714215b3b8602811167fcc4e47757538aaa2b0a35c27
1126,femalePirate,sprites/DefineSprite_1126_femalePirate/30.png,29,30,6,True,456,fc93f51fbf67f25195c068281daf17077bf42e6460937bb3b0dcc09a08ff2f95
1126,femalePirate,sprites/DefineSprite_1126_femalePirate/31.png,29,30,6,True,456,fc93f51fbf67f25195c068281daf17077bf42e6460937bb3b0dcc09a08ff2f95
1126,femalePirate,sprites/DefineSprite_1126_femalePirate/32.png,29,30,6,True,456,fc93f51fbf67f25195c068281daf17077bf42e6460937bb3b0dcc09a08ff2f95
1126,femalePirate,sprites/DefineSprite_1126_femalePirate/33.png,29,30,6,True,456,fc93f51fbf67f25195c068281daf17077bf42e6460937bb3b0dcc09a08ff2f95
1126,femalePirate,sprites/DefineSprite_1126_femalePirate/34.png,29,30,6,True,456,fc93f51fbf67f25195c068281daf17077bf42e6460937bb3b0dcc09a08ff2f95
1126,femalePirate,sprites/DefineSprite_1126_femalePirate/35.png,29,30,6,True,456,fc93f51fbf67f25195c068281daf17077bf42e6460937bb3b0dcc09a08ff2f95
1126,femalePirate,sprites/DefineSprite_1126_femalePirate/4.png,29,30,6,True,428,bd5453a71e12e337fd70c21123966d3249a679b05e2fc9ae2229010acf7f9635
1126,femalePirate,sprites/DefineSprite_1126_femalePirate/5.png,29,30,6,True,428,bd5453a71e12e337fd70c21123966d3249a679b05e2fc9ae2229010acf7f9635
1126,femalePirate,sprites/DefineSprite_1126_femalePirate/6.png,29,30,6,True,428,bd5453a71e12e337fd70c21123966d3249a679b05e2fc9ae2229010acf7f9635
1126,femalePirate,sprites/DefineSprite_1126_femalePirate/7.png,29,30,6,True,441,66ae94939111ec8cb8af714215b3b8602811167fcc4e47757538aaa2b0a35c27
1126,femalePirate,sprites/DefineSprite_1126_femalePirate/8.png,29,30,6,True,441,66ae94939111ec8cb8af714215b3b8602811167fcc4e47757538aaa2b0a35c27
1126,femalePirate,sprites/DefineSprite_1126_femalePirate/9.png,29,30,6,True,441,66ae94939111ec8cb8af714215b3b8602811167fcc4e47757538aaa2b0a35c27
1137,blindPirate,sprites/DefineSprite_1137_blindPirate/1.png,29,30,6,True,429,d4744afadca7a3173223a48c9837d835f207673e81666dc3b30e1e25ee409a56
1137,blindPirate,sprites/DefineSprite_1137_blindPirate/10.png,29,30,6,True,437,896052d35b2ef6baebbf32e00eaa1ff8dafdf81827725a48519c7dffe563c586
1137,blindPirate,sprites/DefineSprite_1137_blindPirate/11.png,29,30,6,True,437,896052d35b2ef6baebbf32e00eaa1ff8dafdf81827725a48519c7dffe563c586
1137,blindPirate,sprites/DefineSprite_1137_blindPirate/12.png,29,30,6,True,437,896052d35b2ef6baebbf32e00eaa1ff8dafdf81827725a48519c7dffe563c586
1137,blindPirate,sprites/DefineSprite_1137_blindPirate/13.png,29,30,6,True,83,abc0127383d3a8ad18eb80030f9beb50d329e18340afcd6f9f8f38df88e9421f
1137,blindPirate,sprites/DefineSprite_1137_blindPirate/14.png,29,30,6,True,83,abc0127383d3a8ad18eb80030f9beb50d329e18340afcd6f9f8f38df88e9421f
1137,blindPirate,sprites/DefineSprite_1137_blindPirate/15.png,29,30,6,True,448,5e934c5a927dae5d77ba8f78e82042e86da60490ae379e15186cf5880c3b3897
1137,blindPirate,sprites/DefineSprite_1137_blindPirate/16.png,29,30,6,True,448,5e934c5a927dae5d77ba8f78e82042e86da60490ae379e15186cf5880c3b3897
1137,blindPirate,sprites/DefineSprite_1137_blindPirate/17.png,29,30,6,True,448,5e934c5a927dae5d77ba8f78e82042e86da60490ae379e15186cf5880c3b3897
1137,blindPirate,sprites/DefineSprite_1137_blindPirate/18.png,29,30,6,True,448,5e934c5a927dae5d77ba8f78e82042e86da60490ae379e15186cf5880c3b3897
1137,blindPirate,sprites/DefineSprite_1137_blindPirate/19.png,29,30,6,True,448,5e934c5a927dae5d77ba8f78e82042e86da60490ae379e15186cf5880c3b3897
1137,blindPirate,sprites/DefineSprite_1137_blindPirate/2.png,29,30,6,True,429,d4744afadca7a3173223a48c9837d835f207673e81666dc3b30e1e25ee409a56
1137,blindPirate,sprites/DefineSprite_1137_blindPirate/20.png,29,30,6,True,448,5e934c5a927dae5d77ba8f78e82042e86da60490ae379e15186cf5880c3b3897
1137,blindPirate,sprites/DefineSprite_1137_blindPirate/21.png,29,30,6,True,448,5e934c5a927dae5d77ba8f78e82042e86da60490ae379e15186cf5880c3b3897
1137,blindPirate,sprites/DefineSprite_1137_blindPirate/22.png,29,30,6,True,448,5e934c5a927dae5d77ba8f78e82042e86da60490ae379e15186cf5880c3b3897
1137,blindPirate,sprites/DefineSprite_1137_blindPirate/23.png,29,30,6,True,448,5e934c5a927dae5d77ba8f78e82042e86da60490ae379e15186cf5880c3b3897
1137,blindPirate,sprites/DefineSprite_1137_blindPirate/24.png,29,30,6,True,448,5e934c5a927dae5d77ba8f78e82042e86da60490ae379e15186cf5880c3b3897
1137,blindPirate,sprites/DefineSprite_1137_blindPirate/25.png,29,30,6,True,448,5e934c5a927dae5d77ba8f78e82042e86da60490ae379e15186cf5880c3b3897
1137,blindPirate,sprites/DefineSprite_1137_blindPirate/26.png,29,30,6,True,448,5e934c5a927dae5d77ba8f78e82042e86da60490ae379e15186cf5880c3b3897
1137,blindPirate,sprites/DefineSprite_1137_blindPirate/27.png,29,30,6,True,448,5e934c5a927dae5d77ba8f78e82042e86da60490ae379e15186cf5880c3b3897
1137,blindPirate,sprites/DefineSprite_1137_blindPirate/28.png,29,30,6,True,448,5e934c5a927dae5d77ba8f78e82042e86da60490ae379e15186cf5880c3b3897
1137,blindPirate,sprites/DefineSprite_1137_blindPirate/29.png,29,30,6,True,448,5e934c5a927dae5d77ba8f78e82042e86da60490ae379e15186cf5880c3b3897
1137,blindPirate,sprites/DefineSprite_1137_blindPirate/3.png,29,30,6,True,429,d4744afadca7a3173223a48c9837d835f207673e81666dc3b30e1e25ee409a56
1137,blindPirate,sprites/DefineSprite_1137_blindPirate/30.png,29,30,6,True,448,5e934c5a927dae5d77ba8f78e82042e86da60490ae379e15186cf5880c3b3897
1137,blindPirate,sprites/DefineSprite_1137_blindPirate/31.png,29,30,6,True,448,5e934c5a927dae5d77ba8f78e82042e86da60490ae379e15186cf5880c3b3897
1137,blindPirate,sprites/DefineSprite_1137_blindPirate/32.png,29,30,6,True,448,5e934c5a927dae5d77ba8f78e82042e86da60490ae379e15186cf5880c3b3897
1137,blindPirate,sprites/DefineSprite_1137_blindPirate/33.png,29,30,6,True,448,5e934c5a927dae5d77ba8f78e82042e86da60490ae379e15186cf5880c3b3897
1137,blindPirate,sprites/DefineSprite_1137_blindPirate/34.png,29,30,6,True,448,5e934c5a927dae5d77ba8f78e82042e86da60490ae379e15186cf5880c3b3897
1137,blindPirate,sprites/DefineSprite_1137_blindPirate/35.png,29,30,6,True,448,5e934c5a927dae5d77ba8f78e82042e86da60490ae379e15186cf5880c3b3897
1137,blindPirate,sprites/DefineSprite_1137_blindPirate/4.png,29,30,6,True,404,042dd35cfe0f96ab8f09ab5e655b3a3cc38dd9333a8d7caa61102819b2281bef
1137,blindPirate,sprites/DefineSprite_1137_blindPirate/5.png,29,30,6,True,404,042dd35cfe0f96ab8f09ab5e655b3a3cc38dd9333a8d7caa61102819b2281bef
1137,blindPirate,sprites/DefineSprite_1137_blindPirate/6.png,29,30,6,True,404,042dd35cfe0f96ab8f09ab5e655b3a3cc38dd9333a8d7caa61102819b2281bef
1137,blindPirate,sprites/DefineSprite_1137_blindPirate/7.png,29,30,6,True,429,d4744afadca7a3173223a48c9837d835f207673e81666dc3b30e1e25ee409a56
1137,blindPirate,sprites/DefineSprite_1137_blindPirate/8.png,29,30,6,True,429,d4744afadca7a3173223a48c9837d835f207673e81666dc3b30e1e25ee409a56
1137,blindPirate,sprites/DefineSprite_1137_blindPirate/9.png,29,30,6,True,429,d4744afadca7a3173223a48c9837d835f207673e81666dc3b30e1e25ee409a56
113,text_u,sprites/DefineSprite_113_text_u/1.png,8,11,6,True,113,496eeb38f036e6fe769eb5cc1eff71d72296a41b83acceb6f08662ccf9951c8f
1148,soldier,sprites/DefineSprite_1148_soldier/1.png,24,46,6,True,385,75b299a5303e559c08c29bd653adca451595e413c3fbe54c4462c4a1b211c554
1148,soldier,sprites/DefineSprite_1148_soldier/10.png,24,46,6,True,372,c1a9e35b9b67edb77255f02672a792049b659da65950a4c0ec3295a2764082e7
1148,soldier,sprites/DefineSprite_1148_soldier/11.png,24,46,6,True,372,c1a9e35b9b67edb77255f02672a792049b659da65950a4c0ec3295a2764082e7
1148,soldier,sprites/DefineSprite_1148_soldier/12.png,24,46,6,True,372,c1a9e35b9b67edb77255f02672a792049b659da65950a4c0ec3295a2764082e7
1148,soldier,sprites/DefineSprite_1148_soldier/13.png,24,46,6,True,84,84c2f9d5672ad6bf3c76df0b669ccab0a82c781c36a156397cd1f789340c7630
1148,soldier,sprites/DefineSprite_1148_soldier/14.png,24,46,6,True,84,84c2f9d5672ad6bf3c76df0b669ccab0a82c781c36a156397cd1f789340c7630
1148,soldier,sprites/DefineSprite_1148_soldier/15.png,24,46,6,True,397,0099cd6eb73ac89246b3ffa69c16e200c8fbcc54bd2f0060875005422f278c2e
1148,soldier,sprites/DefineSprite_1148_soldier/16.png,24,46,6,True,397,0099cd6eb73ac89246b3ffa69c16e200c8fbcc54bd2f0060875005422f278c2e
1148,soldier,sprites/DefineSprite_1148_soldier/17.png,24,46,6,True,397,0099cd6eb73ac89246b3ffa69c16e200c8fbcc54bd2f0060875005422f278c2e
1148,soldier,sprites/DefineSprite_1148_soldier/18.png,24,46,6,True,397,0099cd6eb73ac89246b3ffa69c16e200c8fbcc54bd2f0060875005422f278c2e
1148,soldier,sprites/DefineSprite_1148_soldier/19.png,24,46,6,True,397,0099cd6eb73ac89246b3ffa69c16e200c8fbcc54bd2f0060875005422f278c2e
1148,soldier,sprites/DefineSprite_1148_soldier/2.png,24,46,6,True,385,75b299a5303e559c08c29bd653adca451595e413c3fbe54c4462c4a1b211c554
1148,soldier,sprites/DefineSprite_1148_soldier/20.png,24,46,6,True,397,0099cd6eb73ac89246b3ffa69c16e200c8fbcc54bd2f0060875005422f278c2e
1148,soldier,sprites/DefineSprite_1148_soldier/21.png,24,46,6,True,397,0099cd6eb73ac89246b3ffa69c16e200c8fbcc54bd2f0060875005422f278c2e
1148,soldier,sprites/DefineSprite_1148_soldier/22.png,24,46,6,True,397,0099cd6eb73ac89246b3ffa69c16e200c8fbcc54bd2f0060875005422f278c2e
1148,soldier,sprites/DefineSprite_1148_soldier/23.png,24,46,6,True,397,0099cd6eb73ac89246b3ffa69c16e200c8fbcc54bd2f0060875005422f278c2e
1148,soldier,sprites/DefineSprite_1148_soldier/24.png,24,46,6,True,397,0099cd6eb73ac89246b3ffa69c16e200c8fbcc54bd2f0060875005422f278c2e
1148,soldier,sprites/DefineSprite_1148_soldier/25.png,24,46,6,True,397,0099cd6eb73ac89246b3ffa69c16e200c8fbcc54bd2f0060875005422f278c2e
1148,soldier,sprites/DefineSprite_1148_soldier/26.png,24,46,6,True,397,0099cd6eb73ac89246b3ffa69c16e200c8fbcc54bd2f0060875005422f278c2e
1148,soldier,sprites/DefineSprite_1148_soldier/27.png,24,46,6,True,397,0099cd6eb73ac89246b3ffa69c16e200c8fbcc54bd2f0060875005422f278c2e
1148,soldier,sprites/DefineSprite_1148_soldier/28.png,24,46,6,True,397,0099cd6eb73ac89246b3ffa69c16e200c8fbcc54bd2f0060875005422f278c2e
1148,soldier,sprites/DefineSprite_1148_soldier/29.png,24,46,6,True,397,0099cd6eb73ac89246b3ffa69c16e200c8fbcc54bd2f0060875005422f278c2e
1148,soldier,sprites/DefineSprite_1148_soldier/3.png,24,46,6,True,385,75b299a5303e559c08c29bd653adca451595e413c3fbe54c4462c4a1b211c554
1148,soldier,sprites/DefineSprite_1148_soldier/30.png,24,46,6,True,397,0099cd6eb73ac89246b3ffa69c16e200c8fbcc54bd2f0060875005422f278c2e
1148,soldier,sprites/DefineSprite_1148_soldier/31.png,24,46,6,True,397,0099cd6eb73ac89246b3ffa69c16e200c8fbcc54bd2f0060875005422f278c2e
1148,soldier,sprites/DefineSprite_1148_soldier/32.png,24,46,6,True,397,0099cd6eb73ac89246b3ffa69c16e200c8fbcc54bd2f0060875005422f278c2e
1148,soldier,sprites/DefineSprite_1148_soldier/33.png,24,46,6,True,397,0099cd6eb73ac89246b3ffa69c16e200c8fbcc54bd2f0060875005422f278c2e
1148,soldier,sprites/DefineSprite_1148_soldier/34.png,24,46,6,True,397,0099cd6eb73ac89246b3ffa69c16e200c8fbcc54bd2f0060875005422f278c2e
1148,soldier,sprites/DefineSprite_1148_soldier/35.png,24,46,6,True,397,0099cd6eb73ac89246b3ffa69c16e200c8fbcc54bd2f0060875005422f278c2e
1148,soldier,sprites/DefineSprite_1148_soldier/4.png,24,46,6,True,361,0e50256c94524ec6d79ef58e97bdca8f88788ace0af206b8c55c7a36304d1b60
1148,soldier,sprites/DefineSprite_1148_soldier/5.png,24,46,6,True,361,0e50256c94524ec6d79ef58e97bdca8f88788ace0af206b8c55c7a36304d1b60
1148,soldier,sprites/DefineSprite_1148_soldier/6.png,24,46,6,True,361,0e50256c94524ec6d79ef58e97bdca8f88788ace0af206b8c55c7a36304d1b60
1148,soldier,sprites/DefineSprite_1148_soldier/7.png,24,46,6,True,385,75b299a5303e559c08c29bd653adca451595e413c3fbe54c4462c4a1b211c554
1148,soldier,sprites/DefineSprite_1148_soldier/8.png,24,46,6,True,385,75b299a5303e559c08c29bd653adca451595e413c3fbe54c4462c4a1b211c554
1148,soldier,sprites/DefineSprite_1148_soldier/9.png,24,46,6,True,385,75b299a5303e559c08c29bd653adca451595e413c3fbe54c4462c4a1b211c554
1157,bossGuy,sprites/DefineSprite_1157_bossGuy/1.png,40,62,6,True,822,1588f85cbbfe43f3f924e66c97afb676f16763460a7a13df6e513d0d086824e5
1157,bossGuy,sprites/DefineSprite_1157_bossGuy/10.png,40,62,6,True,826,d4115a2a1733b1aee92aa708135ef9509907a1f76e64f7400b1ef2e1a110e07a
1157,bossGuy,sprites/DefineSprite_1157_bossGuy/11.png,40,62,6,True,826,d4115a2a1733b1aee92aa708135ef9509907a1f76e64f7400b1ef2e1a110e07a
1157,bossGuy,sprites/DefineSprite_1157_bossGuy/12.png,40,62,6,True,826,d4115a2a1733b1aee92aa708135ef9509907a1f76e64f7400b1ef2e1a110e07a
1157,bossGuy,sprites/DefineSprite_1157_bossGuy/13.png,40,62,6,True,90,46a918fabfeb8b79df214d83d66d4b9d05d7cefa548ed7bc3a41b1045225b1d2
1157,bossGuy,sprites/DefineSprite_1157_bossGuy/14.png,40,62,6,True,90,46a918fabfeb8b79df214d83d66d4b9d05d7cefa548ed7bc3a41b1045225b1d2
1157,bossGuy,sprites/DefineSprite_1157_bossGuy/15.png,40,62,6,True,902,6aedfc5cf3c322d5746cdba7055a5268d27b1c3bf42415690bcdeb7eb22abf3b
1157,bossGuy,sprites/DefineSprite_1157_bossGuy/16.png,40,62,6,True,902,6aedfc5cf3c322d5746cdba7055a5268d27b1c3bf42415690bcdeb7eb22abf3b
1157,bossGuy,sprites/DefineSprite_1157_bossGuy/17.png,40,62,6,True,902,6aedfc5cf3c322d5746cdba7055a5268d27b1c3bf42415690bcdeb7eb22abf3b
1157,bossGuy,sprites/DefineSprite_1157_bossGuy/18.png,40,62,6,True,902,6aedfc5cf3c322d5746cdba7055a5268d27b1c3bf42415690bcdeb7eb22abf3b
1157,bossGuy,sprites/DefineSprite_1157_bossGuy/19.png,40,62,6,True,902,6aedfc5cf3c322d5746cdba7055a5268d27b1c3bf42415690bcdeb7eb22abf3b
1157,bossGuy,sprites/DefineSprite_1157_bossGuy/2.png,40,62,6,True,822,1588f85cbbfe43f3f924e66c97afb676f16763460a7a13df6e513d0d086824e5
1157,bossGuy,sprites/DefineSprite_1157_bossGuy/20.png,40,62,6,True,902,6aedfc5cf3c322d5746cdba7055a5268d27b1c3bf42415690bcdeb7eb22abf3b
1157,bossGuy,sprites/DefineSprite_1157_bossGuy/21.png,40,62,6,True,902,6aedfc5cf3c322d5746cdba7055a5268d27b1c3bf42415690bcdeb7eb22abf3b
1157,bossGuy,sprites/DefineSprite_1157_bossGuy/22.png,40,62,6,True,902,6aedfc5cf3c322d5746cdba7055a5268d27b1c3bf42415690bcdeb7eb22abf3b
1157,bossGuy,sprites/DefineSprite_1157_bossGuy/23.png,40,62,6,True,902,6aedfc5cf3c322d5746cdba7055a5268d27b1c3bf42415690bcdeb7eb22abf3b
1157,bossGuy,sprites/DefineSprite_1157_bossGuy/24.png,40,62,6,True,902,6aedfc5cf3c322d5746cdba7055a5268d27b1c3bf42415690bcdeb7eb22abf3b
1157,bossGuy,sprites/DefineSprite_1157_bossGuy/25.png,40,62,6,True,902,6aedfc5cf3c322d5746cdba7055a5268d27b1c3bf42415690bcdeb7eb22abf3b
1157,bossGuy,sprites/DefineSprite_1157_bossGuy/26.png,40,62,6,True,902,6aedfc5cf3c322d5746cdba7055a5268d27b1c3bf42415690bcdeb7eb22abf3b
1157,bossGuy,sprites/DefineSprite_1157_bossGuy/27.png,40,62,6,True,902,6aedfc5cf3c322d5746cdba7055a5268d27b1c3bf42415690bcdeb7eb22abf3b
1157,bossGuy,sprites/DefineSprite_1157_bossGuy/28.png,40,62,6,True,902,6aedfc5cf3c322d5746cdba7055a5268d27b1c3bf42415690bcdeb7eb22abf3b
1157,bossGuy,sprites/DefineSprite_1157_bossGuy/29.png,40,62,6,True,902,6aedfc5cf3c322d5746cdba7055a5268d27b1c3bf42415690bcdeb7eb22abf3b
1157,bossGuy,sprites/DefineSprite_1157_bossGuy/3.png,40,62,6,True,822,1588f85cbbfe43f3f924e66c97afb676f16763460a7a13df6e513d0d086824e5
1157,bossGuy,sprites/DefineSprite_1157_bossGuy/30.png,40,62,6,True,902,6aedfc5cf3c322d5746cdba7055a5268d27b1c3bf42415690bcdeb7eb22abf3b
1157,bossGuy,sprites/DefineSprite_1157_bossGuy/31.png,40,62,6,True,902,6aedfc5cf3c322d5746cdba7055a5268d27b1c3bf42415690bcdeb7eb22abf3b
1157,bossGuy,sprites/DefineSprite_1157_bossGuy/32.png,40,62,6,True,902,6aedfc5cf3c322d5746cdba7055a5268d27b1c3bf42415690bcdeb7eb22abf3b
1157,bossGuy,sprites/DefineSprite_1157_bossGuy/33.png,40,62,6,True,902,6aedfc5cf3c322d5746cdba7055a5268d27b1c3bf42415690bcdeb7eb22abf3b
1157,bossGuy,sprites/DefineSprite_1157_bossGuy/34.png,40,62,6,True,902,6aedfc5cf3c322d5746cdba7055a5268d27b1c3bf42415690bcdeb7eb22abf3b
1157,bossGuy,sprites/DefineSprite_1157_bossGuy/35.png,40,62,6,True,902,6aedfc5cf3c322d5746cdba7055a5268d27b1c3bf42415690bcdeb7eb22abf3b
1157,bossGuy,sprites/DefineSprite_1157_bossGuy/4.png,40,62,6,True,831,c553200695bb46ed8cf0d7da0f160af26ee030f1336e7001afbdfcec1b90f308
1157,bossGuy,sprites/DefineSprite_1157_bossGuy/5.png,40,62,6,True,831,c553200695bb46ed8cf0d7da0f160af26ee030f1336e7001afbdfcec1b90f308
1157,bossGuy,sprites/DefineSprite_1157_bossGuy/6.png,40,62,6,True,831,c553200695bb46ed8cf0d7da0f160af26ee030f1336e7001afbdfcec1b90f308
1157,bossGuy,sprites/DefineSprite_1157_bossGuy/7.png,40,62,6,True,822,1588f85cbbfe43f3f924e66c97afb676f16763460a7a13df6e513d0d086824e5
1157,bossGuy,sprites/DefineSprite_1157_bossGuy/8.png,40,62,6,True,822,1588f85cbbfe43f3f924e66c97afb676f16763460a7a13df6e513d0d086824e5
1157,bossGuy,sprites/DefineSprite_1157_bossGuy/9.png,40,62,6,True,822,1588f85cbbfe43f3f924e66c97afb676f16763460a7a13df6e513d0d086824e5
1166,bossGuyZombie,sprites/DefineSprite_1166_bossGuyZombie/1.png,40,62,6,True,920,82b846e010e1b07331efe95cc3fbfb3cf4dffa74b83dbe224423649bffa7eec2
1166,bossGuyZombie,sprites/DefineSprite_1166_bossGuyZombie/10.png,40,62,6,True,862,7aa5105230d903b3e333ae861113f627881df3fabd0b20a7eff5603fbf846dad
1166,bossGuyZombie,sprites/DefineSprite_1166_bossGuyZombie/11.png,40,62,6,True,862,7aa5105230d903b3e333ae861113f627881df3fabd0b20a7eff5603fbf846dad
1166,bossGuyZombie,sprites/DefineSprite_1166_bossGuyZombie/12.png,40,62,6,True,862,7aa5105230d903b3e333ae861113f627881df3fabd0b20a7eff5603fbf846dad
1166,bossGuyZombie,sprites/DefineSprite_1166_bossGuyZombie/13.png,40,62,6,True,90,46a918fabfeb8b79df214d83d66d4b9d05d7cefa548ed7bc3a41b1045225b1d2
1166,bossGuyZombie,sprites/DefineSprite_1166_bossGuyZombie/14.png,40,62,6,True,90,46a918fabfeb8b79df214d83d66d4b9d05d7cefa548ed7bc3a41b1045225b1d2
1166,bossGuyZombie,sprites/DefineSprite_1166_bossGuyZombie/15.png,40,62,6,True,928,f13af5b748ffef242e9b1494ead955998df98142dd895bfdb054e76db9085336
1166,bossGuyZombie,sprites/DefineSprite_1166_bossGuyZombie/16.png,40,62,6,True,928,f13af5b748ffef242e9b1494ead955998df98142dd895bfdb054e76db9085336
1166,bossGuyZombie,sprites/DefineSprite_1166_bossGuyZombie/17.png,40,62,6,True,928,f13af5b748ffef242e9b1494ead955998df98142dd895bfdb054e76db9085336
1166,bossGuyZombie,sprites/DefineSprite_1166_bossGuyZombie/18.png,40,62,6,True,928,f13af5b748ffef242e9b1494ead955998df98142dd895bfdb054e76db9085336
1166,bossGuyZombie,sprites/DefineSprite_1166_bossGuyZombie/19.png,40,62,6,True,928,f13af5b748ffef242e9b1494ead955998df98142dd895bfdb054e76db9085336
1166,bossGuyZombie,sprites/DefineSprite_1166_bossGuyZombie/2.png,40,62,6,True,920,82b846e010e1b07331efe95cc3fbfb3cf4dffa74b83dbe224423649bffa7eec2
1166,bossGuyZombie,sprites/DefineSprite_1166_bossGuyZombie/20.png,40,62,6,True,928,f13af5b748ffef242e9b1494ead955998df98142dd895bfdb054e76db9085336
1166,bossGuyZombie,sprites/DefineSprite_1166_bossGuyZombie/21.png,40,62,6,True,928,f13af5b748ffef242e9b1494ead955998df98142dd895bfdb054e76db9085336
1166,bossGuyZombie,sprites/DefineSprite_1166_bossGuyZombie/22.png,40,62,6,True,928,f13af5b748ffef242e9b1494ead955998df98142dd895bfdb054e76db9085336
1166,bossGuyZombie,sprites/DefineSprite_1166_bossGuyZombie/23.png,40,62,6,True,928,f13af5b748ffef242e9b1494ead955998df98142dd895bfdb054e76db9085336
1166,bossGuyZombie,sprites/DefineSprite_1166_bossGuyZombie/24.png,40,62,6,True,928,f13af5b748ffef242e9b1494ead955998df98142dd895bfdb054e76db9085336
1166,bossGuyZombie,sprites/DefineSprite_1166_bossGuyZombie/25.png,40,62,6,True,928,f13af5b748ffef242e9b1494ead955998df98142dd895bfdb054e76db9085336
1166,bossGuyZombie,sprites/DefineSprite_1166_bossGuyZombie/26.png,40,62,6,True,928,f13af5b748ffef242e9b1494ead955998df98142dd895bfdb054e76db9085336
1166,bossGuyZombie,sprites/DefineSprite_1166_bossGuyZombie/27.png,40,62,6,True,928,f13af5b748ffef242e9b1494ead955998df98142dd895bfdb054e76db9085336
1166,bossGuyZombie,sprites/DefineSprite_1166_bossGuyZombie/28.png,40,62,6,True,928,f13af5b748ffef242e9b1494ead955998df98142dd895bfdb054e76db9085336
1166,bossGuyZombie,sprites/DefineSprite_1166_bossGuyZombie/29.png,40,62,6,True,928,f13af5b748ffef242e9b1494ead955998df98142dd895bfdb054e76db9085336
1166,bossGuyZombie,sprites/DefineSprite_1166_bossGuyZombie/3.png,40,62,6,True,920,82b846e010e1b07331efe95cc3fbfb3cf4dffa74b83dbe224423649bffa7eec2
1166,bossGuyZombie,sprites/DefineSprite_1166_bossGuyZombie/30.png,40,62,6,True,928,f13af5b748ffef242e9b1494ead955998df98142dd895bfdb054e76db9085336
1166,bossGuyZombie,sprites/DefineSprite_1166_bossGuyZombie/31.png,40,62,6,True,928,f13af5b748ffef242e9b1494ead955998df98142dd895bfdb054e76db9085336
1166,bossGuyZombie,sprites/DefineSprite_1166_bossGuyZombie/32.png,40,62,6,True,928,f13af5b748ffef242e9b1494ead955998df98142dd895bfdb054e76db9085336
1166,bossGuyZombie,sprites/DefineSprite_1166_bossGuyZombie/33.png,40,62,6,True,928,f13af5b748ffef242e9b1494ead955998df98142dd895bfdb054e76db9085336
1166,bossGuyZombie,sprites/DefineSprite_1166_bossGuyZombie/34.png,40,62,6,True,928,f13af5b748ffef242e9b1494ead955998df98142dd895bfdb054e76db9085336
1166,bossGuyZombie,sprites/DefineSprite_1166_bossGuyZombie/35.png,40,62,6,True,928,f13af5b748ffef242e9b1494ead955998df98142dd895bfdb054e76db9085336
1166,bossGuyZombie,sprites/DefineSprite_1166_bossGuyZombie/4.png,40,62,6,True,876,94f43ebba91ec482c51ad9676001945ae1691c9d3e524ab2a32abc5f48a342e4
1166,bossGuyZombie,sprites/DefineSprite_1166_bossGuyZombie/5.png,40,62,6,True,876,94f43ebba91ec482c51ad9676001945ae1691c9d3e524ab2a32abc5f48a342e4
1166,bossGuyZombie,sprites/DefineSprite_1166_bossGuyZombie/6.png,40,62,6,True,876,94f43ebba91ec482c51ad9676001945ae1691c9d3e524ab2a32abc5f48a342e4
1166,bossGuyZombie,sprites/DefineSprite_1166_bossGuyZombie/7.png,40,62,6,True,920,82b846e010e1b07331efe95cc3fbfb3cf4dffa74b83dbe224423649bffa7eec2
1166,bossGuyZombie,sprites/DefineSprite_1166_bossGuyZombie/8.png,40,62,6,True,920,82b846e010e1b07331efe95cc3fbfb3cf4dffa74b83dbe224423649bffa7eec2
1166,bossGuyZombie,sprites/DefineSprite_1166_bossGuyZombie/9.png,40,62,6,True,920,82b846e010e1b07331efe95cc3fbfb3cf4dffa74b83dbe224423649bffa7eec2
116,text_v,sprites/DefineSprite_116_text_v/1.png,8,11,6,True,111,42ce54bf242176e30f52f00b59d5998d15e78407186cf78033c26dea332fbea0
1175,soldierCaptain,sprites/DefineSprite_1175_soldierCaptain/1.png,34,36,6,True,482,f8ea4baba7ffb1b32f36cfd00bb604a51ddbf075dfac8d75609d92bd4e933268
1175,soldierCaptain,sprites/DefineSprite_1175_soldierCaptain/10.png,34,36,6,True,480,194992c6b2147a91b2b7ca753326ca8a67adf7ae0f5c4ee77e9f2a75fe61252c
1175,soldierCaptain,sprites/DefineSprite_1175_soldierCaptain/11.png,34,36,6,True,480,194992c6b2147a91b2b7ca753326ca8a67adf7ae0f5c4ee77e9f2a75fe61252c
1175,soldierCaptain,sprites/DefineSprite_1175_soldierCaptain/12.png,34,36,6,True,480,194992c6b2147a91b2b7ca753326ca8a67adf7ae0f5c4ee77e9f2a75fe61252c
1175,soldierCaptain,sprites/DefineSprite_1175_soldierCaptain/13.png,34,36,6,True,85,a6ad8648b929cdb1049061d5a6993e96f4cd3640470d69ad89422c743e94f6b2
1175,soldierCaptain,sprites/DefineSprite_1175_soldierCaptain/14.png,34,36,6,True,85,a6ad8648b929cdb1049061d5a6993e96f4cd3640470d69ad89422c743e94f6b2
1175,soldierCaptain,sprites/DefineSprite_1175_soldierCaptain/15.png,34,36,6,True,493,2e5eda580549d7ea875261ccaece4ce8660e8e623309c8edf4f8b3f1fb92e92c
1175,soldierCaptain,sprites/DefineSprite_1175_soldierCaptain/16.png,34,36,6,True,493,2e5eda580549d7ea875261ccaece4ce8660e8e623309c8edf4f8b3f1fb92e92c
1175,soldierCaptain,sprites/DefineSprite_1175_soldierCaptain/17.png,34,36,6,True,493,2e5eda580549d7ea875261ccaece4ce8660e8e623309c8edf4f8b3f1fb92e92c
1175,soldierCaptain,sprites/DefineSprite_1175_soldierCaptain/18.png,34,36,6,True,493,2e5eda580549d7ea875261ccaece4ce8660e8e623309c8edf4f8b3f1fb92e92c
1175,soldierCaptain,sprites/DefineSprite_1175_soldierCaptain/19.png,34,36,6,True,493,2e5eda580549d7ea875261ccaece4ce8660e8e623309c8edf4f8b3f1fb92e92c
1175,soldierCaptain,sprites/DefineSprite_1175_soldierCaptain/2.png,34,36,6,True,482,f8ea4baba7ffb1b32f36cfd00bb604a51ddbf075dfac8d75609d92bd4e933268
1175,soldierCaptain,sprites/DefineSprite_1175_soldierCaptain/20.png,34,36,6,True,493,2e5eda580549d7ea875261ccaece4ce8660e8e623309c8edf4f8b3f1fb92e92c
1175,soldierCaptain,sprites/DefineSprite_1175_soldierCaptain/21.png,34,36,6,True,493,2e5eda580549d7ea875261ccaece4ce8660e8e623309c8edf4f8b3f1fb92e92c
1175,soldierCaptain,sprites/DefineSprite_1175_soldierCaptain/22.png,34,36,6,True,493,2e5eda580549d7ea875261ccaece4ce8660e8e623309c8edf4f8b3f1fb92e92c
1175,soldierCaptain,sprites/DefineSprite_1175_soldierCaptain/23.png,34,36,6,True,493,2e5eda580549d7ea875261ccaece4ce8660e8e623309c8edf4f8b3f1fb92e92c
1175,soldierCaptain,sprites/DefineSprite_1175_soldierCaptain/24.png,34,36,6,True,493,2e5eda580549d7ea875261ccaece4ce8660e8e623309c8edf4f8b3f1fb92e92c
1175,soldierCaptain,sprites/DefineSprite_1175_soldierCaptain/25.png,34,36,6,True,493,2e5eda580549d7ea875261ccaece4ce8660e8e623309c8edf4f8b3f1fb92e92c
1175,soldierCaptain,sprites/DefineSprite_1175_soldierCaptain/26.png,34,36,6,True,493,2e5eda580549d7ea875261ccaece4ce8660e8e623309c8edf4f8b3f1fb92e92c
1175,soldierCaptain,sprites/DefineSprite_1175_soldierCaptain/27.png,34,36,6,True,493,2e5eda580549d7ea875261ccaece4ce8660e8e623309c8edf4f8b3f1fb92e92c
1175,soldierCaptain,sprites/DefineSprite_1175_soldierCaptain/28.png,34,36,6,True,493,2e5eda580549d7ea875261ccaece4ce8660e8e623309c8edf4f8b3f1fb92e92c
1175,soldierCaptain,sprites/DefineSprite_1175_soldierCaptain/29.png,34,36,6,True,493,2e5eda580549d7ea875261ccaece4ce8660e8e623309c8edf4f8b3f1fb92e92c
1175,soldierCaptain,sprites/DefineSprite_1175_soldierCaptain/3.png,34,36,6,True,482,f8ea4baba7ffb1b32f36cfd00bb604a51ddbf075dfac8d75609d92bd4e933268
1175,soldierCaptain,sprites/DefineSprite_1175_soldierCaptain/30.png,34,36,6,True,493,2e5eda580549d7ea875261ccaece4ce8660e8e623309c8edf4f8b3f1fb92e92c
1175,soldierCaptain,sprites/DefineSprite_1175_soldierCaptain/31.png,34,36,6,True,493,2e5eda580549d7ea875261ccaece4ce8660e8e623309c8edf4f8b3f1fb92e92c
1175,soldierCaptain,sprites/DefineSprite_1175_soldierCaptain/32.png,34,36,6,True,493,2e5eda580549d7ea875261ccaece4ce8660e8e623309c8edf4f8b3f1fb92e92c
1175,soldierCaptain,sprites/DefineSprite_1175_soldierCaptain/33.png,34,36,6,True,493,2e5eda580549d7ea875261ccaece4ce8660e8e623309c8edf4f8b3f1fb92e92c
1175,soldierCaptain,sprites/DefineSprite_1175_soldierCaptain/34.png,34,36,6,True,493,2e5eda580549d7ea875261ccaece4ce8660e8e623309c8edf4f8b3f1fb92e92c
1175,soldierCaptain,sprites/DefineSprite_1175_soldierCaptain/35.png,34,36,6,True,493,2e5eda580549d7ea875261ccaece4ce8660e8e623309c8edf4f8b3f1fb92e92c
1175,soldierCaptain,sprites/DefineSprite_1175_soldierCaptain/4.png,34,36,6,True,471,6a6bcf0cca8d1383581cc1e8334e9fc6a090fdc374cd756e0b3c8bf8388540c3
1175,soldierCaptain,sprites/DefineSprite_1175_soldierCaptain/5.png,34,36,6,True,471,6a6bcf0cca8d1383581cc1e8334e9fc6a090fdc374cd756e0b3c8bf8388540c3
1175,soldierCaptain,sprites/DefineSprite_1175_soldierCaptain/6.png,34,36,6,True,471,6a6bcf0cca8d1383581cc1e8334e9fc6a090fdc374cd756e0b3c8bf8388540c3
1175,soldierCaptain,sprites/DefineSprite_1175_soldierCaptain/7.png,34,36,6,True,482,f8ea4baba7ffb1b32f36cfd00bb604a51ddbf075dfac8d75609d92bd4e933268
1175,soldierCaptain,sprites/DefineSprite_1175_soldierCaptain/8.png,34,36,6,True,482,f8ea4baba7ffb1b32f36cfd00bb604a51ddbf075dfac8d75609d92bd4e933268
1175,soldierCaptain,sprites/DefineSprite_1175_soldierCaptain/9.png,34,36,6,True,482,f8ea4baba7ffb1b32f36cfd00bb604a51ddbf075dfac8d75609d92bd4e933268
1186,blindPirateCaptain,sprites/DefineSprite_1186_blindPirateCaptain/1.png,28,34,6,True,472,478e7c798f16b4c3e975a329fb622b95d7394ab22327b59d68e2d8b3da49960c
1186,blindPirateCaptain,sprites/DefineSprite_1186_blindPirateCaptain/10.png,28,34,6,True,476,c45f0322cd0e932c45f980feba89ab2bc0fced4ea471ed29588cdf7847cd10fa
1186,blindPirateCaptain,sprites/DefineSprite_1186_blindPirateCaptain/11.png,28,34,6,True,476,c45f0322cd0e932c45f980feba89ab2bc0fced4ea471ed29588cdf7847cd10fa
1186,blindPirateCaptain,sprites/DefineSprite_1186_blindPirateCaptain/12.png,28,34,6,True,476,c45f0322cd0e932c45f980feba89ab2bc0fced4ea471ed29588cdf7847cd10fa
1186,blindPirateCaptain,sprites/DefineSprite_1186_blindPirateCaptain/13.png,28,34,6,True,83,5368a8851a77203a318f9235691c56469c96a37fb4c2c1f11dcecb2ce462f9f8
1186,blindPirateCaptain,sprites/DefineSprite_1186_blindPirateCaptain/14.png,28,34,6,True,83,5368a8851a77203a318f9235691c56469c96a37fb4c2c1f11dcecb2ce462f9f8
1186,blindPirateCaptain,sprites/DefineSprite_1186_blindPirateCaptain/15.png,28,34,6,True,490,8ae7acf4fe88b764f4811365ec507e43b5f189a35361705c7d713ff4a1608b74
1186,blindPirateCaptain,sprites/DefineSprite_1186_blindPirateCaptain/16.png,28,34,6,True,490,8ae7acf4fe88b764f4811365ec507e43b5f189a35361705c7d713ff4a1608b74
1186,blindPirateCaptain,sprites/DefineSprite_1186_blindPirateCaptain/17.png,28,34,6,True,490,8ae7acf4fe88b764f4811365ec507e43b5f189a35361705c7d713ff4a1608b74
1186,blindPirateCaptain,sprites/DefineSprite_1186_blindPirateCaptain/18.png,28,34,6,True,490,8ae7acf4fe88b764f4811365ec507e43b5f189a35361705c7d713ff4a1608b74
1186,blindPirateCaptain,sprites/DefineSprite_1186_blindPirateCaptain/19.png,28,34,6,True,490,8ae7acf4fe88b764f4811365ec507e43b5f189a35361705c7d713ff4a1608b74
1186,blindPirateCaptain,sprites/DefineSprite_1186_blindPirateCaptain/2.png,28,34,6,True,472,478e7c798f16b4c3e975a329fb622b95d7394ab22327b59d68e2d8b3da49960c
1186,blindPirateCaptain,sprites/DefineSprite_1186_blindPirateCaptain/20.png,28,34,6,True,490,8ae7acf4fe88b764f4811365ec507e43b5f189a35361705c7d713ff4a1608b74
1186,blindPirateCaptain,sprites/DefineSprite_1186_blindPirateCaptain/21.png,28,34,6,True,490,8ae7acf4fe88b764f4811365ec507e43b5f189a35361705c7d713ff4a1608b74
1186,blindPirateCaptain,sprites/DefineSprite_1186_blindPirateCaptain/22.png,28,34,6,True,490,8ae7acf4fe88b764f4811365ec507e43b5f189a35361705c7d713ff4a1608b74
1186,blindPirateCaptain,sprites/DefineSprite_1186_blindPirateCaptain/23.png,28,34,6,True,490,8ae7acf4fe88b764f4811365ec507e43b5f189a35361705c7d713ff4a1608b74
1186,blindPirateCaptain,sprites/DefineSprite_1186_blindPirateCaptain/24.png,28,34,6,True,490,8ae7acf4fe88b764f4811365ec507e43b5f189a35361705c7d713ff4a1608b74
1186,blindPirateCaptain,sprites/DefineSprite_1186_blindPirateCaptain/25.png,28,34,6,True,490,8ae7acf4fe88b764f4811365ec507e43b5f189a35361705c7d713ff4a1608b74
1186,blindPirateCaptain,sprites/DefineSprite_1186_blindPirateCaptain/26.png,28,34,6,True,490,8ae7acf4fe88b764f4811365ec507e43b5f189a35361705c7d713ff4a1608b74
1186,blindPirateCaptain,sprites/DefineSprite_1186_blindPirateCaptain/27.png,28,34,6,True,490,8ae7acf4fe88b764f4811365ec507e43b5f189a35361705c7d713ff4a1608b74
1186,blindPirateCaptain,sprites/DefineSprite_1186_blindPirateCaptain/28.png,28,34,6,True,490,8ae7acf4fe88b764f4811365ec507e43b5f189a35361705c7d713ff4a1608b74
1186,blindPirateCaptain,sprites/DefineSprite_1186_blindPirateCaptain/29.png,28,34,6,True,490,8ae7acf4fe88b764f4811365ec507e43b5f189a35361705c7d713ff4a1608b74
1186,blindPirateCaptain,sprites/DefineSprite_1186_blindPirateCaptain/3.png,28,34,6,True,472,478e7c798f16b4c3e975a329fb622b95d7394ab22327b59d68e2d8b3da49960c
1186,blindPirateCaptain,sprites/DefineSprite_1186_blindPirateCaptain/30.png,28,34,6,True,490,8ae7acf4fe88b764f4811365ec507e43b5f189a35361705c7d713ff4a1608b74
1186,blindPirateCaptain,sprites/DefineSprite_1186_blindPirateCaptain/31.png,28,34,6,True,490,8ae7acf4fe88b764f4811365ec507e43b5f189a35361705c7d713ff4a1608b74
1186,blindPirateCaptain,sprites/DefineSprite_1186_blindPirateCaptain/32.png,28,34,6,True,490,8ae7acf4fe88b764f4811365ec507e43b5f189a35361705c7d713ff4a1608b74
1186,blindPirateCaptain,sprites/DefineSprite_1186_blindPirateCaptain/33.png,28,34,6,True,490,8ae7acf4fe88b764f4811365ec507e43b5f189a35361705c7d713ff4a1608b74
1186,blindPirateCaptain,sprites/DefineSprite_1186_blindPirateCaptain/34.png,28,34,6,True,490,8ae7acf4fe88b764f4811365ec507e43b5f189a35361705c7d713ff4a1608b74
1186,blindPirateCaptain,sprites/DefineSprite_1186_blindPirateCaptain/35.png,28,34,6,True,490,8ae7acf4fe88b764f4811365ec507e43b5f189a35361705c7d713ff4a1608b74
1186,blindPirateCaptain,sprites/DefineSprite_1186_blindPirateCaptain/4.png,28,34,6,True,458,717d47356fdbbe25e11dd6c7742df8646cecee146fcfd6c51b4536e285fbdef2
1186,blindPirateCaptain,sprites/DefineSprite_1186_blindPirateCaptain/5.png,28,34,6,True,458,717d47356fdbbe25e11dd6c7742df8646cecee146fcfd6c51b4536e285fbdef2
1186,blindPirateCaptain,sprites/DefineSprite_1186_blindPirateCaptain/6.png,28,34,6,True,458,717d47356fdbbe25e11dd6c7742df8646cecee146fcfd6c51b4536e285fbdef2
1186,blindPirateCaptain,sprites/DefineSprite_1186_blindPirateCaptain/7.png,28,34,6,True,472,478e7c798f16b4c3e975a329fb622b95d7394ab22327b59d68e2d8b3da49960c
1186,blindPirateCaptain,sprites/DefineSprite_1186_blindPirateCaptain/8.png,28,34,6,True,472,478e7c798f16b4c3e975a329fb622b95d7394ab22327b59d68e2d8b3da49960c
1186,blindPirateCaptain,sprites/DefineSprite_1186_blindPirateCaptain/9.png,28,34,6,True,472,478e7c798f16b4c3e975a329fb622b95d7394ab22327b59d68e2d8b3da49960c
1197,femalePirateCaptain,sprites/DefineSprite_1197_femalePirateCaptain/1.png,31,32,6,True,521,af203f17bf6dc3030f9b52b08ee6926579b3e917cad81cb228ff613991fad57a
1197,femalePirateCaptain,sprites/DefineSprite_1197_femalePirateCaptain/10.png,31,32,6,True,528,71f8188388450ee22429e65f94cba55ab099e008748cb465a2bbfd377626594c
1197,femalePirateCaptain,sprites/DefineSprite_1197_femalePirateCaptain/11.png,31,32,6,True,528,71f8188388450ee22429e65f94cba55ab099e008748cb465a2bbfd377626594c
1197,femalePirateCaptain,sprites/DefineSprite_1197_femalePirateCaptain/12.png,31,32,6,True,528,71f8188388450ee22429e65f94cba55ab099e008748cb465a2bbfd377626594c
1197,femalePirateCaptain,sprites/DefineSprite_1197_femalePirateCaptain/13.png,31,32,6,True,84,03f5be434cb1ee900ee072ff7c67f80d06c3e7f843a2660cd611721b08aff641
1197,femalePirateCaptain,sprites/DefineSprite_1197_femalePirateCaptain/14.png,31,32,6,True,84,03f5be434cb1ee900ee072ff7c67f80d06c3e7f843a2660cd611721b08aff641
1197,femalePirateCaptain,sprites/DefineSprite_1197_femalePirateCaptain/15.png,31,32,6,True,550,dc3563546a2f1e83020c36b713c50e46f4089d821d2a1d60827cbac969768d19
1197,femalePirateCaptain,sprites/DefineSprite_1197_femalePirateCaptain/16.png,31,32,6,True,550,dc3563546a2f1e83020c36b713c50e46f4089d821d2a1d60827cbac969768d19
1197,femalePirateCaptain,sprites/DefineSprite_1197_femalePirateCaptain/17.png,31,32,6,True,550,dc3563546a2f1e83020c36b713c50e46f4089d821d2a1d60827cbac969768d19
1197,femalePirateCaptain,sprites/DefineSprite_1197_femalePirateCaptain/18.png,31,32,6,True,550,dc3563546a2f1e83020c36b713c50e46f4089d821d2a1d60827cbac969768d19
1197,femalePirateCaptain,sprites/DefineSprite_1197_femalePirateCaptain/19.png,31,32,6,True,550,dc3563546a2f1e83020c36b713c50e46f4089d821d2a1d60827cbac969768d19
1197,femalePirateCaptain,sprites/DefineSprite_1197_femalePirateCaptain/2.png,31,32,6,True,521,af203f17bf6dc3030f9b52b08ee6926579b3e917cad81cb228ff613991fad57a
1197,femalePirateCaptain,sprites/DefineSprite_1197_femalePirateCaptain/20.png,31,32,6,True,550,dc3563546a2f1e83020c36b713c50e46f4089d821d2a1d60827cbac969768d19
1197,femalePirateCaptain,sprites/DefineSprite_1197_femalePirateCaptain/21.png,31,32,6,True,550,dc3563546a2f1e83020c36b713c50e46f4089d821d2a1d60827cbac969768d19
1197,femalePirateCaptain,sprites/DefineSprite_1197_femalePirateCaptain/22.png,31,32,6,True,550,dc3563546a2f1e83020c36b713c50e46f4089d821d2a1d60827cbac969768d19
1197,femalePirateCaptain,sprites/DefineSprite_1197_femalePirateCaptain/23.png,31,32,6,True,550,dc3563546a2f1e83020c36b713c50e46f4089d821d2a1d60827cbac969768d19
1197,femalePirateCaptain,sprites/DefineSprite_1197_femalePirateCaptain/24.png,31,32,6,True,550,dc3563546a2f1e83020c36b713c50e46f4089d821d2a1d60827cbac969768d19
1197,femalePirateCaptain,sprites/DefineSprite_1197_femalePirateCaptain/25.png,31,32,6,True,550,dc3563546a2f1e83020c36b713c50e46f4089d821d2a1d60827cbac969768d19
1197,femalePirateCaptain,sprites/DefineSprite_1197_femalePirateCaptain/26.png,31,32,6,True,550,dc3563546a2f1e83020c36b713c50e46f4089d821d2a1d60827cbac969768d19
1197,femalePirateCaptain,sprites/DefineSprite_1197_femalePirateCaptain/27.png,31,32,6,True,550,dc3563546a2f1e83020c36b713c50e46f4089d821d2a1d60827cbac969768d19
1197,femalePirateCaptain,sprites/DefineSprite_1197_femalePirateCaptain/28.png,31,32,6,True,550,dc3563546a2f1e83020c36b713c50e46f4089d821d2a1d60827cbac969768d19
1197,femalePirateCaptain,sprites/DefineSprite_1197_femalePirateCaptain/29.png,31,32,6,True,550,dc3563546a2f1e83020c36b713c50e46f4089d821d2a1d60827cbac969768d19
1197,femalePirateCaptain,sprites/DefineSprite_1197_femalePirateCaptain/3.png,31,32,6,True,521,af203f17bf6dc3030f9b52b08ee6926579b3e917cad81cb228ff613991fad57a
1197,femalePirateCaptain,sprites/DefineSprite_1197_femalePirateCaptain/30.png,31,32,6,True,550,dc3563546a2f1e83020c36b713c50e46f4089d821d2a1d60827cbac969768d19
1197,femalePirateCaptain,sprites/DefineSprite_1197_femalePirateCaptain/31.png,31,32,6,True,550,dc3563546a2f1e83020c36b713c50e46f4089d821d2a1d60827cbac969768d19
1197,femalePirateCaptain,sprites/DefineSprite_1197_femalePirateCaptain/32.png,31,32,6,True,550,dc3563546a2f1e83020c36b713c50e46f4089d821d2a1d60827cbac969768d19
1197,femalePirateCaptain,sprites/DefineSprite_1197_femalePirateCaptain/33.png,31,32,6,True,550,dc3563546a2f1e83020c36b713c50e46f4089d821d2a1d60827cbac969768d19
1197,femalePirateCaptain,sprites/DefineSprite_1197_femalePirateCaptain/34.png,31,32,6,True,550,dc3563546a2f1e83020c36b713c50e46f4089d821d2a1d60827cbac969768d19
1197,femalePirateCaptain,sprites/DefineSprite_1197_femalePirateCaptain/35.png,31,32,6,True,550,dc3563546a2f1e83020c36b713c50e46f4089d821d2a1d60827cbac969768d19
1197,femalePirateCaptain,sprites/DefineSprite_1197_femalePirateCaptain/4.png,31,32,6,True,500,130d4a717e70ad88772f48afd33db6ccdd3c16cb9411d7e7a6935b283f932978
1197,femalePirateCaptain,sprites/DefineSprite_1197_femalePirateCaptain/5.png,31,32,6,True,500,130d4a717e70ad88772f48afd33db6ccdd3c16cb9411d7e7a6935b283f932978
1197,femalePirateCaptain,sprites/DefineSprite_1197_femalePirateCaptain/6.png,31,32,6,True,500,130d4a717e70ad88772f48afd33db6ccdd3c16cb9411d7e7a6935b283f932978
1197,femalePirateCaptain,sprites/DefineSprite_1197_femalePirateCaptain/7.png,31,32,6,True,521,af203f17bf6dc3030f9b52b08ee6926579b3e917cad81cb228ff613991fad57a
1197,femalePirateCaptain,sprites/DefineSprite_1197_femalePirateCaptain/8.png,31,32,6,True,521,af203f17bf6dc3030f9b52b08ee6926579b3e917cad81cb228ff613991fad57a
1197,femalePirateCaptain,sprites/DefineSprite_1197_femalePirateCaptain/9.png,31,32,6,True,521,af203f17bf6dc3030f9b52b08ee6926579b3e917cad81cb228ff613991fad57a
119,text_w,sprites/DefineSprite_119_text_w/1.png,12,11,6,True,117,6ee4acf0e1375f5a7fb0a993fe012d53a8928c2e76ed955b5cb177d7bfb7a8ed
1206,rainbowBeardCaptain,sprites/DefineSprite_1206_rainbowBeardCaptain/1.png,36,39,6,True,635,79d1e6cd095da4832138d022ecbc8697d487e6918909f6fa30593c382e7aeeaa
1206,rainbowBeardCaptain,sprites/DefineSprite_1206_rainbowBeardCaptain/10.png,36,39,6,True,644,07ac4a3a472da95d08ff0c639ece2f9065106dfdafe4fa2438e71d2b5dacf5f5
1206,rainbowBeardCaptain,sprites/DefineSprite_1206_rainbowBeardCaptain/11.png,36,39,6,True,644,07ac4a3a472da95d08ff0c639ece2f9065106dfdafe4fa2438e71d2b5dacf5f5
1206,rainbowBeardCaptain,sprites/DefineSprite_1206_rainbowBeardCaptain/12.png,36,39,6,True,644,07ac4a3a472da95d08ff0c639ece2f9065106dfdafe4fa2438e71d2b5dacf5f5
1206,rainbowBeardCaptain,sprites/DefineSprite_1206_rainbowBeardCaptain/13.png,36,39,6,True,84,2788d756fcdc5e544f54be37f12522cb90adac7b64e9e532adcfcf17b88ed5c8
1206,rainbowBeardCaptain,sprites/DefineSprite_1206_rainbowBeardCaptain/14.png,36,39,6,True,84,2788d756fcdc5e544f54be37f12522cb90adac7b64e9e532adcfcf17b88ed5c8
1206,rainbowBeardCaptain,sprites/DefineSprite_1206_rainbowBeardCaptain/15.png,36,39,6,True,632,dcd43c24a10e9e6e04db6ab49e272e003d8e52137ca8dcbecab9cd3e52adbf13
1206,rainbowBeardCaptain,sprites/DefineSprite_1206_rainbowBeardCaptain/16.png,36,39,6,True,632,dcd43c24a10e9e6e04db6ab49e272e003d8e52137ca8dcbecab9cd3e52adbf13
1206,rainbowBeardCaptain,sprites/DefineSprite_1206_rainbowBeardCaptain/17.png,36,39,6,True,632,dcd43c24a10e9e6e04db6ab49e272e003d8e52137ca8dcbecab9cd3e52adbf13
1206,rainbowBeardCaptain,sprites/DefineSprite_1206_rainbowBeardCaptain/18.png,36,39,6,True,632,dcd43c24a10e9e6e04db6ab49e272e003d8e52137ca8dcbecab9cd3e52adbf13
1206,rainbowBeardCaptain,sprites/DefineSprite_1206_rainbowBeardCaptain/19.png,36,39,6,True,632,dcd43c24a10e9e6e04db6ab49e272e003d8e52137ca8dcbecab9cd3e52adbf13
1206,rainbowBeardCaptain,sprites/DefineSprite_1206_rainbowBeardCaptain/2.png,36,39,6,True,635,79d1e6cd095da4832138d022ecbc8697d487e6918909f6fa30593c382e7aeeaa
1206,rainbowBeardCaptain,sprites/DefineSprite_1206_rainbowBeardCaptain/20.png,36,39,6,True,632,dcd43c24a10e9e6e04db6ab49e272e003d8e52137ca8dcbecab9cd3e52adbf13
1206,rainbowBeardCaptain,sprites/DefineSprite_1206_rainbowBeardCaptain/21.png,36,39,6,True,632,dcd43c24a10e9e6e04db6ab49e272e003d8e52137ca8dcbecab9cd3e52adbf13
1206,rainbowBeardCaptain,sprites/DefineSprite_1206_rainbowBeardCaptain/22.png,36,39,6,True,632,dcd43c24a10e9e6e04db6ab49e272e003d8e52137ca8dcbecab9cd3e52adbf13
1206,rainbowBeardCaptain,sprites/DefineSprite_1206_rainbowBeardCaptain/23.png,36,39,6,True,632,dcd43c24a10e9e6e04db6ab49e272e003d8e52137ca8dcbecab9cd3e52adbf13
1206,rainbowBeardCaptain,sprites/DefineSprite_1206_rainbowBeardCaptain/24.png,36,39,6,True,632,dcd43c24a10e9e6e04db6ab49e272e003d8e52137ca8dcbecab9cd3e52adbf13
1206,rainbowBeardCaptain,sprites/DefineSprite_1206_rainbowBeardCaptain/25.png,36,39,6,True,632,dcd43c24a10e9e6e04db6ab49e272e003d8e52137ca8dcbecab9cd3e52adbf13
1206,rainbowBeardCaptain,sprites/DefineSprite_1206_rainbowBeardCaptain/26.png,36,39,6,True,632,dcd43c24a10e9e6e04db6ab49e272e003d8e52137ca8dcbecab9cd3e52adbf13
1206,rainbowBeardCaptain,sprites/DefineSprite_1206_rainbowBeardCaptain/27.png,36,39,6,True,632,dcd43c24a10e9e6e04db6ab49e272e003d8e52137ca8dcbecab9cd3e52adbf13
1206,rainbowBeardCaptain,sprites/DefineSprite_1206_rainbowBeardCaptain/28.png,36,39,6,True,632,dcd43c24a10e9e6e04db6ab49e272e003d8e52137ca8dcbecab9cd3e52adbf13
1206,rainbowBeardCaptain,sprites/DefineSprite_1206_rainbowBeardCaptain/29.png,36,39,6,True,632,dcd43c24a10e9e6e04db6ab49e272e003d8e52137ca8dcbecab9cd3e52adbf13
1206,rainbowBeardCaptain,sprites/DefineSprite_1206_rainbowBeardCaptain/3.png,36,39,6,True,635,79d1e6cd095da4832138d022ecbc8697d487e6918909f6fa30593c382e7aeeaa
1206,rainbowBeardCaptain,sprites/DefineSprite_1206_rainbowBeardCaptain/30.png,36,39,6,True,632,dcd43c24a10e9e6e04db6ab49e272e003d8e52137ca8dcbecab9cd3e52adbf13
1206,rainbowBeardCaptain,sprites/DefineSprite_1206_rainbowBeardCaptain/31.png,36,39,6,True,632,dcd43c24a10e9e6e04db6ab49e272e003d8e52137ca8dcbecab9cd3e52adbf13
1206,rainbowBeardCaptain,sprites/DefineSprite_1206_rainbowBeardCaptain/32.png,36,39,6,True,632,dcd43c24a10e9e6e04db6ab49e272e003d8e52137ca8dcbecab9cd3e52adbf13
1206,rainbowBeardCaptain,sprites/DefineSprite_1206_rainbowBeardCaptain/33.png,36,39,6,True,632,dcd43c24a10e9e6e04db6ab49e272e003d8e52137ca8dcbecab9cd3e52adbf13
1206,rainbowBeardCaptain,sprites/DefineSprite_1206_rainbowBeardCaptain/34.png,36,39,6,True,632,dcd43c24a10e9e6e04db6ab49e272e003d8e52137ca8dcbecab9cd3e52adbf13
1206,rainbowBeardCaptain,sprites/DefineSprite_1206_rainbowBeardCaptain/35.png,36,39,6,True,632,dcd43c24a10e9e6e04db6ab49e272e003d8e52137ca8dcbecab9cd3e52adbf13
1206,rainbowBeardCaptain,sprites/DefineSprite_1206_rainbowBeardCaptain/4.png,36,39,6,True,629,fbe840229758d4819fd415a9bd384881cf85ff9d4fa6dc9e286d4f3c2a93c2db
1206,rainbowBeardCaptain,sprites/DefineSprite_1206_rainbowBeardCaptain/5.png,36,39,6,True,629,fbe840229758d4819fd415a9bd384881cf85ff9d4fa6dc9e286d4f3c2a93c2db
1206,rainbowBeardCaptain,sprites/DefineSprite_1206_rainbowBeardCaptain/6.png,36,39,6,True,629,fbe840229758d4819fd415a9bd384881cf85ff9d4fa6dc9e286d4f3c2a93c2db
1206,rainbowBeardCaptain,sprites/DefineSprite_1206_rainbowBeardCaptain/7.png,36,39,6,True,635,79d1e6cd095da4832138d022ecbc8697d487e6918909f6fa30593c382e7aeeaa
1206,rainbowBeardCaptain,sprites/DefineSprite_1206_rainbowBeardCaptain/8.png,36,39,6,True,635,79d1e6cd095da4832138d022ecbc8697d487e6918909f6fa30593c382e7aeeaa
1206,rainbowBeardCaptain,sprites/DefineSprite_1206_rainbowBeardCaptain/9.png,36,39,6,True,635,79d1e6cd095da4832138d022ecbc8697d487e6918909f6fa30593c382e7aeeaa
1217,oldPirateCaptain,sprites/DefineSprite_1217_oldPirateCaptain/1.png,36,34,6,True,473,ef6667656f5a593a1c24b041bbbcbc386cfacea281f87f977bdec09436941df0
1217,oldPirateCaptain,sprites/DefineSprite_1217_oldPirateCaptain/10.png,36,34,6,True,466,c3f9efd44b0b0483251aaa05406b23571cbb2139176224fcba05750bc8635f9e
1217,oldPirateCaptain,sprites/DefineSprite_1217_oldPirateCaptain/11.png,36,34,6,True,466,c3f9efd44b0b0483251aaa05406b23571cbb2139176224fcba05750bc8635f9e
1217,oldPirateCaptain,sprites/DefineSprite_1217_oldPirateCaptain/12.png,36,34,6,True,466,c3f9efd44b0b0483251aaa05406b23571cbb2139176224fcba05750bc8635f9e
1217,oldPirateCaptain,sprites/DefineSprite_1217_oldPirateCaptain/13.png,36,34,6,True,85,d88b46bb9d4b6d2da39e571b0acdd140d611e81149dfd12a6b2b1bf60ade9432
1217,oldPirateCaptain,sprites/DefineSprite_1217_oldPirateCaptain/14.png,36,34,6,True,85,d88b46bb9d4b6d2da39e571b0acdd140d611e81149dfd12a6b2b1bf60ade9432
1217,oldPirateCaptain,sprites/DefineSprite_1217_oldPirateCaptain/15.png,36,34,6,True,461,ffcbd63050c722fd3355ea85becfa726f86d2776bf093da4accb222c24a20016
1217,oldPirateCaptain,sprites/DefineSprite_1217_oldPirateCaptain/16.png,36,34,6,True,461,ffcbd63050c722fd3355ea85becfa726f86d2776bf093da4accb222c24a20016
1217,oldPirateCaptain,sprites/DefineSprite_1217_oldPirateCaptain/17.png,36,34,6,True,461,ffcbd63050c722fd3355ea85becfa726f86d2776bf093da4accb222c24a20016
1217,oldPirateCaptain,sprites/DefineSprite_1217_oldPirateCaptain/18.png,36,34,6,True,461,ffcbd63050c722fd3355ea85becfa726f86d2776bf093da4accb222c24a20016
1217,oldPirateCaptain,sprites/DefineSprite_1217_oldPirateCaptain/19.png,36,34,6,True,461,ffcbd63050c722fd3355ea85becfa726f86d2776bf093da4accb222c24a20016
1217,oldPirateCaptain,sprites/DefineSprite_1217_oldPirateCaptain/2.png,36,34,6,True,473,ef6667656f5a593a1c24b041bbbcbc386cfacea281f87f977bdec09436941df0
1217,oldPirateCaptain,sprites/DefineSprite_1217_oldPirateCaptain/20.png,36,34,6,True,461,ffcbd63050c722fd3355ea85becfa726f86d2776bf093da4accb222c24a20016
1217,oldPirateCaptain,sprites/DefineSprite_1217_oldPirateCaptain/21.png,36,34,6,True,461,ffcbd63050c722fd3355ea85becfa726f86d2776bf093da4accb222c24a20016
1217,oldPirateCaptain,sprites/DefineSprite_1217_oldPirateCaptain/22.png,36,34,6,True,461,ffcbd63050c722fd3355ea85becfa726f86d2776bf093da4accb222c24a20016
1217,oldPirateCaptain,sprites/DefineSprite_1217_oldPirateCaptain/23.png,36,34,6,True,461,ffcbd63050c722fd3355ea85becfa726f86d2776bf093da4accb222c24a20016
1217,oldPirateCaptain,sprites/DefineSprite_1217_oldPirateCaptain/24.png,36,34,6,True,461,ffcbd63050c722fd3355ea85becfa726f86d2776bf093da4accb222c24a20016
1217,oldPirateCaptain,sprites/DefineSprite_1217_oldPirateCaptain/25.png,36,34,6,True,461,ffcbd63050c722fd3355ea85becfa726f86d2776bf093da4accb222c24a20016
1217,oldPirateCaptain,sprites/DefineSprite_1217_oldPirateCaptain/26.png,36,34,6,True,461,ffcbd63050c722fd3355ea85becfa726f86d2776bf093da4accb222c24a20016
1217,oldPirateCaptain,sprites/DefineSprite_1217_oldPirateCaptain/27.png,36,34,6,True,461,ffcbd63050c722fd3355ea85becfa726f86d2776bf093da4accb222c24a20016
1217,oldPirateCaptain,sprites/DefineSprite_1217_oldPirateCaptain/28.png,36,34,6,True,461,ffcbd63050c722fd3355ea85becfa726f86d2776bf093da4accb222c24a20016
1217,oldPirateCaptain,sprites/DefineSprite_1217_oldPirateCaptain/29.png,36,34,6,True,461,ffcbd63050c722fd3355ea85becfa726f86d2776bf093da4accb222c24a20016
1217,oldPirateCaptain,sprites/DefineSprite_1217_oldPirateCaptain/3.png,36,34,6,True,473,ef6667656f5a593a1c24b041bbbcbc386cfacea281f87f977bdec09436941df0
1217,oldPirateCaptain,sprites/DefineSprite_1217_oldPirateCaptain/30.png,36,34,6,True,461,ffcbd63050c722fd3355ea85becfa726f86d2776bf093da4accb222c24a20016
1217,oldPirateCaptain,sprites/DefineSprite_1217_oldPirateCaptain/31.png,36,34,6,True,461,ffcbd63050c722fd3355ea85becfa726f86d2776bf093da4accb222c24a20016
1217,oldPirateCaptain,sprites/DefineSprite_1217_oldPirateCaptain/32.png,36,34,6,True,461,ffcbd63050c722fd3355ea85becfa726f86d2776bf093da4accb222c24a20016
1217,oldPirateCaptain,sprites/DefineSprite_1217_oldPirateCaptain/33.png,36,34,6,True,461,ffcbd63050c722fd3355ea85becfa726f86d2776bf093da4accb222c24a20016
1217,oldPirateCaptain,sprites/DefineSprite_1217_oldPirateCaptain/34.png,36,34,6,True,461,ffcbd63050c722fd3355ea85becfa726f86d2776bf093da4accb222c24a20016
1217,oldPirateCaptain,sprites/DefineSprite_1217_oldPirateCaptain/35.png,36,34,6,True,461,ffcbd63050c722fd3355ea85becfa726f86d2776bf093da4accb222c24a20016
1217,oldPirateCaptain,sprites/DefineSprite_1217_oldPirateCaptain/4.png,36,34,6,True,447,74d1d77017e596642d869067e6d7d0f64c3aa51d301658039ba85136c239dc1b
1217,oldPirateCaptain,sprites/DefineSprite_1217_oldPirateCaptain/5.png,36,34,6,True,447,74d1d77017e596642d869067e6d7d0f64c3aa51d301658039ba85136c239dc1b
1217,oldPirateCaptain,sprites/DefineSprite_1217_oldPirateCaptain/6.png,36,34,6,True,447,74d1d77017e596642d869067e6d7d0f64c3aa51d301658039ba85136c239dc1b
1217,oldPirateCaptain,sprites/DefineSprite_1217_oldPirateCaptain/7.png,36,34,6,True,473,ef6667656f5a593a1c24b041bbbcbc386cfacea281f87f977bdec09436941df0
1217,oldPirateCaptain,sprites/DefineSprite_1217_oldPirateCaptain/8.png,36,34,6,True,473,ef6667656f5a593a1c24b041bbbcbc386cfacea281f87f977bdec09436941df0
1217,oldPirateCaptain,sprites/DefineSprite_1217_oldPirateCaptain/9.png,36,34,6,True,473,ef6667656f5a593a1c24b041bbbcbc386cfacea281f87f977bdec09436941df0
1228,cabinBoyCaptain,sprites/DefineSprite_1228_cabinBoyCaptain/1.png,24,33,6,True,392,caf0f244f624dfba0b00dd5ac4484c4a6c8535d1ff74ab3e5dc2aa7bb0f1c586
1228,cabinBoyCaptain,sprites/DefineSprite_1228_cabinBoyCaptain/10.png,24,33,6,True,392,72d7e0b33d22c1649b6123f98d795ef21301b654955f9a45e2b2c842a5d86e09
1228,cabinBoyCaptain,sprites/DefineSprite_1228_cabinBoyCaptain/11.png,24,33,6,True,392,72d7e0b33d22c1649b6123f98d795ef21301b654955f9a45e2b2c842a5d86e09
1228,cabinBoyCaptain,sprites/DefineSprite_1228_cabinBoyCaptain/12.png,24,33,6,True,392,72d7e0b33d22c1649b6123f98d795ef21301b654955f9a45e2b2c842a5d86e09
1228,cabinBoyCaptain,sprites/DefineSprite_1228_cabinBoyCaptain/13.png,24,33,6,True,83,0908c57227ddca770eb3d687b58c0d1b14b703feabae93d96f278bcaa6128fcf
1228,cabinBoyCaptain,sprites/DefineSprite_1228_cabinBoyCaptain/14.png,24,33,6,True,83,0908c57227ddca770eb3d687b58c0d1b14b703feabae93d96f278bcaa6128fcf
1228,cabinBoyCaptain,sprites/DefineSprite_1228_cabinBoyCaptain/15.png,24,33,6,True,408,ff7ebf1b124f302aa35b466d995a5776c67321afa7ba9b759c9311ced83c6f07
1228,cabinBoyCaptain,sprites/DefineSprite_1228_cabinBoyCaptain/16.png,24,33,6,True,408,ff7ebf1b124f302aa35b466d995a5776c67321afa7ba9b759c9311ced83c6f07
1228,cabinBoyCaptain,sprites/DefineSprite_1228_cabinBoyCaptain/17.png,24,33,6,True,408,ff7ebf1b124f302aa35b466d995a5776c67321afa7ba9b759c9311ced83c6f07
1228,cabinBoyCaptain,sprites/DefineSprite_1228_cabinBoyCaptain/18.png,24,33,6,True,408,ff7ebf1b124f302aa35b466d995a5776c67321afa7ba9b759c9311ced83c6f07
1228,cabinBoyCaptain,sprites/DefineSprite_1228_cabinBoyCaptain/19.png,24,33,6,True,408,ff7ebf1b124f302aa35b466d995a5776c67321afa7ba9b759c9311ced83c6f07
1228,cabinBoyCaptain,sprites/DefineSprite_1228_cabinBoyCaptain/2.png,24,33,6,True,392,caf0f244f624dfba0b00dd5ac4484c4a6c8535d1ff74ab3e5dc2aa7bb0f1c586
1228,cabinBoyCaptain,sprites/DefineSprite_1228_cabinBoyCaptain/20.png,24,33,6,True,408,ff7ebf1b124f302aa35b466d995a5776c67321afa7ba9b759c9311ced83c6f07
1228,cabinBoyCaptain,sprites/DefineSprite_1228_cabinBoyCaptain/21.png,24,33,6,True,408,ff7ebf1b124f302aa35b466d995a5776c67321afa7ba9b759c9311ced83c6f07
1228,cabinBoyCaptain,sprites/DefineSprite_1228_cabinBoyCaptain/22.png,24,33,6,True,408,ff7ebf1b124f302aa35b466d995a5776c67321afa7ba9b759c9311ced83c6f07
1228,cabinBoyCaptain,sprites/DefineSprite_1228_cabinBoyCaptain/23.png,24,33,6,True,408,ff7ebf1b124f302aa35b466d995a5776c67321afa7ba9b759c9311ced83c6f07
1228,cabinBoyCaptain,sprites/DefineSprite_1228_cabinBoyCaptain/24.png,24,33,6,True,408,ff7ebf1b124f302aa35b466d995a5776c67321afa7ba9b759c9311ced83c6f07
1228,cabinBoyCaptain,sprites/DefineSprite_1228_cabinBoyCaptain/25.png,24,33,6,True,408,ff7ebf1b124f302aa35b466d995a5776c67321afa7ba9b759c9311ced83c6f07
1228,cabinBoyCaptain,sprites/DefineSprite_1228_cabinBoyCaptain/26.png,24,33,6,True,408,ff7ebf1b124f302aa35b466d995a5776c67321afa7ba9b759c9311ced83c6f07
1228,cabinBoyCaptain,sprites/DefineSprite_1228_cabinBoyCaptain/27.png,24,33,6,True,408,ff7ebf1b124f302aa35b466d995a5776c67321afa7ba9b759c9311ced83c6f07
1228,cabinBoyCaptain,sprites/DefineSprite_1228_cabinBoyCaptain/28.png,24,33,6,True,408,ff7ebf1b124f302aa35b466d995a5776c67321afa7ba9b759c9311ced83c6f07
1228,cabinBoyCaptain,sprites/DefineSprite_1228_cabinBoyCaptain/29.png,24,33,6,True,408,ff7ebf1b124f302aa35b466d995a5776c67321afa7ba9b759c9311ced83c6f07
1228,cabinBoyCaptain,sprites/DefineSprite_1228_cabinBoyCaptain/3.png,24,33,6,True,392,caf0f244f624dfba0b00dd5ac4484c4a6c8535d1ff74ab3e5dc2aa7bb0f1c586
1228,cabinBoyCaptain,sprites/DefineSprite_1228_cabinBoyCaptain/30.png,24,33,6,True,408,ff7ebf1b124f302aa35b466d995a5776c67321afa7ba9b759c9311ced83c6f07
1228,cabinBoyCaptain,sprites/DefineSprite_1228_cabinBoyCaptain/31.png,24,33,6,True,408,ff7ebf1b124f302aa35b466d995a5776c67321afa7ba9b759c9311ced83c6f07
1228,cabinBoyCaptain,sprites/DefineSprite_1228_cabinBoyCaptain/32.png,24,33,6,True,408,ff7ebf1b124f302aa35b466d995a5776c67321afa7ba9b759c9311ced83c6f07
1228,cabinBoyCaptain,sprites/DefineSprite_1228_cabinBoyCaptain/33.png,24,33,6,True,408,ff7ebf1b124f302aa35b466d995a5776c67321afa7ba9b759c9311ced83c6f07
1228,cabinBoyCaptain,sprites/DefineSprite_1228_cabinBoyCaptain/34.png,24,33,6,True,408,ff7ebf1b124f302aa35b466d995a5776c67321afa7ba9b759c9311ced83c6f07
1228,cabinBoyCaptain,sprites/DefineSprite_1228_cabinBoyCaptain/35.png,24,33,6,True,408,ff7ebf1b124f302aa35b466d995a5776c67321afa7ba9b759c9311ced83c6f07
1228,cabinBoyCaptain,sprites/DefineSprite_1228_cabinBoyCaptain/4.png,24,33,6,True,390,5333267cf8ba167c5b7c95d43a9d91530a0174b752914e540a64e9bc5e230354
1228,cabinBoyCaptain,sprites/DefineSprite_1228_cabinBoyCaptain/5.png,24,33,6,True,390,5333267cf8ba167c5b7c95d43a9d91530a0174b752914e540a64e9bc5e230354
1228,cabinBoyCaptain,sprites/DefineSprite_1228_cabinBoyCaptain/6.png,24,33,6,True,390,5333267cf8ba167c5b7c95d43a9d91530a0174b752914e540a64e9bc5e230354
1228,cabinBoyCaptain,sprites/DefineSprite_1228_cabinBoyCaptain/7.png,24,33,6,True,392,caf0f244f624dfba0b00dd5ac4484c4a6c8535d1ff74ab3e5dc2aa7bb0f1c586
1228,cabinBoyCaptain,sprites/DefineSprite_1228_cabinBoyCaptain/8.png,24,33,6,True,392,caf0f244f624dfba0b00dd5ac4484c4a6c8535d1ff74ab3e5dc2aa7bb0f1c586
1228,cabinBoyCaptain,sprites/DefineSprite_1228_cabinBoyCaptain/9.png,24,33,6,True,392,caf0f244f624dfba0b00dd5ac4484c4a6c8535d1ff74ab3e5dc2aa7bb0f1c586
122,text_x,sprites/DefineSprite_122_text_x/1.png,8,11,6,True,114,94ed1f8f17a5c1c36584389ddefda6c33e2b86c7710c767e6dfda79e0befce13
1237,tribeChief,sprites/DefineSprite_1237_tribeChief/1.png,28,39,6,True,524,1f420c43b45b1a70e583a8a8c64fd1d0164d75d6802146248c9f3bebffd24c92
1237,tribeChief,sprites/DefineSprite_1237_tribeChief/10.png,28,39,6,True,508,23c6a56982014fa5b4fae690ad2b5f53f4c3a81f6ec48e4f4b29fced39db7d6b
1237,tribeChief,sprites/DefineSprite_1237_tribeChief/11.png,28,39,6,True,508,23c6a56982014fa5b4fae690ad2b5f53f4c3a81f6ec48e4f4b29fced39db7d6b
1237,tribeChief,sprites/DefineSprite_1237_tribeChief/12.png,28,39,6,True,508,23c6a56982014fa5b4fae690ad2b5f53f4c3a81f6ec48e4f4b29fced39db7d6b
1237,tribeChief,sprites/DefineSprite_1237_tribeChief/13.png,28,39,6,True,84,60054604288c83b98d25c75c86e554e17a07b3dfad8a0291d2f3c6c9d8404789
1237,tribeChief,sprites/DefineSprite_1237_tribeChief/14.png,28,39,6,True,84,60054604288c83b98d25c75c86e554e17a07b3dfad8a0291d2f3c6c9d8404789
1237,tribeChief,sprites/DefineSprite_1237_tribeChief/15.png,28,39,6,True,566,af82d0db7a54045dbbf17ed40ab7554a01607eea2fe60d0b4a51de0252afd19a
1237,tribeChief,sprites/DefineSprite_1237_tribeChief/16.png,28,39,6,True,566,af82d0db7a54045dbbf17ed40ab7554a01607eea2fe60d0b4a51de0252afd19a
1237,tribeChief,sprites/DefineSprite_1237_tribeChief/17.png,28,39,6,True,566,af82d0db7a54045dbbf17ed40ab7554a01607eea2fe60d0b4a51de0252afd19a
1237,tribeChief,sprites/DefineSprite_1237_tribeChief/18.png,28,39,6,True,566,af82d0db7a54045dbbf17ed40ab7554a01607eea2fe60d0b4a51de0252afd19a
1237,tribeChief,sprites/DefineSprite_1237_tribeChief/19.png,28,39,6,True,566,af82d0db7a54045dbbf17ed40ab7554a01607eea2fe60d0b4a51de0252afd19a
1237,tribeChief,sprites/DefineSprite_1237_tribeChief/2.png,28,39,6,True,524,1f420c43b45b1a70e583a8a8c64fd1d0164d75d6802146248c9f3bebffd24c92
1237,tribeChief,sprites/DefineSprite_1237_tribeChief/20.png,28,39,6,True,566,af82d0db7a54045dbbf17ed40ab7554a01607eea2fe60d0b4a51de0252afd19a
1237,tribeChief,sprites/DefineSprite_1237_tribeChief/21.png,28,39,6,True,566,af82d0db7a54045dbbf17ed40ab7554a01607eea2fe60d0b4a51de0252afd19a
1237,tribeChief,sprites/DefineSprite_1237_tribeChief/22.png,28,39,6,True,566,af82d0db7a54045dbbf17ed40ab7554a01607eea2fe60d0b4a51de0252afd19a
1237,tribeChief,sprites/DefineSprite_1237_tribeChief/23.png,28,39,6,True,566,af82d0db7a54045dbbf17ed40ab7554a01607eea2fe60d0b4a51de0252afd19a
1237,tribeChief,sprites/DefineSprite_1237_tribeChief/24.png,28,39,6,True,566,af82d0db7a54045dbbf17ed40ab7554a01607eea2fe60d0b4a51de0252afd19a
1237,tribeChief,sprites/DefineSprite_1237_tribeChief/25.png,28,39,6,True,566,af82d0db7a54045dbbf17ed40ab7554a01607eea2fe60d0b4a51de0252afd19a
1237,tribeChief,sprites/DefineSprite_1237_tribeChief/26.png,28,39,6,True,566,af82d0db7a54045dbbf17ed40ab7554a01607eea2fe60d0b4a51de0252afd19a
1237,tribeChief,sprites/DefineSprite_1237_tribeChief/27.png,28,39,6,True,566,af82d0db7a54045dbbf17ed40ab7554a01607eea2fe60d0b4a51de0252afd19a
1237,tribeChief,sprites/DefineSprite_1237_tribeChief/28.png,28,39,6,True,566,af82d0db7a54045dbbf17ed40ab7554a01607eea2fe60d0b4a51de0252afd19a
1237,tribeChief,sprites/DefineSprite_1237_tribeChief/29.png,28,39,6,True,566,af82d0db7a54045dbbf17ed40ab7554a01607eea2fe60d0b4a51de0252afd19a
1237,tribeChief,sprites/DefineSprite_1237_tribeChief/3.png,28,39,6,True,524,1f420c43b45b1a70e583a8a8c64fd1d0164d75d6802146248c9f3bebffd24c92
1237,tribeChief,sprites/DefineSprite_1237_tribeChief/30.png,28,39,6,True,566,af82d0db7a54045dbbf17ed40ab7554a01607eea2fe60d0b4a51de0252afd19a
1237,tribeChief,sprites/DefineSprite_1237_tribeChief/31.png,28,39,6,True,566,af82d0db7a54045dbbf17ed40ab7554a01607eea2fe60d0b4a51de0252afd19a
1237,tribeChief,sprites/DefineSprite_1237_tribeChief/32.png,28,39,6,True,566,af82d0db7a54045dbbf17ed40ab7554a01607eea2fe60d0b4a51de0252afd19a
1237,tribeChief,sprites/DefineSprite_1237_tribeChief/33.png,28,39,6,True,566,af82d0db7a54045dbbf17ed40ab7554a01607eea2fe60d0b4a51de0252afd19a
1237,tribeChief,sprites/DefineSprite_1237_tribeChief/34.png,28,39,6,True,566,af82d0db7a54045dbbf17ed40ab7554a01607eea2fe60d0b4a51de0252afd19a
1237,tribeChief,sprites/DefineSprite_1237_tribeChief/35.png,28,39,6,True,566,af82d0db7a54045dbbf17ed40ab7554a01607eea2fe60d0b4a51de0252afd19a
1237,tribeChief,sprites/DefineSprite_1237_tribeChief/4.png,28,39,6,True,527,4e289906780d769d69f164bd0e8772e69ad5ed075a30ee8b9e8c9a1f026f5b11
1237,tribeChief,sprites/DefineSprite_1237_tribeChief/5.png,28,39,6,True,527,4e289906780d769d69f164bd0e8772e69ad5ed075a30ee8b9e8c9a1f026f5b11
1237,tribeChief,sprites/DefineSprite_1237_tribeChief/6.png,28,39,6,True,527,4e289906780d769d69f164bd0e8772e69ad5ed075a30ee8b9e8c9a1f026f5b11
1237,tribeChief,sprites/DefineSprite_1237_tribeChief/7.png,28,39,6,True,524,1f420c43b45b1a70e583a8a8c64fd1d0164d75d6802146248c9f3bebffd24c92
1237,tribeChief,sprites/DefineSprite_1237_tribeChief/8.png,28,39,6,True,524,1f420c43b45b1a70e583a8a8c64fd1d0164d75d6802146248c9f3bebffd24c92
1237,tribeChief,sprites/DefineSprite_1237_tribeChief/9.png,28,39,6,True,524,1f420c43b45b1a70e583a8a8c64fd1d0164d75d6802146248c9f3bebffd24c92
1248,skeletonPirate,sprites/DefineSprite_1248_skeletonPirate/1.png,28,30,6,True,309,680ee307d48e22f092f52057998491691ed1cb69b1a01549e8e7b4f2a9e775e4
1248,skeletonPirate,sprites/DefineSprite_1248_skeletonPirate/10.png,28,30,6,True,318,4422648e22bb2794765a4c430bc1fbe12ffab95e45483c784d91534b5e4e3de5
1248,skeletonPirate,sprites/DefineSprite_1248_skeletonPirate/11.png,28,30,6,True,318,4422648e22bb2794765a4c430bc1fbe12ffab95e45483c784d91534b5e4e3de5
1248,skeletonPirate,sprites/DefineSprite_1248_skeletonPirate/12.png,28,30,6,True,318,4422648e22bb2794765a4c430bc1fbe12ffab95e45483c784d91534b5e4e3de5
1248,skeletonPirate,sprites/DefineSprite_1248_skeletonPirate/13.png,28,30,6,True,83,b75ebdbf6626b4de3f18eb11ce42d39710e2eafbf650279e8c48a3e58efedba7
1248,skeletonPirate,sprites/DefineSprite_1248_skeletonPirate/14.png,28,30,6,True,83,b75ebdbf6626b4de3f18eb11ce42d39710e2eafbf650279e8c48a3e58efedba7
1248,skeletonPirate,sprites/DefineSprite_1248_skeletonPirate/15.png,28,30,6,True,309,290057b7c600b71cddcdbcc7560e3d3ed98df05d0b7ce17f2a92427e7d3caa66
1248,skeletonPirate,sprites/DefineSprite_1248_skeletonPirate/16.png,28,30,6,True,309,290057b7c600b71cddcdbcc7560e3d3ed98df05d0b7ce17f2a92427e7d3caa66
1248,skeletonPirate,sprites/DefineSprite_1248_skeletonPirate/17.png,28,30,6,True,309,290057b7c600b71cddcdbcc7560e3d3ed98df05d0b7ce17f2a92427e7d3caa66
1248,skeletonPirate,sprites/DefineSprite_1248_skeletonPirate/18.png,28,30,6,True,309,290057b7c600b71cddcdbcc7560e3d3ed98df05d0b7ce17f2a92427e7d3caa66
1248,skeletonPirate,sprites/DefineSprite_1248_skeletonPirate/19.png,28,30,6,True,309,290057b7c600b71cddcdbcc7560e3d3ed98df05d0b7ce17f2a92427e7d3caa66
1248,skeletonPirate,sprites/DefineSprite_1248_skeletonPirate/2.png,28,30,6,True,309,680ee307d48e22f092f52057998491691ed1cb69b1a01549e8e7b4f2a9e775e4
1248,skeletonPirate,sprites/DefineSprite_1248_skeletonPirate/20.png,28,30,6,True,309,290057b7c600b71cddcdbcc7560e3d3ed98df05d0b7ce17f2a92427e7d3caa66
1248,skeletonPirate,sprites/DefineSprite_1248_skeletonPirate/21.png,28,30,6,True,309,290057b7c600b71cddcdbcc7560e3d3ed98df05d0b7ce17f2a92427e7d3caa66
1248,skeletonPirate,sprites/DefineSprite_1248_skeletonPirate/22.png,28,30,6,True,309,290057b7c600b71cddcdbcc7560e3d3ed98df05d0b7ce17f2a92427e7d3caa66
1248,skeletonPirate,sprites/DefineSprite_1248_skeletonPirate/23.png,28,30,6,True,309,290057b7c600b71cddcdbcc7560e3d3ed98df05d0b7ce17f2a92427e7d3caa66
1248,skeletonPirate,sprites/DefineSprite_1248_skeletonPirate/24.png,28,30,6,True,309,290057b7c600b71cddcdbcc7560e3d3ed98df05d0b7ce17f2a92427e7d3caa66
1248,skeletonPirate,sprites/DefineSprite_1248_skeletonPirate/25.png,28,30,6,True,309,290057b7c600b71cddcdbcc7560e3d3ed98df05d0b7ce17f2a92427e7d3caa66
1248,skeletonPirate,sprites/DefineSprite_1248_skeletonPirate/26.png,28,30,6,True,309,290057b7c600b71cddcdbcc7560e3d3ed98df05d0b7ce17f2a92427e7d3caa66
1248,skeletonPirate,sprites/DefineSprite_1248_skeletonPirate/27.png,28,30,6,True,309,290057b7c600b71cddcdbcc7560e3d3ed98df05d0b7ce17f2a92427e7d3caa66
1248,skeletonPirate,sprites/DefineSprite_1248_skeletonPirate/28.png,28,30,6,True,309,290057b7c600b71cddcdbcc7560e3d3ed98df05d0b7ce17f2a92427e7d3caa66
1248,skeletonPirate,sprites/DefineSprite_1248_skeletonPirate/29.png,28,30,6,True,309,290057b7c600b71cddcdbcc7560e3d3ed98df05d0b7ce17f2a92427e7d3caa66
1248,skeletonPirate,sprites/DefineSprite_1248_skeletonPirate/3.png,28,30,6,True,309,680ee307d48e22f092f52057998491691ed1cb69b1a01549e8e7b4f2a9e775e4
1248,skeletonPirate,sprites/DefineSprite_1248_skeletonPirate/30.png,28,30,6,True,309,290057b7c600b71cddcdbcc7560e3d3ed98df05d0b7ce17f2a92427e7d3caa66
1248,skeletonPirate,sprites/DefineSprite_1248_skeletonPirate/31.png,28,30,6,True,309,290057b7c600b71cddcdbcc7560e3d3ed98df05d0b7ce17f2a92427e7d3caa66
1248,skeletonPirate,sprites/DefineSprite_1248_skeletonPirate/32.png,28,30,6,True,309,290057b7c600b71cddcdbcc7560e3d3ed98df05d0b7ce17f2a92427e7d3caa66
1248,skeletonPirate,sprites/DefineSprite_1248_skeletonPirate/33.png,28,30,6,True,309,290057b7c600b71cddcdbcc7560e3d3ed98df05d0b7ce17f2a92427e7d3caa66
1248,skeletonPirate,sprites/DefineSprite_1248_skeletonPirate/34.png,28,30,6,True,309,290057b7c600b71cddcdbcc7560e3d3ed98df05d0b7ce17f2a92427e7d3caa66
1248,skeletonPirate,sprites/DefineSprite_1248_skeletonPirate/35.png,28,30,6,True,309,290057b7c600b71cddcdbcc7560e3d3ed98df05d0b7ce17f2a92427e7d3caa66
1248,skeletonPirate,sprites/DefineSprite_1248_skeletonPirate/4.png,28,30,6,True,309,6ad64cc02510f7924a016fdd97cafddf8824fa723f56ec479249eb914e6d3419
1248,skeletonPirate,sprites/DefineSprite_1248_skeletonPirate/5.png,28,30,6,True,309,6ad64cc02510f7924a016fdd97cafddf8824fa723f56ec479249eb914e6d3419
1248,skeletonPirate,sprites/DefineSprite_1248_skeletonPirate/6.png,28,30,6,True,309,6ad64cc02510f7924a016fdd97cafddf8824fa723f56ec479249eb914e6d3419
1248,skeletonPirate,sprites/DefineSprite_1248_skeletonPirate/7.png,28,30,6,True,309,680ee307d48e22f092f52057998491691ed1cb69b1a01549e8e7b4f2a9e775e4
1248,skeletonPirate,sprites/DefineSprite_1248_skeletonPirate/8.png,28,30,6,True,309,680ee307d48e22f092f52057998491691ed1cb69b1a01549e8e7b4f2a9e775e4
1248,skeletonPirate,sprites/DefineSprite_1248_skeletonPirate/9.png,28,30,6,True,309,680ee307d48e22f092f52057998491691ed1cb69b1a01549e8e7b4f2a9e775e4
1259,skeletonPirateCaptain,sprites/DefineSprite_1259_skeletonPirateCaptain/1.png,30,35,6,True,396,0a3cbd7aef9efab66282e63e32b4910fdeac2006dc7dc6f10278361807d32ce7
1259,skeletonPirateCaptain,sprites/DefineSprite_1259_skeletonPirateCaptain/10.png,30,35,6,True,409,4999e62dbe8a7c217c16366618b01901d677fcef80fa7193a222d5217a935d03
1259,skeletonPirateCaptain,sprites/DefineSprite_1259_skeletonPirateCaptain/11.png,30,35,6,True,409,4999e62dbe8a7c217c16366618b01901d677fcef80fa7193a222d5217a935d03
1259,skeletonPirateCaptain,sprites/DefineSprite_1259_skeletonPirateCaptain/12.png,30,35,6,True,409,4999e62dbe8a7c217c16366618b01901d677fcef80fa7193a222d5217a935d03
1259,skeletonPirateCaptain,sprites/DefineSprite_1259_skeletonPirateCaptain/13.png,30,35,6,True,84,ead1f3e53d1b1cf6b84f5bbfbb825c38420a9edf1b200eb14b09ef19d17bfd1d
1259,skeletonPirateCaptain,sprites/DefineSprite_1259_skeletonPirateCaptain/14.png,30,35,6,True,84,ead1f3e53d1b1cf6b84f5bbfbb825c38420a9edf1b200eb14b09ef19d17bfd1d
1259,skeletonPirateCaptain,sprites/DefineSprite_1259_skeletonPirateCaptain/15.png,30,35,6,True,403,3419d1efb930695a7229d7f5d1e3f18ac83eed3e62c41b49ad8aec08d643ffc2
1259,skeletonPirateCaptain,sprites/DefineSprite_1259_skeletonPirateCaptain/16.png,30,35,6,True,403,3419d1efb930695a7229d7f5d1e3f18ac83eed3e62c41b49ad8aec08d643ffc2
1259,skeletonPirateCaptain,sprites/DefineSprite_1259_skeletonPirateCaptain/17.png,30,35,6,True,403,3419d1efb930695a7229d7f5d1e3f18ac83eed3e62c41b49ad8aec08d643ffc2
1259,skeletonPirateCaptain,sprites/DefineSprite_1259_skeletonPirateCaptain/18.png,30,35,6,True,403,3419d1efb930695a7229d7f5d1e3f18ac83eed3e62c41b49ad8aec08d643ffc2
1259,skeletonPirateCaptain,sprites/DefineSprite_1259_skeletonPirateCaptain/19.png,30,35,6,True,403,3419d1efb930695a7229d7f5d1e3f18ac83eed3e62c41b49ad8aec08d643ffc2
1259,skeletonPirateCaptain,sprites/DefineSprite_1259_skeletonPirateCaptain/2.png,30,35,6,True,396,0a3cbd7aef9efab66282e63e32b4910fdeac2006dc7dc6f10278361807d32ce7
1259,skeletonPirateCaptain,sprites/DefineSprite_1259_skeletonPirateCaptain/20.png,30,35,6,True,403,3419d1efb930695a7229d7f5d1e3f18ac83eed3e62c41b49ad8aec08d643ffc2
1259,skeletonPirateCaptain,sprites/DefineSprite_1259_skeletonPirateCaptain/21.png,30,35,6,True,403,3419d1efb930695a7229d7f5d1e3f18ac83eed3e62c41b49ad8aec08d643ffc2
1259,skeletonPirateCaptain,sprites/DefineSprite_1259_skeletonPirateCaptain/22.png,30,35,6,True,403,3419d1efb930695a7229d7f5d1e3f18ac83eed3e62c41b49ad8aec08d643ffc2
1259,skeletonPirateCaptain,sprites/DefineSprite_1259_skeletonPirateCaptain/23.png,30,35,6,True,403,3419d1efb930695a7229d7f5d1e3f18ac83eed3e62c41b49ad8aec08d643ffc2
1259,skeletonPirateCaptain,sprites/DefineSprite_1259_skeletonPirateCaptain/24.png,30,35,6,True,403,3419d1efb930695a7229d7f5d1e3f18ac83eed3e62c41b49ad8aec08d643ffc2
1259,skeletonPirateCaptain,sprites/DefineSprite_1259_skeletonPirateCaptain/25.png,30,35,6,True,403,3419d1efb930695a7229d7f5d1e3f18ac83eed3e62c41b49ad8aec08d643ffc2
1259,skeletonPirateCaptain,sprites/DefineSprite_1259_skeletonPirateCaptain/26.png,30,35,6,True,403,3419d1efb930695a7229d7f5d1e3f18ac83eed3e62c41b49ad8aec08d643ffc2
1259,skeletonPirateCaptain,sprites/DefineSprite_1259_skeletonPirateCaptain/27.png,30,35,6,True,403,3419d1efb930695a7229d7f5d1e3f18ac83eed3e62c41b49ad8aec08d643ffc2
1259,skeletonPirateCaptain,sprites/DefineSprite_1259_skeletonPirateCaptain/28.png,30,35,6,True,403,3419d1efb930695a7229d7f5d1e3f18ac83eed3e62c41b49ad8aec08d643ffc2
1259,skeletonPirateCaptain,sprites/DefineSprite_1259_skeletonPirateCaptain/29.png,30,35,6,True,403,3419d1efb930695a7229d7f5d1e3f18ac83eed3e62c41b49ad8aec08d643ffc2
1259,skeletonPirateCaptain,sprites/DefineSprite_1259_skeletonPirateCaptain/3.png,30,35,6,True,396,0a3cbd7aef9efab66282e63e32b4910fdeac2006dc7dc6f10278361807d32ce7
1259,skeletonPirateCaptain,sprites/DefineSprite_1259_skeletonPirateCaptain/30.png,30,35,6,True,403,3419d1efb930695a7229d7f5d1e3f18ac83eed3e62c41b49ad8aec08d643ffc2
1259,skeletonPirateCaptain,sprites/DefineSprite_1259_skeletonPirateCaptain/31.png,30,35,6,True,403,3419d1efb930695a7229d7f5d1e3f18ac83eed3e62c41b49ad8aec08d643ffc2
1259,skeletonPirateCaptain,sprites/DefineSprite_1259_skeletonPirateCaptain/32.png,30,35,6,True,403,3419d1efb930695a7229d7f5d1e3f18ac83eed3e62c41b49ad8aec08d643ffc2
1259,skeletonPirateCaptain,sprites/DefineSprite_1259_skeletonPirateCaptain/33.png,30,35,6,True,403,3419d1efb930695a7229d7f5d1e3f18ac83eed3e62c41b49ad8aec08d643ffc2
1259,skeletonPirateCaptain,sprites/DefineSprite_1259_skeletonPirateCaptain/34.png,30,35,6,True,403,3419d1efb930695a7229d7f5d1e3f18ac83eed3e62c41b49ad8aec08d643ffc2
1259,skeletonPirateCaptain,sprites/DefineSprite_1259_skeletonPirateCaptain/35.png,30,35,6,True,403,3419d1efb930695a7229d7f5d1e3f18ac83eed3e62c41b49ad8aec08d643ffc2
1259,skeletonPirateCaptain,sprites/DefineSprite_1259_skeletonPirateCaptain/4.png,30,35,6,True,402,8fbc571e72f8c143675f713cff126eac7cf10b605b853ef5ffc3d2179e0a6fd5
1259,skeletonPirateCaptain,sprites/DefineSprite_1259_skeletonPirateCaptain/5.png,30,35,6,True,402,8fbc571e72f8c143675f713cff126eac7cf10b605b853ef5ffc3d2179e0a6fd5
1259,skeletonPirateCaptain,sprites/DefineSprite_1259_skeletonPirateCaptain/6.png,30,35,6,True,402,8fbc571e72f8c143675f713cff126eac7cf10b605b853ef5ffc3d2179e0a6fd5
1259,skeletonPirateCaptain,sprites/DefineSprite_1259_skeletonPirateCaptain/7.png,30,35,6,True,396,0a3cbd7aef9efab66282e63e32b4910fdeac2006dc7dc6f10278361807d32ce7
1259,skeletonPirateCaptain,sprites/DefineSprite_1259_skeletonPirateCaptain/8.png,30,35,6,True,396,0a3cbd7aef9efab66282e63e32b4910fdeac2006dc7dc6f10278361807d32ce7
1259,skeletonPirateCaptain,sprites/DefineSprite_1259_skeletonPirateCaptain/9.png,30,35,6,True,396,0a3cbd7aef9efab66282e63e32b4910fdeac2006dc7dc6f10278361807d32ce7
125,text_y,sprites/DefineSprite_125_text_y/1.png,8,11,6,True,109,c2b4b17012debc8cb6b0bbdbb27a053a083365a9e87d1f6084db303f3330fc69
1270,monkey,sprites/DefineSprite_1270_monkey/1.png,29,30,6,True,371,e54d4b5f25932b3d6f8e1f5113fd049a3d4f3a8887ee94b31a352a79125897c0
1270,monkey,sprites/DefineSprite_1270_monkey/10.png,29,30,6,True,371,d3e6dae7bba649a85336cf8737ce09f3fdc1276270c8eed15f7bf7f14998e98d
1270,monkey,sprites/DefineSprite_1270_monkey/11.png,29,30,6,True,371,d3e6dae7bba649a85336cf8737ce09f3fdc1276270c8eed15f7bf7f14998e98d
1270,monkey,sprites/DefineSprite_1270_monkey/12.png,29,30,6,True,371,d3e6dae7bba649a85336cf8737ce09f3fdc1276270c8eed15f7bf7f14998e98d
1270,monkey,sprites/DefineSprite_1270_monkey/13.png,29,30,6,True,83,abc0127383d3a8ad18eb80030f9beb50d329e18340afcd6f9f8f38df88e9421f
1270,monkey,sprites/DefineSprite_1270_monkey/14.png,29,30,6,True,83,abc0127383d3a8ad18eb80030f9beb50d329e18340afcd6f9f8f38df88e9421f
1270,monkey,sprites/DefineSprite_1270_monkey/15.png,29,30,6,True,379,2f2ec69f0c83a85b35ef0b3afe3decc6a2ecb57dcb483dcc0f3aa446787a4026
1270,monkey,sprites/DefineSprite_1270_monkey/16.png,29,30,6,True,379,2f2ec69f0c83a85b35ef0b3afe3decc6a2ecb57dcb483dcc0f3aa446787a4026
1270,monkey,sprites/DefineSprite_1270_monkey/17.png,29,30,6,True,379,2f2ec69f0c83a85b35ef0b3afe3decc6a2ecb57dcb483dcc0f3aa446787a4026
1270,monkey,sprites/DefineSprite_1270_monkey/18.png,29,30,6,True,379,2f2ec69f0c83a85b35ef0b3afe3decc6a2ecb57dcb483dcc0f3aa446787a4026
1270,monkey,sprites/DefineSprite_1270_monkey/19.png,29,30,6,True,379,2f2ec69f0c83a85b35ef0b3afe3decc6a2ecb57dcb483dcc0f3aa446787a4026
1270,monkey,sprites/DefineSprite_1270_monkey/2.png,29,30,6,True,371,e54d4b5f25932b3d6f8e1f5113fd049a3d4f3a8887ee94b31a352a79125897c0
1270,monkey,sprites/DefineSprite_1270_monkey/20.png,29,30,6,True,379,2f2ec69f0c83a85b35ef0b3afe3decc6a2ecb57dcb483dcc0f3aa446787a4026
1270,monkey,sprites/DefineSprite_1270_monkey/21.png,29,30,6,True,379,2f2ec69f0c83a85b35ef0b3afe3decc6a2ecb57dcb483dcc0f3aa446787a4026
1270,monkey,sprites/DefineSprite_1270_monkey/22.png,29,30,6,True,379,2f2ec69f0c83a85b35ef0b3afe3decc6a2ecb57dcb483dcc0f3aa446787a4026
1270,monkey,sprites/DefineSprite_1270_monkey/23.png,29,30,6,True,379,2f2ec69f0c83a85b35ef0b3afe3decc6a2ecb57dcb483dcc0f3aa446787a4026
1270,monkey,sprites/DefineSprite_1270_monkey/24.png,29,30,6,True,379,2f2ec69f0c83a85b35ef0b3afe3decc6a2ecb57dcb483dcc0f3aa446787a4026
1270,monkey,sprites/DefineSprite_1270_monkey/25.png,29,30,6,True,379,2f2ec69f0c83a85b35ef0b3afe3decc6a2ecb57dcb483dcc0f3aa446787a4026
1270,monkey,sprites/DefineSprite_1270_monkey/26.png,29,30,6,True,379,2f2ec69f0c83a85b35ef0b3afe3decc6a2ecb57dcb483dcc0f3aa446787a4026
1270,monkey,sprites/DefineSprite_1270_monkey/27.png,29,30,6,True,379,2f2ec69f0c83a85b35ef0b3afe3decc6a2ecb57dcb483dcc0f3aa446787a4026
1270,monkey,sprites/DefineSprite_1270_monkey/28.png,29,30,6,True,379,2f2ec69f0c83a85b35ef0b3afe3decc6a2ecb57dcb483dcc0f3aa446787a4026
1270,monkey,sprites/DefineSprite_1270_monkey/29.png,29,30,6,True,379,2f2ec69f0c83a85b35ef0b3afe3decc6a2ecb57dcb483dcc0f3aa446787a4026
1270,monkey,sprites/DefineSprite_1270_monkey/3.png,29,30,6,True,371,e54d4b5f25932b3d6f8e1f5113fd049a3d4f3a8887ee94b31a352a79125897c0
1270,monkey,sprites/DefineSprite_1270_monkey/30.png,29,30,6,True,379,2f2ec69f0c83a85b35ef0b3afe3decc6a2ecb57dcb483dcc0f3aa446787a4026
1270,monkey,sprites/DefineSprite_1270_monkey/31.png,29,30,6,True,379,2f2ec69f0c83a85b35ef0b3afe3decc6a2ecb57dcb483dcc0f3aa446787a4026
1270,monkey,sprites/DefineSprite_1270_monkey/32.png,29,30,6,True,379,2f2ec69f0c83a85b35ef0b3afe3decc6a2ecb57dcb483dcc0f3aa446787a4026
1270,monkey,sprites/DefineSprite_1270_monkey/33.png,29,30,6,True,379,2f2ec69f0c83a85b35ef0b3afe3decc6a2ecb57dcb483dcc0f3aa446787a4026
1270,monkey,sprites/DefineSprite_1270_monkey/34.png,29,30,6,True,379,2f2ec69f0c83a85b35ef0b3afe3decc6a2ecb57dcb483dcc0f3aa446787a4026
1270,monkey,sprites/DefineSprite_1270_monkey/35.png,29,30,6,True,379,2f2ec69f0c83a85b35ef0b3afe3decc6a2ecb57dcb483dcc0f3aa446787a4026
1270,monkey,sprites/DefineSprite_1270_monkey/4.png,29,30,6,True,362,62d868f112e530886fd1c05303866218d9aca042779ddf2c1859797ef08a48c1
1270,monkey,sprites/DefineSprite_1270_monkey/5.png,29,30,6,True,362,62d868f112e530886fd1c05303866218d9aca042779ddf2c1859797ef08a48c1
1270,monkey,sprites/DefineSprite_1270_monkey/6.png,29,30,6,True,362,62d868f112e530886fd1c05303866218d9aca042779ddf2c1859797ef08a48c1
1270,monkey,sprites/DefineSprite_1270_monkey/7.png,29,30,6,True,371,e54d4b5f25932b3d6f8e1f5113fd049a3d4f3a8887ee94b31a352a79125897c0
1270,monkey,sprites/DefineSprite_1270_monkey/8.png,29,30,6,True,371,e54d4b5f25932b3d6f8e1f5113fd049a3d4f3a8887ee94b31a352a79125897c0
1270,monkey,sprites/DefineSprite_1270_monkey/9.png,29,30,6,True,371,e54d4b5f25932b3d6f8e1f5113fd049a3d4f3a8887ee94b31a352a79125897c0
1281,crab,sprites/DefineSprite_1281_crab/1.png,40,30,6,True,406,4159fe4858ce84aff39bbbef81473f1f213afec21bad94689b66d53d751fb1ac
1281,crab,sprites/DefineSprite_1281_crab/10.png,40,30,6,True,406,951574760feb941c86a2a494410420501753c9acf8970bc45c0bb09f8642d614
1281,crab,sprites/DefineSprite_1281_crab/11.png,40,30,6,True,406,951574760feb941c86a2a494410420501753c9acf8970bc45c0bb09f8642d614
1281,crab,sprites/DefineSprite_1281_crab/12.png,40,30,6,True,406,951574760feb941c86a2a494410420501753c9acf8970bc45c0bb09f8642d614
1281,crab,sprites/DefineSprite_1281_crab/13.png,40,30,6,True,85,a82556c6582a141d6223f5f8a438ab81af00480b6406c0e0e5743502e7d48b21
1281,crab,sprites/DefineSprite_1281_crab/14.png,40,30,6,True,85,a82556c6582a141d6223f5f8a438ab81af00480b6406c0e0e5743502e7d48b21
1281,crab,sprites/DefineSprite_1281_crab/15.png,40,30,6,True,456,fab0bdb9ea866b1e9c32512593aa7ca6b2630511917147c4f9808cdcbb37580b
1281,crab,sprites/DefineSprite_1281_crab/16.png,40,30,6,True,456,fab0bdb9ea866b1e9c32512593aa7ca6b2630511917147c4f9808cdcbb37580b
1281,crab,sprites/DefineSprite_1281_crab/17.png,40,30,6,True,456,fab0bdb9ea866b1e9c32512593aa7ca6b2630511917147c4f9808cdcbb37580b
1281,crab,sprites/DefineSprite_1281_crab/18.png,40,30,6,True,456,fab0bdb9ea866b1e9c32512593aa7ca6b2630511917147c4f9808cdcbb37580b
1281,crab,sprites/DefineSprite_1281_crab/19.png,40,30,6,True,456,fab0bdb9ea866b1e9c32512593aa7ca6b2630511917147c4f9808cdcbb37580b
1281,crab,sprites/DefineSprite_1281_crab/2.png,40,30,6,True,406,4159fe4858ce84aff39bbbef81473f1f213afec21bad94689b66d53d751fb1ac
1281,crab,sprites/DefineSprite_1281_crab/20.png,40,30,6,True,456,fab0bdb9ea866b1e9c32512593aa7ca6b2630511917147c4f9808cdcbb37580b
1281,crab,sprites/DefineSprite_1281_crab/21.png,40,30,6,True,456,fab0bdb9ea866b1e9c32512593aa7ca6b2630511917147c4f9808cdcbb37580b
1281,crab,sprites/DefineSprite_1281_crab/22.png,40,30,6,True,456,fab0bdb9ea866b1e9c32512593aa7ca6b2630511917147c4f9808cdcbb37580b
1281,crab,sprites/DefineSprite_1281_crab/23.png,40,30,6,True,456,fab0bdb9ea866b1e9c32512593aa7ca6b2630511917147c4f9808cdcbb37580b
1281,crab,sprites/DefineSprite_1281_crab/24.png,40,30,6,True,456,fab0bdb9ea866b1e9c32512593aa7ca6b2630511917147c4f9808cdcbb37580b
1281,crab,sprites/DefineSprite_1281_crab/25.png,40,30,6,True,456,fab0bdb9ea866b1e9c32512593aa7ca6b2630511917147c4f9808cdcbb37580b
1281,crab,sprites/DefineSprite_1281_crab/26.png,40,30,6,True,456,fab0bdb9ea866b1e9c32512593aa7ca6b2630511917147c4f9808cdcbb37580b
1281,crab,sprites/DefineSprite_1281_crab/27.png,40,30,6,True,456,fab0bdb9ea866b1e9c32512593aa7ca6b2630511917147c4f9808cdcbb37580b
1281,crab,sprites/DefineSprite_1281_crab/28.png,40,30,6,True,456,fab0bdb9ea866b1e9c32512593aa7ca6b2630511917147c4f9808cdcbb37580b
1281,crab,sprites/DefineSprite_1281_crab/29.png,40,30,6,True,456,fab0bdb9ea866b1e9c32512593aa7ca6b2630511917147c4f9808cdcbb37580b
1281,crab,sprites/DefineSprite_1281_crab/3.png,40,30,6,True,406,4159fe4858ce84aff39bbbef81473f1f213afec21bad94689b66d53d751fb1ac
1281,crab,sprites/DefineSprite_1281_crab/30.png,40,30,6,True,456,fab0bdb9ea866b1e9c32512593aa7ca6b2630511917147c4f9808cdcbb37580b
1281,crab,sprites/DefineSprite_1281_crab/31.png,40,30,6,True,456,fab0bdb9ea866b1e9c32512593aa7ca6b2630511917147c4f9808cdcbb37580b
1281,crab,sprites/DefineSprite_1281_crab/32.png,40,30,6,True,456,fab0bdb9ea866b1e9c32512593aa7ca6b2630511917147c4f9808cdcbb37580b
1281,crab,sprites/DefineSprite_1281_crab/33.png,40,30,6,True,456,fab0bdb9ea866b1e9c32512593aa7ca6b2630511917147c4f9808cdcbb37580b
1281,crab,sprites/DefineSprite_1281_crab/34.png,40,30,6,True,456,fab0bdb9ea866b1e9c32512593aa7ca6b2630511917147c4f9808cdcbb37580b
1281,crab,sprites/DefineSprite_1281_crab/35.png,40,30,6,True,456,fab0bdb9ea866b1e9c32512593aa7ca6b2630511917147c4f9808cdcbb37580b
1281,crab,sprites/DefineSprite_1281_crab/4.png,40,30,6,True,415,1b954c74691e892af0a23bbf3560e6fd64f973c360d4b2a16d9e664472dd78db
1281,crab,sprites/DefineSprite_1281_crab/5.png,40,30,6,True,415,1b954c74691e892af0a23bbf3560e6fd64f973c360d4b2a16d9e664472dd78db
1281,crab,sprites/DefineSprite_1281_crab/6.png,40,30,6,True,415,1b954c74691e892af0a23bbf3560e6fd64f973c360d4b2a16d9e664472dd78db
1281,crab,sprites/DefineSprite_1281_crab/7.png,40,30,6,True,406,4159fe4858ce84aff39bbbef81473f1f213afec21bad94689b66d53d751fb1ac
1281,crab,sprites/DefineSprite_1281_crab/8.png,40,30,6,True,406,4159fe4858ce84aff39bbbef81473f1f213afec21bad94689b66d53d751fb1ac
1281,crab,sprites/DefineSprite_1281_crab/9.png,40,30,6,True,406,4159fe4858ce84aff39bbbef81473f1f213afec21bad94689b66d53d751fb1ac
128,text_z,sprites/DefineSprite_128_text_z/1.png,8,11,6,True,106,c47852be096e563dab4d6c43e688e785688649a53ebc16a7941245eeddabf48e
1290,shark,sprites/DefineSprite_1290_shark/1.png,32,30,6,True,331,0940e2ebf5f615d69f473ba7db8be4239abfc2d2cd3a412426bbd8ce0e8a14ce
1290,shark,sprites/DefineSprite_1290_shark/10.png,32,30,6,True,313,19181c1dfbec8aeffd6faf57c13a419fa7821cc27d934687053d556e595c08b1
1290,shark,sprites/DefineSprite_1290_shark/11.png,32,30,6,True,313,19181c1dfbec8aeffd6faf57c13a419fa7821cc27d934687053d556e595c08b1
1290,shark,sprites/DefineSprite_1290_shark/12.png,32,30,6,True,313,19181c1dfbec8aeffd6faf57c13a419fa7821cc27d934687053d556e595c08b1
1290,shark,sprites/DefineSprite_1290_shark/13.png,32,30,6,True,83,a331338cdec1ec732cfde0824085ce40c9e374b74bfc20d1a4bd68c783f9b2bd
1290,shark,sprites/DefineSprite_1290_shark/14.png,32,30,6,True,83,a331338cdec1ec732cfde0824085ce40c9e374b74bfc20d1a4bd68c783f9b2bd
1290,shark,sprites/DefineSprite_1290_shark/15.png,32,30,6,True,340,c8e85f8fc4ec45459e0e3ef66f750e4553d06a1659ad98dbab31c5a56f06414a
1290,shark,sprites/DefineSprite_1290_shark/16.png,32,30,6,True,340,c8e85f8fc4ec45459e0e3ef66f750e4553d06a1659ad98dbab31c5a56f06414a
1290,shark,sprites/DefineSprite_1290_shark/17.png,32,30,6,True,340,c8e85f8fc4ec45459e0e3ef66f750e4553d06a1659ad98dbab31c5a56f06414a
1290,shark,sprites/DefineSprite_1290_shark/18.png,32,30,6,True,340,c8e85f8fc4ec45459e0e3ef66f750e4553d06a1659ad98dbab31c5a56f06414a
1290,shark,sprites/DefineSprite_1290_shark/19.png,32,30,6,True,340,c8e85f8fc4ec45459e0e3ef66f750e4553d06a1659ad98dbab31c5a56f06414a
1290,shark,sprites/DefineSprite_1290_shark/2.png,32,30,6,True,331,0940e2ebf5f615d69f473ba7db8be4239abfc2d2cd3a412426bbd8ce0e8a14ce
1290,shark,sprites/DefineSprite_1290_shark/20.png,32,30,6,True,340,c8e85f8fc4ec45459e0e3ef66f750e4553d06a1659ad98dbab31c5a56f06414a
1290,shark,sprites/DefineSprite_1290_shark/21.png,32,30,6,True,340,c8e85f8fc4ec45459e0e3ef66f750e4553d06a1659ad98dbab31c5a56f06414a
1290,shark,sprites/DefineSprite_1290_shark/22.png,32,30,6,True,340,c8e85f8fc4ec45459e0e3ef66f750e4553d06a1659ad98dbab31c5a56f06414a
1290,shark,sprites/DefineSprite_1290_shark/23.png,32,30,6,True,340,c8e85f8fc4ec45459e0e3ef66f750e4553d06a1659ad98dbab31c5a56f06414a
1290,shark,sprites/DefineSprite_1290_shark/24.png,32,30,6,True,340,c8e85f8fc4ec45459e0e3ef66f750e4553d06a1659ad98dbab31c5a56f06414a
1290,shark,sprites/DefineSprite_1290_shark/25.png,32,30,6,True,340,c8e85f8fc4ec45459e0e3ef66f750e4553d06a1659ad98dbab31c5a56f06414a
1290,shark,sprites/DefineSprite_1290_shark/26.png,32,30,6,True,340,c8e85f8fc4ec45459e0e3ef66f750e4553d06a1659ad98dbab31c5a56f06414a
1290,shark,sprites/DefineSprite_1290_shark/27.png,32,30,6,True,340,c8e85f8fc4ec45459e0e3ef66f750e4553d06a1659ad98dbab31c5a56f06414a
1290,shark,sprites/DefineSprite_1290_shark/28.png,32,30,6,True,340,c8e85f8fc4ec45459e0e3ef66f750e4553d06a1659ad98dbab31c5a56f06414a
1290,shark,sprites/DefineSprite_1290_shark/29.png,32,30,6,True,340,c8e85f8fc4ec45459e0e3ef66f750e4553d06a1659ad98dbab31c5a56f06414a
1290,shark,sprites/DefineSprite_1290_shark/3.png,32,30,6,True,331,0940e2ebf5f615d69f473ba7db8be4239abfc2d2cd3a412426bbd8ce0e8a14ce
1290,shark,sprites/DefineSprite_1290_shark/30.png,32,30,6,True,340,c8e85f8fc4ec45459e0e3ef66f750e4553d06a1659ad98dbab31c5a56f06414a
1290,shark,sprites/DefineSprite_1290_shark/31.png,32,30,6,True,340,c8e85f8fc4ec45459e0e3ef66f750e4553d06a1659ad98dbab31c5a56f06414a
1290,shark,sprites/DefineSprite_1290_shark/32.png,32,30,6,True,340,c8e85f8fc4ec45459e0e3ef66f750e4553d06a1659ad98dbab31c5a56f06414a
1290,shark,sprites/DefineSprite_1290_shark/33.png,32,30,6,True,340,c8e85f8fc4ec45459e0e3ef66f750e4553d06a1659ad98dbab31c5a56f06414a
1290,shark,sprites/DefineSprite_1290_shark/34.png,32,30,6,True,340,c8e85f8fc4ec45459e0e3ef66f750e4553d06a1659ad98dbab31c5a56f06414a
1290,shark,sprites/DefineSprite_1290_shark/35.png,32,30,6,True,340,c8e85f8fc4ec45459e0e3ef66f750e4553d06a1659ad98dbab31c5a56f06414a
1290,shark,sprites/DefineSprite_1290_shark/4.png,32,30,6,True,330,8ea4490a49fe00aaf96b5e747f8778a223c2cac0394f4780849d289ccf17e9bd
1290,shark,sprites/DefineSprite_1290_shark/5.png,32,30,6,True,330,8ea4490a49fe00aaf96b5e747f8778a223c2cac0394f4780849d289ccf17e9bd
1290,shark,sprites/DefineSprite_1290_shark/6.png,32,30,6,True,330,8ea4490a49fe00aaf96b5e747f8778a223c2cac0394f4780849d289ccf17e9bd
1290,shark,sprites/DefineSprite_1290_shark/7.png,32,30,6,True,331,0940e2ebf5f615d69f473ba7db8be4239abfc2d2cd3a412426bbd8ce0e8a14ce
1290,shark,sprites/DefineSprite_1290_shark/8.png,32,30,6,True,331,0940e2ebf5f615d69f473ba7db8be4239abfc2d2cd3a412426bbd8ce0e8a14ce
1290,shark,sprites/DefineSprite_1290_shark/9.png,32,30,6,True,331,0940e2ebf5f615d69f473ba7db8be4239abfc2d2cd3a412426bbd8ce0e8a14ce
1299,squid,sprites/DefineSprite_1299_squid/1.png,24,39,6,True,353,875996dbd3344cab061cbbfa50f0018997f07e5a30f63227d936ad3f92f3693b
1299,squid,sprites/DefineSprite_1299_squid/10.png,24,39,6,True,353,d7049acf97e2dcfa964a0121f8cd5fe4e8cfcff1f6a802e2d59a44ec3a252f78
1299,squid,sprites/DefineSprite_1299_squid/11.png,24,39,6,True,353,d7049acf97e2dcfa964a0121f8cd5fe4e8cfcff1f6a802e2d59a44ec3a252f78
1299,squid,sprites/DefineSprite_1299_squid/12.png,24,39,6,True,353,d7049acf97e2dcfa964a0121f8cd5fe4e8cfcff1f6a802e2d59a44ec3a252f78
1299,squid,sprites/DefineSprite_1299_squid/13.png,24,39,6,True,84,e1aa8932f37ceebcb3277b408df72d81b6442489ce272a05e4910e92400d3d78
1299,squid,sprites/DefineSprite_1299_squid/14.png,24,39,6,True,84,e1aa8932f37ceebcb3277b408df72d81b6442489ce272a05e4910e92400d3d78
1299,squid,sprites/DefineSprite_1299_squid/15.png,24,39,6,True,383,341689e35893b9145326c32bf030357ae39496c3c3c3cc5ab245a931d3ea14ff
1299,squid,sprites/DefineSprite_1299_squid/16.png,24,39,6,True,383,341689e35893b9145326c32bf030357ae39496c3c3c3cc5ab245a931d3ea14ff
1299,squid,sprites/DefineSprite_1299_squid/17.png,24,39,6,True,383,341689e35893b9145326c32bf030357ae39496c3c3c3cc5ab245a931d3ea14ff
1299,squid,sprites/DefineSprite_1299_squid/18.png,24,39,6,True,383,341689e35893b9145326c32bf030357ae39496c3c3c3cc5ab245a931d3ea14ff
1299,squid,sprites/DefineSprite_1299_squid/19.png,24,39,6,True,383,341689e35893b9145326c32bf030357ae39496c3c3c3cc5ab245a931d3ea14ff
1299,squid,sprites/DefineSprite_1299_squid/2.png,24,39,6,True,353,875996dbd3344cab061cbbfa50f0018997f07e5a30f63227d936ad3f92f3693b
1299,squid,sprites/DefineSprite_1299_squid/20.png,24,39,6,True,383,341689e35893b9145326c32bf030357ae39496c3c3c3cc5ab245a931d3ea14ff
1299,squid,sprites/DefineSprite_1299_squid/21.png,24,39,6,True,383,341689e35893b9145326c32bf030357ae39496c3c3c3cc5ab245a931d3ea14ff
1299,squid,sprites/DefineSprite_1299_squid/22.png,24,39,6,True,383,341689e35893b9145326c32bf030357ae39496c3c3c3cc5ab245a931d3ea14ff
1299,squid,sprites/DefineSprite_1299_squid/23.png,24,39,6,True,383,341689e35893b9145326c32bf030357ae39496c3c3c3cc5ab245a931d3ea14ff
1299,squid,sprites/DefineSprite_1299_squid/24.png,24,39,6,True,383,341689e35893b9145326c32bf030357ae39496c3c3c3cc5ab245a931d3ea14ff
1299,squid,sprites/DefineSprite_1299_squid/25.png,24,39,6,True,383,341689e35893b9145326c32bf030357ae39496c3c3c3cc5ab245a931d3ea14ff
1299,squid,sprites/DefineSprite_1299_squid/26.png,24,39,6,True,383,341689e35893b9145326c32bf030357ae39496c3c3c3cc5ab245a931d3ea14ff
1299,squid,sprites/DefineSprite_1299_squid/27.png,24,39,6,True,383,341689e35893b9145326c32bf030357ae39496c3c3c3cc5ab245a931d3ea14ff
1299,squid,sprites/DefineSprite_1299_squid/28.png,24,39,6,True,383,341689e35893b9145326c32bf030357ae39496c3c3c3cc5ab245a931d3ea14ff
1299,squid,sprites/DefineSprite_1299_squid/29.png,24,39,6,True,383,341689e35893b9145326c32bf030357ae39496c3c3c3cc5ab245a931d3ea14ff
1299,squid,sprites/DefineSprite_1299_squid/3.png,24,39,6,True,353,875996dbd3344cab061cbbfa50f0018997f07e5a30f63227d936ad3f92f3693b
1299,squid,sprites/DefineSprite_1299_squid/30.png,24,39,6,True,383,341689e35893b9145326c32bf030357ae39496c3c3c3cc5ab245a931d3ea14ff
1299,squid,sprites/DefineSprite_1299_squid/31.png,24,39,6,True,383,341689e35893b9145326c32bf030357ae39496c3c3c3cc5ab245a931d3ea14ff
1299,squid,sprites/DefineSprite_1299_squid/32.png,24,39,6,True,383,341689e35893b9145326c32bf030357ae39496c3c3c3cc5ab245a931d3ea14ff
1299,squid,sprites/DefineSprite_1299_squid/33.png,24,39,6,True,383,341689e35893b9145326c32bf030357ae39496c3c3c3cc5ab245a931d3ea14ff
1299,squid,sprites/DefineSprite_1299_squid/34.png,24,39,6,True,383,341689e35893b9145326c32bf030357ae39496c3c3c3cc5ab245a931d3ea14ff
1299,squid,sprites/DefineSprite_1299_squid/35.png,24,39,6,True,383,341689e35893b9145326c32bf030357ae39496c3c3c3cc5ab245a931d3ea14ff
1299,squid,sprites/DefineSprite_1299_squid/4.png,24,39,6,True,361,7a67d71e527fd7ee5193ce53135f9336adfa7f68f940b8f80d13d2a999dbda29
1299,squid,sprites/DefineSprite_1299_squid/5.png,24,39,6,True,361,7a67d71e527fd7ee5193ce53135f9336adfa7f68f940b8f80d13d2a999dbda29
1299,squid,sprites/DefineSprite_1299_squid/6.png,24,39,6,True,361,7a67d71e527fd7ee5193ce53135f9336adfa7f68f940b8f80d13d2a999dbda29
1299,squid,sprites/DefineSprite_1299_squid/7.png,24,39,6,True,353,875996dbd3344cab061cbbfa50f0018997f07e5a30f63227d936ad3f92f3693b
1299,squid,sprites/DefineSprite_1299_squid/8.png,24,39,6,True,353,875996dbd3344cab061cbbfa50f0018997f07e5a30f63227d936ad3f92f3693b
1299,squid,sprites/DefineSprite_1299_squid/9.png,24,39,6,True,353,875996dbd3344cab061cbbfa50f0018997f07e5a30f63227d936ad3f92f3693b
129,Defaults,sprites/DefineSprite_129_Defaults/1.png,1,1,6,True,68,c3087446afe87c5da27035fd77db71f3d9911966b3cd33a452f80d731fbf8159
12,text_0,sprites/DefineSprite_12_text_0/1.png,8,11,6,True,114,c05a42ba633a2a17265617fd971fd11246a51f46e593e3afa1082be3646d6de1
130,UIObjectExtensions,sprites/DefineSprite_130_UIObjectExtensions/1.png,1,1,6,True,68,c3087446afe87c5da27035fd77db71f3d9911966b3cd33a452f80d731fbf8159
1310,parrot,sprites/DefineSprite_1310_parrot/1.png,24,30,6,True,316,e27dfb6d8bc38dc6a015b85b4f8e5955ad9804bc011375121040eaa54a29dfdf
1310,parrot,sprites/DefineSprite_1310_parrot/10.png,24,30,6,True,329,52542574002bf9301756a71a7e5be7a8713b63c500bff68b84b6790a2b118dd9
1310,parrot,sprites/DefineSprite_1310_parrot/11.png,24,30,6,True,329,52542574002bf9301756a71a7e5be7a8713b63c500bff68b84b6790a2b118dd9
1310,parrot,sprites/DefineSprite_1310_parrot/12.png,24,30,6,True,329,52542574002bf9301756a71a7e5be7a8713b63c500bff68b84b6790a2b118dd9
1310,parrot,sprites/DefineSprite_1310_parrot/13.png,24,30,6,True,83,6c241e0d2fd11469b9eca3fd9a2bba648b000a9b8dc207633b9967d4c3e2787f
1310,parrot,sprites/DefineSprite_1310_parrot/14.png,24,30,6,True,83,6c241e0d2fd11469b9eca3fd9a2bba648b000a9b8dc207633b9967d4c3e2787f
1310,parrot,sprites/DefineSprite_1310_parrot/15.png,24,30,6,True,378,2e21fdbd5d73cef6a20acddf8fe92ce155b6774824813391915a728c60ad7520
1310,parrot,sprites/DefineSprite_1310_parrot/16.png,24,30,6,True,378,2e21fdbd5d73cef6a20acddf8fe92ce155b6774824813391915a728c60ad7520
1310,parrot,sprites/DefineSprite_1310_parrot/17.png,24,30,6,True,378,2e21fdbd5d73cef6a20acddf8fe92ce155b6774824813391915a728c60ad7520
1310,parrot,sprites/DefineSprite_1310_parrot/18.png,24,30,6,True,378,2e21fdbd5d73cef6a20acddf8fe92ce155b6774824813391915a728c60ad7520
1310,parrot,sprites/DefineSprite_1310_parrot/19.png,24,30,6,True,378,2e21fdbd5d73cef6a20acddf8fe92ce155b6774824813391915a728c60ad7520
1310,parrot,sprites/DefineSprite_1310_parrot/2.png,24,30,6,True,316,e27dfb6d8bc38dc6a015b85b4f8e5955ad9804bc011375121040eaa54a29dfdf
1310,parrot,sprites/DefineSprite_1310_parrot/20.png,24,30,6,True,378,2e21fdbd5d73cef6a20acddf8fe92ce155b6774824813391915a728c60ad7520
1310,parrot,sprites/DefineSprite_1310_parrot/21.png,24,30,6,True,378,2e21fdbd5d73cef6a20acddf8fe92ce155b6774824813391915a728c60ad7520
1310,parrot,sprites/DefineSprite_1310_parrot/22.png,24,30,6,True,378,2e21fdbd5d73cef6a20acddf8fe92ce155b6774824813391915a728c60ad7520
1310,parrot,sprites/DefineSprite_1310_parrot/23.png,24,30,6,True,378,2e21fdbd5d73cef6a20acddf8fe92ce155b6774824813391915a728c60ad7520
1310,parrot,sprites/DefineSprite_1310_parrot/24.png,24,30,6,True,378,2e21fdbd5d73cef6a20acddf8fe92ce155b6774824813391915a728c60ad7520
1310,parrot,sprites/DefineSprite_1310_parrot/25.png,24,30,6,True,378,2e21fdbd5d73cef6a20acddf8fe92ce155b6774824813391915a728c60ad7520
1310,parrot,sprites/DefineSprite_1310_parrot/26.png,24,30,6,True,378,2e21fdbd5d73cef6a20acddf8fe92ce155b6774824813391915a728c60ad7520
1310,parrot,sprites/DefineSprite_1310_parrot/27.png,24,30,6,True,378,2e21fdbd5d73cef6a20acddf8fe92ce155b6774824813391915a728c60ad7520
1310,parrot,sprites/DefineSprite_1310_parrot/28.png,24,30,6,True,378,2e21fdbd5d73cef6a20acddf8fe92ce155b6774824813391915a728c60ad7520
1310,parrot,sprites/DefineSprite_1310_parrot/29.png,24,30,6,True,378,2e21fdbd5d73cef6a20acddf8fe92ce155b6774824813391915a728c60ad7520
1310,parrot,sprites/DefineSprite_1310_parrot/3.png,24,30,6,True,316,e27dfb6d8bc38dc6a015b85b4f8e5955ad9804bc011375121040eaa54a29dfdf
1310,parrot,sprites/DefineSprite_1310_parrot/30.png,24,30,6,True,378,2e21fdbd5d73cef6a20acddf8fe92ce155b6774824813391915a728c60ad7520
1310,parrot,sprites/DefineSprite_1310_parrot/31.png,24,30,6,True,378,2e21fdbd5d73cef6a20acddf8fe92ce155b6774824813391915a728c60ad7520
1310,parrot,sprites/DefineSprite_1310_parrot/32.png,24,30,6,True,378,2e21fdbd5d73cef6a20acddf8fe92ce155b6774824813391915a728c60ad7520
1310,parrot,sprites/DefineSprite_1310_parrot/33.png,24,30,6,True,378,2e21fdbd5d73cef6a20acddf8fe92ce155b6774824813391915a728c60ad7520
1310,parrot,sprites/DefineSprite_1310_parrot/34.png,24,30,6,True,378,2e21fdbd5d73cef6a20acddf8fe92ce155b6774824813391915a728c60ad7520
1310,parrot,sprites/DefineSprite_1310_parrot/35.png,24,30,6,True,378,2e21fdbd5d73cef6a20acddf8fe92ce155b6774824813391915a728c60ad7520
1310,parrot,sprites/DefineSprite_1310_parrot/4.png,24,30,6,True,332,f03a6296d2befc0b4db0d396151045bf65157ecae2e12a0cb5befd4788074137
1310,parrot,sprites/DefineSprite_1310_parrot/5.png,24,30,6,True,332,f03a6296d2befc0b4db0d396151045bf65157ecae2e12a0cb5befd4788074137
1310,parrot,sprites/DefineSprite_1310_parrot/6.png,24,30,6,True,332,f03a6296d2befc0b4db0d396151045bf65157ecae2e12a0cb5befd4788074137
1310,parrot,sprites/DefineSprite_1310_parrot/7.png,24,30,6,True,316,e27dfb6d8bc38dc6a015b85b4f8e5955ad9804bc011375121040eaa54a29dfdf
1310,parrot,sprites/DefineSprite_1310_parrot/8.png,24,30,6,True,316,e27dfb6d8bc38dc6a015b85b4f8e5955ad9804bc011375121040eaa54a29dfdf
1310,parrot,sprites/DefineSprite_1310_parrot/9.png,24,30,6,True,316,e27dfb6d8bc38dc6a015b85b4f8e5955ad9804bc011375121040eaa54a29dfdf
131,UIObject,sprites/DefineSprite_131_UIObject/1.png,8,17,6,True,72,90e0414d3dfd4bfffc88d5f263bb608346fce28059cb0180ba6f44c2faafb7a7
131,UIObject,sprites/DefineSprite_131_UIObject/2.png,8,17,6,True,72,90e0414d3dfd4bfffc88d5f263bb608346fce28059cb0180ba6f44c2faafb7a7
1321,bluePirateCaptain,sprites/DefineSprite_1321_bluePirateCaptain/1.png,29,35,6,True,405,abb18d16b81d0b9b6076eeb649d3941f42934c810864faa1788ea430894951ab
1321,bluePirateCaptain,sprites/DefineSprite_1321_bluePirateCaptain/10.png,29,35,6,True,418,c7f604444fdd67d64328fa33e5e0dc9e9b3856a222b8d4579520a8dd4e91078b
1321,bluePirateCaptain,sprites/DefineSprite_1321_bluePirateCaptain/11.png,29,35,6,True,418,c7f604444fdd67d64328fa33e5e0dc9e9b3856a222b8d4579520a8dd4e91078b
1321,bluePirateCaptain,sprites/DefineSprite_1321_bluePirateCaptain/12.png,29,35,6,True,418,c7f604444fdd67d64328fa33e5e0dc9e9b3856a222b8d4579520a8dd4e91078b
1321,bluePirateCaptain,sprites/DefineSprite_1321_bluePirateCaptain/13.png,29,35,6,True,83,a1bc1bef48ad9fc57dd5f33a9ec35ead170110f418562c227c87b63b78b0522e
1321,bluePirateCaptain,sprites/DefineSprite_1321_bluePirateCaptain/14.png,29,35,6,True,83,a1bc1bef48ad9fc57dd5f33a9ec35ead170110f418562c227c87b63b78b0522e
1321,bluePirateCaptain,sprites/DefineSprite_1321_bluePirateCaptain/15.png,29,35,6,True,434,17b021ccbbc60b9e669981f6e60b3740c23bf8f975e87124742ffbcba64d7fce
1321,bluePirateCaptain,sprites/DefineSprite_1321_bluePirateCaptain/16.png,29,35,6,True,434,17b021ccbbc60b9e669981f6e60b3740c23bf8f975e87124742ffbcba64d7fce
1321,bluePirateCaptain,sprites/DefineSprite_1321_bluePirateCaptain/17.png,29,35,6,True,434,17b021ccbbc60b9e669981f6e60b3740c23bf8f975e87124742ffbcba64d7fce
1321,bluePirateCaptain,sprites/DefineSprite_1321_bluePirateCaptain/18.png,29,35,6,True,434,17b021ccbbc60b9e669981f6e60b3740c23bf8f975e87124742ffbcba64d7fce
1321,bluePirateCaptain,sprites/DefineSprite_1321_bluePirateCaptain/19.png,29,35,6,True,434,17b021ccbbc60b9e669981f6e60b3740c23bf8f975e87124742ffbcba64d7fce
1321,bluePirateCaptain,sprites/DefineSprite_1321_bluePirateCaptain/2.png,29,35,6,True,405,abb18d16b81d0b9b6076eeb649d3941f42934c810864faa1788ea430894951ab
1321,bluePirateCaptain,sprites/DefineSprite_1321_bluePirateCaptain/20.png,29,35,6,True,434,17b021ccbbc60b9e669981f6e60b3740c23bf8f975e87124742ffbcba64d7fce
1321,bluePirateCaptain,sprites/DefineSprite_1321_bluePirateCaptain/21.png,29,35,6,True,434,17b021ccbbc60b9e669981f6e60b3740c23bf8f975e87124742ffbcba64d7fce
1321,bluePirateCaptain,sprites/DefineSprite_1321_bluePirateCaptain/22.png,29,35,6,True,434,17b021ccbbc60b9e669981f6e60b3740c23bf8f975e87124742ffbcba64d7fce
1321,bluePirateCaptain,sprites/DefineSprite_1321_bluePirateCaptain/23.png,29,35,6,True,434,17b021ccbbc60b9e669981f6e60b3740c23bf8f975e87124742ffbcba64d7fce
1321,bluePirateCaptain,sprites/DefineSprite_1321_bluePirateCaptain/24.png,29,35,6,True,434,17b021ccbbc60b9e669981f6e60b3740c23bf8f975e87124742ffbcba64d7fce
1321,bluePirateCaptain,sprites/DefineSprite_1321_bluePirateCaptain/25.png,29,35,6,True,434,17b021ccbbc60b9e669981f6e60b3740c23bf8f975e87124742ffbcba64d7fce
1321,bluePirateCaptain,sprites/DefineSprite_1321_bluePirateCaptain/26.png,29,35,6,True,434,17b021ccbbc60b9e669981f6e60b3740c23bf8f975e87124742ffbcba64d7fce
1321,bluePirateCaptain,sprites/DefineSprite_1321_bluePirateCaptain/27.png,29,35,6,True,434,17b021ccbbc60b9e669981f6e60b3740c23bf8f975e87124742ffbcba64d7fce
1321,bluePirateCaptain,sprites/DefineSprite_1321_bluePirateCaptain/28.png,29,35,6,True,434,17b021ccbbc60b9e669981f6e60b3740c23bf8f975e87124742ffbcba64d7fce
1321,bluePirateCaptain,sprites/DefineSprite_1321_bluePirateCaptain/29.png,29,35,6,True,434,17b021ccbbc60b9e669981f6e60b3740c23bf8f975e87124742ffbcba64d7fce
1321,bluePirateCaptain,sprites/DefineSprite_1321_bluePirateCaptain/3.png,29,35,6,True,405,abb18d16b81d0b9b6076eeb649d3941f42934c810864faa1788ea430894951ab
1321,bluePirateCaptain,sprites/DefineSprite_1321_bluePirateCaptain/30.png,29,35,6,True,434,17b021ccbbc60b9e669981f6e60b3740c23bf8f975e87124742ffbcba64d7fce
1321,bluePirateCaptain,sprites/DefineSprite_1321_bluePirateCaptain/31.png,29,35,6,True,434,17b021ccbbc60b9e669981f6e60b3740c23bf8f975e87124742ffbcba64d7fce
1321,bluePirateCaptain,sprites/DefineSprite_1321_bluePirateCaptain/32.png,29,35,6,True,434,17b021ccbbc60b9e669981f6e60b3740c23bf8f975e87124742ffbcba64d7fce
1321,bluePirateCaptain,sprites/DefineSprite_1321_bluePirateCaptain/33.png,29,35,6,True,434,17b021ccbbc60b9e669981f6e60b3740c23bf8f975e87124742ffbcba64d7fce
1321,bluePirateCaptain,sprites/DefineSprite_1321_bluePirateCaptain/34.png,29,35,6,True,434,17b021ccbbc60b9e669981f6e60b3740c23bf8f975e87124742ffbcba64d7fce
1321,bluePirateCaptain,sprites/DefineSprite_1321_bluePirateCaptain/35.png,29,35,6,True,434,17b021ccbbc60b9e669981f6e60b3740c23bf8f975e87124742ffbcba64d7fce
1321,bluePirateCaptain,sprites/DefineSprite_1321_bluePirateCaptain/4.png,29,35,6,True,396,9e38d1f17d7c7dd66f3f43718a3200a8b0dc24285053219ed051a92ce2a83a97
1321,bluePirateCaptain,sprites/DefineSprite_1321_bluePirateCaptain/5.png,29,35,6,True,396,9e38d1f17d7c7dd66f3f43718a3200a8b0dc24285053219ed051a92ce2a83a97
1321,bluePirateCaptain,sprites/DefineSprite_1321_bluePirateCaptain/6.png,29,35,6,True,396,9e38d1f17d7c7dd66f3f43718a3200a8b0dc24285053219ed051a92ce2a83a97
1321,bluePirateCaptain,sprites/DefineSprite_1321_bluePirateCaptain/7.png,29,35,6,True,405,abb18d16b81d0b9b6076eeb649d3941f42934c810864faa1788ea430894951ab
1321,bluePirateCaptain,sprites/DefineSprite_1321_bluePirateCaptain/8.png,29,35,6,True,405,abb18d16b81d0b9b6076eeb649d3941f42934c810864faa1788ea430894951ab
1321,bluePirateCaptain,sprites/DefineSprite_1321_bluePirateCaptain/9.png,29,35,6,True,405,abb18d16b81d0b9b6076eeb649d3941f42934c810864faa1788ea430894951ab
1324,redPirate,sprites/DefineSprite_1324_redPirate/1.png,28,30,6,True,378,081e315b98092f61f33e67bfe917a3a9e330facff3e895c024772c003f2b1d80
1324,redPirate,sprites/DefineSprite_1324_redPirate/10.png,28,30,6,True,374,8470547de067697d9158d3842c1234657b2bc60d344ea62126e38c641c04e560
1324,redPirate,sprites/DefineSprite_1324_redPirate/11.png,28,30,6,True,374,8470547de067697d9158d3842c1234657b2bc60d344ea62126e38c641c04e560
1324,redPirate,sprites/DefineSprite_1324_redPirate/12.png,28,30,6,True,374,8470547de067697d9158d3842c1234657b2bc60d344ea62126e38c641c04e560
1324,redPirate,sprites/DefineSprite_1324_redPirate/13.png,28,30,6,True,83,b75ebdbf6626b4de3f18eb11ce42d39710e2eafbf650279e8c48a3e58efedba7
1324,redPirate,sprites/DefineSprite_1324_redPirate/14.png,28,30,6,True,83,b75ebdbf6626b4de3f18eb11ce42d39710e2eafbf650279e8c48a3e58efedba7
1324,redPirate,sprites/DefineSprite_1324_redPirate/15.png,28,30,6,True,391,a6923a77f4ca30a0f24a5db000fc7853e91b28de5ff69f470a8b08ea42d08377
1324,redPirate,sprites/DefineSprite_1324_redPirate/16.png,28,30,6,True,391,a6923a77f4ca30a0f24a5db000fc7853e91b28de5ff69f470a8b08ea42d08377
1324,redPirate,sprites/DefineSprite_1324_redPirate/17.png,28,30,6,True,391,a6923a77f4ca30a0f24a5db000fc7853e91b28de5ff69f470a8b08ea42d08377
1324,redPirate,sprites/DefineSprite_1324_redPirate/18.png,28,30,6,True,391,a6923a77f4ca30a0f24a5db000fc7853e91b28de5ff69f470a8b08ea42d08377
1324,redPirate,sprites/DefineSprite_1324_redPirate/19.png,28,30,6,True,391,a6923a77f4ca30a0f24a5db000fc7853e91b28de5ff69f470a8b08ea42d08377
1324,redPirate,sprites/DefineSprite_1324_redPirate/2.png,28,30,6,True,378,081e315b98092f61f33e67bfe917a3a9e330facff3e895c024772c003f2b1d80
1324,redPirate,sprites/DefineSprite_1324_redPirate/20.png,28,30,6,True,391,a6923a77f4ca30a0f24a5db000fc7853e91b28de5ff69f470a8b08ea42d08377
1324,redPirate,sprites/DefineSprite_1324_redPirate/21.png,28,30,6,True,391,a6923a77f4ca30a0f24a5db000fc7853e91b28de5ff69f470a8b08ea42d08377
1324,redPirate,sprites/DefineSprite_1324_redPirate/22.png,28,30,6,True,391,a6923a77f4ca30a0f24a5db000fc7853e91b28de5ff69f470a8b08ea42d08377
1324,redPirate,sprites/DefineSprite_1324_redPirate/23.png,28,30,6,True,391,a6923a77f4ca30a0f24a5db000fc7853e91b28de5ff69f470a8b08ea42d08377
1324,redPirate,sprites/DefineSprite_1324_redPirate/24.png,28,30,6,True,391,a6923a77f4ca30a0f24a5db000fc7853e91b28de5ff69f470a8b08ea42d08377
1324,redPirate,sprites/DefineSprite_1324_redPirate/25.png,28,30,6,True,391,a6923a77f4ca30a0f24a5db000fc7853e91b28de5ff69f470a8b08ea42d08377
1324,redPirate,sprites/DefineSprite_1324_redPirate/26.png,28,30,6,True,391,a6923a77f4ca30a0f24a5db000fc7853e91b28de5ff69f470a8b08ea42d08377
1324,redPirate,sprites/DefineSprite_1324_redPirate/27.png,28,30,6,True,391,a6923a77f4ca30a0f24a5db000fc7853e91b28de5ff69f470a8b08ea42d08377
1324,redPirate,sprites/DefineSprite_1324_redPirate/28.png,28,30,6,True,391,a6923a77f4ca30a0f24a5db000fc7853e91b28de5ff69f470a8b08ea42d08377
1324,redPirate,sprites/DefineSprite_1324_redPirate/29.png,28,30,6,True,391,a6923a77f4ca30a0f24a5db000fc7853e91b28de5ff69f470a8b08ea42d08377
1324,redPirate,sprites/DefineSprite_1324_redPirate/3.png,28,30,6,True,378,081e315b98092f61f33e67bfe917a3a9e330facff3e895c024772c003f2b1d80
1324,redPirate,sprites/DefineSprite_1324_redPirate/30.png,28,30,6,True,391,a6923a77f4ca30a0f24a5db000fc7853e91b28de5ff69f470a8b08ea42d08377
1324,redPirate,sprites/DefineSprite_1324_redPirate/31.png,28,30,6,True,391,a6923a77f4ca30a0f24a5db000fc7853e91b28de5ff69f470a8b08ea42d08377
1324,redPirate,sprites/DefineSprite_1324_redPirate/32.png,28,30,6,True,391,a6923a77f4ca30a0f24a5db000fc7853e91b28de5ff69f470a8b08ea42d08377
1324,redPirate,sprites/DefineSprite_1324_redPirate/33.png,28,30,6,True,391,a6923a77f4ca30a0f24a5db000fc7853e91b28de5ff69f470a8b08ea42d08377
1324,redPirate,sprites/DefineSprite_1324_redPirate/34.png,28,30,6,True,391,a6923a77f4ca30a0f24a5db000fc7853e91b28de5ff69f470a8b08ea42d08377
1324,redPirate,sprites/DefineSprite_1324_redPirate/35.png,28,30,6,True,391,a6923a77f4ca30a0f24a5db000fc7853e91b28de5ff69f470a8b08ea42d08377
1324,redPirate,sprites/DefineSprite_1324_redPirate/4.png,28,30,6,True,365,ddf06d2748ff93c86582e808ce3847413744a51ea69b945043ec0d371d83a0b1
1324,redPirate,sprites/DefineSprite_1324_redPirate/5.png,28,30,6,True,365,ddf06d2748ff93c86582e808ce3847413744a51ea69b945043ec0d371d83a0b1
1324,redPirate,sprites/DefineSprite_1324_redPirate/6.png,28,30,6,True,365,ddf06d2748ff93c86582e808ce3847413744a51ea69b945043ec0d371d83a0b1
1324,redPirate,sprites/DefineSprite_1324_redPirate/7.png,28,30,6,True,378,081e315b98092f61f33e67bfe917a3a9e330facff3e895c024772c003f2b1d80
1324,redPirate,sprites/DefineSprite_1324_redPirate/8.png,28,30,6,True,378,081e315b98092f61f33e67bfe917a3a9e330facff3e895c024772c003f2b1d80
1324,redPirate,sprites/DefineSprite_1324_redPirate/9.png,28,30,6,True,378,081e315b98092f61f33e67bfe917a3a9e330facff3e895c024772c003f2b1d80
1331,redPirateCaptain,sprites/DefineSprite_1331_redPirateCaptain/1.png,29,35,6,True,416,9329b751bf8d34acacc440c01e4db043ed8fc3b5efde0a32ba525f6e18b6daf7
1331,redPirateCaptain,sprites/DefineSprite_1331_redPirateCaptain/10.png,29,35,6,True,423,cec8bca7f7014e913a0f2ed9da23f97e985c08893e6caa2246446218aa59e103
1331,redPirateCaptain,sprites/DefineSprite_1331_redPirateCaptain/11.png,29,35,6,True,423,cec8bca7f7014e913a0f2ed9da23f97e985c08893e6caa2246446218aa59e103
1331,redPirateCaptain,sprites/DefineSprite_1331_redPirateCaptain/12.png,29,35,6,True,423,cec8bca7f7014e913a0f2ed9da23f97e985c08893e6caa2246446218aa59e103
1331,redPirateCaptain,sprites/DefineSprite_1331_redPirateCaptain/13.png,29,35,6,True,83,a1bc1bef48ad9fc57dd5f33a9ec35ead170110f418562c227c87b63b78b0522e
1331,redPirateCaptain,sprites/DefineSprite_1331_redPirateCaptain/14.png,29,35,6,True,83,a1bc1bef48ad9fc57dd5f33a9ec35ead170110f418562c227c87b63b78b0522e
1331,redPirateCaptain,sprites/DefineSprite_1331_redPirateCaptain/15.png,29,35,6,True,431,a2e8ec5e26bd55a413bad84ba9c28c2ffd95dbff33b55c3bb0012efa632c82e4
1331,redPirateCaptain,sprites/DefineSprite_1331_redPirateCaptain/16.png,29,35,6,True,431,a2e8ec5e26bd55a413bad84ba9c28c2ffd95dbff33b55c3bb0012efa632c82e4
1331,redPirateCaptain,sprites/DefineSprite_1331_redPirateCaptain/17.png,29,35,6,True,431,a2e8ec5e26bd55a413bad84ba9c28c2ffd95dbff33b55c3bb0012efa632c82e4
1331,redPirateCaptain,sprites/DefineSprite_1331_redPirateCaptain/18.png,29,35,6,True,431,a2e8ec5e26bd55a413bad84ba9c28c2ffd95dbff33b55c3bb0012efa632c82e4
1331,redPirateCaptain,sprites/DefineSprite_1331_redPirateCaptain/19.png,29,35,6,True,431,a2e8ec5e26bd55a413bad84ba9c28c2ffd95dbff33b55c3bb0012efa632c82e4
1331,redPirateCaptain,sprites/DefineSprite_1331_redPirateCaptain/2.png,29,35,6,True,416,9329b751bf8d34acacc440c01e4db043ed8fc3b5efde0a32ba525f6e18b6daf7
1331,redPirateCaptain,sprites/DefineSprite_1331_redPirateCaptain/20.png,29,35,6,True,431,a2e8ec5e26bd55a413bad84ba9c28c2ffd95dbff33b55c3bb0012efa632c82e4
1331,redPirateCaptain,sprites/DefineSprite_1331_redPirateCaptain/21.png,29,35,6,True,431,a2e8ec5e26bd55a413bad84ba9c28c2ffd95dbff33b55c3bb0012efa632c82e4
1331,redPirateCaptain,sprites/DefineSprite_1331_redPirateCaptain/22.png,29,35,6,True,431,a2e8ec5e26bd55a413bad84ba9c28c2ffd95dbff33b55c3bb0012efa632c82e4
1331,redPirateCaptain,sprites/DefineSprite_1331_redPirateCaptain/23.png,29,35,6,True,431,a2e8ec5e26bd55a413bad84ba9c28c2ffd95dbff33b55c3bb0012efa632c82e4
1331,redPirateCaptain,sprites/DefineSprite_1331_redPirateCaptain/24.png,29,35,6,True,431,a2e8ec5e26bd55a413bad84ba9c28c2ffd95dbff33b55c3bb0012efa632c82e4
1331,redPirateCaptain,sprites/DefineSprite_1331_redPirateCaptain/25.png,29,35,6,True,431,a2e8ec5e26bd55a413bad84ba9c28c2ffd95dbff33b55c3bb0012efa632c82e4
1331,redPirateCaptain,sprites/DefineSprite_1331_redPirateCaptain/26.png,29,35,6,True,431,a2e8ec5e26bd55a413bad84ba9c28c2ffd95dbff33b55c3bb0012efa632c82e4
1331,redPirateCaptain,sprites/DefineSprite_1331_redPirateCaptain/27.png,29,35,6,True,431,a2e8ec5e26bd55a413bad84ba9c28c2ffd95dbff33b55c3bb0012efa632c82e4
1331,redPirateCaptain,sprites/DefineSprite_1331_redPirateCaptain/28.png,29,35,6,True,431,a2e8ec5e26bd55a413bad84ba9c28c2ffd95dbff33b55c3bb0012efa632c82e4
1331,redPirateCaptain,sprites/DefineSprite_1331_redPirateCaptain/29.png,29,35,6,True,431,a2e8ec5e26bd55a413bad84ba9c28c2ffd95dbff33b55c3bb0012efa632c82e4
1331,redPirateCaptain,sprites/DefineSprite_1331_redPirateCaptain/3.png,29,35,6,True,416,9329b751bf8d34acacc440c01e4db043ed8fc3b5efde0a32ba525f6e18b6daf7
1331,redPirateCaptain,sprites/DefineSprite_1331_redPirateCaptain/30.png,29,35,6,True,431,a2e8ec5e26bd55a413bad84ba9c28c2ffd95dbff33b55c3bb0012efa632c82e4
1331,redPirateCaptain,sprites/DefineSprite_1331_redPirateCaptain/31.png,29,35,6,True,431,a2e8ec5e26bd55a413bad84ba9c28c2ffd95dbff33b55c3bb0012efa632c82e4
1331,redPirateCaptain,sprites/DefineSprite_1331_redPirateCaptain/32.png,29,35,6,True,431,a2e8ec5e26bd55a413bad84ba9c28c2ffd95dbff33b55c3bb0012efa632c82e4
1331,redPirateCaptain,sprites/DefineSprite_1331_redPirateCaptain/33.png,29,35,6,True,431,a2e8ec5e26bd55a413bad84ba9c28c2ffd95dbff33b55c3bb0012efa632c82e4
1331,redPirateCaptain,sprites/DefineSprite_1331_redPirateCaptain/34.png,29,35,6,True,431,a2e8ec5e26bd55a413bad84ba9c28c2ffd95dbff33b55c3bb0012efa632c82e4
1331,redPirateCaptain,sprites/DefineSprite_1331_redPirateCaptain/35.png,29,35,6,True,431,a2e8ec5e26bd55a413bad84ba9c28c2ffd95dbff33b55c3bb0012efa632c82e4
1331,redPirateCaptain,sprites/DefineSprite_1331_redPirateCaptain/4.png,29,35,6,True,395,a32d05a40a80b0f32dc51c464abfa92049bfa2df6ee06f560ae13bd07329d7fa
1331,redPirateCaptain,sprites/DefineSprite_1331_redPirateCaptain/5.png,29,35,6,True,395,a32d05a40a80b0f32dc51c464abfa92049bfa2df6ee06f560ae13bd07329d7fa
1331,redPirateCaptain,sprites/DefineSprite_1331_redPirateCaptain/6.png,29,35,6,True,395,a32d05a40a80b0f32dc51c464abfa92049bfa2df6ee06f560ae13bd07329d7fa
1331,redPirateCaptain,sprites/DefineSprite_1331_redPirateCaptain/7.png,29,35,6,True,416,9329b751bf8d34acacc440c01e4db043ed8fc3b5efde0a32ba525f6e18b6daf7
1331,redPirateCaptain,sprites/DefineSprite_1331_redPirateCaptain/8.png,29,35,6,True,416,9329b751bf8d34acacc440c01e4db043ed8fc3b5efde0a32ba525f6e18b6daf7
1331,redPirateCaptain,sprites/DefineSprite_1331_redPirateCaptain/9.png,29,35,6,True,416,9329b751bf8d34acacc440c01e4db043ed8fc3b5efde0a32ba525f6e18b6daf7
1334,middle_left,sprites/DefineSprite_1334_middle_left/1.png,32,32,6,True,367,3b85f7d3a81a55d9e03ef5d0866c1324586d69257b1f5c9986199f5744891c63
1337,middle_right,sprites/DefineSprite_1337_middle_right/1.png,32,32,6,True,349,c55b41cfb7b5a1c45c16ac52c2b37f60d5a5e5b06aef240a30ded6ab7e5378d0
1340,top_right,sprites/DefineSprite_1340_top_right/1.png,34,32,6,True,501,33fa47b24ade6e9396d3d3c5cc5f01361ce1fddd6b4572f7a3b69582139e2ee5
1343,top_middle,sprites/DefineSprite_1343_top_middle/1.png,32,32,6,True,463,742ef025207c51756495c799982ae730a9f68a26d0c9db24ba5a40007d03f9b8
1346,top_left,sprites/DefineSprite_1346_top_left/1.png,34,32,6,True,556,2fc24daddc9ed351f09efffa1366568c5bb4498ba0e61b6f46cfdd53efdd801c
1349,bottom_right,sprites/DefineSprite_1349_bottom_right/1.png,32,32,6,True,487,4e316b874cb24bb1343bbf76908dd141c67c053b5bd29595faafcab6b2b45c45
135,,sprites/DefineSprite_135/1.png,1,1,6,True,68,c3087446afe87c5da27035fd77db71f3d9911966b3cd33a452f80d731fbf8159
1352,bottom_middle,sprites/DefineSprite_1352_bottom_middle/1.png,32,32,6,True,440,06400f0c53bea8e8dae7bdabf477223ae79ba7c07f885770f9ad70e006f7df68
1355,bottom_left,sprites/DefineSprite_1355_bottom_left/1.png,32,32,6,True,493,131b39c1d832e1a798707d8a10f9324260be721a07f9256c42aea2cc33cb43b4
1358,tile1,sprites/DefineSprite_1358_tile1/1.png,32,32,6,True,341,fe68130141fbb2f22386645f5036a8bdd0ff874cb39a9a4ff4546550f9257e3d
1361,earth_bottom_middle_3,sprites/DefineSprite_1361_earth_bottom_middle_3/1.png,32,32,6,True,409,b1912d83e542384d485ff80ff5cc2f5633ae58e3f3ae7074d4f15c1a55fecfe6
1364,earth_bottom_middle_2,sprites/DefineSprite_1364_earth_bottom_middle_2/1.png,32,32,6,True,465,714355f9ed88aa6cfce9800ae449eefba4d9b0595e4bbe7ff547c7bd888f1ecf
1367,earth_bottom_single,sprites/DefineSprite_1367_earth_bottom_single/1.png,32,32,6,True,440,79c7a566d9b194adb040355145a5eea967938ab8267a1d0e41b8d894baf50530
136,FocusRect,sprites/DefineSprite_136_FocusRect/1.png,100,100,6,True,327,29d40f885d641d75673ee276cf8b4cf7effd7dbb5f9da1fcecc093d1b9e99f53
1370,cave_outside_corner_bottom_left,sprites/DefineSprite_1370_cave_outside_corner_bottom_left/1.png,27,26,6,True,1107,d784e44429325443c44417d2605e861462a17990e694232089ba3059487448c0
1373,cave_middle_3,sprites/DefineSprite_1373_cave_middle_3/1.png,32,32,6,True,204,053a0622953c4efac1e6e8998179d263088b11571cad9c1d2e57ba4cf1abb3da
1376,cave_middle_2,sprites/DefineSprite_1376_cave_middle_2/1.png,32,32,6,True,141,bd05b5b1cd71b05bdfee51f9108035ad59f17992ea81e7a8f211597f5eb34b84
1379,cave_middle_1,sprites/DefineSprite_1379_cave_middle_1/1.png,32,32,6,True,228,25e2dbb815c9aa9d9bf8228b4c093bd65c106076f825e3f6cb97fac5c05b7520
137,FocusManager,sprites/DefineSprite_137_FocusManager/1.png,169,108,6,True,229,94ad6a15c2f959fc631ad7b19ea9abd3b41e19717532546390aed3ee9df422d1
137,FocusManager,sprites/DefineSprite_137_FocusManager/2.png,169,108,6,True,665,578ba2139f1507656f8c111006fbb9b4012aa6fa6e3cc4d20b8283252bc997eb
1382,cave_outside_corner_bottom_right,sprites/DefineSprite_1382_cave_outside_corner_bottom_right/1.png,28,26,6,True,1139,bb670e332c93a149973102ad9c18524afda0545f430363d85b96f83daa81028c
1385,cave_outside_corner_top_right,sprites/DefineSprite_1385_cave_outside_corner_top_right/1.png,27,26,6,True,1154,571b6ee6a244c11e3d88e2000b958e87e7c353790c2b75bd71b5ce943f3997ef
1388,shell_sand_top_single,sprites/DefineSprite_1388_shell_sand_top_single/1.png,32,32,6,True,598,2c2d1cad51731d188fe98a61113ac299aebdf5d74e044f9fd6df4ccdc029ba4a
138,UIComponentExtensions,sprites/DefineSprite_138_UIComponentExtensions/1.png,1,1,6,True,68,c3087446afe87c5da27035fd77db71f3d9911966b3cd33a452f80d731fbf8159
1391,sand_top_single,sprites/DefineSprite_1391_sand_top_single/1.png,32,32,6,True,412,b58a3de180e9a10cdf55f41308f4ee2727ec7fd34cbe877424c12274be4e242c
1394,grass_top_single,sprites/DefineSprite_1394_grass_top_single/1.png,36,32,6,True,611,17cdeab29f1288fcf2b717391ae1d0b1d25ca0747f879bca4bf0a31e70af3f26
1397,sand_overlap_both,sprites/DefineSprite_1397_sand_overlap_both/1.png,32,32,6,True,468,2f00189e3aef1137e17a60ebd78ddc9a71b310f2a8f7c46d9c4f8dcdbb0968e2
139,UIComponent,sprites/DefineSprite_139_UIComponent/1.png,184,108,6,True,157,ef5347f5ffcd73d8e9298051cc82b0d6bb0ac60b4bb127bb9479be5dc43cc78b
139,UIComponent,sprites/DefineSprite_139_UIComponent/2.png,184,108,6,True,237,69cf4e7f30f3dc893ec8ac79b53baad76d684586e2249442ad8622123aaa7632
1400,grass_overlap_both,sprites/DefineSprite_1400_grass_overlap_both/1.png,32,32,6,True,523,ceb3a842539b6ed22304b66a9c110a81052fa5e7fc556921255fa9971de0d7eb
1403,grass_overlap_left,sprites/DefineSprite_1403_grass_overlap_left/1.png,32,32,6,True,478,a1fbe19faf562fbc2d87927c431f7ff9aa79762be42452b1bb3f7e87e76161c1
1406,grass_overlap_right,sprites/DefineSprite_1406_grass_overlap_right/1.png,32,32,6,True,433,b28d3caa7c996aa79fd18f080526cabe0410efd28dece2edea2408dbc434c9ec
1409,sand_overlap_left,sprites/DefineSprite_1409_sand_overlap_left/1.png,32,32,6,True,427,2c181c2be0a861810b819171811daf9615e34584ece37b0cb4e9d96b0dfe4b4f
1412,sand_overlap_right,sprites/DefineSprite_1412_sand_overlap_right/1.png,32,32,6,True,399,1dee8fe934a7dd5c6a1e2d47cd38cffb2e9b399e908dd7574ccbcf55bde84161
1415,earth_single_collum,sprites/DefineSprite_1415_earth_single_collum/1.png,32,32,6,True,354,ecd59f4722c52371a9910a6db55adde2d065fed913166438d0cd680d687c505b
1418,shell_sand_top_left,sprites/DefineSprite_1418_shell_sand_top_left/1.png,32,32,6,True,495,41fcea63f40a1f52414b313f9782059f91cbe6f622a0f671f62a621f6ff6ce4d
1421,shell_sand_middle_2,sprites/DefineSprite_1421_shell_sand_middle_2/1.png,32,32,6,True,430,64fdd51b8e3b2c7afa271308c6ca1a355da7f387d3126627e204563c622e1a5e
1424,shell_sand_middle_1,sprites/DefineSprite_1424_shell_sand_middle_1/1.png,32,32,6,True,580,7dead64ce622d01771991c20c264b96fade65005e55ca5ac8e1b3fa52135335e
1427,shell_sand_top_right,sprites/DefineSprite_1427_shell_sand_top_right/1.png,32,32,6,True,485,12675833492c2be3429adaeac88e9a25672dfdec17e5e8835ed29d0ab2640f2b
142,text_comma,sprites/DefineSprite_142_text_comma/1.png,4,12,6,True,86,2cda9d55364232ca07722f88b6c3dc0a366eea2585b2871ed5a9774fbba0082e
1430,blank_sand_middle_2,sprites/DefineSprite_1430_blank_sand_middle_2/1.png,32,32,6,True,332,3847d203602a06ef43287ff8da370a2f84a919ec784dbe72a8eb107c622e446f
1433,blank_sand_middle_1,sprites/DefineSprite_1433_blank_sand_middle_1/1.png,32,32,6,True,309,8eaf810a9f542bf0fb49cbb536c9d1243d6282150d43f6ca602785d467fc6fa4
1436,blank_sand_top_left,sprites/DefineSprite_1436_blank_sand_top_left/1.png,32,32,6,True,345,37dcf8fc006e4816d4891d8689b257cb58abc7726defcde10cdd9c0f8f86ece7
1439,blank_sand_top_right,sprites/DefineSprite_1439_blank_sand_top_right/1.png,32,32,6,True,362,7dbc6ceb515889c5e5527d9927cab691dd47a347ac9ded1db2e523bf8f854296
1442,rock_3,sprites/DefineSprite_1442_rock_3/1.png,29,16,6,True,266,e9b26f5d7ef79f78ea2a9b4099e3f022ac944d1bf8de93794bc75e357b5176d9
1444,cave_rock_3,sprites/DefineSprite_1444_cave_rock_3/1.png,32,32,6,True,300,a5647e3157b3eba49c38ff69200c4a031ae764f38d4b5b21016a2341d20c77df
1447,rock_2,sprites/DefineSprite_1447_rock_2/1.png,28,13,6,True,266,328480b9e602bc3b18862af54d0005062759a39fbafd02f9783b3210c6e37efd
1449,cave_rock_2,sprites/DefineSprite_1449_cave_rock_2/1.png,32,32,6,True,329,a2aa175aa858df9a2f7177018346b77a5da338555e279c594c7c8384091d72f4
1452,rock_1,sprites/DefineSprite_1452_rock_1/1.png,25,20,6,True,275,18cf321cbbc3069463cebd01ab1cbd6019dc2c72e5754b7b227e17ed19bb20dc
1454,cave_rock_1,sprites/DefineSprite_1454_cave_rock_1/1.png,32,32,6,True,319,2502dc82279a578b5447bf329cbef4152a24f0f9aba4846a2d4ecaa0cbb7c147
1457,grass,sprites/DefineSprite_1457_grass/1.png,18,14,6,True,251,54510046d2d8312484b51bcaba49bb37f032b2c3312cb75ee4dbc8e6a113c9eb
1459,cave_grass,sprites/DefineSprite_1459_cave_grass/1.png,32,32,6,True,319,68240ff8ad7a201dacdc344dba7afddbac5af8f46651ff2f7f7b8b4f88aa409b
145,text_apostrophe,sprites/DefineSprite_145_text_apostrophe/1.png,4,11,6,True,88,277e047ef33c479e2c585b32dc984252d5b8dc1b61ba104409de0b3450665f80
1485,,sprites/DefineSprite_1485/1.png,36,39,6,True,617,4d033329acdda8a9dffb28000c6cb932188f24d60e2febfd3ee674340e4c82c6
1485,,sprites/DefineSprite_1485/10.png,36,39,6,True,615,5226312adfc63da301791ace2f1cde2e211095026fd412545a5252fb7b801c85
1485,,sprites/DefineSprite_1485/11.png,36,39,6,True,612,2b40a63e23b5d01ca04816cd17fc4716199597c427a55059364ba227e7952c7e
1485,,sprites/DefineSprite_1485/12.png,36,39,6,True,612,2b40a63e23b5d01ca04816cd17fc4716199597c427a55059364ba227e7952c7e
1485,,sprites/DefineSprite_1485/13.png,36,39,6,True,603,3bdb46894d84bd33888deb873f078267fb1ebfba388d6330a1353ad4baf333e1
1485,,sprites/DefineSprite_1485/14.png,36,39,6,True,603,3bdb46894d84bd33888deb873f078267fb1ebfba388d6330a1353ad4baf333e1
1485,,sprites/DefineSprite_1485/15.png,36,39,6,True,616,0eadcb1c8168cb6af6dfd7af9c8e38813db4f075cddeb4e06705d5b28f642d9d
1485,,sprites/DefineSprite_1485/16.png,36,39,6,True,616,0eadcb1c8168cb6af6dfd7af9c8e38813db4f075cddeb4e06705d5b28f642d9d
1485,,sprites/DefineSprite_1485/17.png,36,39,6,True,617,2fb8c79f39b1592941202914602c2ad614aecbdedf1b9fe1acf51fc63c4ba474
1485,,sprites/DefineSprite_1485/18.png,36,39,6,True,617,2fb8c79f39b1592941202914602c2ad614aecbdedf1b9fe1acf51fc63c4ba474
1485,,sprites/DefineSprite_1485/19.png,36,39,6,True,635,1d07054918f961db586eef71a9fbbb73432a844328c5288c68dd47655316f0db
1485,,sprites/DefineSprite_1485/2.png,36,39,6,True,617,4d033329acdda8a9dffb28000c6cb932188f24d60e2febfd3ee674340e4c82c6
1485,,sprites/DefineSprite_1485/20.png,36,39,6,True,635,1d07054918f961db586eef71a9fbbb73432a844328c5288c68dd47655316f0db
1485,,sprites/DefineSprite_1485/21.png,36,39,6,True,620,8814f3735fe0e228c894648ad2cd9b83825e13ca1ebb3c163abdee4729d59a54
1485,,sprites/DefineSprite_1485/22.png,36,39,6,True,620,8814f3735fe0e228c894648ad2cd9b83825e13ca1ebb3c163abdee4729d59a54
1485,,sprites/DefineSprite_1485/23.png,36,39,6,True,623,67aa74623ccf56d27bb2663a914cd5014b5e4c53de406810368c1370d680ea78
1485,,sprites/DefineSprite_1485/24.png,36,39,6,True,623,67aa74623ccf56d27bb2663a914cd5014b5e4c53de406810368c1370d680ea78
1485,,sprites/DefineSprite_1485/3.png,36,39,6,True,622,2675c57f2be7da7c121df145b361be83f49f5a375f6ccf6a87ed8303d2c65cb8
1485,,sprites/DefineSprite_1485/4.png,36,39,6,True,622,2675c57f2be7da7c121df145b361be83f49f5a375f6ccf6a87ed8303d2c65cb8
1485,,sprites/DefineSprite_1485/5.png,36,39,6,True,647,3943455da6313212c82fc447dfa7ad79e502159dc00dfc3ba60aa53ec191c963
1485,,sprites/DefineSprite_1485/6.png,36,39,6,True,647,3943455da6313212c82fc447dfa7ad79e502159dc00dfc3ba60aa53ec191c963
1485,,sprites/DefineSprite_1485/7.png,36,39,6,True,611,92389ff37344bc02b052e789def944fbdd386b30430af05e33cb834c40c0b4e1
1485,,sprites/DefineSprite_1485/8.png,36,39,6,True,611,92389ff37344bc02b052e789def944fbdd386b30430af05e33cb834c40c0b4e1
1485,,sprites/DefineSprite_1485/9.png,36,39,6,True,615,5226312adfc63da301791ace2f1cde2e211095026fd412545a5252fb7b801c85
1486,cave_torch,sprites/DefineSprite_1486_cave_torch/1.png,64,64,6,True,939,dd20a8e13969c9714325c187c34b6b8a29379eadc7e9a556ef5f951b11f84f6d
1489,big_tree,sprites/DefineSprite_1489_big_tree/1.png,34,58,6,True,852,ba3311410daad29b005f579efbaf2ccccbd387d80df976cf238718a15e1ff82b
148,text_hyphen,sprites/DefineSprite_148_text_hyphen/1.png,8,11,6,True,87,2acf881f9d5353fb2ff8313700b8e9a69471861cca7f9b16cc90334f6d546435
1492,small_tree,sprites/DefineSprite_1492_small_tree/1.png,31,40,6,True,686,b0cdee6a7a148545cd2da33155c45598670723023d944c00d8baeb453289a826
1495,cave_inside_corner_bottom_right,sprites/DefineSprite_1495_cave_inside_corner_bottom_right/1.png,32,32,6,True,849,a3a48fc1c58e46d07cb1ef2f57af37215113c9e6058c3f4ce76dba7f7ef911b2
1498,cave_outside_corner_top_left,sprites/DefineSprite_1498_cave_outside_corner_top_left/1.png,32,26,6,True,1122,378b37e07ff5c31b699a9407d741648f5bf7d1deba5d42ba2de7b47a26582318
149,DangleFont,sprites/DefineSprite_149_DangleFont/1.png,375,158,6,True,469,0c010c6e2920553b604be77aaa1ebf808d8156b50c0684a01fa1edb974806a06
149,DangleFont,sprites/DefineSprite_149_DangleFont/2.png,375,158,6,True,2307,a67b2621ab0018a91edab90907b35ce38f149927db1eac28290941a6ea085901
1501,cave_inside_corner_bottom_left,sprites/DefineSprite_1501_cave_inside_corner_bottom_left/1.png,32,32,6,True,860,779ea9ad16455f82d3e0bfe50f1b6da71cf9243c90daa236b432aa6a6636f5ea
1504,cave_inside_corner_top_left,sprites/DefineSprite_1504_cave_inside_corner_top_left/1.png,32,32,6,True,893,9a2562d94760decb047efde531e92bd2605b113ffd055e74e50b3f24a57c127b
1507,cave_inside_corner_top_right,sprites/DefineSprite_1507_cave_inside_corner_top_right/1.png,32,32,6,True,815,67b6061ba0d9d1c0f31a84181375d01b15c386eb50b417887e5abf998bb74a21
1510,cave_edge_bottom,sprites/DefineSprite_1510_cave_edge_bottom/1.png,32,27,6,True,916,302d824497547b04998114bb9e5b4d40859fef1b2d9733fdf07b33d866640815
1513,cave_edge_top,sprites/DefineSprite_1513_cave_edge_top/1.png,32,26,6,True,907,9704f88c2987e6654c47d9736caf93c83c7e00d95ec2e8bc77385f80a74e3aa1
1516,cave_edge_left,sprites/DefineSprite_1516_cave_edge_left/1.png,32,32,6,True,1147,d32da7bcd2849fb911edc2b2e357eea5d9cc030eb059fb65304b2e4a9e0e3937
1519,cave_edge_right,sprites/DefineSprite_1519_cave_edge_right/1.png,30,32,6,True,1090,ac9384a4ac3ea659e9579a9ca333c60fcc87b6a77edea51e0574703a2f851004
1522,grass_top_middle_2,sprites/DefineSprite_1522_grass_top_middle_2/1.png,32,32,6,True,452,45fd02afee44616005d6cc6216ce0461ffae8948080203672526cb24cf65e4f7
1525,grass_top_middle_1,sprites/DefineSprite_1525_grass_top_middle_1/1.png,32,32,6,True,464,7899a6dbf02415bb73c161767770673337717591b64311ceb5d48b287ac9845d
1528,grass_top_left,sprites/DefineSprite_1528_grass_top_left/1.png,34,32,6,True,598,4b78658ed25ba6ffe487d4434c5655326667c5d71c072b37cf6039f7cd71e273
1531,grass_top_right,sprites/DefineSprite_1531_grass_top_right/1.png,34,32,6,True,501,33fa47b24ade6e9396d3d3c5cc5f01361ce1fddd6b4572f7a3b69582139e2ee5
1534,earth_edge_middle_2,sprites/DefineSprite_1534_earth_edge_middle_2/1.png,32,32,6,True,341,fe68130141fbb2f22386645f5036a8bdd0ff874cb39a9a4ff4546550f9257e3d
1537,earth_edge_middle_1,sprites/DefineSprite_1537_earth_edge_middle_1/1.png,32,32,6,True,329,4b0f72cfb7fd8e65200c531279c3ac778412539bcb80389f058f71a4ccdea0a2
1540,earth_edge_left,sprites/DefineSprite_1540_earth_edge_left/1.png,32,32,6,True,367,3b85f7d3a81a55d9e03ef5d0866c1324586d69257b1f5c9986199f5744891c63
1543,earth_edge_right,sprites/DefineSprite_1543_earth_edge_right/1.png,32,32,6,True,349,c55b41cfb7b5a1c45c16ac52c2b37f60d5a5e5b06aef240a30ded6ab7e5378d0
1546,eartyh_bottom_middle,sprites/DefineSprite_1546_eartyh_bottom_middle/1.png,32,32,6,True,440,06400f0c53bea8e8dae7bdabf477223ae79ba7c07f885770f9ad70e006f7df68
1549,earth_bottom_right,sprites/DefineSprite_1549_earth_bottom_right/1.png,32,32,6,True,493,131b39c1d832e1a798707d8a10f9324260be721a07f9256c42aea2cc33cb43b4
154,__Packages.mx.events.EventDispatcher,sprites/DefineSprite_154___Packages.mx.events.EventDispatcher/1.png,1,1,6,True,68,c3087446afe87c5da27035fd77db71f3d9911966b3cd33a452f80d731fbf8159
1552,earth_bottom_left,sprites/DefineSprite_1552_earth_bottom_left/1.png,32,32,6,True,487,4e316b874cb24bb1343bbf76908dd141c67c053b5bd29595faafcab6b2b45c45
1555,single_grass_2,sprites/DefineSprite_1555_single_grass_2/1.png,36,32,6,True,686,ec8e045cba75c5ed6475d6167ea5b73bf2ee77bb7b089c216e7720187a739e20
1558,single_grass_1,sprites/DefineSprite_1558_single_grass_1/1.png,36,32,6,True,696,3bdc1904807e3956ce44ee04764d238cb8c3974c1d27a0fa6a76389b679d32ac
155,__Packages.mx.events.UIEventDispatcher,sprites/DefineSprite_155___Packages.mx.events.UIEventDispatcher/1.png,1,1,6,True,68,c3087446afe87c5da27035fd77db71f3d9911966b3cd33a452f80d731fbf8159
156,__Packages.mx.skins.ColoredSkinElement,sprites/DefineSprite_156___Packages.mx.skins.ColoredSkinElement/1.png,1,1,6,True,68,c3087446afe87c5da27035fd77db71f3d9911966b3cd33a452f80d731fbf8159
1575,tile_ripple_right,sprites/DefineSprite_1575_tile_ripple_right/1.png,34,32,6,True,385,34ade86808d501578678129eae2ad334009452f6f068b89c23c61e94d543340e
1575,tile_ripple_right,sprites/DefineSprite_1575_tile_ripple_right/10.png,34,32,6,True,385,cb7b8d35d803f1b5c93f6476cfbf0e3aed83167cafde97bbbbca72f3c3fd9c8b
1575,tile_ripple_right,sprites/DefineSprite_1575_tile_ripple_right/11.png,34,32,6,True,387,ba5d6457e769cb49a695cfaee2f7bf2b050d1ac032e985064cda384e81fc77b5
1575,tile_ripple_right,sprites/DefineSprite_1575_tile_ripple_right/12.png,34,32,6,True,387,ba5d6457e769cb49a695cfaee2f7bf2b050d1ac032e985064cda384e81fc77b5
1575,tile_ripple_right,sprites/DefineSprite_1575_tile_ripple_right/13.png,34,32,6,True,380,1574b7a845d1dd79b067c9046ce686e98b0f2dc65d33d9e5034de8c80ae52da1
1575,tile_ripple_right,sprites/DefineSprite_1575_tile_ripple_right/14.png,34,32,6,True,380,1574b7a845d1dd79b067c9046ce686e98b0f2dc65d33d9e5034de8c80ae52da1
1575,tile_ripple_right,sprites/DefineSprite_1575_tile_ripple_right/15.png,34,32,6,True,386,308837cf6e6bffce0fdb8c86a1d96e0e96c2e332fb39b25970979b69cc29ca93
1575,tile_ripple_right,sprites/DefineSprite_1575_tile_ripple_right/16.png,34,32,6,True,386,308837cf6e6bffce0fdb8c86a1d96e0e96c2e332fb39b25970979b69cc29ca93
1575,tile_ripple_right,sprites/DefineSprite_1575_tile_ripple_right/2.png,34,32,6,True,385,34ade86808d501578678129eae2ad334009452f6f068b89c23c61e94d543340e
1575,tile_ripple_right,sprites/DefineSprite_1575_tile_ripple_right/3.png,34,32,6,True,385,eb399790a54c41a1cd20c274ec7c7c57dcd3d164e98b8ad4642dce4327c47668
1575,tile_ripple_right,sprites/DefineSprite_1575_tile_ripple_right/4.png,34,32,6,True,385,eb399790a54c41a1cd20c274ec7c7c57dcd3d164e98b8ad4642dce4327c47668
1575,tile_ripple_right,sprites/DefineSprite_1575_tile_ripple_right/5.png,34,32,6,True,379,9cb8cd793142b01d374807f4e9f0817c76ad4c6421bf36f7bde24b042e07f82a
1575,tile_ripple_right,sprites/DefineSprite_1575_tile_ripple_right/6.png,34,32,6,True,379,9cb8cd793142b01d374807f4e9f0817c76ad4c6421bf36f7bde24b042e07f82a
1575,tile_ripple_right,sprites/DefineSprite_1575_tile_ripple_right/7.png,34,32,6,True,386,4fd32fc5304c07f8aeb775cf1e87fa0c707907d61c407ca274d656678ec3b0f7
1575,tile_ripple_right,sprites/DefineSprite_1575_tile_ripple_right/8.png,34,32,6,True,386,4fd32fc5304c07f8aeb775cf1e87fa0c707907d61c407ca274d656678ec3b0f7
1575,tile_ripple_right,sprites/DefineSprite_1575_tile_ripple_right/9.png,34,32,6,True,385,cb7b8d35d803f1b5c93f6476cfbf0e3aed83167cafde97bbbbca72f3c3fd9c8b
157,__Packages.mx.core.ext.UIObjectExtensions,sprites/DefineSprite_157___Packages.mx.core.ext.UIObjectExtensions/1.png,1,1,6,True,68,c3087446afe87c5da27035fd77db71f3d9911966b3cd33a452f80d731fbf8159
158,__Packages.mx.skins.halo.Defaults,sprites/DefineSprite_158___Packages.mx.skins.halo.Defaults/1.png,1,1,6,True,68,c3087446afe87c5da27035fd77db71f3d9911966b3cd33a452f80d731fbf8159
1592,tile_ripple_left,sprites/DefineSprite_1592_tile_ripple_left/1.png,34,32,6,True,389,4d070622a24beb2e0471cf3d42dd6c938e47ccb40e2d89028bf216cd6244d466
1592,tile_ripple_left,sprites/DefineSprite_1592_tile_ripple_left/10.png,34,32,6,True,384,7506af9ea92ac59c3592de2fa05de1d8218e1b648f658305fddb5d321b54aa28
1592,tile_ripple_left,sprites/DefineSprite_1592_tile_ripple_left/11.png,34,32,6,True,392,a85e52891fa50292e9d9f004df113403d1605c7604ec4f114a7fa44ecdbce716
1592,tile_ripple_left,sprites/DefineSprite_1592_tile_ripple_left/12.png,34,32,6,True,392,a85e52891fa50292e9d9f004df113403d1605c7604ec4f114a7fa44ecdbce716
1592,tile_ripple_left,sprites/DefineSprite_1592_tile_ripple_left/13.png,34,32,6,True,393,32d60aa4882821ff82d9f187037b0cd9e4329dcb02fc678fc60428599d24ef58
1592,tile_ripple_left,sprites/DefineSprite_1592_tile_ripple_left/14.png,34,32,6,True,393,32d60aa4882821ff82d9f187037b0cd9e4329dcb02fc678fc60428599d24ef58
1592,tile_ripple_left,sprites/DefineSprite_1592_tile_ripple_left/15.png,34,32,6,True,394,fdd7b577324cda95a7c49f9802bf87e5d0e79419d1facc944d42747d04e5ed09
1592,tile_ripple_left,sprites/DefineSprite_1592_tile_ripple_left/16.png,34,32,6,True,394,fdd7b577324cda95a7c49f9802bf87e5d0e79419d1facc944d42747d04e5ed09
1592,tile_ripple_left,sprites/DefineSprite_1592_tile_ripple_left/2.png,34,32,6,True,389,4d070622a24beb2e0471cf3d42dd6c938e47ccb40e2d89028bf216cd6244d466
1592,tile_ripple_left,sprites/DefineSprite_1592_tile_ripple_left/3.png,34,32,6,True,386,c76eba63c485b502f52c2524ca46f66cc37e353f621b67e9907a43a5f8dea5ce
1592,tile_ripple_left,sprites/DefineSprite_1592_tile_ripple_left/4.png,34,32,6,True,386,c76eba63c485b502f52c2524ca46f66cc37e353f621b67e9907a43a5f8dea5ce
1592,tile_ripple_left,sprites/DefineSprite_1592_tile_ripple_left/5.png,34,32,6,True,386,dd7d17281cfbca23c7487953c6b541d511b5dd94e353b8197780a7440c3b58be
1592,tile_ripple_left,sprites/DefineSprite_1592_tile_ripple_left/6.png,34,32,6,True,386,dd7d17281cfbca23c7487953c6b541d511b5dd94e353b8197780a7440c3b58be
1592,tile_ripple_left,sprites/DefineSprite_1592_tile_ripple_left/7.png,34,32,6,True,393,0d1ce2425a44c81d3a7552b4f6550b7a9d11973ca850e0730b93a116af0decc8
1592,tile_ripple_left,sprites/DefineSprite_1592_tile_ripple_left/8.png,34,32,6,True,393,0d1ce2425a44c81d3a7552b4f6550b7a9d11973ca850e0730b93a116af0decc8
1592,tile_ripple_left,sprites/DefineSprite_1592_tile_ripple_left/9.png,34,32,6,True,384,7506af9ea92ac59c3592de2fa05de1d8218e1b648f658305fddb5d321b54aa28
159,__Packages.mx.managers.DepthManager,sprites/DefineSprite_159___Packages.mx.managers.DepthManager/1.png,1,1,6,True,68,c3087446afe87c5da27035fd77db71f3d9911966b3cd33a452f80d731fbf8159
15,text_1,sprites/DefineSprite_15_text_1/1.png,6,11,6,True,94,48288f4a8bc0cc5874bb29c10f3b145b6374866000cb19af67c0d968a3bbcc64
1609,tile_ripple_middle,sprites/DefineSprite_1609_tile_ripple_middle/1.png,32,32,6,True,328,a3abd59a130c670ece997bb388f3c157b3559b54f05ccd3f43c0c1cc278b2bcf
1609,tile_ripple_middle,sprites/DefineSprite_1609_tile_ripple_middle/10.png,32,32,6,True,325,15041ffa1c4ab3a9f171d5293a5e87befdb4eb9b8cb67e087ab19e1880a15545
1609,tile_ripple_middle,sprites/DefineSprite_1609_tile_ripple_middle/11.png,32,32,6,True,331,d898a567928cc722d115813d0c96d45ff6489aa141c49d3b5a15ffa0d82af249
1609,tile_ripple_middle,sprites/DefineSprite_1609_tile_ripple_middle/12.png,32,32,6,True,331,d898a567928cc722d115813d0c96d45ff6489aa141c49d3b5a15ffa0d82af249
1609,tile_ripple_middle,sprites/DefineSprite_1609_tile_ripple_middle/13.png,32,32,6,True,330,9d3938cd049167223a6461be1d5869543255e924683ae2a4f87c110835c4b5cd
1609,tile_ripple_middle,sprites/DefineSprite_1609_tile_ripple_middle/14.png,32,32,6,True,330,9d3938cd049167223a6461be1d5869543255e924683ae2a4f87c110835c4b5cd
1609,tile_ripple_middle,sprites/DefineSprite_1609_tile_ripple_middle/15.png,32,32,6,True,321,90fb4e7205ad9ef0164d9b1d7c86724a864576f4a85e4cfcc2e5cae28e3ed255
1609,tile_ripple_middle,sprites/DefineSprite_1609_tile_ripple_middle/16.png,32,32,6,True,321,90fb4e7205ad9ef0164d9b1d7c86724a864576f4a85e4cfcc2e5cae28e3ed255
1609,tile_ripple_middle,sprites/DefineSprite_1609_tile_ripple_middle/2.png,32,32,6,True,328,a3abd59a130c670ece997bb388f3c157b3559b54f05ccd3f43c0c1cc278b2bcf
1609,tile_ripple_middle,sprites/DefineSprite_1609_tile_ripple_middle/3.png,32,32,6,True,335,0534120bdbb09afc47e99a117fe4d0b5a180db543f112895fb5415ea34d54ad7
1609,tile_ripple_middle,sprites/DefineSprite_1609_tile_ripple_middle/4.png,32,32,6,True,335,0534120bdbb09afc47e99a117fe4d0b5a180db543f112895fb5415ea34d54ad7
1609,tile_ripple_middle,sprites/DefineSprite_1609_tile_ripple_middle/5.png,32,32,6,True,334,25dd9d679eefbf72bb78ec28f7ea54415903a301fccf6afff25aa1d771e744d6
1609,tile_ripple_middle,sprites/DefineSprite_1609_tile_ripple_middle/6.png,32,32,6,True,334,25dd9d679eefbf72bb78ec28f7ea54415903a301fccf6afff25aa1d771e744d6
1609,tile_ripple_middle,sprites/DefineSprite_1609_tile_ripple_middle/7.png,32,32,6,True,322,6c8d1213d8bdb596056f9ad5024e744c6cc42dd71124a2c32e99127984f7d08b
1609,tile_ripple_middle,sprites/DefineSprite_1609_tile_ripple_middle/8.png,32,32,6,True,322,6c8d1213d8bdb596056f9ad5024e744c6cc42dd71124a2c32e99127984f7d08b
1609,tile_ripple_middle,sprites/DefineSprite_1609_tile_ripple_middle/9.png,32,32,6,True,325,15041ffa1c4ab3a9f171d5293a5e87befdb4eb9b8cb67e087ab19e1880a15545
160,__Packages.mx.controls.SimpleButton,sprites/DefineSprite_160___Packages.mx.controls.SimpleButton/1.png,1,1,6,True,68,c3087446afe87c5da27035fd77db71f3d9911966b3cd33a452f80d731fbf8159
161,__Packages.mx.managers.SystemManager,sprites/DefineSprite_161___Packages.mx.managers.SystemManager/1.png,1,1,6,True,68,c3087446afe87c5da27035fd77db71f3d9911966b3cd33a452f80d731fbf8159
1622,,sprites/DefineSprite_1622/1.png,1024,64,6,True,2590,5f04678a33edde02968f400be7cde6c553b531c4d3db77ebbb722ff023251bfd
1622,,sprites/DefineSprite_1622/10.png,1024,64,6,True,2668,ea73bb8a6e62b5179463b18c8c3ca281adee97dfd40562f6181c5c9b16d8845f
1622,,sprites/DefineSprite_1622/11.png,1024,64,6,True,2668,ea73bb8a6e62b5179463b18c8c3ca281adee97dfd40562f6181c5c9b16d8845f
1622,,sprites/DefineSprite_1622/12.png,1024,64,6,True,2668,ea73bb8a6e62b5179463b18c8c3ca281adee97dfd40562f6181c5c9b16d8845f
1622,,sprites/DefineSprite_1622/13.png,1024,64,6,True,2520,7a41e71fe29dc93e949e379ae2b8811f92fadf46d8576073ec8ffd53f6e78efa
1622,,sprites/DefineSprite_1622/14.png,1024,64,6,True,2520,7a41e71fe29dc93e949e379ae2b8811f92fadf46d8576073ec8ffd53f6e78efa
1622,,sprites/DefineSprite_1622/15.png,1024,64,6,True,2520,7a41e71fe29dc93e949e379ae2b8811f92fadf46d8576073ec8ffd53f6e78efa
1622,,sprites/DefineSprite_1622/16.png,1024,64,6,True,2538,b75a5a24478ee11b5397ab07fcb3aaeee5bbf63a2c9e82f2699dc2318d631332
1622,,sprites/DefineSprite_1622/17.png,1024,64,6,True,2538,b75a5a24478ee11b5397ab07fcb3aaeee5bbf63a2c9e82f2699dc2318d631332
1622,,sprites/DefineSprite_1622/18.png,1024,64,6,True,2538,b75a5a24478ee11b5397ab07fcb3aaeee5bbf63a2c9e82f2699dc2318d631332
1622,,sprites/DefineSprite_1622/2.png,1024,64,6,True,2590,5f04678a33edde02968f400be7cde6c553b531c4d3db77ebbb722ff023251bfd
1622,,sprites/DefineSprite_1622/3.png,1024,64,6,True,2590,5f04678a33edde02968f400be7cde6c553b531c4d3db77ebbb722ff023251bfd
1622,,sprites/DefineSprite_1622/4.png,1024,64,6,True,2565,a9f9833a2c89f191bc5a991d050af921fe1700972dae0cbe72e67f612437056e
1622,,sprites/DefineSprite_1622/5.png,1024,64,6,True,2565,a9f9833a2c89f191bc5a991d050af921fe1700972dae0cbe72e67f612437056e
1622,,sprites/DefineSprite_1622/6.png,1024,64,6,True,2565,a9f9833a2c89f191bc5a991d050af921fe1700972dae0cbe72e67f612437056e
1622,,sprites/DefineSprite_1622/7.png,1024,64,6,True,2540,94c4a502545db4510c5fb3d7dbb419a874411c67e3aae5b87892a91a323ccd34
1622,,sprites/DefineSprite_1622/8.png,1024,64,6,True,2540,94c4a502545db4510c5fb3d7dbb419a874411c67e3aae5b87892a91a323ccd34
1622,,sprites/DefineSprite_1622/9.png,1024,64,6,True,2540,94c4a502545db4510c5fb3d7dbb419a874411c67e3aae5b87892a91a323ccd34
162,__Packages.mx.managers.FocusManager,sprites/DefineSprite_162___Packages.mx.managers.FocusManager/1.png,1,1,6,True,68,c3087446afe87c5da27035fd77db71f3d9911966b3cd33a452f80d731fbf8159
1636,,sprites/DefineSprite_1636/1.png,1024,64,6,True,2590,40d0ef442814e6c7b8174f1c80c803fb57705748d1d44f01db51a501b381f6ca
1636,,sprites/DefineSprite_1636/10.png,1024,64,6,True,2669,7267c53d628aff6c527c066996b48c73d7a8533c097698028064822bb6633d20
1636,,sprites/DefineSprite_1636/11.png,1024,64,6,True,2669,7267c53d628aff6c527c066996b48c73d7a8533c097698028064822bb6633d20
1636,,sprites/DefineSprite_1636/12.png,1024,64,6,True,2669,7267c53d628aff6c527c066996b48c73d7a8533c097698028064822bb6633d20
1636,,sprites/DefineSprite_1636/13.png,1024,64,6,True,2517,b07acfb40a0ea7ef0a73515679f254251365123cd6fb8098bdba14c3363b7bc6
1636,,sprites/DefineSprite_1636/14.png,1024,64,6,True,2517,b07acfb40a0ea7ef0a73515679f254251365123cd6fb8098bdba14c3363b7bc6
1636,,sprites/DefineSprite_1636/15.png,1024,64,6,True,2517,b07acfb40a0ea7ef0a73515679f254251365123cd6fb8098bdba14c3363b7bc6
1636,,sprites/DefineSprite_1636/16.png,1024,64,6,True,2535,2cf0c016790dfdc54b54934d6092ec6737c9611133d094f8ba47f83e16d4f7ad
1636,,sprites/DefineSprite_1636/17.png,1024,64,6,True,2535,2cf0c016790dfdc54b54934d6092ec6737c9611133d094f8ba47f83e16d4f7ad
1636,,sprites/DefineSprite_1636/18.png,1024,64,6,True,2535,2cf0c016790dfdc54b54934d6092ec6737c9611133d094f8ba47f83e16d4f7ad
1636,,sprites/DefineSprite_1636/2.png,1024,64,6,True,2590,40d0ef442814e6c7b8174f1c80c803fb57705748d1d44f01db51a501b381f6ca
1636,,sprites/DefineSprite_1636/3.png,1024,64,6,True,2590,40d0ef442814e6c7b8174f1c80c803fb57705748d1d44f01db51a501b381f6ca
1636,,sprites/DefineSprite_1636/4.png,1024,64,6,True,2561,b520f3e1ad20693c069c48f739e2e3ef4b1634418bb65a9a72250e5eb6e08dbc
1636,,sprites/DefineSprite_1636/5.png,1024,64,6,True,2561,b520f3e1ad20693c069c48f739e2e3ef4b1634418bb65a9a72250e5eb6e08dbc
1636,,sprites/DefineSprite_1636/6.png,1024,64,6,True,2561,b520f3e1ad20693c069c48f739e2e3ef4b1634418bb65a9a72250e5eb6e08dbc
1636,,sprites/DefineSprite_1636/7.png,1024,64,6,True,2532,a08e72d6681d6af13aa7332be3a302b3e4dcdcf6f6e7f8fcbd4e728de7aadb1a
1636,,sprites/DefineSprite_1636/8.png,1024,64,6,True,2532,a08e72d6681d6af13aa7332be3a302b3e4dcdcf6f6e7f8fcbd4e728de7aadb1a
1636,,sprites/DefineSprite_1636/9.png,1024,64,6,True,2532,a08e72d6681d6af13aa7332be3a302b3e4dcdcf6f6e7f8fcbd4e728de7aadb1a
163,__Packages.mx.skins.halo.FocusRect,sprites/DefineSprite_163___Packages.mx.skins.halo.FocusRect/1.png,1,1,6,True,68,c3087446afe87c5da27035fd77db71f3d9911966b3cd33a452f80d731fbf8159
164,__Packages.mx.managers.OverlappedWindows,sprites/DefineSprite_164___Packages.mx.managers.OverlappedWindows/1.png,1,1,6,True,68,c3087446afe87c5da27035fd77db71f3d9911966b3cd33a452f80d731fbf8159
1650,,sprites/DefineSprite_1650/1.png,1024,64,6,True,2619,03b77d790152235f6cff806e002649d8e15bb523dc89f299f520719010a9aba2
1650,,sprites/DefineSprite_1650/10.png,1024,64,6,True,2703,73e9decf6cd2d635a56f9ada00fd15f3d16eb38f59417d98e4ea521da8be7737
1650,,sprites/DefineSprite_1650/11.png,1024,64,6,True,2703,73e9decf6cd2d635a56f9ada00fd15f3d16eb38f59417d98e4ea521da8be7737
1650,,sprites/DefineSprite_1650/12.png,1024,64,6,True,2703,73e9decf6cd2d635a56f9ada00fd15f3d16eb38f59417d98e4ea521da8be7737
1650,,sprites/DefineSprite_1650/13.png,1024,64,6,True,2539,fd6b515bcde28f0fc7a55fecc37fc07fd2aef55454f2186705cb9c40886647f4
1650,,sprites/DefineSprite_1650/14.png,1024,64,6,True,2539,fd6b515bcde28f0fc7a55fecc37fc07fd2aef55454f2186705cb9c40886647f4
1650,,sprites/DefineSprite_1650/15.png,1024,64,6,True,2539,fd6b515bcde28f0fc7a55fecc37fc07fd2aef55454f2186705cb9c40886647f4
1650,,sprites/DefineSprite_1650/16.png,1024,64,6,True,2566,0692b3306f658cfb0789bd8b693fa887e6b1293d88d95136a338648afc7c282c
1650,,sprites/DefineSprite_1650/17.png,1024,64,6,True,2566,0692b3306f658cfb0789bd8b693fa887e6b1293d88d95136a338648afc7c282c
1650,,sprites/DefineSprite_1650/18.png,1024,64,6,True,2566,0692b3306f658cfb0789bd8b693fa887e6b1293d88d95136a338648afc7c282c
1650,,sprites/DefineSprite_1650/2.png,1024,64,6,True,2619,03b77d790152235f6cff806e002649d8e15bb523dc89f299f520719010a9aba2
1650,,sprites/DefineSprite_1650/3.png,1024,64,6,True,2619,03b77d790152235f6cff806e002649d8e15bb523dc89f299f520719010a9aba2
1650,,sprites/DefineSprite_1650/4.png,1024,64,6,True,2603,adc45e0a696ac3a2d3f027918c8ade79d2c0adc9e0e8ebdf8b4433ce0f91f0eb
1650,,sprites/DefineSprite_1650/5.png,1024,64,6,True,2603,adc45e0a696ac3a2d3f027918c8ade79d2c0adc9e0e8ebdf8b4433ce0f91f0eb
1650,,sprites/DefineSprite_1650/6.png,1024,64,6,True,2603,adc45e0a696ac3a2d3f027918c8ade79d2c0adc9e0e8ebdf8b4433ce0f91f0eb
1650,,sprites/DefineSprite_1650/7.png,1024,64,6,True,2561,0248491562943294474f2dc31eb4d0127dbaf8abd8f7525840a018e5137a7d71
1650,,sprites/DefineSprite_1650/8.png,1024,64,6,True,2561,0248491562943294474f2dc31eb4d0127dbaf8abd8f7525840a018e5137a7d71
1650,,sprites/DefineSprite_1650/9.png,1024,64,6,True,2561,0248491562943294474f2dc31eb4d0127dbaf8abd8f7525840a018e5137a7d71
1651,water,sprites/DefineSprite_1651_water/1.png,1024,384,6,True,5922,02c1061ad990747846273af39af643a2f7b19b496fd756f5513e7c0969ca30c4
1651,water,sprites/DefineSprite_1651_water/10.png,1024,384,6,True,5936,9be3b74b1150217887ae130c5e0101a146edb57d0ef20bb7af1e83d1da2cfeeb
1651,water,sprites/DefineSprite_1651_water/11.png,1024,384,6,True,5924,f87c8080d250c7439ecb1ffeae9b6f730153c013bed9b735139a9b6ad3f7b620
1651,water,sprites/DefineSprite_1651_water/12.png,1024,384,6,True,5924,f87c8080d250c7439ecb1ffeae9b6f730153c013bed9b735139a9b6ad3f7b620
1651,water,sprites/DefineSprite_1651_water/13.png,1024,384,6,True,5924,f87c8080d250c7439ecb1ffeae9b6f730153c013bed9b735139a9b6ad3f7b620
1651,water,sprites/DefineSprite_1651_water/14.png,1024,384,6,True,5892,69bdd01dd66dce065cd29bbe4c09fd0c46fd981ef44f0bc42e85c18ebae230f9
1651,water,sprites/DefineSprite_1651_water/15.png,1024,384,6,True,5892,69bdd01dd66dce065cd29bbe4c09fd0c46fd981ef44f0bc42e85c18ebae230f9
1651,water,sprites/DefineSprite_1651_water/16.png,1024,384,6,True,5892,69bdd01dd66dce065cd29bbe4c09fd0c46fd981ef44f0bc42e85c18ebae230f9
1651,water,sprites/DefineSprite_1651_water/17.png,1024,384,6,True,5857,10d366a4018ba0d9091caf8f89f7e8d1ac78d5cd6c53c1267a57c77a5d2e83a8
1651,water,sprites/DefineSprite_1651_water/18.png,1024,384,6,True,5857,10d366a4018ba0d9091caf8f89f7e8d1ac78d5cd6c53c1267a57c77a5d2e83a8
1651,water,sprites/DefineSprite_1651_water/19.png,1024,384,6,True,5857,10d366a4018ba0d9091caf8f89f7e8d1ac78d5cd6c53c1267a57c77a5d2e83a8
1651,water,sprites/DefineSprite_1651_water/2.png,1024,384,6,True,5922,02c1061ad990747846273af39af643a2f7b19b496fd756f5513e7c0969ca30c4
1651,water,sprites/DefineSprite_1651_water/20.png,1024,384,6,True,5938,b1f1d0bbd63fd9051165f3118a5da5bb67b82dfba1d401009b88a41613188137
1651,water,sprites/DefineSprite_1651_water/21.png,1024,384,6,True,5960,f617f6886402edcbc56f2749ecf0e721c804fe65ec37cf4ee411d6ddb513e77c
1651,water,sprites/DefineSprite_1651_water/22.png,1024,384,6,True,5960,f617f6886402edcbc56f2749ecf0e721c804fe65ec37cf4ee411d6ddb513e77c
1651,water,sprites/DefineSprite_1651_water/23.png,1024,384,6,True,5960,f617f6886402edcbc56f2749ecf0e721c804fe65ec37cf4ee411d6ddb513e77c
1651,water,sprites/DefineSprite_1651_water/24.png,1024,384,6,True,5935,2b29a86ce2a614bb9662f7d88546cc51cdb59deee19504b9cb4c44b647e8f782
1651,water,sprites/DefineSprite_1651_water/25.png,1024,384,6,True,5935,2b29a86ce2a614bb9662f7d88546cc51cdb59deee19504b9cb4c44b647e8f782
1651,water,sprites/DefineSprite_1651_water/26.png,1024,384,6,True,5935,2b29a86ce2a614bb9662f7d88546cc51cdb59deee19504b9cb4c44b647e8f782
1651,water,sprites/DefineSprite_1651_water/27.png,1024,384,6,True,5882,92e8e2eb470a9f33b9e3f41b42a94a79e560788585567fbb049017433fd2ab76
1651,water,sprites/DefineSprite_1651_water/28.png,1024,384,6,True,5882,92e8e2eb470a9f33b9e3f41b42a94a79e560788585567fbb049017433fd2ab76
1651,water,sprites/DefineSprite_1651_water/29.png,1024,384,6,True,5882,92e8e2eb470a9f33b9e3f41b42a94a79e560788585567fbb049017433fd2ab76
1651,water,sprites/DefineSprite_1651_water/3.png,1024,384,6,True,5922,02c1061ad990747846273af39af643a2f7b19b496fd756f5513e7c0969ca30c4
1651,water,sprites/DefineSprite_1651_water/30.png,1024,384,6,True,5977,9112f59d98cca29c5bfabdebaa37d7dcb0b6354e31aa3b0790b11ace3f7b708b
1651,water,sprites/DefineSprite_1651_water/4.png,1024,384,6,True,5896,a232de358b65fe6d457204f8800c149d1e6f8b1a6ee262478d430a02cf7fafbf
1651,water,sprites/DefineSprite_1651_water/5.png,1024,384,6,True,5896,a232de358b65fe6d457204f8800c149d1e6f8b1a6ee262478d430a02cf7fafbf
1651,water,sprites/DefineSprite_1651_water/6.png,1024,384,6,True,5896,a232de358b65fe6d457204f8800c149d1e6f8b1a6ee262478d430a02cf7fafbf
1651,water,sprites/DefineSprite_1651_water/7.png,1024,384,6,True,5863,13fec9b57bb51f79ed8182acfc89693ab1ea96c3822d74350ea2023e12900ee6
1651,water,sprites/DefineSprite_1651_water/8.png,1024,384,6,True,5863,13fec9b57bb51f79ed8182acfc89693ab1ea96c3822d74350ea2023e12900ee6
1651,water,sprites/DefineSprite_1651_water/9.png,1024,384,6,True,5863,13fec9b57bb51f79ed8182acfc89693ab1ea96c3822d74350ea2023e12900ee6
1656,,sprites/DefineSprite_1656/1.png,34,39,6,True,488,63369d978a3bf420cb160ae2f281e85c3ff2d923e58aea9e2e2fdf29e665db7f
1656,,sprites/DefineSprite_1656/2.png,34,39,6,True,488,63369d978a3bf420cb160ae2f281e85c3ff2d923e58aea9e2e2fdf29e665db7f
1656,,sprites/DefineSprite_1656/3.png,34,39,6,True,482,5a1388219a625dff066213112bad5b7490c920301fc341794db35cb967550b42
1656,,sprites/DefineSprite_1656/4.png,34,39,6,True,482,5a1388219a625dff066213112bad5b7490c920301fc341794db35cb967550b42
1659,,sprites/DefineSprite_1659/1.png,34,39,6,True,488,63369d978a3bf420cb160ae2f281e85c3ff2d923e58aea9e2e2fdf29e665db7f
165,__Packages.mx.styles.CSSSetStyle,sprites/DefineSprite_165___Packages.mx.styles.CSSSetStyle/1.png,1,1,6,True,68,c3087446afe87c5da27035fd77db71f3d9911966b3cd33a452f80d731fbf8159
166,__Packages.mx.core.ext.UIComponentExtensions,sprites/DefineSprite_166___Packages.mx.core.ext.UIComponentExtensions/1.png,1,1,6,True,68,c3087446afe87c5da27035fd77db71f3d9911966b3cd33a452f80d731fbf8159
1676,,sprites/DefineSprite_1676/1.png,53,20,6,True,150,89a42e9ba48f96fc146448bc5dc19ff0b827a32f3976af68406a8b0b8c908cef
1676,,sprites/DefineSprite_1676/10.png,53,20,6,True,233,26e3a2d4a8bed4532fa0c1d297dbb2744d752dc2ca6b6589e49fa4de173d40f1
1676,,sprites/DefineSprite_1676/11.png,53,20,6,True,186,c9a47ba63bebd6244750afa155a8191f8fc6b0245e8940dc9e3c46c2422550e8
1676,,sprites/DefineSprite_1676/12.png,53,20,6,True,186,c9a47ba63bebd6244750afa155a8191f8fc6b0245e8940dc9e3c46c2422550e8
1676,,sprites/DefineSprite_1676/13.png,53,20,6,True,151,dc1532d8990fde8a866c49d203f6d821cd882e7e8e6110181f6dfeb2d7d5cf32
1676,,sprites/DefineSprite_1676/14.png,53,20,6,True,151,dc1532d8990fde8a866c49d203f6d821cd882e7e8e6110181f6dfeb2d7d5cf32
1676,,sprites/DefineSprite_1676/15.png,53,20,6,True,106,447ee3042f1a898331a7b9e70df31304514dc01aca9215bee043a608d43db0ba
1676,,sprites/DefineSprite_1676/16.png,53,20,6,True,106,447ee3042f1a898331a7b9e70df31304514dc01aca9215bee043a608d43db0ba
1676,,sprites/DefineSprite_1676/17.png,53,20,6,True,84,d94986674deeefd5f23616da4d80a06d8dd8fbfe8adb91d71765ac7ec1c48951
1676,,sprites/DefineSprite_1676/18.png,53,20,6,True,84,d94986674deeefd5f23616da4d80a06d8dd8fbfe8adb91d71765ac7ec1c48951
1676,,sprites/DefineSprite_1676/2.png,53,20,6,True,150,89a42e9ba48f96fc146448bc5dc19ff0b827a32f3976af68406a8b0b8c908cef
1676,,sprites/DefineSprite_1676/3.png,53,20,6,True,138,ceb7280a17d6362250e4957c8b90e4187ce9899d5f2fcb9778a84a34d9121cb1
1676,,sprites/DefineSprite_1676/4.png,53,20,6,True,138,ceb7280a17d6362250e4957c8b90e4187ce9899d5f2fcb9778a84a34d9121cb1
1676,,sprites/DefineSprite_1676/5.png,53,20,6,True,146,b528e0d00d27aa62589096d249d7c1c1007a15d77ac60b649219e5618b3b748c
1676,,sprites/DefineSprite_1676/6.png,53,20,6,True,146,b528e0d00d27aa62589096d249d7c1c1007a15d77ac60b649219e5618b3b748c
1676,,sprites/DefineSprite_1676/7.png,53,20,6,True,179,00294559ba884600ac4376b557ae1fc0e6d612c02432a7a5944bc848a361175a
1676,,sprites/DefineSprite_1676/8.png,53,20,6,True,179,00294559ba884600ac4376b557ae1fc0e6d612c02432a7a5944bc848a361175a
1676,,sprites/DefineSprite_1676/9.png,53,20,6,True,233,26e3a2d4a8bed4532fa0c1d297dbb2744d752dc2ca6b6589e49fa4de173d40f1
167,preloader,sprites/DefineSprite_167_preloader/1.png,375,158,6,True,1053,145c6b367c57f60eb7136d3bc06f9b9389c50d650b1b9983efdd6f11df5b0f3b
1720,,sprites/DefineSprite_1720/1.png,18,17,6,True,163,32be6be6b0deb34727f76d64840028cb21f688b6f57ea04e019af525ccf11162
1720,,sprites/DefineSprite_1720/10.png,18,17,6,True,163,32be6be6b0deb34727f76d64840028cb21f688b6f57ea04e019af525ccf11162
1720,,sprites/DefineSprite_1720/100.png,18,17,6,True,260,cef88b9582c1e62674b5b48a339f9efd95cd34ee3b4a67a89a58290721e0bddc
1720,,sprites/DefineSprite_1720/101.png,18,17,6,True,225,60c35b4551f132e795886ceef1ee3eeaf11a89a383e0dd7ef3cd704ecf0e6b34
1720,,sprites/DefineSprite_1720/102.png,18,17,6,True,225,60c35b4551f132e795886ceef1ee3eeaf11a89a383e0dd7ef3cd704ecf0e6b34
1720,,sprites/DefineSprite_1720/103.png,18,17,6,True,225,60c35b4551f132e795886ceef1ee3eeaf11a89a383e0dd7ef3cd704ecf0e6b34
1720,,sprites/DefineSprite_1720/104.png,18,17,6,True,225,60c35b4551f132e795886ceef1ee3eeaf11a89a383e0dd7ef3cd704ecf0e6b34
1720,,sprites/DefineSprite_1720/105.png,18,17,6,True,225,60c35b4551f132e795886ceef1ee3eeaf11a89a383e0dd7ef3cd704ecf0e6b34
1720,,sprites/DefineSprite_1720/106.png,18,17,6,True,225,60c35b4551f132e795886ceef1ee3eeaf11a89a383e0dd7ef3cd704ecf0e6b34
1720,,sprites/DefineSprite_1720/107.png,18,17,6,True,225,60c35b4551f132e795886ceef1ee3eeaf11a89a383e0dd7ef3cd704ecf0e6b34
1720,,sprites/DefineSprite_1720/108.png,18,17,6,True,225,60c35b4551f132e795886ceef1ee3eeaf11a89a383e0dd7ef3cd704ecf0e6b34
1720,,sprites/DefineSprite_1720/109.png,18,17,6,True,225,60c35b4551f132e795886ceef1ee3eeaf11a89a383e0dd7ef3cd704ecf0e6b34
1720,,sprites/DefineSprite_1720/11.png,18,17,6,True,238,bcd81fd0051e8c8cef81a7c8628ecaa2283b19b1dd9e35930daac7f11f7437a9
1720,,sprites/DefineSprite_1720/110.png,18,17,6,True,225,60c35b4551f132e795886ceef1ee3eeaf11a89a383e0dd7ef3cd704ecf0e6b34
1720,,sprites/DefineSprite_1720/111.png,18,17,6,True,244,b157107b17162df7c8065c41313e21eea83d24d300f762f018254c0949ed0533
1720,,sprites/DefineSprite_1720/112.png,18,17,6,True,244,b157107b17162df7c8065c41313e21eea83d24d300f762f018254c0949ed0533
1720,,sprites/DefineSprite_1720/113.png,18,17,6,True,244,b157107b17162df7c8065c41313e21eea83d24d300f762f018254c0949ed0533
1720,,sprites/DefineSprite_1720/114.png,18,17,6,True,244,b157107b17162df7c8065c41313e21eea83d24d300f762f018254c0949ed0533
1720,,sprites/DefineSprite_1720/115.png,18,17,6,True,244,b157107b17162df7c8065c41313e21eea83d24d300f762f018254c0949ed0533
1720,,sprites/DefineSprite_1720/116.png,18,17,6,True,244,b157107b17162df7c8065c41313e21eea83d24d300f762f018254c0949ed0533
1720,,sprites/DefineSprite_1720/117.png,18,17,6,True,244,b157107b17162df7c8065c41313e21eea83d24d300f762f018254c0949ed0533
1720,,sprites/DefineSprite_1720/118.png,18,17,6,True,244,b157107b17162df7c8065c41313e21eea83d24d300f762f018254c0949ed0533
1720,,sprites/DefineSprite_1720/119.png,18,17,6,True,244,b157107b17162df7c8065c41313e21eea83d24d300f762f018254c0949ed0533
1720,,sprites/DefineSprite_1720/12.png,18,17,6,True,238,bcd81fd0051e8c8cef81a7c8628ecaa2283b19b1dd9e35930daac7f11f7437a9
1720,,sprites/DefineSprite_1720/120.png,18,17,6,True,244,b157107b17162df7c8065c41313e21eea83d24d300f762f018254c0949ed0533
1720,,sprites/DefineSprite_1720/121.png,18,17,6,True,245,1d625dfa74e94e546b8281f1b7a1027bc49b4b26ef867851c033d03bf3d2b59a
1720,,sprites/DefineSprite_1720/122.png,18,17,6,True,245,1d625dfa74e94e546b8281f1b7a1027bc49b4b26ef867851c033d03bf3d2b59a
1720,,sprites/DefineSprite_1720/123.png,18,17,6,True,245,1d625dfa74e94e546b8281f1b7a1027bc49b4b26ef867851c033d03bf3d2b59a
1720,,sprites/DefineSprite_1720/124.png,18,17,6,True,245,1d625dfa74e94e546b8281f1b7a1027bc49b4b26ef867851c033d03bf3d2b59a
1720,,sprites/DefineSprite_1720/125.png,18,17,6,True,245,1d625dfa74e94e546b8281f1b7a1027bc49b4b26ef867851c033d03bf3d2b59a
1720,,sprites/DefineSprite_1720/126.png,18,17,6,True,245,1d625dfa74e94e546b8281f1b7a1027bc49b4b26ef867851c033d03bf3d2b59a
1720,,sprites/DefineSprite_1720/127.png,18,17,6,True,245,1d625dfa74e94e546b8281f1b7a1027bc49b4b26ef867851c033d03bf3d2b59a
1720,,sprites/DefineSprite_1720/128.png,18,17,6,True,245,1d625dfa74e94e546b8281f1b7a1027bc49b4b26ef867851c033d03bf3d2b59a
1720,,sprites/DefineSprite_1720/129.png,18,17,6,True,245,1d625dfa74e94e546b8281f1b7a1027bc49b4b26ef867851c033d03bf3d2b59a
1720,,sprites/DefineSprite_1720/13.png,18,17,6,True,238,bcd81fd0051e8c8cef81a7c8628ecaa2283b19b1dd9e35930daac7f11f7437a9
1720,,sprites/DefineSprite_1720/130.png,18,17,6,True,245,1d625dfa74e94e546b8281f1b7a1027bc49b4b26ef867851c033d03bf3d2b59a
1720,,sprites/DefineSprite_1720/131.png,18,17,6,True,243,1eb5f2f6c0fa559a0807f9fcb3c657d5df5f044c44bef67a7aed96bacdc05bcd
1720,,sprites/DefineSprite_1720/132.png,18,17,6,True,243,1eb5f2f6c0fa559a0807f9fcb3c657d5df5f044c44bef67a7aed96bacdc05bcd
1720,,sprites/DefineSprite_1720/133.png,18,17,6,True,243,1eb5f2f6c0fa559a0807f9fcb3c657d5df5f044c44bef67a7aed96bacdc05bcd
1720,,sprites/DefineSprite_1720/134.png,18,17,6,True,243,1eb5f2f6c0fa559a0807f9fcb3c657d5df5f044c44bef67a7aed96bacdc05bcd
1720,,sprites/DefineSprite_1720/135.png,18,17,6,True,243,1eb5f2f6c0fa559a0807f9fcb3c657d5df5f044c44bef67a7aed96bacdc05bcd
1720,,sprites/DefineSprite_1720/136.png,18,17,6,True,243,1eb5f2f6c0fa559a0807f9fcb3c657d5df5f044c44bef67a7aed96bacdc05bcd
1720,,sprites/DefineSprite_1720/137.png,18,17,6,True,243,1eb5f2f6c0fa559a0807f9fcb3c657d5df5f044c44bef67a7aed96bacdc05bcd
1720,,sprites/DefineSprite_1720/138.png,18,17,6,True,243,1eb5f2f6c0fa559a0807f9fcb3c657d5df5f044c44bef67a7aed96bacdc05bcd
1720,,sprites/DefineSprite_1720/139.png,18,17,6,True,243,1eb5f2f6c0fa559a0807f9fcb3c657d5df5f044c44bef67a7aed96bacdc05bcd
1720,,sprites/DefineSprite_1720/14.png,18,17,6,True,238,bcd81fd0051e8c8cef81a7c8628ecaa2283b19b1dd9e35930daac7f11f7437a9
1720,,sprites/DefineSprite_1720/140.png,18,17,6,True,243,1eb5f2f6c0fa559a0807f9fcb3c657d5df5f044c44bef67a7aed96bacdc05bcd
1720,,sprites/DefineSprite_1720/141.png,18,17,6,True,234,295d4d8a59b06ea41a2b193561eac463a74e6d0e11c70af8df48c7439b48e854
1720,,sprites/DefineSprite_1720/142.png,18,17,6,True,234,295d4d8a59b06ea41a2b193561eac463a74e6d0e11c70af8df48c7439b48e854
1720,,sprites/DefineSprite_1720/143.png,18,17,6,True,234,295d4d8a59b06ea41a2b193561eac463a74e6d0e11c70af8df48c7439b48e854
1720,,sprites/DefineSprite_1720/144.png,18,17,6,True,234,295d4d8a59b06ea41a2b193561eac463a74e6d0e11c70af8df48c7439b48e854
1720,,sprites/DefineSprite_1720/145.png,18,17,6,True,234,295d4d8a59b06ea41a2b193561eac463a74e6d0e11c70af8df48c7439b48e854
1720,,sprites/DefineSprite_1720/146.png,18,17,6,True,234,295d4d8a59b06ea41a2b193561eac463a74e6d0e11c70af8df48c7439b48e854
1720,,sprites/DefineSprite_1720/147.png,18,17,6,True,234,295d4d8a59b06ea41a2b193561eac463a74e6d0e11c70af8df48c7439b48e854
1720,,sprites/DefineSprite_1720/148.png,18,17,6,True,234,295d4d8a59b06ea41a2b193561eac463a74e6d0e11c70af8df48c7439b48e854
1720,,sprites/DefineSprite_1720/149.png,18,17,6,True,234,295d4d8a59b06ea41a2b193561eac463a74e6d0e11c70af8df48c7439b48e854
1720,,sprites/DefineSprite_1720/15.png,18,17,6,True,238,bcd81fd0051e8c8cef81a7c8628ecaa2283b19b1dd9e35930daac7f11f7437a9
1720,,sprites/DefineSprite_1720/150.png,18,17,6,True,234,295d4d8a59b06ea41a2b193561eac463a74e6d0e11c70af8df48c7439b48e854
1720,,sprites/DefineSprite_1720/151.png,18,17,6,True,235,92b0e4a5a94d9ba2bb9295991a5cc27436e90d1cd18744bb3ea73a0c5558bb1e
1720,,sprites/DefineSprite_1720/152.png,18,17,6,True,235,92b0e4a5a94d9ba2bb9295991a5cc27436e90d1cd18744bb3ea73a0c5558bb1e
1720,,sprites/DefineSprite_1720/153.png,18,17,6,True,235,92b0e4a5a94d9ba2bb9295991a5cc27436e90d1cd18744bb3ea73a0c5558bb1e
1720,,sprites/DefineSprite_1720/154.png,18,17,6,True,235,92b0e4a5a94d9ba2bb9295991a5cc27436e90d1cd18744bb3ea73a0c5558bb1e
1720,,sprites/DefineSprite_1720/155.png,18,17,6,True,235,92b0e4a5a94d9ba2bb9295991a5cc27436e90d1cd18744bb3ea73a0c5558bb1e
1720,,sprites/DefineSprite_1720/156.png,18,17,6,True,235,92b0e4a5a94d9ba2bb9295991a5cc27436e90d1cd18744bb3ea73a0c5558bb1e
1720,,sprites/DefineSprite_1720/157.png,18,17,6,True,235,92b0e4a5a94d9ba2bb9295991a5cc27436e90d1cd18744bb3ea73a0c5558bb1e
1720,,sprites/DefineSprite_1720/158.png,18,17,6,True,235,92b0e4a5a94d9ba2bb9295991a5cc27436e90d1cd18744bb3ea73a0c5558bb1e
1720,,sprites/DefineSprite_1720/159.png,18,17,6,True,235,92b0e4a5a94d9ba2bb9295991a5cc27436e90d1cd18744bb3ea73a0c5558bb1e
1720,,sprites/DefineSprite_1720/16.png,18,17,6,True,238,bcd81fd0051e8c8cef81a7c8628ecaa2283b19b1dd9e35930daac7f11f7437a9
1720,,sprites/DefineSprite_1720/160.png,18,17,6,True,235,92b0e4a5a94d9ba2bb9295991a5cc27436e90d1cd18744bb3ea73a0c5558bb1e
1720,,sprites/DefineSprite_1720/161.png,18,17,6,True,242,09873153d16cb9c0b640e4a8eb3b3b66fd9c213eeffdc268f23910803365f9df
1720,,sprites/DefineSprite_1720/162.png,18,17,6,True,242,09873153d16cb9c0b640e4a8eb3b3b66fd9c213eeffdc268f23910803365f9df
1720,,sprites/DefineSprite_1720/163.png,18,17,6,True,242,09873153d16cb9c0b640e4a8eb3b3b66fd9c213eeffdc268f23910803365f9df
1720,,sprites/DefineSprite_1720/164.png,18,17,6,True,242,09873153d16cb9c0b640e4a8eb3b3b66fd9c213eeffdc268f23910803365f9df
1720,,sprites/DefineSprite_1720/165.png,18,17,6,True,242,09873153d16cb9c0b640e4a8eb3b3b66fd9c213eeffdc268f23910803365f9df
1720,,sprites/DefineSprite_1720/166.png,18,17,6,True,242,09873153d16cb9c0b640e4a8eb3b3b66fd9c213eeffdc268f23910803365f9df
1720,,sprites/DefineSprite_1720/167.png,18,17,6,True,242,09873153d16cb9c0b640e4a8eb3b3b66fd9c213eeffdc268f23910803365f9df
1720,,sprites/DefineSprite_1720/168.png,18,17,6,True,242,09873153d16cb9c0b640e4a8eb3b3b66fd9c213eeffdc268f23910803365f9df
1720,,sprites/DefineSprite_1720/169.png,18,17,6,True,242,09873153d16cb9c0b640e4a8eb3b3b66fd9c213eeffdc268f23910803365f9df
1720,,sprites/DefineSprite_1720/17.png,18,17,6,True,238,bcd81fd0051e8c8cef81a7c8628ecaa2283b19b1dd9e35930daac7f11f7437a9
1720,,sprites/DefineSprite_1720/170.png,18,17,6,True,242,09873153d16cb9c0b640e4a8eb3b3b66fd9c213eeffdc268f23910803365f9df
1720,,sprites/DefineSprite_1720/18.png,18,17,6,True,238,bcd81fd0051e8c8cef81a7c8628ecaa2283b19b1dd9e35930daac7f11f7437a9
1720,,sprites/DefineSprite_1720/19.png,18,17,6,True,238,bcd81fd0051e8c8cef81a7c8628ecaa2283b19b1dd9e35930daac7f11f7437a9
1720,,sprites/DefineSprite_1720/2.png,18,17,6,True,163,32be6be6b0deb34727f76d64840028cb21f688b6f57ea04e019af525ccf11162
1720,,sprites/DefineSprite_1720/20.png,18,17,6,True,238,bcd81fd0051e8c8cef81a7c8628ecaa2283b19b1dd9e35930daac7f11f7437a9
1720,,sprites/DefineSprite_1720/21.png,18,17,6,True,246,9deeee5602e45092513fba32c6e018acba8f559839438a8902a8467c28df85b8
1720,,sprites/DefineSprite_1720/22.png,18,17,6,True,246,9deeee5602e45092513fba32c6e018acba8f559839438a8902a8467c28df85b8
1720,,sprites/DefineSprite_1720/23.png,18,17,6,True,246,9deeee5602e45092513fba32c6e018acba8f559839438a8902a8467c28df85b8
1720,,sprites/DefineSprite_1720/24.png,18,17,6,True,246,9deeee5602e45092513fba32c6e018acba8f559839438a8902a8467c28df85b8
1720,,sprites/DefineSprite_1720/25.png,18,17,6,True,246,9deeee5602e45092513fba32c6e018acba8f559839438a8902a8467c28df85b8
1720,,sprites/DefineSprite_1720/26.png,18,17,6,True,246,9deeee5602e45092513fba32c6e018acba8f559839438a8902a8467c28df85b8
1720,,sprites/DefineSprite_1720/27.png,18,17,6,True,246,9deeee5602e45092513fba32c6e018acba8f559839438a8902a8467c28df85b8
1720,,sprites/DefineSprite_1720/28.png,18,17,6,True,246,9deeee5602e45092513fba32c6e018acba8f559839438a8902a8467c28df85b8
1720,,sprites/DefineSprite_1720/29.png,18,17,6,True,246,9deeee5602e45092513fba32c6e018acba8f559839438a8902a8467c28df85b8
1720,,sprites/DefineSprite_1720/3.png,18,17,6,True,163,32be6be6b0deb34727f76d64840028cb21f688b6f57ea04e019af525ccf11162
1720,,sprites/DefineSprite_1720/30.png,18,17,6,True,246,9deeee5602e45092513fba32c6e018acba8f559839438a8902a8467c28df85b8
1720,,sprites/DefineSprite_1720/31.png,18,17,6,True,249,303cc5dc6c55e569a8c8ecc91f390bcf902dd8ec05d66fc85b00c8f31150a40b
1720,,sprites/DefineSprite_1720/32.png,18,17,6,True,249,303cc5dc6c55e569a8c8ecc91f390bcf902dd8ec05d66fc85b00c8f31150a40b
1720,,sprites/DefineSprite_1720/33.png,18,17,6,True,249,303cc5dc6c55e569a8c8ecc91f390bcf902dd8ec05d66fc85b00c8f31150a40b
1720,,sprites/DefineSprite_1720/34.png,18,17,6,True,249,303cc5dc6c55e569a8c8ecc91f390bcf902dd8ec05d66fc85b00c8f31150a40b
1720,,sprites/DefineSprite_1720/35.png,18,17,6,True,249,303cc5dc6c55e569a8c8ecc91f390bcf902dd8ec05d66fc85b00c8f31150a40b
1720,,sprites/DefineSprite_1720/36.png,18,17,6,True,249,303cc5dc6c55e569a8c8ecc91f390bcf902dd8ec05d66fc85b00c8f31150a40b
1720,,sprites/DefineSprite_1720/37.png,18,17,6,True,249,303cc5dc6c55e569a8c8ecc91f390bcf902dd8ec05d66fc85b00c8f31150a40b
1720,,sprites/DefineSprite_1720/38.png,18,17,6,True,249,303cc5dc6c55e569a8c8ecc91f390bcf902dd8ec05d66fc85b00c8f31150a40b
1720,,sprites/DefineSprite_1720/39.png,18,17,6,True,249,303cc5dc6c55e569a8c8ecc91f390bcf902dd8ec05d66fc85b00c8f31150a40b
1720,,sprites/DefineSprite_1720/4.png,18,17,6,True,163,32be6be6b0deb34727f76d64840028cb21f688b6f57ea04e019af525ccf11162
1720,,sprites/DefineSprite_1720/40.png,18,17,6,True,249,303cc5dc6c55e569a8c8ecc91f390bcf902dd8ec05d66fc85b00c8f31150a40b
1720,,sprites/DefineSprite_1720/41.png,18,17,6,True,226,3d62d35f3ce90791dd817b8632d5a535596167580ae045de935f335752884c40
1720,,sprites/DefineSprite_1720/42.png,18,17,6,True,226,3d62d35f3ce90791dd817b8632d5a535596167580ae045de935f335752884c40
1720,,sprites/DefineSprite_1720/43.png,18,17,6,True,226,3d62d35f3ce90791dd817b8632d5a535596167580ae045de935f335752884c40
1720,,sprites/DefineSprite_1720/44.png,18,17,6,True,226,3d62d35f3ce90791dd817b8632d5a535596167580ae045de935f335752884c40
1720,,sprites/DefineSprite_1720/45.png,18,17,6,True,226,3d62d35f3ce90791dd817b8632d5a535596167580ae045de935f335752884c40
1720,,sprites/DefineSprite_1720/46.png,18,17,6,True,226,3d62d35f3ce90791dd817b8632d5a535596167580ae045de935f335752884c40
1720,,sprites/DefineSprite_1720/47.png,18,17,6,True,226,3d62d35f3ce90791dd817b8632d5a535596167580ae045de935f335752884c40
1720,,sprites/DefineSprite_1720/48.png,18,17,6,True,226,3d62d35f3ce90791dd817b8632d5a535596167580ae045de935f335752884c40
1720,,sprites/DefineSprite_1720/49.png,18,17,6,True,226,3d62d35f3ce90791dd817b8632d5a535596167580ae045de935f335752884c40
1720,,sprites/DefineSprite_1720/5.png,18,17,6,True,163,32be6be6b0deb34727f76d64840028cb21f688b6f57ea04e019af525ccf11162
1720,,sprites/DefineSprite_1720/50.png,18,17,6,True,226,3d62d35f3ce90791dd817b8632d5a535596167580ae045de935f335752884c40
1720,,sprites/DefineSprite_1720/51.png,18,17,6,True,221,0e3b4ec8210d9c99c1e4b20da933e6411fa03d9fc09cdefb76263bc29b82f365
1720,,sprites/DefineSprite_1720/52.png,18,17,6,True,221,0e3b4ec8210d9c99c1e4b20da933e6411fa03d9fc09cdefb76263bc29b82f365
1720,,sprites/DefineSprite_1720/53.png,18,17,6,True,221,0e3b4ec8210d9c99c1e4b20da933e6411fa03d9fc09cdefb76263bc29b82f365
1720,,sprites/DefineSprite_1720/54.png,18,17,6,True,221,0e3b4ec8210d9c99c1e4b20da933e6411fa03d9fc09cdefb76263bc29b82f365
1720,,sprites/DefineSprite_1720/55.png,18,17,6,True,221,0e3b4ec8210d9c99c1e4b20da933e6411fa03d9fc09cdefb76263bc29b82f365
1720,,sprites/DefineSprite_1720/56.png,18,17,6,True,221,0e3b4ec8210d9c99c1e4b20da933e6411fa03d9fc09cdefb76263bc29b82f365
1720,,sprites/DefineSprite_1720/57.png,18,17,6,True,221,0e3b4ec8210d9c99c1e4b20da933e6411fa03d9fc09cdefb76263bc29b82f365
1720,,sprites/DefineSprite_1720/58.png,18,17,6,True,221,0e3b4ec8210d9c99c1e4b20da933e6411fa03d9fc09cdefb76263bc29b82f365
1720,,sprites/DefineSprite_1720/59.png,18,17,6,True,221,0e3b4ec8210d9c99c1e4b20da933e6411fa03d9fc09cdefb76263bc29b82f365
1720,,sprites/DefineSprite_1720/6.png,18,17,6,True,163,32be6be6b0deb34727f76d64840028cb21f688b6f57ea04e019af525ccf11162
1720,,sprites/DefineSprite_1720/60.png,18,17,6,True,221,0e3b4ec8210d9c99c1e4b20da933e6411fa03d9fc09cdefb76263bc29b82f365
1720,,sprites/DefineSprite_1720/61.png,18,17,6,True,274,226a2fcd8c89b0722c95d971bbd88e2d15cf5aaf303ba4026678cc0c07de8a9d
1720,,sprites/DefineSprite_1720/62.png,18,17,6,True,274,226a2fcd8c89b0722c95d971bbd88e2d15cf5aaf303ba4026678cc0c07de8a9d
1720,,sprites/DefineSprite_1720/63.png,18,17,6,True,274,226a2fcd8c89b0722c95d971bbd88e2d15cf5aaf303ba4026678cc0c07de8a9d
1720,,sprites/DefineSprite_1720/64.png,18,17,6,True,274,226a2fcd8c89b0722c95d971bbd88e2d15cf5aaf303ba4026678cc0c07de8a9d
1720,,sprites/DefineSprite_1720/65.png,18,17,6,True,274,226a2fcd8c89b0722c95d971bbd88e2d15cf5aaf303ba4026678cc0c07de8a9d
1720,,sprites/DefineSprite_1720/66.png,18,17,6,True,274,226a2fcd8c89b0722c95d971bbd88e2d15cf5aaf303ba4026678cc0c07de8a9d
1720,,sprites/DefineSprite_1720/67.png,18,17,6,True,274,226a2fcd8c89b0722c95d971bbd88e2d15cf5aaf303ba4026678cc0c07de8a9d
1720,,sprites/DefineSprite_1720/68.png,18,17,6,True,274,226a2fcd8c89b0722c95d971bbd88e2d15cf5aaf303ba4026678cc0c07de8a9d
1720,,sprites/DefineSprite_1720/69.png,18,17,6,True,274,226a2fcd8c89b0722c95d971bbd88e2d15cf5aaf303ba4026678cc0c07de8a9d
1720,,sprites/DefineSprite_1720/7.png,18,17,6,True,163,32be6be6b0deb34727f76d64840028cb21f688b6f57ea04e019af525ccf11162
1720,,sprites/DefineSprite_1720/70.png,18,17,6,True,274,226a2fcd8c89b0722c95d971bbd88e2d15cf5aaf303ba4026678cc0c07de8a9d
1720,,sprites/DefineSprite_1720/71.png,18,17,6,True,259,97aed6856f3db5cce6562b2baa7c5dc9e702f5b0cfd7e4b0969c8533fe7de1d7
1720,,sprites/DefineSprite_1720/72.png,18,17,6,True,259,97aed6856f3db5cce6562b2baa7c5dc9e702f5b0cfd7e4b0969c8533fe7de1d7
1720,,sprites/DefineSprite_1720/73.png,18,17,6,True,259,97aed6856f3db5cce6562b2baa7c5dc9e702f5b0cfd7e4b0969c8533fe7de1d7
1720,,sprites/DefineSprite_1720/74.png,18,17,6,True,259,97aed6856f3db5cce6562b2baa7c5dc9e702f5b0cfd7e4b0969c8533fe7de1d7
1720,,sprites/DefineSprite_1720/75.png,18,17,6,True,259,97aed6856f3db5cce6562b2baa7c5dc9e702f5b0cfd7e4b0969c8533fe7de1d7
1720,,sprites/DefineSprite_1720/76.png,18,17,6,True,259,97aed6856f3db5cce6562b2baa7c5dc9e702f5b0cfd7e4b0969c8533fe7de1d7
1720,,sprites/DefineSprite_1720/77.png,18,17,6,True,259,97aed6856f3db5cce6562b2baa7c5dc9e702f5b0cfd7e4b0969c8533fe7de1d7
1720,,sprites/DefineSprite_1720/78.png,18,17,6,True,259,97aed6856f3db5cce6562b2baa7c5dc9e702f5b0cfd7e4b0969c8533fe7de1d7
1720,,sprites/DefineSprite_1720/79.png,18,17,6,True,259,97aed6856f3db5cce6562b2baa7c5dc9e702f5b0cfd7e4b0969c8533fe7de1d7
1720,,sprites/DefineSprite_1720/8.png,18,17,6,True,163,32be6be6b0deb34727f76d64840028cb21f688b6f57ea04e019af525ccf11162
1720,,sprites/DefineSprite_1720/80.png,18,17,6,True,259,97aed6856f3db5cce6562b2baa7c5dc9e702f5b0cfd7e4b0969c8533fe7de1d7
1720,,sprites/DefineSprite_1720/81.png,18,17,6,True,259,64cefdd2d27e7cd13e66700691e4d76824c6937e10514709baa0aea27c8cc32e
1720,,sprites/DefineSprite_1720/82.png,18,17,6,True,259,64cefdd2d27e7cd13e66700691e4d76824c6937e10514709baa0aea27c8cc32e
1720,,sprites/DefineSprite_1720/83.png,18,17,6,True,259,64cefdd2d27e7cd13e66700691e4d76824c6937e10514709baa0aea27c8cc32e
1720,,sprites/DefineSprite_1720/84.png,18,17,6,True,259,64cefdd2d27e7cd13e66700691e4d76824c6937e10514709baa0aea27c8cc32e
1720,,sprites/DefineSprite_1720/85.png,18,17,6,True,259,64cefdd2d27e7cd13e66700691e4d76824c6937e10514709baa0aea27c8cc32e
1720,,sprites/DefineSprite_1720/86.png,18,17,6,True,259,64cefdd2d27e7cd13e66700691e4d76824c6937e10514709baa0aea27c8cc32e
1720,,sprites/DefineSprite_1720/87.png,18,17,6,True,259,64cefdd2d27e7cd13e66700691e4d76824c6937e10514709baa0aea27c8cc32e
1720,,sprites/DefineSprite_1720/88.png,18,17,6,True,259,64cefdd2d27e7cd13e66700691e4d76824c6937e10514709baa0aea27c8cc32e
1720,,sprites/DefineSprite_1720/89.png,18,17,6,True,259,64cefdd2d27e7cd13e66700691e4d76824c6937e10514709baa0aea27c8cc32e
1720,,sprites/DefineSprite_1720/9.png,18,17,6,True,163,32be6be6b0deb34727f76d64840028cb21f688b6f57ea04e019af525ccf11162
1720,,sprites/DefineSprite_1720/90.png,18,17,6,True,259,64cefdd2d27e7cd13e66700691e4d76824c6937e10514709baa0aea27c8cc32e
1720,,sprites/DefineSprite_1720/91.png,18,17,6,True,260,cef88b9582c1e62674b5b48a339f9efd95cd34ee3b4a67a89a58290721e0bddc
1720,,sprites/DefineSprite_1720/92.png,18,17,6,True,260,cef88b9582c1e62674b5b48a339f9efd95cd34ee3b4a67a89a58290721e0bddc
1720,,sprites/DefineSprite_1720/93.png,18,17,6,True,260,cef88b9582c1e62674b5b48a339f9efd95cd34ee3b4a67a89a58290721e0bddc
1720,,sprites/DefineSprite_1720/94.png,18,17,6,True,260,cef88b9582c1e62674b5b48a339f9efd95cd34ee3b4a67a89a58290721e0bddc
1720,,sprites/DefineSprite_1720/95.png,18,17,6,True,260,cef88b9582c1e62674b5b48a339f9efd95cd34ee3b4a67a89a58290721e0bddc
1720,,sprites/DefineSprite_1720/96.png,18,17,6,True,260,cef88b9582c1e62674b5b48a339f9efd95cd34ee3b4a67a89a58290721e0bddc
1720,,sprites/DefineSprite_1720/97.png,18,17,6,True,260,cef88b9582c1e62674b5b48a339f9efd95cd34ee3b4a67a89a58290721e0bddc
1720,,sprites/DefineSprite_1720/98.png,18,17,6,True,260,cef88b9582c1e62674b5b48a339f9efd95cd34ee3b4a67a89a58290721e0bddc
1720,,sprites/DefineSprite_1720/99.png,18,17,6,True,260,cef88b9582c1e62674b5b48a339f9efd95cd34ee3b4a67a89a58290721e0bddc
1723,,sprites/DefineSprite_1723/1.png,26,26,6,True,263,276676fa517134ee94e61fbbf0eab0e90749c20d550f21d77a383470f8e31632
1723,,sprites/DefineSprite_1723/10.png,26,26,6,True,263,276676fa517134ee94e61fbbf0eab0e90749c20d550f21d77a383470f8e31632
1723,,sprites/DefineSprite_1723/11.png,26,26,6,True,334,db24436a994c39be33a2d5d3dc22f8cf8752e9ee8c9f6825c1acc0f615e387ee
1723,,sprites/DefineSprite_1723/12.png,26,26,6,True,334,db24436a994c39be33a2d5d3dc22f8cf8752e9ee8c9f6825c1acc0f615e387ee
1723,,sprites/DefineSprite_1723/13.png,26,26,6,True,334,db24436a994c39be33a2d5d3dc22f8cf8752e9ee8c9f6825c1acc0f615e387ee
1723,,sprites/DefineSprite_1723/14.png,26,26,6,True,334,db24436a994c39be33a2d5d3dc22f8cf8752e9ee8c9f6825c1acc0f615e387ee
1723,,sprites/DefineSprite_1723/15.png,26,26,6,True,334,db24436a994c39be33a2d5d3dc22f8cf8752e9ee8c9f6825c1acc0f615e387ee
1723,,sprites/DefineSprite_1723/16.png,26,26,6,True,334,db24436a994c39be33a2d5d3dc22f8cf8752e9ee8c9f6825c1acc0f615e387ee
1723,,sprites/DefineSprite_1723/17.png,26,26,6,True,334,db24436a994c39be33a2d5d3dc22f8cf8752e9ee8c9f6825c1acc0f615e387ee
1723,,sprites/DefineSprite_1723/18.png,26,26,6,True,334,db24436a994c39be33a2d5d3dc22f8cf8752e9ee8c9f6825c1acc0f615e387ee
1723,,sprites/DefineSprite_1723/19.png,26,26,6,True,334,db24436a994c39be33a2d5d3dc22f8cf8752e9ee8c9f6825c1acc0f615e387ee
1723,,sprites/DefineSprite_1723/2.png,26,26,6,True,263,276676fa517134ee94e61fbbf0eab0e90749c20d550f21d77a383470f8e31632
1723,,sprites/DefineSprite_1723/20.png,26,26,6,True,334,db24436a994c39be33a2d5d3dc22f8cf8752e9ee8c9f6825c1acc0f615e387ee
1723,,sprites/DefineSprite_1723/3.png,26,26,6,True,263,276676fa517134ee94e61fbbf0eab0e90749c20d550f21d77a383470f8e31632
1723,,sprites/DefineSprite_1723/4.png,26,26,6,True,263,276676fa517134ee94e61fbbf0eab0e90749c20d550f21d77a383470f8e31632
1723,,sprites/DefineSprite_1723/5.png,26,26,6,True,263,276676fa517134ee94e61fbbf0eab0e90749c20d550f21d77a383470f8e31632
1723,,sprites/DefineSprite_1723/6.png,26,26,6,True,263,276676fa517134ee94e61fbbf0eab0e90749c20d550f21d77a383470f8e31632
1723,,sprites/DefineSprite_1723/7.png,26,26,6,True,263,276676fa517134ee94e61fbbf0eab0e90749c20d550f21d77a383470f8e31632
1723,,sprites/DefineSprite_1723/8.png,26,26,6,True,263,276676fa517134ee94e61fbbf0eab0e90749c20d550f21d77a383470f8e31632
1723,,sprites/DefineSprite_1723/9.png,26,26,6,True,263,276676fa517134ee94e61fbbf0eab0e90749c20d550f21d77a383470f8e31632
1724,,sprites/DefineSprite_1724/1.png,34,40,6,True,581,a50c69346a673e12da960686e36730e0219db41e451bc04950a191eb0d8f1976
1725,treasureChest,sprites/DefineSprite_1725_treasureChest/1.png,62,82,6,True,657,0be9eddfa9562ecbb6e0b720b4f69a727fc4fd95f57d5599e24d613f5899f6f5
1725,treasureChest,sprites/DefineSprite_1725_treasureChest/10.png,62,82,6,True,1051,85718666e928574b9dc9feb60125457febcb15460ab2948bf8104c914ddc4e4c
1725,treasureChest,sprites/DefineSprite_1725_treasureChest/11.png,62,82,6,True,1051,85718666e928574b9dc9feb60125457febcb15460ab2948bf8104c914ddc4e4c
1725,treasureChest,sprites/DefineSprite_1725_treasureChest/12.png,62,82,6,True,1052,d98018b996959dea82c299e805b00957fb76ec1d1b1d4bf67c1093d827854600
1725,treasureChest,sprites/DefineSprite_1725_treasureChest/13.png,62,82,6,True,1052,d98018b996959dea82c299e805b00957fb76ec1d1b1d4bf67c1093d827854600
1725,treasureChest,sprites/DefineSprite_1725_treasureChest/14.png,62,82,6,True,1051,85718666e928574b9dc9feb60125457febcb15460ab2948bf8104c914ddc4e4c
1725,treasureChest,sprites/DefineSprite_1725_treasureChest/15.png,62,82,6,True,1051,85718666e928574b9dc9feb60125457febcb15460ab2948bf8104c914ddc4e4c
1725,treasureChest,sprites/DefineSprite_1725_treasureChest/16.png,62,82,6,True,1052,d98018b996959dea82c299e805b00957fb76ec1d1b1d4bf67c1093d827854600
1725,treasureChest,sprites/DefineSprite_1725_treasureChest/17.png,62,82,6,True,1052,d98018b996959dea82c299e805b00957fb76ec1d1b1d4bf67c1093d827854600
1725,treasureChest,sprites/DefineSprite_1725_treasureChest/18.png,62,82,6,True,1051,85718666e928574b9dc9feb60125457febcb15460ab2948bf8104c914ddc4e4c
1725,treasureChest,sprites/DefineSprite_1725_treasureChest/19.png,62,82,6,True,1051,85718666e928574b9dc9feb60125457febcb15460ab2948bf8104c914ddc4e4c
1725,treasureChest,sprites/DefineSprite_1725_treasureChest/2.png,62,82,6,True,657,0be9eddfa9562ecbb6e0b720b4f69a727fc4fd95f57d5599e24d613f5899f6f5
1725,treasureChest,sprites/DefineSprite_1725_treasureChest/20.png,62,82,6,True,1112,dbe267df7c69bf5aa77c867364c3a2552cc22388cfce89211f93a98fcc137172
1725,treasureChest,sprites/DefineSprite_1725_treasureChest/21.png,62,82,6,True,1078,19c3c36e867cbc68879aa98bb6fab8b8a218d9bb693bf311ee2cd364d8374564
1725,treasureChest,sprites/DefineSprite_1725_treasureChest/22.png,62,82,6,True,1049,44db70a035afafcc7d418b972d3648b6d8669c2356074770af86cb9b6d237b9f
1725,treasureChest,sprites/DefineSprite_1725_treasureChest/23.png,62,82,6,True,1029,2326b90140e3c4e13f63d16511f80b40dfaf3bae06a531ef72fdc3a941f3dca8
1725,treasureChest,sprites/DefineSprite_1725_treasureChest/24.png,62,82,6,True,1002,b061539d1b73953867a57336b7532397ec3a1de19e7962141effb513505ef082
1725,treasureChest,sprites/DefineSprite_1725_treasureChest/25.png,62,82,6,True,989,e99772fa52643a73d85be8ae2f50d8267e320bd952a892f194126e75cc160c77
1725,treasureChest,sprites/DefineSprite_1725_treasureChest/26.png,62,82,6,True,990,1f6675d0c08fa707264cecd9ae210e3a1df6b78043b20bea1518c7a5afbe8b1a
1725,treasureChest,sprites/DefineSprite_1725_treasureChest/27.png,62,82,6,True,953,77ce732200ee70a2c8c33e94e64b7b4006e421e5e6da19d3b2c459ec4cfb6b92
1725,treasureChest,sprites/DefineSprite_1725_treasureChest/28.png,62,82,6,True,944,2bc9587495c3f570692e9030b318ebb393cb794e16200deac8be7d508bec851a
1725,treasureChest,sprites/DefineSprite_1725_treasureChest/29.png,62,82,6,True,914,80912fe88c637e87d9cd22e0d61c56c6262d8c5ef6ec6a98834137a7d850e6f6
1725,treasureChest,sprites/DefineSprite_1725_treasureChest/3.png,62,82,6,True,657,0be9eddfa9562ecbb6e0b720b4f69a727fc4fd95f57d5599e24d613f5899f6f5
1725,treasureChest,sprites/DefineSprite_1725_treasureChest/30.png,62,82,6,True,780,02798d4fd6348d9b36077830a309f19981d0e55b5d9256b61b9189b32b4754e0
1725,treasureChest,sprites/DefineSprite_1725_treasureChest/31.png,62,82,6,True,780,1b341f79905ed27138db9b75a893fb098491a03c304616ecd1f2443b3df567a7
1725,treasureChest,sprites/DefineSprite_1725_treasureChest/32.png,62,82,6,True,759,5bffdc198474f0d1d58575c36ee259348e2d134113291d5dc29fdfa146074405
1725,treasureChest,sprites/DefineSprite_1725_treasureChest/33.png,62,82,6,True,759,5bffdc198474f0d1d58575c36ee259348e2d134113291d5dc29fdfa146074405
1725,treasureChest,sprites/DefineSprite_1725_treasureChest/34.png,62,82,6,True,689,603d3e8108338947044d716a89aa2480a53101e522472df5cb6d95c233236191
1725,treasureChest,sprites/DefineSprite_1725_treasureChest/35.png,62,82,6,True,1744,bc95fe57497859a3d5c49ab9de569233f06bd637f65fc4d7de9eec080096a642
1725,treasureChest,sprites/DefineSprite_1725_treasureChest/36.png,62,82,6,True,1460,b313147c2774486f895b3d32193038e3c6be884aac85ba8b1f484ecd94930152
1725,treasureChest,sprites/DefineSprite_1725_treasureChest/37.png,62,82,6,True,1291,d9e58d789b51fedfc1e6af1303939ccc8ac438432214b96d2ce640a52f6bb6ae
1725,treasureChest,sprites/DefineSprite_1725_treasureChest/38.png,62,82,6,True,1076,b1d160a865ead3757ce3dfb1c48dc5983c22649e840c665534aa64a7312c45ab
1725,treasureChest,sprites/DefineSprite_1725_treasureChest/39.png,62,82,6,True,842,0bbdc1555aafa699e75f05584595a667020157599a75799a7ebe9528dbfdd30b
1725,treasureChest,sprites/DefineSprite_1725_treasureChest/4.png,62,82,6,True,657,0be9eddfa9562ecbb6e0b720b4f69a727fc4fd95f57d5599e24d613f5899f6f5
1725,treasureChest,sprites/DefineSprite_1725_treasureChest/40.png,62,82,6,True,818,e6743198e959cd685bc14a78604ad92a677a66bbadaa573c8d5b91d5dd0cb476
1725,treasureChest,sprites/DefineSprite_1725_treasureChest/41.png,62,82,6,True,751,8f4c061de966700663bf64653e10f664dc0527de7609c5eb65a9c026aae9bd28
1725,treasureChest,sprites/DefineSprite_1725_treasureChest/42.png,62,82,6,True,648,109971fc7b6998045ebe55ae92825190c98348cd4286ed0a4c73ace093332d12
1725,treasureChest,sprites/DefineSprite_1725_treasureChest/43.png,62,82,6,True,1796,81fd8099fabbf60689edcfbc7978f45aa8924bb6ca491e17ae0f881147e82451
1725,treasureChest,sprites/DefineSprite_1725_treasureChest/44.png,62,82,6,True,641,824b1bead31dac7e4dd658a25eb080ad02e52285afc84e2c951eb992408f02bd
1725,treasureChest,sprites/DefineSprite_1725_treasureChest/45.png,62,82,6,True,674,f53ddcc376c9aed7dae0e6d0a641ad67a52aa47ebf0476d981ba6f3af8643c45
1725,treasureChest,sprites/DefineSprite_1725_treasureChest/46.png,62,82,6,True,620,a5b3bb8396fa8851c32cc8e6f31c8a70e663c8d7f9d24dafa39545c2bdd71767
1725,treasureChest,sprites/DefineSprite_1725_treasureChest/47.png,62,82,6,True,635,059a6534b6b9c407260d541996cf1cc354d5c86014b03decf67df0762f299cfd
1725,treasureChest,sprites/DefineSprite_1725_treasureChest/48.png,62,82,6,True,712,b8e64ac5dc2a5d5ee93414512faa77e5c779943dc1005ac435ba56dca2aedd80
1725,treasureChest,sprites/DefineSprite_1725_treasureChest/49.png,62,82,6,True,763,582caade45c4bf984fe69b96ded6c7967c1a09b9c4f7257d533ff2d13cc45ebf
1725,treasureChest,sprites/DefineSprite_1725_treasureChest/5.png,62,82,6,True,657,0be9eddfa9562ecbb6e0b720b4f69a727fc4fd95f57d5599e24d613f5899f6f5
1725,treasureChest,sprites/DefineSprite_1725_treasureChest/50.png,62,82,6,True,777,a4603cdb034e05a7d881f825a4a9a8a797e28f2fd5ae303b6e18c5d36cd463e6
1725,treasureChest,sprites/DefineSprite_1725_treasureChest/51.png,62,82,6,True,794,c7bbaac30d9d09dcd119648b5d017b9c85ca8ab4eb5ad8ec0a791475b52ba895
1725,treasureChest,sprites/DefineSprite_1725_treasureChest/52.png,62,82,6,True,819,58b581b9c13f7de30d49e730b94237da887b10458ddf3695f08af7a6d511e472
1725,treasureChest,sprites/DefineSprite_1725_treasureChest/53.png,62,82,6,True,819,11b471cae75ef541d9caf35600b24fbf7003197b606949e055b4491ef7956ee3
1725,treasureChest,sprites/DefineSprite_1725_treasureChest/54.png,62,82,6,True,885,d73b1727059caee5c6852a6c1e7ea697f3ee38c4a5882c904ef63cd93025e3ba
1725,treasureChest,sprites/DefineSprite_1725_treasureChest/55.png,62,82,6,True,885,d73b1727059caee5c6852a6c1e7ea697f3ee38c4a5882c904ef63cd93025e3ba
1725,treasureChest,sprites/DefineSprite_1725_treasureChest/56.png,62,82,6,True,885,d73b1727059caee5c6852a6c1e7ea697f3ee38c4a5882c904ef63cd93025e3ba
1725,treasureChest,sprites/DefineSprite_1725_treasureChest/57.png,62,82,6,True,885,d73b1727059caee5c6852a6c1e7ea697f3ee38c4a5882c904ef63cd93025e3ba
1725,treasureChest,sprites/DefineSprite_1725_treasureChest/58.png,62,82,6,True,885,d73b1727059caee5c6852a6c1e7ea697f3ee38c4a5882c904ef63cd93025e3ba
1725,treasureChest,sprites/DefineSprite_1725_treasureChest/59.png,62,82,6,True,885,d73b1727059caee5c6852a6c1e7ea697f3ee38c4a5882c904ef63cd93025e3ba
1725,treasureChest,sprites/DefineSprite_1725_treasureChest/6.png,62,82,6,True,657,0be9eddfa9562ecbb6e0b720b4f69a727fc4fd95f57d5599e24d613f5899f6f5
1725,treasureChest,sprites/DefineSprite_1725_treasureChest/60.png,62,82,6,True,885,d73b1727059caee5c6852a6c1e7ea697f3ee38c4a5882c904ef63cd93025e3ba
1725,treasureChest,sprites/DefineSprite_1725_treasureChest/61.png,62,82,6,True,885,d73b1727059caee5c6852a6c1e7ea697f3ee38c4a5882c904ef63cd93025e3ba
1725,treasureChest,sprites/DefineSprite_1725_treasureChest/62.png,62,82,6,True,885,d73b1727059caee5c6852a6c1e7ea697f3ee38c4a5882c904ef63cd93025e3ba
1725,treasureChest,sprites/DefineSprite_1725_treasureChest/63.png,62,82,6,True,885,d73b1727059caee5c6852a6c1e7ea697f3ee38c4a5882c904ef63cd93025e3ba
1725,treasureChest,sprites/DefineSprite_1725_treasureChest/64.png,62,82,6,True,900,8eb9897564acd842f0d387fe501db2c499961a84806c00c8f478419c9dda2c06
1725,treasureChest,sprites/DefineSprite_1725_treasureChest/65.png,62,82,6,True,900,8eb9897564acd842f0d387fe501db2c499961a84806c00c8f478419c9dda2c06
1725,treasureChest,sprites/DefineSprite_1725_treasureChest/66.png,62,82,6,True,900,8eb9897564acd842f0d387fe501db2c499961a84806c00c8f478419c9dda2c06
1725,treasureChest,sprites/DefineSprite_1725_treasureChest/67.png,62,82,6,True,900,8eb9897564acd842f0d387fe501db2c499961a84806c00c8f478419c9dda2c06
1725,treasureChest,sprites/DefineSprite_1725_treasureChest/68.png,62,82,6,True,900,8eb9897564acd842f0d387fe501db2c499961a84806c00c8f478419c9dda2c06
1725,treasureChest,sprites/DefineSprite_1725_treasureChest/69.png,62,82,6,True,1163,c6c03fde142503ac863b5312b4ced9b0b3c9a4ec8902bf36b71cf4f83eccacb2
1725,treasureChest,sprites/DefineSprite_1725_treasureChest/7.png,62,82,6,True,657,0be9eddfa9562ecbb6e0b720b4f69a727fc4fd95f57d5599e24d613f5899f6f5
1725,treasureChest,sprites/DefineSprite_1725_treasureChest/70.png,62,82,6,True,1135,57e9a9b88095fb9baa30e51fd1936cd3140f8166f2e19dd7d30e02121c51aa86
1725,treasureChest,sprites/DefineSprite_1725_treasureChest/71.png,62,82,6,True,1122,710b047d8278374927c62ac21129452cd319caaddf9f269e7c47e6b6fd239d42
1725,treasureChest,sprites/DefineSprite_1725_treasureChest/72.png,62,82,6,True,1113,d49322a8504acfa9f8ccc5f60ff015b34dda5733afe8ff48f8e5b671914d6590
1725,treasureChest,sprites/DefineSprite_1725_treasureChest/73.png,62,82,6,True,1082,98bcb053981cae8e0c0fbc89eb25ed6e1db467c2dd812f26b326eb4e103d44ca
1725,treasureChest,sprites/DefineSprite_1725_treasureChest/74.png,62,82,6,True,974,890beb3d4ef11a71f5864e67256a6a6c544eb6a5bcdcaf8e382e509e9437dedf
1725,treasureChest,sprites/DefineSprite_1725_treasureChest/75.png,62,82,6,True,803,858b7dd76c9aa1ed331c9cab2c767c8a134ec03aa8661e7774be8a067c0776a1
1725,treasureChest,sprites/DefineSprite_1725_treasureChest/76.png,62,82,6,True,815,59a45e78ae63bf1f43fab0b1241f09b0bf0a0ee9a9c764b2d5883cc117063a8b
1725,treasureChest,sprites/DefineSprite_1725_treasureChest/77.png,62,82,6,True,815,77798bd1fbc332ca3481e438eb77bc69e4ec76560ad23cd914675624bb4d85c0
1725,treasureChest,sprites/DefineSprite_1725_treasureChest/78.png,62,82,6,True,814,11aaca3233e0daaeb2d17b5525b5d65bd5747048fe74788ef26a605e3f8c9766
1725,treasureChest,sprites/DefineSprite_1725_treasureChest/79.png,62,82,6,True,814,efbc521aec47800ea5a534cb5891d36c5f5010a71dd403386d04211fedecb378
1725,treasureChest,sprites/DefineSprite_1725_treasureChest/8.png,62,82,6,True,657,0be9eddfa9562ecbb6e0b720b4f69a727fc4fd95f57d5599e24d613f5899f6f5
1725,treasureChest,sprites/DefineSprite_1725_treasureChest/80.png,62,82,6,True,648,109971fc7b6998045ebe55ae92825190c98348cd4286ed0a4c73ace093332d12
1725,treasureChest,sprites/DefineSprite_1725_treasureChest/81.png,62,82,6,True,648,109971fc7b6998045ebe55ae92825190c98348cd4286ed0a4c73ace093332d12
1725,treasureChest,sprites/DefineSprite_1725_treasureChest/82.png,62,82,6,True,645,4c292e0ad2f41bea8c72c6bad4784969dfc9d5bee264af8d05465801da6f1d01
1725,treasureChest,sprites/DefineSprite_1725_treasureChest/83.png,62,82,6,True,632,e4e0be814fb7cf70164d491481bb71db67c993a08ec861ff6af4d5a784b9d5ce
1725,treasureChest,sprites/DefineSprite_1725_treasureChest/84.png,62,82,6,True,624,423af409d3f60df7d0253fd126f5125c5bcffafa66c25feb6e558fc5b57e84a1
1725,treasureChest,sprites/DefineSprite_1725_treasureChest/85.png,62,82,6,True,599,b35e4be11272bae0dc0a7073f2377381bdc3b9f557b6368a48056264eb90a216
1725,treasureChest,sprites/DefineSprite_1725_treasureChest/86.png,62,82,6,True,295,0e840f875dfe3b33de91ad24180a474c36fcd579a5dfd87010d07e2e166c8163
1725,treasureChest,sprites/DefineSprite_1725_treasureChest/87.png,62,82,6,True,313,8e75beb43b4ff6afaaf87cd4ac59e28143b081f02de20cb131c3616d5040da0d
1725,treasureChest,sprites/DefineSprite_1725_treasureChest/88.png,62,82,6,True,312,113eac41c2a8348f0a175547dde957e6802cdb8536563ecf8e8a9e42804cbca5
1725,treasureChest,sprites/DefineSprite_1725_treasureChest/89.png,62,82,6,True,313,7053fcd5d4ad8f3e0bf6b82438ac2fa2301b93ea1b24a30ab47b2eac10f1f4d6
1725,treasureChest,sprites/DefineSprite_1725_treasureChest/9.png,62,82,6,True,657,0be9eddfa9562ecbb6e0b720b4f69a727fc4fd95f57d5599e24d613f5899f6f5
1725,treasureChest,sprites/DefineSprite_1725_treasureChest/90.png,62,82,6,True,100,a21dea78eb3daf00c3933f0e192be05fec5a8ce5c906c55cafdf8146151a1492
175,,sprites/DefineSprite_175/1.png,1634,171,6,True,5482,a876e030ace36ae38c147c1fafff8513a55e06afc2a386868ffb6fcc5891f9f3
178,,sprites/DefineSprite_178/1.png,1641,291,6,True,27811,9b6aa79337274c4a60c39411e7da3d3d50e8b6bc8d7c948ad3b32d01dd644b5f
1780,splash,sprites/DefineSprite_1780_splash/1.png,48,44,6,True,211,ffd8addfe3852816a04ae5a20dd2c8d28979ef6f068827c93dcaffd72bbb5b8c
1780,splash,sprites/DefineSprite_1780_splash/10.png,48,44,6,True,543,d81e428ad7810ba404de1e1736ac6c483b2bf104dfd601be7d11db4adfed4555
1780,splash,sprites/DefineSprite_1780_splash/11.png,48,44,6,True,683,b8e9f1920aadad196529e7e6e154387b8fcf34588582ae8b42470dd0db842fbb
1780,splash,sprites/DefineSprite_1780_splash/12.png,48,44,6,True,683,b8e9f1920aadad196529e7e6e154387b8fcf34588582ae8b42470dd0db842fbb
1780,splash,sprites/DefineSprite_1780_splash/13.png,48,44,6,True,571,e27c464bf098a2b759c20bc2f839417aebfee084cc978a4839b1beee82951d00
1780,splash,sprites/DefineSprite_1780_splash/14.png,48,44,6,True,571,e27c464bf098a2b759c20bc2f839417aebfee084cc978a4839b1beee82951d00
1780,splash,sprites/DefineSprite_1780_splash/15.png,48,44,6,True,324,240ffa55b6dd459583cc8c7e0d33b1d105a5d9ecb0b32a11f41b87a3f21b6aa4
1780,splash,sprites/DefineSprite_1780_splash/16.png,48,44,6,True,324,240ffa55b6dd459583cc8c7e0d33b1d105a5d9ecb0b32a11f41b87a3f21b6aa4
1780,splash,sprites/DefineSprite_1780_splash/17.png,48,44,6,True,217,741f66d271f5fb2466ba5a5c2df7d54c7736b71f1ca8a24b84ce65aa5cdd4134
1780,splash,sprites/DefineSprite_1780_splash/18.png,48,44,6,True,217,741f66d271f5fb2466ba5a5c2df7d54c7736b71f1ca8a24b84ce65aa5cdd4134
1780,splash,sprites/DefineSprite_1780_splash/19.png,48,44,6,True,87,39279123259d6c675647e34998a6fb1bca1dd3bfd9ebd67c7a1efa01367eccda
1780,splash,sprites/DefineSprite_1780_splash/2.png,48,44,6,True,211,ffd8addfe3852816a04ae5a20dd2c8d28979ef6f068827c93dcaffd72bbb5b8c
1780,splash,sprites/DefineSprite_1780_splash/20.png,48,44,6,True,87,39279123259d6c675647e34998a6fb1bca1dd3bfd9ebd67c7a1efa01367eccda
1780,splash,sprites/DefineSprite_1780_splash/21.png,48,44,6,True,87,39279123259d6c675647e34998a6fb1bca1dd3bfd9ebd67c7a1efa01367eccda
1780,splash,sprites/DefineSprite_1780_splash/22.png,48,44,6,True,87,39279123259d6c675647e34998a6fb1bca1dd3bfd9ebd67c7a1efa01367eccda
1780,splash,sprites/DefineSprite_1780_splash/23.png,48,44,6,True,87,39279123259d6c675647e34998a6fb1bca1dd3bfd9ebd67c7a1efa01367eccda
1780,splash,sprites/DefineSprite_1780_splash/24.png,48,44,6,True,87,39279123259d6c675647e34998a6fb1bca1dd3bfd9ebd67c7a1efa01367eccda
1780,splash,sprites/DefineSprite_1780_splash/25.png,48,44,6,True,206,0671129d719b28d806169eda4f62e0162234fbe72b5efca2e8bc1e8f45183d5a
1780,splash,sprites/DefineSprite_1780_splash/26.png,48,44,6,True,206,0671129d719b28d806169eda4f62e0162234fbe72b5efca2e8bc1e8f45183d5a
1780,splash,sprites/DefineSprite_1780_splash/27.png,48,44,6,True,189,39dad9129ad09ad898e834273e0c4d67fdddc8055c17e7abcabaad4ab9beef3b
1780,splash,sprites/DefineSprite_1780_splash/28.png,48,44,6,True,189,39dad9129ad09ad898e834273e0c4d67fdddc8055c17e7abcabaad4ab9beef3b
1780,splash,sprites/DefineSprite_1780_splash/29.png,48,44,6,True,205,3a92b77e9b5c956776ddeac6908e2b48b56bc247dc506a8bdbba69838b43fec7
1780,splash,sprites/DefineSprite_1780_splash/3.png,48,44,6,True,194,3af0567d48c9b1fa9a591d8a56ec347e01d66d064612b082bcbe35acc2e08dd5
1780,splash,sprites/DefineSprite_1780_splash/30.png,48,44,6,True,205,3a92b77e9b5c956776ddeac6908e2b48b56bc247dc506a8bdbba69838b43fec7
1780,splash,sprites/DefineSprite_1780_splash/31.png,48,44,6,True,339,76bb696f98ae62e1eebdaf07e5ee9921d8ddf7a29c5db6d4e76aed5630689772
1780,splash,sprites/DefineSprite_1780_splash/32.png,48,44,6,True,339,76bb696f98ae62e1eebdaf07e5ee9921d8ddf7a29c5db6d4e76aed5630689772
1780,splash,sprites/DefineSprite_1780_splash/33.png,48,44,6,True,536,984b6f1a5ba09422c596e1fff14817219830c8a0add919978e8d334f343d7a36
1780,splash,sprites/DefineSprite_1780_splash/34.png,48,44,6,True,536,984b6f1a5ba09422c596e1fff14817219830c8a0add919978e8d334f343d7a36
1780,splash,sprites/DefineSprite_1780_splash/35.png,48,44,6,True,678,9f74bb171c2dbd53d2321e8ef679459771341710bc662f81746a81c0c84acd27
1780,splash,sprites/DefineSprite_1780_splash/36.png,48,44,6,True,678,9f74bb171c2dbd53d2321e8ef679459771341710bc662f81746a81c0c84acd27
1780,splash,sprites/DefineSprite_1780_splash/37.png,48,44,6,True,564,39fd6bf1bedb78fb9eb09edddaa434e2fc03d2fbe5ee5e227dc6763a9bfbf030
1780,splash,sprites/DefineSprite_1780_splash/38.png,48,44,6,True,564,39fd6bf1bedb78fb9eb09edddaa434e2fc03d2fbe5ee5e227dc6763a9bfbf030
1780,splash,sprites/DefineSprite_1780_splash/39.png,48,44,6,True,317,70b28feef97e66b58fe8e83da1ac8ac7db9c305b74f95cc6a6a4a99d399adb20
1780,splash,sprites/DefineSprite_1780_splash/4.png,48,44,6,True,194,3af0567d48c9b1fa9a591d8a56ec347e01d66d064612b082bcbe35acc2e08dd5
1780,splash,sprites/DefineSprite_1780_splash/40.png,48,44,6,True,317,70b28feef97e66b58fe8e83da1ac8ac7db9c305b74f95cc6a6a4a99d399adb20
1780,splash,sprites/DefineSprite_1780_splash/41.png,48,44,6,True,211,cacb4cf519a563b595a5cb3ac3c38ab061d7fbacc09010555d3ea1d475489243
1780,splash,sprites/DefineSprite_1780_splash/42.png,48,44,6,True,211,cacb4cf519a563b595a5cb3ac3c38ab061d7fbacc09010555d3ea1d475489243
1780,splash,sprites/DefineSprite_1780_splash/43.png,48,44,6,True,87,39279123259d6c675647e34998a6fb1bca1dd3bfd9ebd67c7a1efa01367eccda
1780,splash,sprites/DefineSprite_1780_splash/44.png,48,44,6,True,87,39279123259d6c675647e34998a6fb1bca1dd3bfd9ebd67c7a1efa01367eccda
1780,splash,sprites/DefineSprite_1780_splash/45.png,48,44,6,True,87,39279123259d6c675647e34998a6fb1bca1dd3bfd9ebd67c7a1efa01367eccda
1780,splash,sprites/DefineSprite_1780_splash/46.png,48,44,6,True,87,39279123259d6c675647e34998a6fb1bca1dd3bfd9ebd67c7a1efa01367eccda
1780,splash,sprites/DefineSprite_1780_splash/47.png,48,44,6,True,87,39279123259d6c675647e34998a6fb1bca1dd3bfd9ebd67c7a1efa01367eccda
1780,splash,sprites/DefineSprite_1780_splash/48.png,48,44,6,True,87,39279123259d6c675647e34998a6fb1bca1dd3bfd9ebd67c7a1efa01367eccda
1780,splash,sprites/DefineSprite_1780_splash/49.png,48,44,6,True,214,e8d40226a2592fbd5a83aa877267e6beacb06c91d24a4477ad5917826d208e6f
1780,splash,sprites/DefineSprite_1780_splash/5.png,48,44,6,True,211,64cf75056750ea1ad1f3384148c016a842e3942b323e1e1ed8f2c26fbce6b272
1780,splash,sprites/DefineSprite_1780_splash/50.png,48,44,6,True,214,e8d40226a2592fbd5a83aa877267e6beacb06c91d24a4477ad5917826d208e6f
1780,splash,sprites/DefineSprite_1780_splash/51.png,48,44,6,True,197,e26186b6bf962373291191d5fcc0ae4d031a93f183faae65eb7295ff9eb97683
1780,splash,sprites/DefineSprite_1780_splash/52.png,48,44,6,True,197,e26186b6bf962373291191d5fcc0ae4d031a93f183faae65eb7295ff9eb97683
1780,splash,sprites/DefineSprite_1780_splash/53.png,48,44,6,True,213,ed6338b9e0c60a6fcce669c8455074e172c984627f4bb1f9c7fcc81a4f3e319a
1780,splash,sprites/DefineSprite_1780_splash/54.png,48,44,6,True,213,ed6338b9e0c60a6fcce669c8455074e172c984627f4bb1f9c7fcc81a4f3e319a
1780,splash,sprites/DefineSprite_1780_splash/55.png,48,44,6,True,344,cdc172b072738a0aa8071f4a685acdd35499b4945e1936e730fd30253825a447
1780,splash,sprites/DefineSprite_1780_splash/56.png,48,44,6,True,344,cdc172b072738a0aa8071f4a685acdd35499b4945e1936e730fd30253825a447
1780,splash,sprites/DefineSprite_1780_splash/57.png,48,44,6,True,530,babb07dc0ce4bcaf6168a4d58796907fb116dff592f238a06b452c52b2631c50
1780,splash,sprites/DefineSprite_1780_splash/58.png,48,44,6,True,530,babb07dc0ce4bcaf6168a4d58796907fb116dff592f238a06b452c52b2631c50
1780,splash,sprites/DefineSprite_1780_splash/59.png,48,44,6,True,669,2e19609d1facaa9cf3ae0f5ea0a3a8303242225ab4fa73214060cd15502ad4e4
1780,splash,sprites/DefineSprite_1780_splash/6.png,48,44,6,True,211,64cf75056750ea1ad1f3384148c016a842e3942b323e1e1ed8f2c26fbce6b272
1780,splash,sprites/DefineSprite_1780_splash/60.png,48,44,6,True,669,2e19609d1facaa9cf3ae0f5ea0a3a8303242225ab4fa73214060cd15502ad4e4
1780,splash,sprites/DefineSprite_1780_splash/61.png,48,44,6,True,564,bda836fda97a97aedae83bdef5fa099305634ada36ccb3053e1f664286c4120f
1780,splash,sprites/DefineSprite_1780_splash/62.png,48,44,6,True,564,bda836fda97a97aedae83bdef5fa099305634ada36ccb3053e1f664286c4120f
1780,splash,sprites/DefineSprite_1780_splash/63.png,48,44,6,True,317,741b9577a663bb8a999547fb78e79b96b4aec3dcbcf19832191d908604463cdb
1780,splash,sprites/DefineSprite_1780_splash/64.png,48,44,6,True,317,741b9577a663bb8a999547fb78e79b96b4aec3dcbcf19832191d908604463cdb
1780,splash,sprites/DefineSprite_1780_splash/65.png,48,44,6,True,215,fd271bc4a1ca86e72e4f34afd238427ed1113193f3465fc1e3ec54d836aad570
1780,splash,sprites/DefineSprite_1780_splash/66.png,48,44,6,True,215,fd271bc4a1ca86e72e4f34afd238427ed1113193f3465fc1e3ec54d836aad570
1780,splash,sprites/DefineSprite_1780_splash/67.png,48,44,6,True,87,39279123259d6c675647e34998a6fb1bca1dd3bfd9ebd67c7a1efa01367eccda
1780,splash,sprites/DefineSprite_1780_splash/68.png,48,44,6,True,87,39279123259d6c675647e34998a6fb1bca1dd3bfd9ebd67c7a1efa01367eccda
1780,splash,sprites/DefineSprite_1780_splash/69.png,48,44,6,True,87,39279123259d6c675647e34998a6fb1bca1dd3bfd9ebd67c7a1efa01367eccda
1780,splash,sprites/DefineSprite_1780_splash/7.png,48,44,6,True,346,ba9dff80a4f0e794078edb1e474a1087aa4eb78b19e8371c592c614058ec703e
1780,splash,sprites/DefineSprite_1780_splash/70.png,48,44,6,True,87,39279123259d6c675647e34998a6fb1bca1dd3bfd9ebd67c7a1efa01367eccda
1780,splash,sprites/DefineSprite_1780_splash/71.png,48,44,6,True,87,39279123259d6c675647e34998a6fb1bca1dd3bfd9ebd67c7a1efa01367eccda
1780,splash,sprites/DefineSprite_1780_splash/72.png,48,44,6,True,87,39279123259d6c675647e34998a6fb1bca1dd3bfd9ebd67c7a1efa01367eccda
1780,splash,sprites/DefineSprite_1780_splash/8.png,48,44,6,True,346,ba9dff80a4f0e794078edb1e474a1087aa4eb78b19e8371c592c614058ec703e
1780,splash,sprites/DefineSprite_1780_splash/9.png,48,44,6,True,543,d81e428ad7810ba404de1e1736ac6c483b2bf104dfd601be7d11db4adfed4555
1785,explosion,sprites/DefineSprite_1785_explosion/1.png,100,100,6,True,1502,b20467ed4d8097ea408c2a52e118e7af647fab76b8e9ee94057d5fb514b47e32
1785,explosion,sprites/DefineSprite_1785_explosion/2.png,100,100,6,True,1663,65104a39af03e1d6240e5f64268c6a2340f18f73aa8283a7bcfadc3be80e7f6c
1785,explosion,sprites/DefineSprite_1785_explosion/3.png,100,100,6,True,1850,e8515ac0d128d9b9d648003dbb0ffd659a83f73eacad79c35bb0f8e406a959d7
1785,explosion,sprites/DefineSprite_1785_explosion/4.png,100,100,6,True,2141,e6e38f9403922b68b13ce70607659aa8e71248f0177c7285d3ba1cf1879d33af
1785,explosion,sprites/DefineSprite_1785_explosion/5.png,100,100,6,True,2400,dfdee6d81817efe7debbd6f76bd1bffa4824abb41e5c698e6cfb8b5e48d7caa7
1785,explosion,sprites/DefineSprite_1785_explosion/6.png,100,100,6,True,2552,6c46be5386e8fc6f5b8fdd39e6d1c2048caae3d3f00562cf5cc71692870c5107
1785,explosion,sprites/DefineSprite_1785_explosion/7.png,100,100,6,True,2402,3b998ea2ebc353c6b334bef5e1065de077d75f309be404389229ca4f66519fed
1785,explosion,sprites/DefineSprite_1785_explosion/8.png,100,100,6,True,119,d2d1bd8a6bd339a9f175f992d402508f8b4744bea4d5829175d4267de7e7cba2
1806,,sprites/DefineSprite_1806/1.png,31,21,6,True,277,db20d0e3ca3123bdd41dda804a4e83f90260e4db45a91f7206afa7c8961cbc0e
1806,,sprites/DefineSprite_1806/2.png,31,21,6,True,269,f49e071cffb6af4d20f8d8380a4cd724685e0a922203d27672e87a9c91c5a802
1806,,sprites/DefineSprite_1806/3.png,31,21,6,True,277,db20d0e3ca3123bdd41dda804a4e83f90260e4db45a91f7206afa7c8961cbc0e
1806,,sprites/DefineSprite_1806/4.png,31,21,6,True,278,cec69b613497dcc2d887cb378550623aad40fe5a2e158bc131c3b5a97f10a06c
181,,sprites/DefineSprite_181/1.png,1847,189,6,True,6507,ce90faf64db92cceb9fffd52bd38c8b7bded39467dd18643300cebe84a733c43
1813,cursor,sprites/DefineSprite_1813_cursor/1.png,31,22,6,True,409,1a6aefb52d8fe3371820594fc0dcd9b4fdd4db26c6fbfa87e92db582b2e4cf07
1813,cursor,sprites/DefineSprite_1813_cursor/10.png,31,22,6,True,409,1a6aefb52d8fe3371820594fc0dcd9b4fdd4db26c6fbfa87e92db582b2e4cf07
1813,cursor,sprites/DefineSprite_1813_cursor/11.png,31,22,6,True,409,5ba32a8facd958e8ffc0aa1f70a1460405e81e2257655477f327bf0f9038a992
1813,cursor,sprites/DefineSprite_1813_cursor/12.png,31,22,6,True,409,5ba32a8facd958e8ffc0aa1f70a1460405e81e2257655477f327bf0f9038a992
1813,cursor,sprites/DefineSprite_1813_cursor/13.png,31,22,6,True,409,5ba32a8facd958e8ffc0aa1f70a1460405e81e2257655477f327bf0f9038a992
1813,cursor,sprites/DefineSprite_1813_cursor/14.png,31,22,6,True,409,5ba32a8facd958e8ffc0aa1f70a1460405e81e2257655477f327bf0f9038a992
1813,cursor,sprites/DefineSprite_1813_cursor/15.png,31,22,6,True,409,5ba32a8facd958e8ffc0aa1f70a1460405e81e2257655477f327bf0f9038a992
1813,cursor,sprites/DefineSprite_1813_cursor/16.png,31,22,6,True,409,5ba32a8facd958e8ffc0aa1f70a1460405e81e2257655477f327bf0f9038a992
1813,cursor,sprites/DefineSprite_1813_cursor/17.png,31,22,6,True,409,5ba32a8facd958e8ffc0aa1f70a1460405e81e2257655477f327bf0f9038a992
1813,cursor,sprites/DefineSprite_1813_cursor/18.png,31,22,6,True,409,5ba32a8facd958e8ffc0aa1f70a1460405e81e2257655477f327bf0f9038a992
1813,cursor,sprites/DefineSprite_1813_cursor/19.png,31,22,6,True,409,5ba32a8facd958e8ffc0aa1f70a1460405e81e2257655477f327bf0f9038a992
1813,cursor,sprites/DefineSprite_1813_cursor/2.png,31,22,6,True,409,1a6aefb52d8fe3371820594fc0dcd9b4fdd4db26c6fbfa87e92db582b2e4cf07
1813,cursor,sprites/DefineSprite_1813_cursor/20.png,31,22,6,True,213,befa74971010e9e18459d36038ce829c517a9990df39dfe75682451fef48abd5
1813,cursor,sprites/DefineSprite_1813_cursor/21.png,31,22,6,True,213,befa74971010e9e18459d36038ce829c517a9990df39dfe75682451fef48abd5
1813,cursor,sprites/DefineSprite_1813_cursor/22.png,31,22,6,True,213,befa74971010e9e18459d36038ce829c517a9990df39dfe75682451fef48abd5
1813,cursor,sprites/DefineSprite_1813_cursor/23.png,31,22,6,True,213,befa74971010e9e18459d36038ce829c517a9990df39dfe75682451fef48abd5
1813,cursor,sprites/DefineSprite_1813_cursor/24.png,31,22,6,True,213,befa74971010e9e18459d36038ce829c517a9990df39dfe75682451fef48abd5
1813,cursor,sprites/DefineSprite_1813_cursor/25.png,31,22,6,True,213,befa74971010e9e18459d36038ce829c517a9990df39dfe75682451fef48abd5
1813,cursor,sprites/DefineSprite_1813_cursor/26.png,31,22,6,True,213,befa74971010e9e18459d36038ce829c517a9990df39dfe75682451fef48abd5
1813,cursor,sprites/DefineSprite_1813_cursor/27.png,31,22,6,True,213,befa74971010e9e18459d36038ce829c517a9990df39dfe75682451fef48abd5
1813,cursor,sprites/DefineSprite_1813_cursor/28.png,31,22,6,True,213,befa74971010e9e18459d36038ce829c517a9990df39dfe75682451fef48abd5
1813,cursor,sprites/DefineSprite_1813_cursor/29.png,31,22,6,True,213,befa74971010e9e18459d36038ce829c517a9990df39dfe75682451fef48abd5
1813,cursor,sprites/DefineSprite_1813_cursor/3.png,31,22,6,True,409,1a6aefb52d8fe3371820594fc0dcd9b4fdd4db26c6fbfa87e92db582b2e4cf07
1813,cursor,sprites/DefineSprite_1813_cursor/30.png,31,22,6,True,358,a939a38231070dba7410e274eb9df053cd2c665dc385bd2f55f4df5162036253
1813,cursor,sprites/DefineSprite_1813_cursor/31.png,31,22,6,True,358,a939a38231070dba7410e274eb9df053cd2c665dc385bd2f55f4df5162036253
1813,cursor,sprites/DefineSprite_1813_cursor/32.png,31,22,6,True,358,a939a38231070dba7410e274eb9df053cd2c665dc385bd2f55f4df5162036253
1813,cursor,sprites/DefineSprite_1813_cursor/33.png,31,22,6,True,358,a939a38231070dba7410e274eb9df053cd2c665dc385bd2f55f4df5162036253
1813,cursor,sprites/DefineSprite_1813_cursor/34.png,31,22,6,True,358,a939a38231070dba7410e274eb9df053cd2c665dc385bd2f55f4df5162036253
1813,cursor,sprites/DefineSprite_1813_cursor/35.png,31,22,6,True,358,a939a38231070dba7410e274eb9df053cd2c665dc385bd2f55f4df5162036253
1813,cursor,sprites/DefineSprite_1813_cursor/36.png,31,22,6,True,358,a939a38231070dba7410e274eb9df053cd2c665dc385bd2f55f4df5162036253
1813,cursor,sprites/DefineSprite_1813_cursor/37.png,31,22,6,True,358,a939a38231070dba7410e274eb9df053cd2c665dc385bd2f55f4df5162036253
1813,cursor,sprites/DefineSprite_1813_cursor/38.png,31,22,6,True,358,a939a38231070dba7410e274eb9df053cd2c665dc385bd2f55f4df5162036253
1813,cursor,sprites/DefineSprite_1813_cursor/39.png,31,22,6,True,358,a939a38231070dba7410e274eb9df053cd2c665dc385bd2f55f4df5162036253
1813,cursor,sprites/DefineSprite_1813_cursor/4.png,31,22,6,True,409,1a6aefb52d8fe3371820594fc0dcd9b4fdd4db26c6fbfa87e92db582b2e4cf07
1813,cursor,sprites/DefineSprite_1813_cursor/40.png,31,22,6,True,398,7aeb5fc693f29d4a8cccf56e8de0b67372e3bfd62e650992b2e35ae9a0407e0c
1813,cursor,sprites/DefineSprite_1813_cursor/41.png,31,22,6,True,398,7aeb5fc693f29d4a8cccf56e8de0b67372e3bfd62e650992b2e35ae9a0407e0c
1813,cursor,sprites/DefineSprite_1813_cursor/42.png,31,22,6,True,398,7aeb5fc693f29d4a8cccf56e8de0b67372e3bfd62e650992b2e35ae9a0407e0c
1813,cursor,sprites/DefineSprite_1813_cursor/43.png,31,22,6,True,398,7aeb5fc693f29d4a8cccf56e8de0b67372e3bfd62e650992b2e35ae9a0407e0c
1813,cursor,sprites/DefineSprite_1813_cursor/44.png,31,22,6,True,398,7aeb5fc693f29d4a8cccf56e8de0b67372e3bfd62e650992b2e35ae9a0407e0c
1813,cursor,sprites/DefineSprite_1813_cursor/45.png,31,22,6,True,398,7aeb5fc693f29d4a8cccf56e8de0b67372e3bfd62e650992b2e35ae9a0407e0c
1813,cursor,sprites/DefineSprite_1813_cursor/46.png,31,22,6,True,398,7aeb5fc693f29d4a8cccf56e8de0b67372e3bfd62e650992b2e35ae9a0407e0c
1813,cursor,sprites/DefineSprite_1813_cursor/47.png,31,22,6,True,398,7aeb5fc693f29d4a8cccf56e8de0b67372e3bfd62e650992b2e35ae9a0407e0c
1813,cursor,sprites/DefineSprite_1813_cursor/48.png,31,22,6,True,398,7aeb5fc693f29d4a8cccf56e8de0b67372e3bfd62e650992b2e35ae9a0407e0c
1813,cursor,sprites/DefineSprite_1813_cursor/49.png,31,22,6,True,398,7aeb5fc693f29d4a8cccf56e8de0b67372e3bfd62e650992b2e35ae9a0407e0c
1813,cursor,sprites/DefineSprite_1813_cursor/5.png,31,22,6,True,409,1a6aefb52d8fe3371820594fc0dcd9b4fdd4db26c6fbfa87e92db582b2e4cf07
1813,cursor,sprites/DefineSprite_1813_cursor/50.png,31,22,6,True,347,6e85b0feaf058ca893fc82efbd720ef36084b3fac2e2416e5090d34e2238ab0f
1813,cursor,sprites/DefineSprite_1813_cursor/51.png,31,22,6,True,347,6e85b0feaf058ca893fc82efbd720ef36084b3fac2e2416e5090d34e2238ab0f
1813,cursor,sprites/DefineSprite_1813_cursor/52.png,31,22,6,True,347,6e85b0feaf058ca893fc82efbd720ef36084b3fac2e2416e5090d34e2238ab0f
1813,cursor,sprites/DefineSprite_1813_cursor/53.png,31,22,6,True,347,6e85b0feaf058ca893fc82efbd720ef36084b3fac2e2416e5090d34e2238ab0f
1813,cursor,sprites/DefineSprite_1813_cursor/54.png,31,22,6,True,347,6e85b0feaf058ca893fc82efbd720ef36084b3fac2e2416e5090d34e2238ab0f
1813,cursor,sprites/DefineSprite_1813_cursor/55.png,31,22,6,True,347,6e85b0feaf058ca893fc82efbd720ef36084b3fac2e2416e5090d34e2238ab0f
1813,cursor,sprites/DefineSprite_1813_cursor/56.png,31,22,6,True,347,6e85b0feaf058ca893fc82efbd720ef36084b3fac2e2416e5090d34e2238ab0f
1813,cursor,sprites/DefineSprite_1813_cursor/57.png,31,22,6,True,347,6e85b0feaf058ca893fc82efbd720ef36084b3fac2e2416e5090d34e2238ab0f
1813,cursor,sprites/DefineSprite_1813_cursor/58.png,31,22,6,True,347,6e85b0feaf058ca893fc82efbd720ef36084b3fac2e2416e5090d34e2238ab0f
1813,cursor,sprites/DefineSprite_1813_cursor/59.png,31,22,6,True,347,6e85b0feaf058ca893fc82efbd720ef36084b3fac2e2416e5090d34e2238ab0f
1813,cursor,sprites/DefineSprite_1813_cursor/6.png,31,22,6,True,409,1a6aefb52d8fe3371820594fc0dcd9b4fdd4db26c6fbfa87e92db582b2e4cf07
1813,cursor,sprites/DefineSprite_1813_cursor/60.png,31,22,6,True,279,cf7788af357126db5e7f43c865d5b1bb38dda9f9e30d594050bebda0c4925556
1813,cursor,sprites/DefineSprite_1813_cursor/61.png,31,22,6,True,270,df1e0d75c9d26e33543e38e02b088da45e39febf1fa552d2f426a2e9f8637e4d
1813,cursor,sprites/DefineSprite_1813_cursor/62.png,31,22,6,True,279,cf7788af357126db5e7f43c865d5b1bb38dda9f9e30d594050bebda0c4925556
1813,cursor,sprites/DefineSprite_1813_cursor/63.png,31,22,6,True,281,56a8ff38a47ce7623962af63dee40ec24dd0d24ff624527319fb2da975adca36
1813,cursor,sprites/DefineSprite_1813_cursor/64.png,31,22,6,True,279,cf7788af357126db5e7f43c865d5b1bb38dda9f9e30d594050bebda0c4925556
1813,cursor,sprites/DefineSprite_1813_cursor/65.png,31,22,6,True,270,df1e0d75c9d26e33543e38e02b088da45e39febf1fa552d2f426a2e9f8637e4d
1813,cursor,sprites/DefineSprite_1813_cursor/66.png,31,22,6,True,279,cf7788af357126db5e7f43c865d5b1bb38dda9f9e30d594050bebda0c4925556
1813,cursor,sprites/DefineSprite_1813_cursor/67.png,31,22,6,True,281,56a8ff38a47ce7623962af63dee40ec24dd0d24ff624527319fb2da975adca36
1813,cursor,sprites/DefineSprite_1813_cursor/68.png,31,22,6,True,279,cf7788af357126db5e7f43c865d5b1bb38dda9f9e30d594050bebda0c4925556
1813,cursor,sprites/DefineSprite_1813_cursor/69.png,31,22,6,True,288,528ffda309f1ec12715a92cd935b768901d6b9e8ef55467f5c22f46a9df44bf6
1813,cursor,sprites/DefineSprite_1813_cursor/7.png,31,22,6,True,409,1a6aefb52d8fe3371820594fc0dcd9b4fdd4db26c6fbfa87e92db582b2e4cf07
1813,cursor,sprites/DefineSprite_1813_cursor/70.png,31,22,6,True,288,528ffda309f1ec12715a92cd935b768901d6b9e8ef55467f5c22f46a9df44bf6
1813,cursor,sprites/DefineSprite_1813_cursor/71.png,31,22,6,True,288,528ffda309f1ec12715a92cd935b768901d6b9e8ef55467f5c22f46a9df44bf6
1813,cursor,sprites/DefineSprite_1813_cursor/72.png,31,22,6,True,288,528ffda309f1ec12715a92cd935b768901d6b9e8ef55467f5c22f46a9df44bf6
1813,cursor,sprites/DefineSprite_1813_cursor/73.png,31,22,6,True,288,528ffda309f1ec12715a92cd935b768901d6b9e8ef55467f5c22f46a9df44bf6
1813,cursor,sprites/DefineSprite_1813_cursor/74.png,31,22,6,True,288,528ffda309f1ec12715a92cd935b768901d6b9e8ef55467f5c22f46a9df44bf6
1813,cursor,sprites/DefineSprite_1813_cursor/75.png,31,22,6,True,288,528ffda309f1ec12715a92cd935b768901d6b9e8ef55467f5c22f46a9df44bf6
1813,cursor,sprites/DefineSprite_1813_cursor/76.png,31,22,6,True,288,528ffda309f1ec12715a92cd935b768901d6b9e8ef55467f5c22f46a9df44bf6
1813,cursor,sprites/DefineSprite_1813_cursor/77.png,31,22,6,True,288,528ffda309f1ec12715a92cd935b768901d6b9e8ef55467f5c22f46a9df44bf6
1813,cursor,sprites/DefineSprite_1813_cursor/78.png,31,22,6,True,198,4ac201ff11fd7daee631cf500fab5fb19fb73b242b62b96e8eb16674083937a0
1813,cursor,sprites/DefineSprite_1813_cursor/79.png,31,22,6,True,198,4ac201ff11fd7daee631cf500fab5fb19fb73b242b62b96e8eb16674083937a0
1813,cursor,sprites/DefineSprite_1813_cursor/8.png,31,22,6,True,409,1a6aefb52d8fe3371820594fc0dcd9b4fdd4db26c6fbfa87e92db582b2e4cf07
1813,cursor,sprites/DefineSprite_1813_cursor/80.png,31,22,6,True,198,4ac201ff11fd7daee631cf500fab5fb19fb73b242b62b96e8eb16674083937a0
1813,cursor,sprites/DefineSprite_1813_cursor/81.png,31,22,6,True,198,4ac201ff11fd7daee631cf500fab5fb19fb73b242b62b96e8eb16674083937a0
1813,cursor,sprites/DefineSprite_1813_cursor/82.png,31,22,6,True,198,4ac201ff11fd7daee631cf500fab5fb19fb73b242b62b96e8eb16674083937a0
1813,cursor,sprites/DefineSprite_1813_cursor/83.png,31,22,6,True,198,4ac201ff11fd7daee631cf500fab5fb19fb73b242b62b96e8eb16674083937a0
1813,cursor,sprites/DefineSprite_1813_cursor/84.png,31,22,6,True,198,4ac201ff11fd7daee631cf500fab5fb19fb73b242b62b96e8eb16674083937a0
1813,cursor,sprites/DefineSprite_1813_cursor/85.png,31,22,6,True,198,4ac201ff11fd7daee631cf500fab5fb19fb73b242b62b96e8eb16674083937a0
1813,cursor,sprites/DefineSprite_1813_cursor/86.png,31,22,6,True,198,4ac201ff11fd7daee631cf500fab5fb19fb73b242b62b96e8eb16674083937a0
1813,cursor,sprites/DefineSprite_1813_cursor/87.png,31,22,6,True,187,7750499151a45adeaadfe7f6d2c51bdc2cdab6184190f0b355f10cbcf62613c7
1813,cursor,sprites/DefineSprite_1813_cursor/88.png,31,22,6,True,187,7750499151a45adeaadfe7f6d2c51bdc2cdab6184190f0b355f10cbcf62613c7
1813,cursor,sprites/DefineSprite_1813_cursor/89.png,31,22,6,True,187,7750499151a45adeaadfe7f6d2c51bdc2cdab6184190f0b355f10cbcf62613c7
1813,cursor,sprites/DefineSprite_1813_cursor/9.png,31,22,6,True,409,1a6aefb52d8fe3371820594fc0dcd9b4fdd4db26c6fbfa87e92db582b2e4cf07
1813,cursor,sprites/DefineSprite_1813_cursor/90.png,31,22,6,True,187,7750499151a45adeaadfe7f6d2c51bdc2cdab6184190f0b355f10cbcf62613c7
1813,cursor,sprites/DefineSprite_1813_cursor/91.png,31,22,6,True,187,7750499151a45adeaadfe7f6d2c51bdc2cdab6184190f0b355f10cbcf62613c7
1813,cursor,sprites/DefineSprite_1813_cursor/92.png,31,22,6,True,187,7750499151a45adeaadfe7f6d2c51bdc2cdab6184190f0b355f10cbcf62613c7
1813,cursor,sprites/DefineSprite_1813_cursor/93.png,31,22,6,True,187,7750499151a45adeaadfe7f6d2c51bdc2cdab6184190f0b355f10cbcf62613c7
1813,cursor,sprites/DefineSprite_1813_cursor/94.png,31,22,6,True,187,7750499151a45adeaadfe7f6d2c51bdc2cdab6184190f0b355f10cbcf62613c7
1813,cursor,sprites/DefineSprite_1813_cursor/95.png,31,22,6,True,187,7750499151a45adeaadfe7f6d2c51bdc2cdab6184190f0b355f10cbcf62613c7
1817,cancel weapon button red,sprites/DefineSprite_1817_cancel weapon button red/1.png,20,20,6,True,271,587df129de67ad2a2c799c79948297d615b406aa05c5524180e2e0f771f25a54
1817,cancel weapon button red,sprites/DefineSprite_1817_cancel weapon button red/10.png,20,20,6,True,282,14ce1425e4dc3c63608937a622c624d4016492f25173f87511579c67ddb2f51d
1817,cancel weapon button red,sprites/DefineSprite_1817_cancel weapon button red/11.png,20,20,6,True,282,14ce1425e4dc3c63608937a622c624d4016492f25173f87511579c67ddb2f51d
1817,cancel weapon button red,sprites/DefineSprite_1817_cancel weapon button red/12.png,20,20,6,True,282,14ce1425e4dc3c63608937a622c624d4016492f25173f87511579c67ddb2f51d
1817,cancel weapon button red,sprites/DefineSprite_1817_cancel weapon button red/13.png,20,20,6,True,282,14ce1425e4dc3c63608937a622c624d4016492f25173f87511579c67ddb2f51d
1817,cancel weapon button red,sprites/DefineSprite_1817_cancel weapon button red/14.png,20,20,6,True,282,14ce1425e4dc3c63608937a622c624d4016492f25173f87511579c67ddb2f51d
1817,cancel weapon button red,sprites/DefineSprite_1817_cancel weapon button red/15.png,20,20,6,True,282,14ce1425e4dc3c63608937a622c624d4016492f25173f87511579c67ddb2f51d
1817,cancel weapon button red,sprites/DefineSprite_1817_cancel weapon button red/16.png,20,20,6,True,282,14ce1425e4dc3c63608937a622c624d4016492f25173f87511579c67ddb2f51d
1817,cancel weapon button red,sprites/DefineSprite_1817_cancel weapon button red/17.png,20,20,6,True,282,14ce1425e4dc3c63608937a622c624d4016492f25173f87511579c67ddb2f51d
1817,cancel weapon button red,sprites/DefineSprite_1817_cancel weapon button red/18.png,20,20,6,True,282,14ce1425e4dc3c63608937a622c624d4016492f25173f87511579c67ddb2f51d
1817,cancel weapon button red,sprites/DefineSprite_1817_cancel weapon button red/19.png,20,20,6,True,282,14ce1425e4dc3c63608937a622c624d4016492f25173f87511579c67ddb2f51d
1817,cancel weapon button red,sprites/DefineSprite_1817_cancel weapon button red/2.png,20,20,6,True,271,587df129de67ad2a2c799c79948297d615b406aa05c5524180e2e0f771f25a54
1817,cancel weapon button red,sprites/DefineSprite_1817_cancel weapon button red/3.png,20,20,6,True,271,587df129de67ad2a2c799c79948297d615b406aa05c5524180e2e0f771f25a54
1817,cancel weapon button red,sprites/DefineSprite_1817_cancel weapon button red/4.png,20,20,6,True,271,587df129de67ad2a2c799c79948297d615b406aa05c5524180e2e0f771f25a54
1817,cancel weapon button red,sprites/DefineSprite_1817_cancel weapon button red/5.png,20,20,6,True,271,587df129de67ad2a2c799c79948297d615b406aa05c5524180e2e0f771f25a54
1817,cancel weapon button red,sprites/DefineSprite_1817_cancel weapon button red/6.png,20,20,6,True,271,587df129de67ad2a2c799c79948297d615b406aa05c5524180e2e0f771f25a54
1817,cancel weapon button red,sprites/DefineSprite_1817_cancel weapon button red/7.png,20,20,6,True,271,587df129de67ad2a2c799c79948297d615b406aa05c5524180e2e0f771f25a54
1817,cancel weapon button red,sprites/DefineSprite_1817_cancel weapon button red/8.png,20,20,6,True,271,587df129de67ad2a2c799c79948297d615b406aa05c5524180e2e0f771f25a54
1817,cancel weapon button red,sprites/DefineSprite_1817_cancel weapon button red/9.png,20,20,6,True,271,587df129de67ad2a2c799c79948297d615b406aa05c5524180e2e0f771f25a54
1820,cancel weapon button blue,sprites/DefineSprite_1820_cancel weapon button blue/1.png,20,20,6,True,275,167dcb5bc16d80bfed699cede5053b1aa0c3ce8147878e377451c46550644528
1820,cancel weapon button blue,sprites/DefineSprite_1820_cancel weapon button blue/10.png,20,20,6,True,282,1a424ed0a287d8a0a26d3c0e448424de79f22ac1bd954565d5ed270ba8a8c850
1820,cancel weapon button blue,sprites/DefineSprite_1820_cancel weapon button blue/11.png,20,20,6,True,282,1a424ed0a287d8a0a26d3c0e448424de79f22ac1bd954565d5ed270ba8a8c850
1820,cancel weapon button blue,sprites/DefineSprite_1820_cancel weapon button blue/12.png,20,20,6,True,282,1a424ed0a287d8a0a26d3c0e448424de79f22ac1bd954565d5ed270ba8a8c850
1820,cancel weapon button blue,sprites/DefineSprite_1820_cancel weapon button blue/13.png,20,20,6,True,282,1a424ed0a287d8a0a26d3c0e448424de79f22ac1bd954565d5ed270ba8a8c850
1820,cancel weapon button blue,sprites/DefineSprite_1820_cancel weapon button blue/14.png,20,20,6,True,282,1a424ed0a287d8a0a26d3c0e448424de79f22ac1bd954565d5ed270ba8a8c850
1820,cancel weapon button blue,sprites/DefineSprite_1820_cancel weapon button blue/15.png,20,20,6,True,282,1a424ed0a287d8a0a26d3c0e448424de79f22ac1bd954565d5ed270ba8a8c850
1820,cancel weapon button blue,sprites/DefineSprite_1820_cancel weapon button blue/16.png,20,20,6,True,282,1a424ed0a287d8a0a26d3c0e448424de79f22ac1bd954565d5ed270ba8a8c850
1820,cancel weapon button blue,sprites/DefineSprite_1820_cancel weapon button blue/17.png,20,20,6,True,282,1a424ed0a287d8a0a26d3c0e448424de79f22ac1bd954565d5ed270ba8a8c850
1820,cancel weapon button blue,sprites/DefineSprite_1820_cancel weapon button blue/18.png,20,20,6,True,282,1a424ed0a287d8a0a26d3c0e448424de79f22ac1bd954565d5ed270ba8a8c850
1820,cancel weapon button blue,sprites/DefineSprite_1820_cancel weapon button blue/19.png,20,20,6,True,282,1a424ed0a287d8a0a26d3c0e448424de79f22ac1bd954565d5ed270ba8a8c850
1820,cancel weapon button blue,sprites/DefineSprite_1820_cancel weapon button blue/2.png,20,20,6,True,275,167dcb5bc16d80bfed699cede5053b1aa0c3ce8147878e377451c46550644528
1820,cancel weapon button blue,sprites/DefineSprite_1820_cancel weapon button blue/3.png,20,20,6,True,275,167dcb5bc16d80bfed699cede5053b1aa0c3ce8147878e377451c46550644528
1820,cancel weapon button blue,sprites/DefineSprite_1820_cancel weapon button blue/4.png,20,20,6,True,275,167dcb5bc16d80bfed699cede5053b1aa0c3ce8147878e377451c46550644528
1820,cancel weapon button blue,sprites/DefineSprite_1820_cancel weapon button blue/5.png,20,20,6,True,275,167dcb5bc16d80bfed699cede5053b1aa0c3ce8147878e377451c46550644528
1820,cancel weapon button blue,sprites/DefineSprite_1820_cancel weapon button blue/6.png,20,20,6,True,275,167dcb5bc16d80bfed699cede5053b1aa0c3ce8147878e377451c46550644528
1820,cancel weapon button blue,sprites/DefineSprite_1820_cancel weapon button blue/7.png,20,20,6,True,275,167dcb5bc16d80bfed699cede5053b1aa0c3ce8147878e377451c46550644528
1820,cancel weapon button blue,sprites/DefineSprite_1820_cancel weapon button blue/8.png,20,20,6,True,275,167dcb5bc16d80bfed699cede5053b1aa0c3ce8147878e377451c46550644528
1820,cancel weapon button blue,sprites/DefineSprite_1820_cancel weapon button blue/9.png,20,20,6,True,275,167dcb5bc16d80bfed699cede5053b1aa0c3ce8147878e377451c46550644528
1827,,sprites/DefineSprite_1827/1.png,18,9,6,True,141,a840f54cb2c2a42c0f4c362184c1290bec5f79a0765dbbffe4b11861d937b172
1831,weapons icon,sprites/DefineSprite_1831_weapons icon/1.png,375,158,6,True,582,1d88bd8e2551672ae98d36ff31eb53d465261a99737b21970db580848fd69d8c
1831,weapons icon,sprites/DefineSprite_1831_weapons icon/10.png,375,158,6,True,582,1d88bd8e2551672ae98d36ff31eb53d465261a99737b21970db580848fd69d8c
1831,weapons icon,sprites/DefineSprite_1831_weapons icon/11.png,375,158,6,True,851,01a410a257b69349ec94cab7886426b1dafa1a43863cb264b27edfe84fee620e
1831,weapons icon,sprites/DefineSprite_1831_weapons icon/12.png,375,158,6,True,2690,e9154a3fadaa86032e2d8892464c119cbfb1362419a2292f1d071d4b90118fcb
1831,weapons icon,sprites/DefineSprite_1831_weapons icon/13.png,375,158,6,True,851,01a410a257b69349ec94cab7886426b1dafa1a43863cb264b27edfe84fee620e
1831,weapons icon,sprites/DefineSprite_1831_weapons icon/14.png,375,158,6,True,2690,e9154a3fadaa86032e2d8892464c119cbfb1362419a2292f1d071d4b90118fcb
1831,weapons icon,sprites/DefineSprite_1831_weapons icon/15.png,375,158,6,True,851,01a410a257b69349ec94cab7886426b1dafa1a43863cb264b27edfe84fee620e
1831,weapons icon,sprites/DefineSprite_1831_weapons icon/16.png,375,158,6,True,2690,e9154a3fadaa86032e2d8892464c119cbfb1362419a2292f1d071d4b90118fcb
1831,weapons icon,sprites/DefineSprite_1831_weapons icon/17.png,375,158,6,True,851,01a410a257b69349ec94cab7886426b1dafa1a43863cb264b27edfe84fee620e
1831,weapons icon,sprites/DefineSprite_1831_weapons icon/18.png,375,158,6,True,2690,e9154a3fadaa86032e2d8892464c119cbfb1362419a2292f1d071d4b90118fcb
1831,weapons icon,sprites/DefineSprite_1831_weapons icon/19.png,375,158,6,True,851,01a410a257b69349ec94cab7886426b1dafa1a43863cb264b27edfe84fee620e
1831,weapons icon,sprites/DefineSprite_1831_weapons icon/2.png,375,158,6,True,582,1d88bd8e2551672ae98d36ff31eb53d465261a99737b21970db580848fd69d8c
1831,weapons icon,sprites/DefineSprite_1831_weapons icon/20.png,375,158,6,True,2690,e9154a3fadaa86032e2d8892464c119cbfb1362419a2292f1d071d4b90118fcb
1831,weapons icon,sprites/DefineSprite_1831_weapons icon/21.png,375,158,6,True,1031,d42c95eba140f0da2d9fac5a07f942114ff5ab501a02a26dedd203426c3adbd3
1831,weapons icon,sprites/DefineSprite_1831_weapons icon/22.png,375,158,6,True,2903,36874b5c32e6463d8245894b539c8758125ab69841b6a4b91b509145a44eb852
1831,weapons icon,sprites/DefineSprite_1831_weapons icon/23.png,375,158,6,True,1031,d42c95eba140f0da2d9fac5a07f942114ff5ab501a02a26dedd203426c3adbd3
1831,weapons icon,sprites/DefineSprite_1831_weapons icon/24.png,375,158,6,True,2903,36874b5c32e6463d8245894b539c8758125ab69841b6a4b91b509145a44eb852
1831,weapons icon,sprites/DefineSprite_1831_weapons icon/25.png,375,158,6,True,1031,d42c95eba140f0da2d9fac5a07f942114ff5ab501a02a26dedd203426c3adbd3
1831,weapons icon,sprites/DefineSprite_1831_weapons icon/26.png,375,158,6,True,2903,36874b5c32e6463d8245894b539c8758125ab69841b6a4b91b509145a44eb852
1831,weapons icon,sprites/DefineSprite_1831_weapons icon/27.png,375,158,6,True,1031,d42c95eba140f0da2d9fac5a07f942114ff5ab501a02a26dedd203426c3adbd3
1831,weapons icon,sprites/DefineSprite_1831_weapons icon/28.png,375,158,6,True,2903,36874b5c32e6463d8245894b539c8758125ab69841b6a4b91b509145a44eb852
1831,weapons icon,sprites/DefineSprite_1831_weapons icon/29.png,375,158,6,True,1031,d42c95eba140f0da2d9fac5a07f942114ff5ab501a02a26dedd203426c3adbd3
1831,weapons icon,sprites/DefineSprite_1831_weapons icon/3.png,375,158,6,True,582,1d88bd8e2551672ae98d36ff31eb53d465261a99737b21970db580848fd69d8c
1831,weapons icon,sprites/DefineSprite_1831_weapons icon/30.png,375,158,6,True,2903,36874b5c32e6463d8245894b539c8758125ab69841b6a4b91b509145a44eb852
1831,weapons icon,sprites/DefineSprite_1831_weapons icon/31.png,375,158,6,True,968,7c8eb683972ae446770184a052216e141ed734c87e48822918813583ca066ed0
1831,weapons icon,sprites/DefineSprite_1831_weapons icon/32.png,375,158,6,True,2802,0d1ec7fe1858761e2ecc028b6db2d0bb96130e9656e2637674ec1d0ff56d9fcc
1831,weapons icon,sprites/DefineSprite_1831_weapons icon/33.png,375,158,6,True,968,7c8eb683972ae446770184a052216e141ed734c87e48822918813583ca066ed0
1831,weapons icon,sprites/DefineSprite_1831_weapons icon/34.png,375,158,6,True,2802,0d1ec7fe1858761e2ecc028b6db2d0bb96130e9656e2637674ec1d0ff56d9fcc
1831,weapons icon,sprites/DefineSprite_1831_weapons icon/35.png,375,158,6,True,968,7c8eb683972ae446770184a052216e141ed734c87e48822918813583ca066ed0
1831,weapons icon,sprites/DefineSprite_1831_weapons icon/36.png,375,158,6,True,2802,0d1ec7fe1858761e2ecc028b6db2d0bb96130e9656e2637674ec1d0ff56d9fcc
1831,weapons icon,sprites/DefineSprite_1831_weapons icon/37.png,375,158,6,True,968,7c8eb683972ae446770184a052216e141ed734c87e48822918813583ca066ed0
1831,weapons icon,sprites/DefineSprite_1831_weapons icon/38.png,375,158,6,True,2802,0d1ec7fe1858761e2ecc028b6db2d0bb96130e9656e2637674ec1d0ff56d9fcc
1831,weapons icon,sprites/DefineSprite_1831_weapons icon/39.png,375,158,6,True,968,7c8eb683972ae446770184a052216e141ed734c87e48822918813583ca066ed0
1831,weapons icon,sprites/DefineSprite_1831_weapons icon/4.png,375,158,6,True,582,1d88bd8e2551672ae98d36ff31eb53d465261a99737b21970db580848fd69d8c
1831,weapons icon,sprites/DefineSprite_1831_weapons icon/40.png,375,158,6,True,2802,0d1ec7fe1858761e2ecc028b6db2d0bb96130e9656e2637674ec1d0ff56d9fcc
1831,weapons icon,sprites/DefineSprite_1831_weapons icon/41.png,375,158,6,True,1048,71efe09f94483d3e1629d5473af9972a7e74627c51aaac897df573d8c4c00090
1831,weapons icon,sprites/DefineSprite_1831_weapons icon/42.png,375,158,6,True,2905,0f6500ba8cf58baba269a3a8d9b2d50977ea15ed436513988ba1a5ddf00d5965
1831,weapons icon,sprites/DefineSprite_1831_weapons icon/43.png,375,158,6,True,1048,71efe09f94483d3e1629d5473af9972a7e74627c51aaac897df573d8c4c00090
1831,weapons icon,sprites/DefineSprite_1831_weapons icon/44.png,375,158,6,True,2905,0f6500ba8cf58baba269a3a8d9b2d50977ea15ed436513988ba1a5ddf00d5965
1831,weapons icon,sprites/DefineSprite_1831_weapons icon/45.png,375,158,6,True,1048,71efe09f94483d3e1629d5473af9972a7e74627c51aaac897df573d8c4c00090
1831,weapons icon,sprites/DefineSprite_1831_weapons icon/46.png,375,158,6,True,2905,0f6500ba8cf58baba269a3a8d9b2d50977ea15ed436513988ba1a5ddf00d5965
1831,weapons icon,sprites/DefineSprite_1831_weapons icon/47.png,375,158,6,True,1048,71efe09f94483d3e1629d5473af9972a7e74627c51aaac897df573d8c4c00090
1831,weapons icon,sprites/DefineSprite_1831_weapons icon/48.png,375,158,6,True,2905,0f6500ba8cf58baba269a3a8d9b2d50977ea15ed436513988ba1a5ddf00d5965
1831,weapons icon,sprites/DefineSprite_1831_weapons icon/49.png,375,158,6,True,1048,71efe09f94483d3e1629d5473af9972a7e74627c51aaac897df573d8c4c00090
1831,weapons icon,sprites/DefineSprite_1831_weapons icon/5.png,375,158,6,True,582,1d88bd8e2551672ae98d36ff31eb53d465261a99737b21970db580848fd69d8c
1831,weapons icon,sprites/DefineSprite_1831_weapons icon/50.png,375,158,6,True,2905,0f6500ba8cf58baba269a3a8d9b2d50977ea15ed436513988ba1a5ddf00d5965
1831,weapons icon,sprites/DefineSprite_1831_weapons icon/6.png,375,158,6,True,582,1d88bd8e2551672ae98d36ff31eb53d465261a99737b21970db580848fd69d8c
1831,weapons icon,sprites/DefineSprite_1831_weapons icon/7.png,375,158,6,True,582,1d88bd8e2551672ae98d36ff31eb53d465261a99737b21970db580848fd69d8c
1831,weapons icon,sprites/DefineSprite_1831_weapons icon/8.png,375,158,6,True,582,1d88bd8e2551672ae98d36ff31eb53d465261a99737b21970db580848fd69d8c
1831,weapons icon,sprites/DefineSprite_1831_weapons icon/9.png,375,158,6,True,582,1d88bd8e2551672ae98d36ff31eb53d465261a99737b21970db580848fd69d8c
1839,weapons button copy,sprites/DefineSprite_1839_weapons button copy/1.png,86,57,6,True,1231,b275c14f5f663213282f814b69000d3bf6f38882acfd92b72462b7bf5a5bac13
1839,weapons button copy,sprites/DefineSprite_1839_weapons button copy/10.png,86,57,6,True,1276,9ac6f844f555d8cf55571721c0fb6764054bcd8c9f3e6ddcb81a72357a47dbd2
1839,weapons button copy,sprites/DefineSprite_1839_weapons button copy/11.png,86,57,6,True,1276,9ac6f844f555d8cf55571721c0fb6764054bcd8c9f3e6ddcb81a72357a47dbd2
1839,weapons button copy,sprites/DefineSprite_1839_weapons button copy/12.png,86,57,6,True,1276,9ac6f844f555d8cf55571721c0fb6764054bcd8c9f3e6ddcb81a72357a47dbd2
1839,weapons button copy,sprites/DefineSprite_1839_weapons button copy/13.png,86,57,6,True,1276,9ac6f844f555d8cf55571721c0fb6764054bcd8c9f3e6ddcb81a72357a47dbd2
1839,weapons button copy,sprites/DefineSprite_1839_weapons button copy/14.png,86,57,6,True,1276,9ac6f844f555d8cf55571721c0fb6764054bcd8c9f3e6ddcb81a72357a47dbd2
1839,weapons button copy,sprites/DefineSprite_1839_weapons button copy/15.png,86,57,6,True,1276,9ac6f844f555d8cf55571721c0fb6764054bcd8c9f3e6ddcb81a72357a47dbd2
1839,weapons button copy,sprites/DefineSprite_1839_weapons button copy/16.png,86,57,6,True,1276,9ac6f844f555d8cf55571721c0fb6764054bcd8c9f3e6ddcb81a72357a47dbd2
1839,weapons button copy,sprites/DefineSprite_1839_weapons button copy/17.png,86,57,6,True,1276,9ac6f844f555d8cf55571721c0fb6764054bcd8c9f3e6ddcb81a72357a47dbd2
1839,weapons button copy,sprites/DefineSprite_1839_weapons button copy/18.png,86,57,6,True,1276,9ac6f844f555d8cf55571721c0fb6764054bcd8c9f3e6ddcb81a72357a47dbd2
1839,weapons button copy,sprites/DefineSprite_1839_weapons button copy/19.png,86,57,6,True,1282,835e62354ed9f5750808b030c3a84f0c52f10d3d7b65106d9276775a9ba40287
1839,weapons button copy,sprites/DefineSprite_1839_weapons button copy/2.png,86,57,6,True,1231,b275c14f5f663213282f814b69000d3bf6f38882acfd92b72462b7bf5a5bac13
1839,weapons button copy,sprites/DefineSprite_1839_weapons button copy/20.png,86,57,6,True,1282,835e62354ed9f5750808b030c3a84f0c52f10d3d7b65106d9276775a9ba40287
1839,weapons button copy,sprites/DefineSprite_1839_weapons button copy/21.png,86,57,6,True,1282,835e62354ed9f5750808b030c3a84f0c52f10d3d7b65106d9276775a9ba40287
1839,weapons button copy,sprites/DefineSprite_1839_weapons button copy/22.png,86,57,6,True,1282,835e62354ed9f5750808b030c3a84f0c52f10d3d7b65106d9276775a9ba40287
1839,weapons button copy,sprites/DefineSprite_1839_weapons button copy/23.png,86,57,6,True,1282,835e62354ed9f5750808b030c3a84f0c52f10d3d7b65106d9276775a9ba40287
1839,weapons button copy,sprites/DefineSprite_1839_weapons button copy/24.png,86,57,6,True,1282,835e62354ed9f5750808b030c3a84f0c52f10d3d7b65106d9276775a9ba40287
1839,weapons button copy,sprites/DefineSprite_1839_weapons button copy/25.png,86,57,6,True,1282,835e62354ed9f5750808b030c3a84f0c52f10d3d7b65106d9276775a9ba40287
1839,weapons button copy,sprites/DefineSprite_1839_weapons button copy/26.png,86,57,6,True,1282,835e62354ed9f5750808b030c3a84f0c52f10d3d7b65106d9276775a9ba40287
1839,weapons button copy,sprites/DefineSprite_1839_weapons button copy/27.png,86,57,6,True,1282,835e62354ed9f5750808b030c3a84f0c52f10d3d7b65106d9276775a9ba40287
1839,weapons button copy,sprites/DefineSprite_1839_weapons button copy/28.png,86,57,6,True,1282,835e62354ed9f5750808b030c3a84f0c52f10d3d7b65106d9276775a9ba40287
1839,weapons button copy,sprites/DefineSprite_1839_weapons button copy/29.png,86,57,6,True,1269,a63fc9ad85bed27b780f178e5f132aa3f7666283c9ca0657b5f15b4c3941388f
1839,weapons button copy,sprites/DefineSprite_1839_weapons button copy/3.png,86,57,6,True,1231,b275c14f5f663213282f814b69000d3bf6f38882acfd92b72462b7bf5a5bac13
1839,weapons button copy,sprites/DefineSprite_1839_weapons button copy/30.png,86,57,6,True,1269,a63fc9ad85bed27b780f178e5f132aa3f7666283c9ca0657b5f15b4c3941388f
1839,weapons button copy,sprites/DefineSprite_1839_weapons button copy/31.png,86,57,6,True,1269,a63fc9ad85bed27b780f178e5f132aa3f7666283c9ca0657b5f15b4c3941388f
1839,weapons button copy,sprites/DefineSprite_1839_weapons button copy/32.png,86,57,6,True,1269,a63fc9ad85bed27b780f178e5f132aa3f7666283c9ca0657b5f15b4c3941388f
1839,weapons button copy,sprites/DefineSprite_1839_weapons button copy/33.png,86,57,6,True,1269,a63fc9ad85bed27b780f178e5f132aa3f7666283c9ca0657b5f15b4c3941388f
1839,weapons button copy,sprites/DefineSprite_1839_weapons button copy/34.png,86,57,6,True,1269,a63fc9ad85bed27b780f178e5f132aa3f7666283c9ca0657b5f15b4c3941388f
1839,weapons button copy,sprites/DefineSprite_1839_weapons button copy/35.png,86,57,6,True,1269,a63fc9ad85bed27b780f178e5f132aa3f7666283c9ca0657b5f15b4c3941388f
1839,weapons button copy,sprites/DefineSprite_1839_weapons button copy/36.png,86,57,6,True,1269,a63fc9ad85bed27b780f178e5f132aa3f7666283c9ca0657b5f15b4c3941388f
1839,weapons button copy,sprites/DefineSprite_1839_weapons button copy/37.png,86,57,6,True,1269,a63fc9ad85bed27b780f178e5f132aa3f7666283c9ca0657b5f15b4c3941388f
1839,weapons button copy,sprites/DefineSprite_1839_weapons button copy/38.png,86,57,6,True,1271,10bfdc2fcf1a6a435ee010b97f72041a10a98a98cec679bae3b1d06357cc9888
1839,weapons button copy,sprites/DefineSprite_1839_weapons button copy/39.png,86,57,6,True,1271,10bfdc2fcf1a6a435ee010b97f72041a10a98a98cec679bae3b1d06357cc9888
1839,weapons button copy,sprites/DefineSprite_1839_weapons button copy/4.png,86,57,6,True,1231,b275c14f5f663213282f814b69000d3bf6f38882acfd92b72462b7bf5a5bac13
1839,weapons button copy,sprites/DefineSprite_1839_weapons button copy/40.png,86,57,6,True,1271,10bfdc2fcf1a6a435ee010b97f72041a10a98a98cec679bae3b1d06357cc9888
1839,weapons button copy,sprites/DefineSprite_1839_weapons button copy/41.png,86,57,6,True,1271,10bfdc2fcf1a6a435ee010b97f72041a10a98a98cec679bae3b1d06357cc9888
1839,weapons button copy,sprites/DefineSprite_1839_weapons button copy/42.png,86,57,6,True,1271,10bfdc2fcf1a6a435ee010b97f72041a10a98a98cec679bae3b1d06357cc9888
1839,weapons button copy,sprites/DefineSprite_1839_weapons button copy/43.png,86,57,6,True,1271,10bfdc2fcf1a6a435ee010b97f72041a10a98a98cec679bae3b1d06357cc9888
1839,weapons button copy,sprites/DefineSprite_1839_weapons button copy/44.png,86,57,6,True,1271,10bfdc2fcf1a6a435ee010b97f72041a10a98a98cec679bae3b1d06357cc9888
1839,weapons button copy,sprites/DefineSprite_1839_weapons button copy/45.png,86,57,6,True,1271,10bfdc2fcf1a6a435ee010b97f72041a10a98a98cec679bae3b1d06357cc9888
1839,weapons button copy,sprites/DefineSprite_1839_weapons button copy/46.png,86,57,6,True,1271,10bfdc2fcf1a6a435ee010b97f72041a10a98a98cec679bae3b1d06357cc9888
1839,weapons button copy,sprites/DefineSprite_1839_weapons button copy/5.png,86,57,6,True,1231,b275c14f5f663213282f814b69000d3bf6f38882acfd92b72462b7bf5a5bac13
1839,weapons button copy,sprites/DefineSprite_1839_weapons button copy/6.png,86,57,6,True,1231,b275c14f5f663213282f814b69000d3bf6f38882acfd92b72462b7bf5a5bac13
1839,weapons button copy,sprites/DefineSprite_1839_weapons button copy/7.png,86,57,6,True,1231,b275c14f5f663213282f814b69000d3bf6f38882acfd92b72462b7bf5a5bac13
1839,weapons button copy,sprites/DefineSprite_1839_weapons button copy/8.png,86,57,6,True,1231,b275c14f5f663213282f814b69000d3bf6f38882acfd92b72462b7bf5a5bac13
1839,weapons button copy,sprites/DefineSprite_1839_weapons button copy/9.png,86,57,6,True,1231,b275c14f5f663213282f814b69000d3bf6f38882acfd92b72462b7bf5a5bac13
184,,sprites/DefineSprite_184/1.png,1100,154,6,True,6625,3c81778ccbce2ef510b0fb3f4bb56de8abefefb7e6b69be6e88c5516aae31571
1844,finish turn button,sprites/DefineSprite_1844_finish turn button/1.png,86,57,6,True,1686,193ff92a7f9a3305ba3143749af639cc722e8d36b14a4a3aec89ca8225d64363
1844,finish turn button,sprites/DefineSprite_1844_finish turn button/10.png,86,57,6,True,1659,5579f2526c9b884f4268e59508f661e96678e422e84092ca93073b62190e0b52
1844,finish turn button,sprites/DefineSprite_1844_finish turn button/11.png,86,57,6,True,1659,5579f2526c9b884f4268e59508f661e96678e422e84092ca93073b62190e0b52
1844,finish turn button,sprites/DefineSprite_1844_finish turn button/12.png,86,57,6,True,1659,5579f2526c9b884f4268e59508f661e96678e422e84092ca93073b62190e0b52
1844,finish turn button,sprites/DefineSprite_1844_finish turn button/13.png,86,57,6,True,1659,5579f2526c9b884f4268e59508f661e96678e422e84092ca93073b62190e0b52
1844,finish turn button,sprites/DefineSprite_1844_finish turn button/14.png,86,57,6,True,1659,5579f2526c9b884f4268e59508f661e96678e422e84092ca93073b62190e0b52
1844,finish turn button,sprites/DefineSprite_1844_finish turn button/15.png,86,57,6,True,1659,5579f2526c9b884f4268e59508f661e96678e422e84092ca93073b62190e0b52
1844,finish turn button,sprites/DefineSprite_1844_finish turn button/16.png,86,57,6,True,1659,5579f2526c9b884f4268e59508f661e96678e422e84092ca93073b62190e0b52
1844,finish turn button,sprites/DefineSprite_1844_finish turn button/17.png,86,57,6,True,1659,5579f2526c9b884f4268e59508f661e96678e422e84092ca93073b62190e0b52
1844,finish turn button,sprites/DefineSprite_1844_finish turn button/18.png,86,57,6,True,1659,5579f2526c9b884f4268e59508f661e96678e422e84092ca93073b62190e0b52
1844,finish turn button,sprites/DefineSprite_1844_finish turn button/19.png,86,57,6,True,1659,5579f2526c9b884f4268e59508f661e96678e422e84092ca93073b62190e0b52
1844,finish turn button,sprites/DefineSprite_1844_finish turn button/2.png,86,57,6,True,1686,193ff92a7f9a3305ba3143749af639cc722e8d36b14a4a3aec89ca8225d64363
1844,finish turn button,sprites/DefineSprite_1844_finish turn button/20.png,86,57,6,True,1681,22daa3464f13daa8bdc9c706b510dac94b0a0bd02a5cdb7ca140df1696cb9c57
1844,finish turn button,sprites/DefineSprite_1844_finish turn button/21.png,86,57,6,True,1681,22daa3464f13daa8bdc9c706b510dac94b0a0bd02a5cdb7ca140df1696cb9c57
1844,finish turn button,sprites/DefineSprite_1844_finish turn button/22.png,86,57,6,True,1681,22daa3464f13daa8bdc9c706b510dac94b0a0bd02a5cdb7ca140df1696cb9c57
1844,finish turn button,sprites/DefineSprite_1844_finish turn button/23.png,86,57,6,True,1681,22daa3464f13daa8bdc9c706b510dac94b0a0bd02a5cdb7ca140df1696cb9c57
1844,finish turn button,sprites/DefineSprite_1844_finish turn button/24.png,86,57,6,True,1681,22daa3464f13daa8bdc9c706b510dac94b0a0bd02a5cdb7ca140df1696cb9c57
1844,finish turn button,sprites/DefineSprite_1844_finish turn button/25.png,86,57,6,True,1681,22daa3464f13daa8bdc9c706b510dac94b0a0bd02a5cdb7ca140df1696cb9c57
1844,finish turn button,sprites/DefineSprite_1844_finish turn button/26.png,86,57,6,True,1681,22daa3464f13daa8bdc9c706b510dac94b0a0bd02a5cdb7ca140df1696cb9c57
1844,finish turn button,sprites/DefineSprite_1844_finish turn button/27.png,86,57,6,True,1681,22daa3464f13daa8bdc9c706b510dac94b0a0bd02a5cdb7ca140df1696cb9c57
1844,finish turn button,sprites/DefineSprite_1844_finish turn button/28.png,86,57,6,True,1681,22daa3464f13daa8bdc9c706b510dac94b0a0bd02a5cdb7ca140df1696cb9c57
1844,finish turn button,sprites/DefineSprite_1844_finish turn button/29.png,86,57,6,True,1643,b2cf2d3d7fba7a9a9d91560bbaea6ce9d4b032d9439bb9ec6a85628c4d0addc3
1844,finish turn button,sprites/DefineSprite_1844_finish turn button/3.png,86,57,6,True,1686,193ff92a7f9a3305ba3143749af639cc722e8d36b14a4a3aec89ca8225d64363
1844,finish turn button,sprites/DefineSprite_1844_finish turn button/30.png,86,57,6,True,1643,b2cf2d3d7fba7a9a9d91560bbaea6ce9d4b032d9439bb9ec6a85628c4d0addc3
1844,finish turn button,sprites/DefineSprite_1844_finish turn button/31.png,86,57,6,True,1643,b2cf2d3d7fba7a9a9d91560bbaea6ce9d4b032d9439bb9ec6a85628c4d0addc3
1844,finish turn button,sprites/DefineSprite_1844_finish turn button/32.png,86,57,6,True,1643,b2cf2d3d7fba7a9a9d91560bbaea6ce9d4b032d9439bb9ec6a85628c4d0addc3
1844,finish turn button,sprites/DefineSprite_1844_finish turn button/33.png,86,57,6,True,1643,b2cf2d3d7fba7a9a9d91560bbaea6ce9d4b032d9439bb9ec6a85628c4d0addc3
1844,finish turn button,sprites/DefineSprite_1844_finish turn button/34.png,86,57,6,True,1643,b2cf2d3d7fba7a9a9d91560bbaea6ce9d4b032d9439bb9ec6a85628c4d0addc3
1844,finish turn button,sprites/DefineSprite_1844_finish turn button/35.png,86,57,6,True,1643,b2cf2d3d7fba7a9a9d91560bbaea6ce9d4b032d9439bb9ec6a85628c4d0addc3
1844,finish turn button,sprites/DefineSprite_1844_finish turn button/36.png,86,57,6,True,1643,b2cf2d3d7fba7a9a9d91560bbaea6ce9d4b032d9439bb9ec6a85628c4d0addc3
1844,finish turn button,sprites/DefineSprite_1844_finish turn button/37.png,86,57,6,True,1643,b2cf2d3d7fba7a9a9d91560bbaea6ce9d4b032d9439bb9ec6a85628c4d0addc3
1844,finish turn button,sprites/DefineSprite_1844_finish turn button/38.png,86,57,6,True,1643,b2cf2d3d7fba7a9a9d91560bbaea6ce9d4b032d9439bb9ec6a85628c4d0addc3
1844,finish turn button,sprites/DefineSprite_1844_finish turn button/4.png,86,57,6,True,1686,193ff92a7f9a3305ba3143749af639cc722e8d36b14a4a3aec89ca8225d64363
1844,finish turn button,sprites/DefineSprite_1844_finish turn button/5.png,86,57,6,True,1686,193ff92a7f9a3305ba3143749af639cc722e8d36b14a4a3aec89ca8225d64363
1844,finish turn button,sprites/DefineSprite_1844_finish turn button/6.png,86,57,6,True,1686,193ff92a7f9a3305ba3143749af639cc722e8d36b14a4a3aec89ca8225d64363
1844,finish turn button,sprites/DefineSprite_1844_finish turn button/7.png,86,57,6,True,1686,193ff92a7f9a3305ba3143749af639cc722e8d36b14a4a3aec89ca8225d64363
1844,finish turn button,sprites/DefineSprite_1844_finish turn button/8.png,86,57,6,True,1686,193ff92a7f9a3305ba3143749af639cc722e8d36b14a4a3aec89ca8225d64363
1844,finish turn button,sprites/DefineSprite_1844_finish turn button/9.png,86,57,6,True,1686,193ff92a7f9a3305ba3143749af639cc722e8d36b14a4a3aec89ca8225d64363
1847,cancel player button red,sprites/DefineSprite_1847_cancel player button red/1.png,20,20,6,True,280,61c2374852524187604080ec385f95a58bb56524806d877c6e74eba1403cff8c
1847,cancel player button red,sprites/DefineSprite_1847_cancel player button red/10.png,20,20,6,True,298,68057744ba0891b72530cf0eea78b9fb9b676af41a6bab7502b60397948e66e8
1847,cancel player button red,sprites/DefineSprite_1847_cancel player button red/11.png,20,20,6,True,298,68057744ba0891b72530cf0eea78b9fb9b676af41a6bab7502b60397948e66e8
1847,cancel player button red,sprites/DefineSprite_1847_cancel player button red/12.png,20,20,6,True,298,68057744ba0891b72530cf0eea78b9fb9b676af41a6bab7502b60397948e66e8
1847,cancel player button red,sprites/DefineSprite_1847_cancel player button red/13.png,20,20,6,True,298,68057744ba0891b72530cf0eea78b9fb9b676af41a6bab7502b60397948e66e8
1847,cancel player button red,sprites/DefineSprite_1847_cancel player button red/14.png,20,20,6,True,298,68057744ba0891b72530cf0eea78b9fb9b676af41a6bab7502b60397948e66e8
1847,cancel player button red,sprites/DefineSprite_1847_cancel player button red/15.png,20,20,6,True,298,68057744ba0891b72530cf0eea78b9fb9b676af41a6bab7502b60397948e66e8
1847,cancel player button red,sprites/DefineSprite_1847_cancel player button red/16.png,20,20,6,True,298,68057744ba0891b72530cf0eea78b9fb9b676af41a6bab7502b60397948e66e8
1847,cancel player button red,sprites/DefineSprite_1847_cancel player button red/17.png,20,20,6,True,298,68057744ba0891b72530cf0eea78b9fb9b676af41a6bab7502b60397948e66e8
1847,cancel player button red,sprites/DefineSprite_1847_cancel player button red/18.png,20,20,6,True,298,68057744ba0891b72530cf0eea78b9fb9b676af41a6bab7502b60397948e66e8
1847,cancel player button red,sprites/DefineSprite_1847_cancel player button red/19.png,20,20,6,True,298,68057744ba0891b72530cf0eea78b9fb9b676af41a6bab7502b60397948e66e8
1847,cancel player button red,sprites/DefineSprite_1847_cancel player button red/2.png,20,20,6,True,280,61c2374852524187604080ec385f95a58bb56524806d877c6e74eba1403cff8c
1847,cancel player button red,sprites/DefineSprite_1847_cancel player button red/3.png,20,20,6,True,280,61c2374852524187604080ec385f95a58bb56524806d877c6e74eba1403cff8c
1847,cancel player button red,sprites/DefineSprite_1847_cancel player button red/4.png,20,20,6,True,280,61c2374852524187604080ec385f95a58bb56524806d877c6e74eba1403cff8c
1847,cancel player button red,sprites/DefineSprite_1847_cancel player button red/5.png,20,20,6,True,280,61c2374852524187604080ec385f95a58bb56524806d877c6e74eba1403cff8c
1847,cancel player button red,sprites/DefineSprite_1847_cancel player button red/6.png,20,20,6,True,280,61c2374852524187604080ec385f95a58bb56524806d877c6e74eba1403cff8c
1847,cancel player button red,sprites/DefineSprite_1847_cancel player button red/7.png,20,20,6,True,280,61c2374852524187604080ec385f95a58bb56524806d877c6e74eba1403cff8c
1847,cancel player button red,sprites/DefineSprite_1847_cancel player button red/8.png,20,20,6,True,280,61c2374852524187604080ec385f95a58bb56524806d877c6e74eba1403cff8c
1847,cancel player button red,sprites/DefineSprite_1847_cancel player button red/9.png,20,20,6,True,280,61c2374852524187604080ec385f95a58bb56524806d877c6e74eba1403cff8c
1850,cancel player button blue,sprites/DefineSprite_1850_cancel player button blue/1.png,20,20,6,True,274,6ff057f23ebfa5ac4aa776d8cd02a406af290d4ea0fef20d4df46592c0cdb95c
1850,cancel player button blue,sprites/DefineSprite_1850_cancel player button blue/10.png,20,20,6,True,289,6fc14cc56e7661f383f52685e1a75151fcff8a77b5e23a1abc859fc99a7b2158
1850,cancel player button blue,sprites/DefineSprite_1850_cancel player button blue/11.png,20,20,6,True,289,6fc14cc56e7661f383f52685e1a75151fcff8a77b5e23a1abc859fc99a7b2158
1850,cancel player button blue,sprites/DefineSprite_1850_cancel player button blue/12.png,20,20,6,True,289,6fc14cc56e7661f383f52685e1a75151fcff8a77b5e23a1abc859fc99a7b2158
1850,cancel player button blue,sprites/DefineSprite_1850_cancel player button blue/13.png,20,20,6,True,289,6fc14cc56e7661f383f52685e1a75151fcff8a77b5e23a1abc859fc99a7b2158
1850,cancel player button blue,sprites/DefineSprite_1850_cancel player button blue/14.png,20,20,6,True,289,6fc14cc56e7661f383f52685e1a75151fcff8a77b5e23a1abc859fc99a7b2158
1850,cancel player button blue,sprites/DefineSprite_1850_cancel player button blue/15.png,20,20,6,True,289,6fc14cc56e7661f383f52685e1a75151fcff8a77b5e23a1abc859fc99a7b2158
1850,cancel player button blue,sprites/DefineSprite_1850_cancel player button blue/16.png,20,20,6,True,289,6fc14cc56e7661f383f52685e1a75151fcff8a77b5e23a1abc859fc99a7b2158
1850,cancel player button blue,sprites/DefineSprite_1850_cancel player button blue/17.png,20,20,6,True,289,6fc14cc56e7661f383f52685e1a75151fcff8a77b5e23a1abc859fc99a7b2158
1850,cancel player button blue,sprites/DefineSprite_1850_cancel player button blue/18.png,20,20,6,True,289,6fc14cc56e7661f383f52685e1a75151fcff8a77b5e23a1abc859fc99a7b2158
1850,cancel player button blue,sprites/DefineSprite_1850_cancel player button blue/19.png,20,20,6,True,289,6fc14cc56e7661f383f52685e1a75151fcff8a77b5e23a1abc859fc99a7b2158
1850,cancel player button blue,sprites/DefineSprite_1850_cancel player button blue/2.png,20,20,6,True,274,6ff057f23ebfa5ac4aa776d8cd02a406af290d4ea0fef20d4df46592c0cdb95c
1850,cancel player button blue,sprites/DefineSprite_1850_cancel player button blue/3.png,20,20,6,True,274,6ff057f23ebfa5ac4aa776d8cd02a406af290d4ea0fef20d4df46592c0cdb95c
1850,cancel player button blue,sprites/DefineSprite_1850_cancel player button blue/4.png,20,20,6,True,274,6ff057f23ebfa5ac4aa776d8cd02a406af290d4ea0fef20d4df46592c0cdb95c
1850,cancel player button blue,sprites/DefineSprite_1850_cancel player button blue/5.png,20,20,6,True,274,6ff057f23ebfa5ac4aa776d8cd02a406af290d4ea0fef20d4df46592c0cdb95c
1850,cancel player button blue,sprites/DefineSprite_1850_cancel player button blue/6.png,20,20,6,True,274,6ff057f23ebfa5ac4aa776d8cd02a406af290d4ea0fef20d4df46592c0cdb95c
1850,cancel player button blue,sprites/DefineSprite_1850_cancel player button blue/7.png,20,20,6,True,274,6ff057f23ebfa5ac4aa776d8cd02a406af290d4ea0fef20d4df46592c0cdb95c
1850,cancel player button blue,sprites/DefineSprite_1850_cancel player button blue/8.png,20,20,6,True,274,6ff057f23ebfa5ac4aa776d8cd02a406af290d4ea0fef20d4df46592c0cdb95c
1850,cancel player button blue,sprites/DefineSprite_1850_cancel player button blue/9.png,20,20,6,True,274,6ff057f23ebfa5ac4aa776d8cd02a406af290d4ea0fef20d4df46592c0cdb95c
1855,weapon select,sprites/DefineSprite_1855_weapon select/1.png,613,320,6,True,8301,1bc6c8372b8478ebefce16c47dfc0bd28954d505c6c1c4d02e5987aa45b759a8
1855,weapon select,sprites/DefineSprite_1855_weapon select/10.png,613,320,6,True,11963,246969a8a1f9bba9e2b65a9a9b04e1a3009b269f4eb538ce6f7833c4d91cfac8
1855,weapon select,sprites/DefineSprite_1855_weapon select/11.png,613,320,6,True,9613,a663dc06cf31f6c681d4825ad5f91efec5b77ae951379f22e2f3b108b89b8716
1855,weapon select,sprites/DefineSprite_1855_weapon select/12.png,613,320,6,True,20375,c235832f17e16bafc2b5f80c418783e3c72dd6f2297566f9b6dac7222ed8fffd
1855,weapon select,sprites/DefineSprite_1855_weapon select/13.png,613,320,6,True,9613,a663dc06cf31f6c681d4825ad5f91efec5b77ae951379f22e2f3b108b89b8716
1855,weapon select,sprites/DefineSprite_1855_weapon select/14.png,613,320,6,True,20375,c235832f17e16bafc2b5f80c418783e3c72dd6f2297566f9b6dac7222ed8fffd
1855,weapon select,sprites/DefineSprite_1855_weapon select/15.png,613,320,6,True,9613,a663dc06cf31f6c681d4825ad5f91efec5b77ae951379f22e2f3b108b89b8716
1855,weapon select,sprites/DefineSprite_1855_weapon select/16.png,613,320,6,True,20375,c235832f17e16bafc2b5f80c418783e3c72dd6f2297566f9b6dac7222ed8fffd
1855,weapon select,sprites/DefineSprite_1855_weapon select/17.png,613,320,6,True,9613,a663dc06cf31f6c681d4825ad5f91efec5b77ae951379f22e2f3b108b89b8716
1855,weapon select,sprites/DefineSprite_1855_weapon select/18.png,613,320,6,True,20375,c235832f17e16bafc2b5f80c418783e3c72dd6f2297566f9b6dac7222ed8fffd
1855,weapon select,sprites/DefineSprite_1855_weapon select/19.png,613,320,6,True,9625,9954f155c892d7361d8ed1c2558301011d30e45eb90f8e5be79ce361509f9f2f
1855,weapon select,sprites/DefineSprite_1855_weapon select/2.png,613,320,6,True,11764,d9b7adaabe71b8411ed1a282689f77ebe6389388b699352d619110ae3266a41d
1855,weapon select,sprites/DefineSprite_1855_weapon select/20.png,613,320,6,True,20476,c3e15bf2f35bbd3e9a001f79611859de1e7c2d3145e1990a283df01ec7bf1b9a
1855,weapon select,sprites/DefineSprite_1855_weapon select/3.png,613,320,6,True,8301,1bc6c8372b8478ebefce16c47dfc0bd28954d505c6c1c4d02e5987aa45b759a8
1855,weapon select,sprites/DefineSprite_1855_weapon select/4.png,613,320,6,True,11764,d9b7adaabe71b8411ed1a282689f77ebe6389388b699352d619110ae3266a41d
1855,weapon select,sprites/DefineSprite_1855_weapon select/5.png,613,320,6,True,8301,1bc6c8372b8478ebefce16c47dfc0bd28954d505c6c1c4d02e5987aa45b759a8
1855,weapon select,sprites/DefineSprite_1855_weapon select/6.png,613,320,6,True,11764,d9b7adaabe71b8411ed1a282689f77ebe6389388b699352d619110ae3266a41d
1855,weapon select,sprites/DefineSprite_1855_weapon select/7.png,613,320,6,True,8301,1bc6c8372b8478ebefce16c47dfc0bd28954d505c6c1c4d02e5987aa45b759a8
1855,weapon select,sprites/DefineSprite_1855_weapon select/8.png,613,320,6,True,11764,d9b7adaabe71b8411ed1a282689f77ebe6389388b699352d619110ae3266a41d
1855,weapon select,sprites/DefineSprite_1855_weapon select/9.png,613,320,6,True,8301,1bc6c8372b8478ebefce16c47dfc0bd28954d505c6c1c4d02e5987aa45b759a8
1858,pin,sprites/DefineSprite_1858_pin/1.png,8,8,6,True,117,627dbcfc5dbd6f1a691069b09f743780520ddce735811fd816274f5b610459d5
186,,sprites/DefineSprite_186/1.png,550,400,6,True,1838,f3ff2f8c0aec348628a21ac0f00cf25df471b9cbc250509f38dca181ef813e7c
1864,health,sprites/DefineSprite_1864_health/1.png,30,6,6,True,104,07715c1b4bd6ed017430c57d8ac728cbf5b9f43495a1fd16cb3589ae9e09849a
1864,health,sprites/DefineSprite_1864_health/10.png,30,6,6,True,118,e34c6a153c37e2cbea7f927d151355f2083dc65af519060ca69b1835aff7bb14
1864,health,sprites/DefineSprite_1864_health/11.png,30,6,6,True,118,b6eca35b185344dc864a8685ef4cdbbf31e8c89000bf30f7363c13a823631dd6
1864,health,sprites/DefineSprite_1864_health/12.png,30,6,6,True,116,a86417f6f1c24e1b2e1a1ea16ef9caede2173672400cbe69aaabfc103c234619
1864,health,sprites/DefineSprite_1864_health/13.png,30,6,6,True,116,420c0fa162e6e32f210aa915663b15b12e5daaebf040d713359852314bc45177
1864,health,sprites/DefineSprite_1864_health/14.png,30,6,6,True,116,044f4447fb0c8410948ed4de95a16396210531b914d3bafbea61abf994e35e27
1864,health,sprites/DefineSprite_1864_health/15.png,30,6,6,True,116,d0ed6ba9ac725036d210f872314d612b1f06d0984cd0d437d54bd8a20d110428
1864,health,sprites/DefineSprite_1864_health/16.png,30,6,6,True,116,e0367e65a1052d1408417d929e0e64a6fcfb8010b436ced681d0acc461205891
1864,health,sprites/DefineSprite_1864_health/17.png,30,6,6,True,117,0bab74694d4200b9dfc1e457a259f331c8307c879dafcf1804decdfc82f304d4
1864,health,sprites/DefineSprite_1864_health/18.png,30,6,6,True,118,dce7d254f9b1b8a1b985f497d6192a20175d476f4a873222821cdb14cf143e3c
1864,health,sprites/DefineSprite_1864_health/19.png,30,6,6,True,118,c8f3ae864444fe0dc2bedec756fc781d001fc076b4b62464ed2a469168557432
1864,health,sprites/DefineSprite_1864_health/2.png,30,6,6,True,107,c6b74f6410de676c43beabe1c28d6408a33a0701d1c047953f493cd909cb7ad3
1864,health,sprites/DefineSprite_1864_health/20.png,30,6,6,True,118,de9560fee960ac1b4b042d645033a3bee5376107ac0d779788bd6f115f37b55c
1864,health,sprites/DefineSprite_1864_health/21.png,30,6,6,True,118,737ca7135423cb8cc944aabbfe967c994da3afcc26fdf37617b76fa4cf24c040
1864,health,sprites/DefineSprite_1864_health/22.png,30,6,6,True,118,6157783f8a1ddb4189b0546b0a6064a5bebefd2f69e01b15a75b0c847c5bed7e
1864,health,sprites/DefineSprite_1864_health/23.png,30,6,6,True,118,f1e7b141e63b5a64ea8bcbb569784212bd18115056c63e7eb1a13b2df97b1b2d
1864,health,sprites/DefineSprite_1864_health/24.png,30,6,6,True,117,923b7518f973da9fe4c951b9bd03c97426fda7948f0e6c3baea1c634c4c4f0b5
1864,health,sprites/DefineSprite_1864_health/25.png,30,6,6,True,116,6d276fd0d9354690675aaca13e13ad0f3f5a24847ee076aa00d2d6962817e6fa
1864,health,sprites/DefineSprite_1864_health/26.png,30,6,6,True,114,552548cdc91090deb93b413baf7b0a8702515479a97583f45c824efe0927c6bc
1864,health,sprites/DefineSprite_1864_health/27.png,30,6,6,True,107,c24ca2e725c4128d732db385da0769d7623694ec2930973a7117fec3de4ae30d
1864,health,sprites/DefineSprite_1864_health/28.png,30,6,6,True,104,8bdbaf2a4151de0eb2b3cb069c296d58960632edc5d3364d950b8d4913df634a
1864,health,sprites/DefineSprite_1864_health/3.png,30,6,6,True,109,90819379827d4969dff0421527f8ca1214d1b24db31c2b7cb36032b4cf910818
1864,health,sprites/DefineSprite_1864_health/4.png,30,6,6,True,117,9a87fb673372d9d5edfb219ba1d229f0d48ee55629f0e7d90671b06137dfd218
1864,health,sprites/DefineSprite_1864_health/5.png,30,6,6,True,117,23617549016c63fb3ace153765f0ff0888c0b282d36c0aedd22cc91f39670758
1864,health,sprites/DefineSprite_1864_health/6.png,30,6,6,True,118,3e1a1ba35c3a5258beccd2c8cc9751785dbb544b9e7b4addc0ab8d8f994c1885
1864,health,sprites/DefineSprite_1864_health/7.png,30,6,6,True,118,8f8d9f220cee39b32da00c59fc9d76db7e088d88040fc73d64034bfdeecb1f22
1864,health,sprites/DefineSprite_1864_health/8.png,30,6,6,True,118,d03358dbae7e9b65627cea57be714e9ec8eeb027a897e057f5bb50059e91f634
1864,health,sprites/DefineSprite_1864_health/9.png,30,6,6,True,118,c90f14bab37a7d60666f662311bd169f40da9005e7c18841340e4d4e6b45e8b7
1866,,sprites/DefineSprite_1866/1.png,28,26,6,True,169,a7d43ff68575bed1b6692d78f7f2b151bd3492d047fe01d2d766776d69c77c83
1869,,sprites/DefineSprite_1869/1.png,16,25,6,True,253,74a1302ef6a57529f602579b7d610c043475bb5ec270043b6b8e8c718708337e
1869,,sprites/DefineSprite_1869/10.png,16,25,6,True,252,3687eb9cb0b7e393048ba3a24157fc417ef478293fc54c50dead345002213728
1869,,sprites/DefineSprite_1869/11.png,16,25,6,True,252,3687eb9cb0b7e393048ba3a24157fc417ef478293fc54c50dead345002213728
1869,,sprites/DefineSprite_1869/12.png,16,25,6,True,250,03821c6455d09becf18228064a176a9969190b26bd5cf2fe6e3dadcb0400b3ae
1869,,sprites/DefineSprite_1869/13.png,16,25,6,True,250,03821c6455d09becf18228064a176a9969190b26bd5cf2fe6e3dadcb0400b3ae
1869,,sprites/DefineSprite_1869/14.png,16,25,6,True,250,03821c6455d09becf18228064a176a9969190b26bd5cf2fe6e3dadcb0400b3ae
1869,,sprites/DefineSprite_1869/15.png,16,25,6,True,250,03821c6455d09becf18228064a176a9969190b26bd5cf2fe6e3dadcb0400b3ae
1869,,sprites/DefineSprite_1869/16.png,16,25,6,True,250,03821c6455d09becf18228064a176a9969190b26bd5cf2fe6e3dadcb0400b3ae
1869,,sprites/DefineSprite_1869/17.png,16,25,6,True,250,03821c6455d09becf18228064a176a9969190b26bd5cf2fe6e3dadcb0400b3ae
1869,,sprites/DefineSprite_1869/18.png,16,25,6,True,250,03821c6455d09becf18228064a176a9969190b26bd5cf2fe6e3dadcb0400b3ae
1869,,sprites/DefineSprite_1869/19.png,16,25,6,True,250,03821c6455d09becf18228064a176a9969190b26bd5cf2fe6e3dadcb0400b3ae
1869,,sprites/DefineSprite_1869/2.png,16,25,6,True,253,74a1302ef6a57529f602579b7d610c043475bb5ec270043b6b8e8c718708337e
1869,,sprites/DefineSprite_1869/20.png,16,25,6,True,252,3687eb9cb0b7e393048ba3a24157fc417ef478293fc54c50dead345002213728
1869,,sprites/DefineSprite_1869/21.png,16,25,6,True,252,3687eb9cb0b7e393048ba3a24157fc417ef478293fc54c50dead345002213728
1869,,sprites/DefineSprite_1869/22.png,16,25,6,True,252,3687eb9cb0b7e393048ba3a24157fc417ef478293fc54c50dead345002213728
1869,,sprites/DefineSprite_1869/3.png,16,25,6,True,253,74a1302ef6a57529f602579b7d610c043475bb5ec270043b6b8e8c718708337e
1869,,sprites/DefineSprite_1869/4.png,16,25,6,True,253,74a1302ef6a57529f602579b7d610c043475bb5ec270043b6b8e8c718708337e
1869,,sprites/DefineSprite_1869/5.png,16,25,6,True,253,74a1302ef6a57529f602579b7d610c043475bb5ec270043b6b8e8c718708337e
1869,,sprites/DefineSprite_1869/6.png,16,25,6,True,253,74a1302ef6a57529f602579b7d610c043475bb5ec270043b6b8e8c718708337e
1869,,sprites/DefineSprite_1869/7.png,16,25,6,True,253,74a1302ef6a57529f602579b7d610c043475bb5ec270043b6b8e8c718708337e
1869,,sprites/DefineSprite_1869/8.png,16,25,6,True,253,74a1302ef6a57529f602579b7d610c043475bb5ec270043b6b8e8c718708337e
1869,,sprites/DefineSprite_1869/9.png,16,25,6,True,252,3687eb9cb0b7e393048ba3a24157fc417ef478293fc54c50dead345002213728
187,,sprites/DefineSprite_187/1.png,1918,760,6,True,59110,ffc25b58768de1e83c2979432003958aae6874c1b816f97fc7c2569f080b8473
1872,,sprites/DefineSprite_1872/1.png,41,42,6,True,470,0a37bbba519219db2b794568f3332bd7db36ae3759a8281b072091d859e9b713
1877,,sprites/DefineSprite_1877/1.png,30,6,6,True,104,07715c1b4bd6ed017430c57d8ac728cbf5b9f43495a1fd16cb3589ae9e09849a
1877,,sprites/DefineSprite_1877/10.png,30,6,6,True,117,920d42002298ab0bde8ac5a8eb04558db948ca0190c7880006292b5e7aa97704
1877,,sprites/DefineSprite_1877/11.png,30,6,6,True,117,4bb5f7441f9604044f7030203087f0a69e2828578576c6d4eeebe67a71f46500
1877,,sprites/DefineSprite_1877/12.png,30,6,6,True,115,9f9c58aa0b4cbcd7dc4817be12a01898ee1f0ddf5fa6cb0de9f584b9b59c3215
1877,,sprites/DefineSprite_1877/13.png,30,6,6,True,121,80415daa4a9eb5f019472518d4fd9a3b21953f3dd6d4cc254b2d06e1a85d14f1
1877,,sprites/DefineSprite_1877/14.png,30,6,6,True,117,3ed9c8bb58054df93880b9548a20f6e6985a6765523046a6ef278de7248f0802
1877,,sprites/DefineSprite_1877/15.png,30,6,6,True,118,3996da63fb2804cb3f74fdcd9843993357c31ed7c0410fe3ac37d26ca5ddce5d
1877,,sprites/DefineSprite_1877/16.png,30,6,6,True,118,880281bba01503074b3e24fc58516e9e5a886176c8b99abd792d25f17de363c1
1877,,sprites/DefineSprite_1877/17.png,30,6,6,True,118,3b075ed732374c6f1eb60b475af4a1e3f107293c7354f4823c156590e1f2182d
1877,,sprites/DefineSprite_1877/18.png,30,6,6,True,119,fb8317fdfcba074ebde9375245eea954f75c0f7637d68594d79a71f4d45af640
1877,,sprites/DefineSprite_1877/19.png,30,6,6,True,119,db34943e964117abf8224d044a0d58b74d8cc6aef459e0ba2781f697ca5df220
1877,,sprites/DefineSprite_1877/2.png,30,6,6,True,110,6ef5b56163671ca06a9a015da86adc90710001807eae46d4c64fce2adbe06ed7
1877,,sprites/DefineSprite_1877/20.png,30,6,6,True,119,2b70a47333f98f659cf1d778eff6bbdef3a9cd1f2d2a1041f89453291f427e3f
1877,,sprites/DefineSprite_1877/21.png,30,6,6,True,119,11568d3afa465a089ff02e79726385d1eaa7f72f6328e2a00e2f58468e7da909
1877,,sprites/DefineSprite_1877/22.png,30,6,6,True,118,4b6fadd4fa59cbae765a17956876506185dacf99e00d6dabc4110df8a752bfca
1877,,sprites/DefineSprite_1877/23.png,30,6,6,True,119,6aacf8bf5c1dc45697fd1f0777e871b2a0aece579d32f4aa35fafd65c1486cb4
1877,,sprites/DefineSprite_1877/24.png,30,6,6,True,118,f2b519083e0001bb71f67ca5eb8fcfa2b157892f743e9821d57c01af13713c71
1877,,sprites/DefineSprite_1877/25.png,30,6,6,True,118,f73c722d8c419ccaebf80118c41c7857cfcc1ac572b934fa8f14c746079d1df7
1877,,sprites/DefineSprite_1877/26.png,30,6,6,True,119,d2e2d8e14f8ad799eb379de6ea2353ac445791ac132aba2038648e14e5bb7746
1877,,sprites/DefineSprite_1877/27.png,30,6,6,True,103,26ab19ac2812b6f516117e6096712a1bc3d76716a0f1fd3212bd21cf2d1b29cb
1877,,sprites/DefineSprite_1877/28.png,30,6,6,True,99,10e8f01456fd2f9f9e7039f6f600630177e683892d18debeb7500614cb8e0e7d
1877,,sprites/DefineSprite_1877/3.png,30,6,6,True,109,47e28672b92cca63f340ed58cdd5c1294e244e2e18d346b757c0c5e1eb9e16bc
1877,,sprites/DefineSprite_1877/4.png,30,6,6,True,116,d7ef4b06576ac3b4aa856c4974e41db7056df66e7c859570c7b94b8e0b719d31
1877,,sprites/DefineSprite_1877/5.png,30,6,6,True,116,26943dbe49d23b55180ca2966825e69c8b34fb8f925665d785a0c7c767472b07
1877,,sprites/DefineSprite_1877/6.png,30,6,6,True,117,8c5af1ba5c6d92daab80712453fb949038d7b24578d09da78c84c8fbcf8ec7d3
1877,,sprites/DefineSprite_1877/7.png,30,6,6,True,117,4fd1e403f55d89632bc4b0faf9e106fcb4c7a07a39a35d88a7deac0308a5a418
1877,,sprites/DefineSprite_1877/8.png,30,6,6,True,117,03f5580dd8e3168c322094c10143ad2bd93fe1c8e2d99bac0cbeed6f5f57a52a
1877,,sprites/DefineSprite_1877/9.png,30,6,6,True,117,1e69f3de14a249d7d0e15a381cdc00eb96982c37a90e08e7dc51470eacc47fed
1880,,sprites/DefineSprite_1880/1.png,16,25,6,True,266,c67e96ea1802177bddb00bc14016eddcd45bbd7c004701670ab1dc333d349628
1880,,sprites/DefineSprite_1880/10.png,16,25,6,True,262,31a9334f5128d60e058721a21e2a137af015a98ae89224a96b2c3f8bcc7848e3
1880,,sprites/DefineSprite_1880/11.png,16,25,6,True,262,31a9334f5128d60e058721a21e2a137af015a98ae89224a96b2c3f8bcc7848e3
1880,,sprites/DefineSprite_1880/12.png,16,25,6,True,261,82b45ae4be921fd453413bf61eacd7ad5d77e66e6fb83a91607d95a9b0b1f8de
1880,,sprites/DefineSprite_1880/13.png,16,25,6,True,261,82b45ae4be921fd453413bf61eacd7ad5d77e66e6fb83a91607d95a9b0b1f8de
1880,,sprites/DefineSprite_1880/14.png,16,25,6,True,261,82b45ae4be921fd453413bf61eacd7ad5d77e66e6fb83a91607d95a9b0b1f8de
1880,,sprites/DefineSprite_1880/15.png,16,25,6,True,261,82b45ae4be921fd453413bf61eacd7ad5d77e66e6fb83a91607d95a9b0b1f8de
1880,,sprites/DefineSprite_1880/16.png,16,25,6,True,261,82b45ae4be921fd453413bf61eacd7ad5d77e66e6fb83a91607d95a9b0b1f8de
1880,,sprites/DefineSprite_1880/17.png,16,25,6,True,261,82b45ae4be921fd453413bf61eacd7ad5d77e66e6fb83a91607d95a9b0b1f8de
1880,,sprites/DefineSprite_1880/18.png,16,25,6,True,261,82b45ae4be921fd453413bf61eacd7ad5d77e66e6fb83a91607d95a9b0b1f8de
1880,,sprites/DefineSprite_1880/19.png,16,25,6,True,261,82b45ae4be921fd453413bf61eacd7ad5d77e66e6fb83a91607d95a9b0b1f8de
1880,,sprites/DefineSprite_1880/2.png,16,25,6,True,266,c67e96ea1802177bddb00bc14016eddcd45bbd7c004701670ab1dc333d349628
1880,,sprites/DefineSprite_1880/20.png,16,25,6,True,262,31a9334f5128d60e058721a21e2a137af015a98ae89224a96b2c3f8bcc7848e3
1880,,sprites/DefineSprite_1880/21.png,16,25,6,True,262,31a9334f5128d60e058721a21e2a137af015a98ae89224a96b2c3f8bcc7848e3
1880,,sprites/DefineSprite_1880/22.png,16,25,6,True,262,31a9334f5128d60e058721a21e2a137af015a98ae89224a96b2c3f8bcc7848e3
1880,,sprites/DefineSprite_1880/3.png,16,25,6,True,266,c67e96ea1802177bddb00bc14016eddcd45bbd7c004701670ab1dc333d349628
1880,,sprites/DefineSprite_1880/4.png,16,25,6,True,266,c67e96ea1802177bddb00bc14016eddcd45bbd7c004701670ab1dc333d349628
1880,,sprites/DefineSprite_1880/5.png,16,25,6,True,266,c67e96ea1802177bddb00bc14016eddcd45bbd7c004701670ab1dc333d349628
1880,,sprites/DefineSprite_1880/6.png,16,25,6,True,266,c67e96ea1802177bddb00bc14016eddcd45bbd7c004701670ab1dc333d349628
1880,,sprites/DefineSprite_1880/7.png,16,25,6,True,266,c67e96ea1802177bddb00bc14016eddcd45bbd7c004701670ab1dc333d349628
1880,,sprites/DefineSprite_1880/8.png,16,25,6,True,266,c67e96ea1802177bddb00bc14016eddcd45bbd7c004701670ab1dc333d349628
1880,,sprites/DefineSprite_1880/9.png,16,25,6,True,262,31a9334f5128d60e058721a21e2a137af015a98ae89224a96b2c3f8bcc7848e3
1883,,sprites/DefineSprite_1883/1.png,24,25,6,True,304,4db4a9d5ed440c9e522d6c0f183bc35d1aea7ad39bf0221011d38cb00dce2f3c
1883,,sprites/DefineSprite_1883/10.png,24,25,6,True,303,0c72a0124d126effd637cddba5b82fa4c1de18e91876cb2e75f762df8a040f00
1883,,sprites/DefineSprite_1883/11.png,24,25,6,True,303,0c72a0124d126effd637cddba5b82fa4c1de18e91876cb2e75f762df8a040f00
1883,,sprites/DefineSprite_1883/12.png,24,25,6,True,301,16e931ebd057301b88456487406e4b9129986783bf72fba980ae0d7f9e91f05e
1883,,sprites/DefineSprite_1883/13.png,24,25,6,True,301,16e931ebd057301b88456487406e4b9129986783bf72fba980ae0d7f9e91f05e
1883,,sprites/DefineSprite_1883/14.png,24,25,6,True,301,16e931ebd057301b88456487406e4b9129986783bf72fba980ae0d7f9e91f05e
1883,,sprites/DefineSprite_1883/15.png,24,25,6,True,301,16e931ebd057301b88456487406e4b9129986783bf72fba980ae0d7f9e91f05e
1883,,sprites/DefineSprite_1883/16.png,24,25,6,True,301,16e931ebd057301b88456487406e4b9129986783bf72fba980ae0d7f9e91f05e
1883,,sprites/DefineSprite_1883/17.png,24,25,6,True,301,16e931ebd057301b88456487406e4b9129986783bf72fba980ae0d7f9e91f05e
1883,,sprites/DefineSprite_1883/18.png,24,25,6,True,301,16e931ebd057301b88456487406e4b9129986783bf72fba980ae0d7f9e91f05e
1883,,sprites/DefineSprite_1883/19.png,24,25,6,True,301,16e931ebd057301b88456487406e4b9129986783bf72fba980ae0d7f9e91f05e
1883,,sprites/DefineSprite_1883/2.png,24,25,6,True,304,4db4a9d5ed440c9e522d6c0f183bc35d1aea7ad39bf0221011d38cb00dce2f3c
1883,,sprites/DefineSprite_1883/20.png,24,25,6,True,303,0c72a0124d126effd637cddba5b82fa4c1de18e91876cb2e75f762df8a040f00
1883,,sprites/DefineSprite_1883/21.png,24,25,6,True,303,0c72a0124d126effd637cddba5b82fa4c1de18e91876cb2e75f762df8a040f00
1883,,sprites/DefineSprite_1883/22.png,24,25,6,True,303,0c72a0124d126effd637cddba5b82fa4c1de18e91876cb2e75f762df8a040f00
1883,,sprites/DefineSprite_1883/3.png,24,25,6,True,304,4db4a9d5ed440c9e522d6c0f183bc35d1aea7ad39bf0221011d38cb00dce2f3c
1883,,sprites/DefineSprite_1883/4.png,24,25,6,True,304,4db4a9d5ed440c9e522d6c0f183bc35d1aea7ad39bf0221011d38cb00dce2f3c
1883,,sprites/DefineSprite_1883/5.png,24,25,6,True,304,4db4a9d5ed440c9e522d6c0f183bc35d1aea7ad39bf0221011d38cb00dce2f3c
1883,,sprites/DefineSprite_1883/6.png,24,25,6,True,304,4db4a9d5ed440c9e522d6c0f183bc35d1aea7ad39bf0221011d38cb00dce2f3c
1883,,sprites/DefineSprite_1883/7.png,24,25,6,True,304,4db4a9d5ed440c9e522d6c0f183bc35d1aea7ad39bf0221011d38cb00dce2f3c
1883,,sprites/DefineSprite_1883/8.png,24,25,6,True,304,4db4a9d5ed440c9e522d6c0f183bc35d1aea7ad39bf0221011d38cb00dce2f3c
1883,,sprites/DefineSprite_1883/9.png,24,25,6,True,303,0c72a0124d126effd637cddba5b82fa4c1de18e91876cb2e75f762df8a040f00
1884,characterOverlay,sprites/DefineSprite_1884_characterOverlay/1.png,41,81,6,True,885,8cd4319e44764bff49793f8c7e0810492577bee2f25d15771bf2de208a427eb5
1884,characterOverlay,sprites/DefineSprite_1884_characterOverlay/10.png,41,81,6,True,904,98b9df59fead8b8cd56d8fd14fb33b1522f51276885b9c37ef39c1da61e3bc8b
1884,characterOverlay,sprites/DefineSprite_1884_characterOverlay/11.png,41,81,6,True,902,c5e79eb27a165362484e67fa07d8bcbad904b59bc5319dc00696e7e375a4a2da
1884,characterOverlay,sprites/DefineSprite_1884_characterOverlay/12.png,41,81,6,True,912,1b2ee637b91444926b1b3249e8abef9dccb0c126bc001b349a008db41c7a35c0
1884,characterOverlay,sprites/DefineSprite_1884_characterOverlay/13.png,41,81,6,True,910,e6bca66468c53d6aa7f176ca84ac2384baac3bde6ee548535f32be65f7db0c96
1884,characterOverlay,sprites/DefineSprite_1884_characterOverlay/14.png,41,81,6,True,918,e4ae42aa0e0ab2b55658a10ba08baacf18ca0ed323b2eacaa89a51d589a3ff11
1884,characterOverlay,sprites/DefineSprite_1884_characterOverlay/15.png,41,81,6,True,918,2156710ccb8fcb0fc09dba2437e341fa60e11e1b609d69e5909aaf2655bdcaaa
1884,characterOverlay,sprites/DefineSprite_1884_characterOverlay/16.png,41,81,6,True,917,84d4d5644ae1436c257fed20a7e85311d3f1db20ac5b04f742a585b734a1a174
1884,characterOverlay,sprites/DefineSprite_1884_characterOverlay/17.png,41,81,6,True,917,c8272a49e9dd620583384ec9f01f4cd3364bbdaa2e1f4bd4b31f1ce6fd0c338c
1884,characterOverlay,sprites/DefineSprite_1884_characterOverlay/18.png,41,81,6,True,917,41162521330f49ddde9ec8c9d03b5328691549d4b793547ea83e42898baeaef3
1884,characterOverlay,sprites/DefineSprite_1884_characterOverlay/19.png,41,81,6,True,917,51b05119cc0ac1287d2958d1ee0bf843465c29b5f54d604bd307942774552098
1884,characterOverlay,sprites/DefineSprite_1884_characterOverlay/2.png,41,81,6,True,892,0f7ce18c9a5d3387df0c0ed8940de7d35939cf4378dbff02bb8663d9aaf0d7b9
1884,characterOverlay,sprites/DefineSprite_1884_characterOverlay/20.png,41,81,6,True,928,448f3d58d2c35eb9d5bf6d7c38f7728cb91b13a80afe64830cf67bc4d6c3d146
1884,characterOverlay,sprites/DefineSprite_1884_characterOverlay/21.png,41,81,6,True,951,2d6a697629078bda2f6b3a1dda687e68772fec112d043a5a854c25170f9deb84
1884,characterOverlay,sprites/DefineSprite_1884_characterOverlay/22.png,41,81,6,True,947,263b9a6a5f872a1ebd11c51957fae350a2fb7f391d9e41038d667074c2d69280
1884,characterOverlay,sprites/DefineSprite_1884_characterOverlay/23.png,41,81,6,True,947,263b9a6a5f872a1ebd11c51957fae350a2fb7f391d9e41038d667074c2d69280
1884,characterOverlay,sprites/DefineSprite_1884_characterOverlay/24.png,41,81,6,True,947,263b9a6a5f872a1ebd11c51957fae350a2fb7f391d9e41038d667074c2d69280
1884,characterOverlay,sprites/DefineSprite_1884_characterOverlay/25.png,41,81,6,True,947,263b9a6a5f872a1ebd11c51957fae350a2fb7f391d9e41038d667074c2d69280
1884,characterOverlay,sprites/DefineSprite_1884_characterOverlay/26.png,41,81,6,True,947,263b9a6a5f872a1ebd11c51957fae350a2fb7f391d9e41038d667074c2d69280
1884,characterOverlay,sprites/DefineSprite_1884_characterOverlay/27.png,41,81,6,True,951,be322f8a19a39c66b3c23a77ce51801d824ef09c41b2d7661d893ea466c4f242
1884,characterOverlay,sprites/DefineSprite_1884_characterOverlay/28.png,41,81,6,True,952,312e5290c6fe7404b3ec997da3cd8e09a579584bb794cb8a07b0179465c04a44
1884,characterOverlay,sprites/DefineSprite_1884_characterOverlay/29.png,41,81,6,True,949,e77d065e6ff213a19be1480825d66d9e2d6aa224f2fe8118d95caec698e4f5e3
1884,characterOverlay,sprites/DefineSprite_1884_characterOverlay/3.png,41,81,6,True,892,650efcbe092940df70f14778ac9af32e5d693a82e333779b918ec92454653585
1884,characterOverlay,sprites/DefineSprite_1884_characterOverlay/30.png,41,81,6,True,938,09530d935038127bb828b1c910b28ee767feb304a886c1d581f12411ba8ebe28
1884,characterOverlay,sprites/DefineSprite_1884_characterOverlay/4.png,41,81,6,True,895,075c99d7aca168d466c536438c8d0576addb58b5143ad2a83752d718a28550fe
1884,characterOverlay,sprites/DefineSprite_1884_characterOverlay/5.png,41,81,6,True,896,dc3aa6cd4be37fe0938e4791d11d181e4731377e4f1057a443a5a5688723fb3d
1884,characterOverlay,sprites/DefineSprite_1884_characterOverlay/6.png,41,81,6,True,895,cdf2abd1ea011deae05f5679e0d0bd594e0873aec4581c1f051372351a9d9781
1884,characterOverlay,sprites/DefineSprite_1884_characterOverlay/7.png,41,81,6,True,894,9de03406ca5f64917759c53ed23ce17a80867ab49e47ff15928b02c431d04ea9
1884,characterOverlay,sprites/DefineSprite_1884_characterOverlay/8.png,41,81,6,True,893,3a826e25764c4112a6dfe87c5a49af423a9ac7b080834ebb36dc36e4f9d1df10
1884,characterOverlay,sprites/DefineSprite_1884_characterOverlay/9.png,41,81,6,True,891,211a6944d783f6d3e038ac7b949f38a9f90f648a198b91d956aadfd41f3ec477
1886,,sprites/DefineSprite_1886/1.png,4,4,6,True,83,42d7b2e52eef638a7145c1d403780c10f158d1be9dd3eaf11904b55d68ebd5b4
1888,,sprites/DefineSprite_1888/1.png,4,1,6,True,78,e94a8890733872d90279c0557149a4adac4a4e6e4b261220ef543a957b5a2306
1890,,sprites/DefineSprite_1890/1.png,1,4,6,True,73,be7885cb50c2142b82c0ee9f17042ead2367b40770807ebda5d76545175abe59
1892,,sprites/DefineSprite_1892/1.png,1,4,6,True,75,d06f6c703a2854383348165cf9c9ecbc6938f326365eae71630386ddc5c344c6
1894,,sprites/DefineSprite_1894/1.png,4,1,6,True,78,4c88742b2f154bb76d554c3caf70cc83819f780e1f8001795bbf5267d17a3cad
1895,map,sprites/DefineSprite_1895_map/1.png,26,23,6,True,179,a5957993529de804a16aa3fa064c6bb317845a43284801e1ae4678d4004fee9e
1896,ingame text area,sprites/DefineSprite_1896_ingame text area/1.png,375,158,6,True,469,0c010c6e2920553b604be77aaa1ebf808d8156b50c0684a01fa1edb974806a06
1898,dottedLine,sprites/DefineSprite_1898_dottedLine/1.png,636,2,6,True,119,b3f5e5a2d482d658ddfc732cf26276534d8acfc821e084d95d618ceed5f721a9
18,text_2,sprites/DefineSprite_18_text_2/1.png,8,11,6,True,115,b8f55ecfa0d1c2c9509fd15231f1d3af9d87c3dc92ca76f8431ee4def3f36e6c
190,,sprites/DefineSprite_190/1.png,1024,384,6,True,5858,5519794fdd49e266c14d080bcec59490537c059f5750e81d21e96f050aee1604
1900,rangeCircle,sprites/DefineSprite_1900_rangeCircle/1.png,365,365,6,True,13933,ba056906fca2e53c1c413a3ea6ef7fd102d9a413145700a6313ae8e0b619d600
1901,boat_ripple_4,sprites/DefineSprite_1901_boat_ripple_4/1.png,33,32,6,True,361,f660195cf2fb72a71c5d1d8458e083fd44c2e90bc01235a6d43687c782b32c21
1901,boat_ripple_4,sprites/DefineSprite_1901_boat_ripple_4/10.png,33,32,6,True,365,2c36171ed96ef49e43d61b377675cd6ae88fb881d4a27a1cb0f3d719a1bd9911
1901,boat_ripple_4,sprites/DefineSprite_1901_boat_ripple_4/11.png,33,32,6,True,371,4c7896b57426aa3de9ac53ce548cf9bce0feb9808bd005d55bb2e81ee9a0cbb9
1901,boat_ripple_4,sprites/DefineSprite_1901_boat_ripple_4/12.png,33,32,6,True,371,4c7896b57426aa3de9ac53ce548cf9bce0feb9808bd005d55bb2e81ee9a0cbb9
1901,boat_ripple_4,sprites/DefineSprite_1901_boat_ripple_4/13.png,33,32,6,True,357,ef9d8be98d90613133b02507e38e01693269f0b632333c410d5ee045e77abbe2
1901,boat_ripple_4,sprites/DefineSprite_1901_boat_ripple_4/14.png,33,32,6,True,357,ef9d8be98d90613133b02507e38e01693269f0b632333c410d5ee045e77abbe2
1901,boat_ripple_4,sprites/DefineSprite_1901_boat_ripple_4/15.png,33,32,6,True,348,54d6ece4434ed190d7055ed83831a882696d0be9ef3b2a40c663a0f6ab61fc0d
1901,boat_ripple_4,sprites/DefineSprite_1901_boat_ripple_4/16.png,33,32,6,True,348,54d6ece4434ed190d7055ed83831a882696d0be9ef3b2a40c663a0f6ab61fc0d
1901,boat_ripple_4,sprites/DefineSprite_1901_boat_ripple_4/2.png,33,32,6,True,361,f660195cf2fb72a71c5d1d8458e083fd44c2e90bc01235a6d43687c782b32c21
1901,boat_ripple_4,sprites/DefineSprite_1901_boat_ripple_4/3.png,33,32,6,True,357,ed221d3866d0d06b01f0e8452870904ab4ccfce261393692ef4a8f5e1798d062
1901,boat_ripple_4,sprites/DefineSprite_1901_boat_ripple_4/4.png,33,32,6,True,357,ed221d3866d0d06b01f0e8452870904ab4ccfce261393692ef4a8f5e1798d062
1901,boat_ripple_4,sprites/DefineSprite_1901_boat_ripple_4/5.png,33,32,6,True,358,87751b436578f43d13ebb7f4422addd6f9dc8945ebd49c728d33264c73947ca7
1901,boat_ripple_4,sprites/DefineSprite_1901_boat_ripple_4/6.png,33,32,6,True,358,87751b436578f43d13ebb7f4422addd6f9dc8945ebd49c728d33264c73947ca7
1901,boat_ripple_4,sprites/DefineSprite_1901_boat_ripple_4/7.png,33,32,6,True,365,43179be0978292b5ffd4010cbc42f79e791b2d762685b8a550e0201a974cd2d8
1901,boat_ripple_4,sprites/DefineSprite_1901_boat_ripple_4/8.png,33,32,6,True,365,43179be0978292b5ffd4010cbc42f79e791b2d762685b8a550e0201a974cd2d8
1901,boat_ripple_4,sprites/DefineSprite_1901_boat_ripple_4/9.png,33,32,6,True,365,2c36171ed96ef49e43d61b377675cd6ae88fb881d4a27a1cb0f3d719a1bd9911
1908,,sprites/DefineSprite_1908/1.png,436,141,6,True,2632,f6ab23223810788a3eaaeac4814a10a88109314588076769ff0a678b3933343e
1910,,sprites/DefineSprite_1910/1.png,1246,400,6,True,10426,8c8ba5d45c30dcc37f4b260b16088361aec37cd6c91dbbbc4bd1c762b6a9e034
1910,,sprites/DefineSprite_1910/10.png,1246,400,6,True,11897,b0d526808e0e0f48f1849b983c546017520bbcecf994931f51d136e9e8b2f453
1910,,sprites/DefineSprite_1910/11.png,1246,400,6,True,11985,047dce07c821c99239f2c1ba828cb70128dd8c63d476076d278c517e385a7a49
1910,,sprites/DefineSprite_1910/12.png,1246,400,6,True,11909,51c5a679d50be2620c6bafd0a0c5a5df7fdd8d3643a1bba9b4112a852810870f
1910,,sprites/DefineSprite_1910/13.png,1246,400,6,True,11973,bf82992ea9ca77d3d4ba5359d27e34dd8526598715640573c4ed575dfb1daae3
1910,,sprites/DefineSprite_1910/14.png,1246,400,6,True,11954,fc7d1a6698a081ac91eaf70ed33fc5799a75f1a9115d45ea0c95d7a9bf16dbbe
1910,,sprites/DefineSprite_1910/15.png,1246,400,6,True,11961,cdf394ffc71df2c61a11f1d32940ebc00e38cad7464371334659283e740b888d
1910,,sprites/DefineSprite_1910/16.png,1246,400,6,True,11976,8bcfc1df9ae4932086c7778e9509c848ce395652b4a2fb7064b6a5b9625cd513
1910,,sprites/DefineSprite_1910/17.png,1246,400,6,True,12123,5ec60d0a1bbb6490f6ec8e05c0666aaff14d83e1a422134541f701556f60ef97
1910,,sprites/DefineSprite_1910/18.png,1246,400,6,True,12293,9b33000f009ad0139bc64422181cada72ad4cb4d290ce6933bc0d688a73da6e0
1910,,sprites/DefineSprite_1910/19.png,1246,400,6,True,12349,73924d216047da23392dbb350dbe10cdb7f652ee0642c35544fc524d3f6caf2f
1910,,sprites/DefineSprite_1910/2.png,1246,400,6,True,10436,f8c19a926a0e19147bb350d8681e42a920f0f98a222755591c2955edb6ee5067
1910,,sprites/DefineSprite_1910/20.png,1246,400,6,True,12364,6a6d94a0090ea336593634bc89c3f11af948f07e3de7ac22477d2795e85fee0b
1910,,sprites/DefineSprite_1910/21.png,1246,400,6,True,12351,c8b24c349f40f31a1e7a5729b1369aae858f402e8e2fc3a08d90ba27bf1f28fe
1910,,sprites/DefineSprite_1910/22.png,1246,400,6,True,12351,8728ab7b4fc4afe33884fca61e3be13f1e8d1ee2eaaeba6c3649695027596d77
1910,,sprites/DefineSprite_1910/23.png,1246,400,6,True,12358,250d7be28acef709dea6935a6e56faaeceb770cf5f1b2214413f5ad9ea798b5b
1910,,sprites/DefineSprite_1910/24.png,1246,400,6,True,12269,83bbde5bbf528b383604c664a0ed0425f6b0bb3309de0e3c828b08b260232d93
1910,,sprites/DefineSprite_1910/25.png,1246,400,6,True,12142,1411d237229365f85ace093b7eecdb4f17e0fd495c999826d711c42fb3f4a239
1910,,sprites/DefineSprite_1910/26.png,1246,400,6,True,12052,2f5fd26d3f817e5e2c6e42df00accda31cd9e86a84db4daf139879fdaf58a780
1910,,sprites/DefineSprite_1910/27.png,1246,400,6,True,11944,b527e67bb237a6d923378fa3b4a665906196e34fe53919074136bb017a1023f6
1910,,sprites/DefineSprite_1910/28.png,1246,400,6,True,11834,dded1dfef49a93648092f03b18dc331f1592c2dcf5b82e10b5300e303b2c8792
1910,,sprites/DefineSprite_1910/29.png,1246,400,6,True,11781,2fb0d2a74a6725bbf7ef17eceb2cfef45db18edafb3f317df9ed20cf670cee71
1910,,sprites/DefineSprite_1910/3.png,1246,400,6,True,10510,388130ec99d667539258cab8cbf8f755927985a5fbb06ee81a54e5b7f9ca54a7
1910,,sprites/DefineSprite_1910/30.png,1246,400,6,True,11725,be19e163d709f72170d7dd076a2a9e88d507d5b405021f068941579bc6d37d47
1910,,sprites/DefineSprite_1910/31.png,1246,400,6,True,11748,1d67f08ef465189bacf731720e4306760e4dfc615a8ec01dd6533f9fe284bcc5
1910,,sprites/DefineSprite_1910/32.png,1246,400,6,True,11715,3e5efd43d66c79a0c9ba885076ded9dba30e3ad4590e35e1a1b3b0e793b78571
1910,,sprites/DefineSprite_1910/33.png,1246,400,6,True,11721,703d1fd19dfd9ef9e0dd53e779383660708a91e1a0e4ab4d72326ed324a2d0ff
1910,,sprites/DefineSprite_1910/34.png,1246,400,6,True,11703,cf9fbeb1f111af1387b7d1182fa3448ad4b5e09e72f8081ac0fa1c0c0782e68e
1910,,sprites/DefineSprite_1910/35.png,1246,400,6,True,11732,1e678377a872e3c17bf13bf9b0b966c08d01d5329243104739bc689438cf64f9
1910,,sprites/DefineSprite_1910/36.png,1246,400,6,True,11787,1e1f01b0675b7a0e1c3eb6a138119f80bd61bb09aed2812556c25188f527fbd5
1910,,sprites/DefineSprite_1910/37.png,1246,400,6,True,11676,c34e34e01906308ac0ca8625e2166dfe55d507d755938e9d26c108d196aa7fa8
1910,,sprites/DefineSprite_1910/38.png,1246,400,6,True,11657,fd3858b69903b1e4ee67467a57b2751827b012ed4755e58b00004fd684ddb016
1910,,sprites/DefineSprite_1910/39.png,1246,400,6,True,11605,d2e433be4fecbdac8c39768ee6fa3e3ba8302ed96b22b73f31b09ac6f3abbb0b
1910,,sprites/DefineSprite_1910/4.png,1246,400,6,True,10658,a9fa968dc79906f9d080860ae77f5afb8b5b65fc10a032ea5c07dd3253a665d3
1910,,sprites/DefineSprite_1910/40.png,1246,400,6,True,11632,f49af72908c06073d162022f404fe38560750c248cc112fa97aa4029f7fb47ed
1910,,sprites/DefineSprite_1910/41.png,1246,400,6,True,11585,9beabbbb07b5bf5e4993864c8a99cc94098dac90195bd42f6151d4cf9d197550
1910,,sprites/DefineSprite_1910/42.png,1246,400,6,True,11493,d15e8b07b2316aa31b55e315e42ef70c831dd86a4e46a37e9c93defc79bcddd1
1910,,sprites/DefineSprite_1910/43.png,1246,400,6,True,11473,4464d1a671155a3eaa28eb0981181235ff175433e7b04e76e55eadb36e85fa85
1910,,sprites/DefineSprite_1910/44.png,1246,400,6,True,11449,f68f13aa50ce94a268be6f33db9198b58a004f1608bbe23e822c2a8a68fcbe96
1910,,sprites/DefineSprite_1910/45.png,1246,400,6,True,11475,daff1c5ff35aa96444ce842c6b5f79f25a8bc0ba3df3a0a876d165e083f5b773
1910,,sprites/DefineSprite_1910/46.png,1246,400,6,True,11418,fda8431316b1a92969817107c6c99a2e09de28a54f3a6930e737e1d15d9af6b4
1910,,sprites/DefineSprite_1910/47.png,1246,400,6,True,11392,1d6347106e92648cc0c35944ddda29a2fa5fa28376c6a71a180f9c6b7bd47bfd
1910,,sprites/DefineSprite_1910/48.png,1246,400,6,True,11348,bdaf68053956255920cea63d5938d6298502daa171f4a90269e266f39eeecf1a
1910,,sprites/DefineSprite_1910/49.png,1246,400,6,True,11332,43e4088f1d39bf50a2cc7c43b366fc08de3b0759c8cd2eef3c4303ddbaa5b410
1910,,sprites/DefineSprite_1910/5.png,1246,400,6,True,10901,74ed5fc06413738c119fdfa3828b6b561353cd8bd3c6ac86c62672b4b5406c21
1910,,sprites/DefineSprite_1910/50.png,1246,400,6,True,11304,9aa5e2417e85ab8617c1076874a74a50e9a38dee6cdd73f5b9f56e6d44b6fed3
1910,,sprites/DefineSprite_1910/51.png,1246,400,6,True,11274,e498f17a869efb8e72096fea375b14cc2cf9ea9c1599bf7b911e775f549625eb
1910,,sprites/DefineSprite_1910/52.png,1246,400,6,True,11190,1368c960fedbb1fe54a93ed7a9a88ecc23e7e860f360174b3121896f4c882fb8
1910,,sprites/DefineSprite_1910/53.png,1246,400,6,True,11156,98a398f5afff1ac04895884f79d0de19350c49d5eccbc4ab3aa40620072fa7a6
1910,,sprites/DefineSprite_1910/54.png,1246,400,6,True,11072,931dc23179965a01b9035034072af661994f54f10b9975746498b38a0b919074
1910,,sprites/DefineSprite_1910/55.png,1246,400,6,True,10984,8c1bdcb0087f3ba10afb8bb24d27d049fdfb6d40c5040035856885384e2a4b87
1910,,sprites/DefineSprite_1910/56.png,1246,400,6,True,10951,6c6867845101e20e8289ab297b2b5f3be259ceab3c8d38c0bb81286dfb4776e8
1910,,sprites/DefineSprite_1910/57.png,1246,400,6,True,10848,3390e7ba54380e42cfeac2660ee6730be1482b11d937274066ae7f8109bc98d4
1910,,sprites/DefineSprite_1910/58.png,1246,400,6,True,10813,5bd521dcf3ccd4b096877c5a9475211c579a546f5c1a4ebecd384aefdad07f47
1910,,sprites/DefineSprite_1910/59.png,1246,400,6,True,10748,19138de99c7fa924644766031645df4b99d7265d43c0b8dc7ab043906649b5c1
1910,,sprites/DefineSprite_1910/6.png,1246,400,6,True,11198,da714f1d53570fc97ad440a42008d5443e51d6c03e5fb019c4cc006bc866bfe0
1910,,sprites/DefineSprite_1910/60.png,1246,400,6,True,10701,a8d5da43e478e5b27194cc7700041f6455d746ddbba28577f63747e42d43707a
1910,,sprites/DefineSprite_1910/61.png,1246,400,6,True,10651,27d47991384e8e2c5c268dbf6c096d45a75e02df39b36f0bec69de9a7c92a9c8
1910,,sprites/DefineSprite_1910/62.png,1246,400,6,True,10616,c8130190276ca2f107356f7c01d660164cec36429ff1c913db99b4bdec06e1aa
1910,,sprites/DefineSprite_1910/63.png,1246,400,6,True,10593,0385b585495a56c6c2d2ced3074de3c1c1891b74ebc8792213b1f1ba2a35b377
1910,,sprites/DefineSprite_1910/64.png,1246,400,6,True,10545,c52ee894e9ec6f2f13fd5c61d020ffe7cbfab8d86846656b68c256630f458ebd
1910,,sprites/DefineSprite_1910/65.png,1246,400,6,True,10512,2d1583fa4d38e14c128a74857cb8b55693e86de66d162bfea5cc8ab15ebfbda9
1910,,sprites/DefineSprite_1910/66.png,1246,400,6,True,10481,6621fb264386be9d906095ef9464aeb9531a6436e639b53e5515835966c1142b
1910,,sprites/DefineSprite_1910/67.png,1246,400,6,True,10461,e853d90a7cbd68e78bf0ab89e089b21015a86bca19f38580d9de89e944fb1228
1910,,sprites/DefineSprite_1910/68.png,1246,400,6,True,10448,bd7d3204b5723b547375013641ce91524cf4fb31f95166f46ec2c2dafc9114c9
1910,,sprites/DefineSprite_1910/69.png,1246,400,6,True,10437,aaf9b64081aa529c0ae901ab8bc312b400534479483c7b53de01247b37336ff2
1910,,sprites/DefineSprite_1910/7.png,1246,400,6,True,11422,485e3e71962e62a96db8e5114b02fba628fa68674462d3ca822a159c395b9654
1910,,sprites/DefineSprite_1910/70.png,1246,400,6,True,10426,8c8ba5d45c30dcc37f4b260b16088361aec37cd6c91dbbbc4bd1c762b6a9e034
1910,,sprites/DefineSprite_1910/71.png,1246,400,6,True,10426,8c8ba5d45c30dcc37f4b260b16088361aec37cd6c91dbbbc4bd1c762b6a9e034
1910,,sprites/DefineSprite_1910/72.png,1246,400,6,True,10426,8c8ba5d45c30dcc37f4b260b16088361aec37cd6c91dbbbc4bd1c762b6a9e034
1910,,sprites/DefineSprite_1910/73.png,1246,400,6,True,10426,8c8ba5d45c30dcc37f4b260b16088361aec37cd6c91dbbbc4bd1c762b6a9e034
1910,,sprites/DefineSprite_1910/74.png,1246,400,6,True,10426,8c8ba5d45c30dcc37f4b260b16088361aec37cd6c91dbbbc4bd1c762b6a9e034
1910,,sprites/DefineSprite_1910/75.png,1246,400,6,True,10426,8c8ba5d45c30dcc37f4b260b16088361aec37cd6c91dbbbc4bd1c762b6a9e034
1910,,sprites/DefineSprite_1910/76.png,1246,400,6,True,10426,8c8ba5d45c30dcc37f4b260b16088361aec37cd6c91dbbbc4bd1c762b6a9e034
1910,,sprites/DefineSprite_1910/77.png,1246,400,6,True,10426,8c8ba5d45c30dcc37f4b260b16088361aec37cd6c91dbbbc4bd1c762b6a9e034
1910,,sprites/DefineSprite_1910/78.png,1246,400,6,True,10426,8c8ba5d45c30dcc37f4b260b16088361aec37cd6c91dbbbc4bd1c762b6a9e034
1910,,sprites/DefineSprite_1910/79.png,1246,400,6,True,10426,8c8ba5d45c30dcc37f4b260b16088361aec37cd6c91dbbbc4bd1c762b6a9e034
1910,,sprites/DefineSprite_1910/8.png,1246,400,6,True,11559,5b7074f721bda73322baddfd80ed2c66c02a90e32619244a7294f1e925353fcb
1910,,sprites/DefineSprite_1910/80.png,1246,400,6,True,10426,8c8ba5d45c30dcc37f4b260b16088361aec37cd6c91dbbbc4bd1c762b6a9e034
1910,,sprites/DefineSprite_1910/81.png,1246,400,6,True,10426,8c8ba5d45c30dcc37f4b260b16088361aec37cd6c91dbbbc4bd1c762b6a9e034
1910,,sprites/DefineSprite_1910/82.png,1246,400,6,True,10426,8c8ba5d45c30dcc37f4b260b16088361aec37cd6c91dbbbc4bd1c762b6a9e034
1910,,sprites/DefineSprite_1910/83.png,1246,400,6,True,10426,8c8ba5d45c30dcc37f4b260b16088361aec37cd6c91dbbbc4bd1c762b6a9e034
1910,,sprites/DefineSprite_1910/84.png,1246,400,6,True,10426,8c8ba5d45c30dcc37f4b260b16088361aec37cd6c91dbbbc4bd1c762b6a9e034
1910,,sprites/DefineSprite_1910/85.png,1246,400,6,True,10426,8c8ba5d45c30dcc37f4b260b16088361aec37cd6c91dbbbc4bd1c762b6a9e034
1910,,sprites/DefineSprite_1910/86.png,1246,400,6,True,10426,8c8ba5d45c30dcc37f4b260b16088361aec37cd6c91dbbbc4bd1c762b6a9e034
1910,,sprites/DefineSprite_1910/87.png,1246,400,6,True,10426,8c8ba5d45c30dcc37f4b260b16088361aec37cd6c91dbbbc4bd1c762b6a9e034
1910,,sprites/DefineSprite_1910/88.png,1246,400,6,True,10426,8c8ba5d45c30dcc37f4b260b16088361aec37cd6c91dbbbc4bd1c762b6a9e034
1910,,sprites/DefineSprite_1910/89.png,1246,400,6,True,10426,8c8ba5d45c30dcc37f4b260b16088361aec37cd6c91dbbbc4bd1c762b6a9e034
1910,,sprites/DefineSprite_1910/9.png,1246,400,6,True,11805,51d652dba3246d4eb0b25d8f00794ff87387feda0fb30906614b811e3788ecbc
191,menu_background_anim,sprites/DefineSprite_191_menu_background_anim/1.png,1918,760,6,True,62546,95bedf7135a8d9ca651bd0804f135b6ee247385643d1630bc64ec7687549f06c
1922,,sprites/DefineSprite_1922/1.png,625,445,6,True,8814,f6f44c41414e0b501b3ecd931c009842d44e51a4e088c73d17dfbd8109341301
1922,,sprites/DefineSprite_1922/10.png,625,445,6,True,9772,8b389473ebf67e0403de9cb3f6097b12aee2c014b353cbcfada6c837a5b8e0da
1922,,sprites/DefineSprite_1922/11.png,625,445,6,True,9932,ef92e5e8b1eec4d731817ce9d14da63559a55bd80a10dd2160d529766d5c91dd
1922,,sprites/DefineSprite_1922/12.png,625,445,6,True,9770,7aa35808f4fca157d810dfb0a7e3003a2bbb4b638f1724802d8583d6507a71a4
1922,,sprites/DefineSprite_1922/13.png,625,445,6,True,9576,2679275b0491428b37b65d6e8fe09210c884f44322b4e36b8baaea7c4d982c17
1922,,sprites/DefineSprite_1922/14.png,625,445,6,True,9748,41c2bb1c7e380152ad6bc9581c271c91c22bf80b60777c5823175ce75d46ecd8
1922,,sprites/DefineSprite_1922/15.png,625,445,6,True,9971,338932b38bee432675948e340edc5f57d2cd3aa824d3714b09fac930cfe7c498
1922,,sprites/DefineSprite_1922/16.png,625,445,6,True,9765,1eb75a6ce9146538fcce36fd09f8622f1f080a71c99200be386c4dc29f1672e8
1922,,sprites/DefineSprite_1922/17.png,625,445,6,True,9387,852b82077bb969eaa687e0ea82e10952d85ea1fb7edfe1476decac19a726a9d7
1922,,sprites/DefineSprite_1922/18.png,625,445,6,True,9494,069340bb6b1a1d439f2da81eca3a9af7e38269aefa28a6a8acd53bc2cfea6157
1922,,sprites/DefineSprite_1922/19.png,625,445,6,True,9471,2ac6140153df89d9058a992bf33c180aca3a4ab7ca5123208ba747932bd85df6
1922,,sprites/DefineSprite_1922/2.png,625,445,6,True,8870,d9106712943948c1f83c15da5dc2931e7cad909a508a6c3d75e35ec9da53a289
1922,,sprites/DefineSprite_1922/20.png,625,445,6,True,9370,7ddafca6d3c930c65a78e29b16917851cc80fc2b84eede00dc293fcf6ffef95e
1922,,sprites/DefineSprite_1922/21.png,625,445,6,True,9344,9d0124fbbaa04f713d9857a8a281c2542dcb4f51d55427aa653d44e9ac84892e
1922,,sprites/DefineSprite_1922/22.png,625,445,6,True,9752,ac8a335867781461152de817bb291a1fa4f76bf69488dd326578eceb93e4726a
1922,,sprites/DefineSprite_1922/23.png,625,445,6,True,9977,991091e35e746b241c84dbb8fb95a64517ed80a246933605041fd6f162f5f010
1922,,sprites/DefineSprite_1922/24.png,625,445,6,True,9824,45aa40b6d67965711ad28c667159f322aea5bf2360b72c1c4fc8b2a2fd894bce
1922,,sprites/DefineSprite_1922/25.png,625,445,6,True,9647,7c713ba3512e15d02ebc32675e900150052a20e9982967ce2f2b1c99e0eaccd3
1922,,sprites/DefineSprite_1922/26.png,625,445,6,True,9841,a9dd7778da44ca4e37d22afc69515abc12674f85b991cafa451ce6473d8e4b04
1922,,sprites/DefineSprite_1922/27.png,625,445,6,True,10026,6093a60e97004c4813fafcc15baa85533827e4c5d0bcc1edf25701a097efef81
1922,,sprites/DefineSprite_1922/28.png,625,445,6,True,9839,95432c6a415d8bbf970d9e25effc2e04d35631b2b2f2ea792ae6525caf44666a
1922,,sprites/DefineSprite_1922/29.png,625,445,6,True,9661,796d74693c623660ac122a90eab9a34ac9430a00b50d66a9e803754b7a71200d
1922,,sprites/DefineSprite_1922/3.png,625,445,6,True,8935,10189b2edf36f0ca3754d0d83ea1de9600eb61a8ef9d8de55793737f6399b10c
1922,,sprites/DefineSprite_1922/30.png,625,445,6,True,9841,7ffa8cbc570bae50509086f6508c839bb443db9df3520e106795c2d13d5ffc89
1922,,sprites/DefineSprite_1922/31.png,625,445,6,True,10021,d242e36f51ae22943cef83d70138708a74ee78ea50cf162e80652af82a49bd1c
1922,,sprites/DefineSprite_1922/32.png,625,445,6,True,9531,ca780e9c6524c0424d629a3f25bec30e0262bb9a64dd6f95749224bea75a3a9d
1922,,sprites/DefineSprite_1922/33.png,625,445,6,True,9423,3fd1ee60c1b72546814dd32ff9ea9571e057e8584621dfd5f23ad338259071b0
1922,,sprites/DefineSprite_1922/34.png,625,445,6,True,9578,09f16704d6445d57420420a62662366877991a09315479e9c89435f1936a12d3
1922,,sprites/DefineSprite_1922/35.png,625,445,6,True,9652,f02b45553a65ed31b42dd7145da6c1ace64b2980baaafd30f39ee42ee6ee6af4
1922,,sprites/DefineSprite_1922/36.png,625,445,6,True,9539,6b94ba6e7c43e7f767e955e94ac523088c6cb7f7d8c81843b1305c8467d286d9
1922,,sprites/DefineSprite_1922/37.png,625,445,6,True,9448,d660b1246a977840e5f1ae8c602e9cb9aebc8986591e28f9e8fa9f346d10d566
1922,,sprites/DefineSprite_1922/38.png,625,445,6,True,9616,2a8195eaf6785beecc97827d6325158a6aa0972b4af259204ff89c76b51698a4
1922,,sprites/DefineSprite_1922/39.png,625,445,6,True,9576,988962775b7dddfd552be40e2adb124a8b514ecd0d1dbe896b368afa80c8fa8f
1922,,sprites/DefineSprite_1922/4.png,625,445,6,True,8866,25d92d799bffa6bc3b650d8dfe90170326dc96f909c864eed5fc2f8449b797d7
1922,,sprites/DefineSprite_1922/40.png,625,445,6,True,9300,15a8649ddfe8b62296a0c7582d5dff72986c48f82c1b20aa9ec143b1b82abc43
1922,,sprites/DefineSprite_1922/41.png,625,445,6,True,9366,b5362c2a3783948a116e735cb4f62430d7f7055d67ac5aab8d8abb7aaada4f58
1922,,sprites/DefineSprite_1922/42.png,625,445,6,True,10961,d1a5bcdf0e97bbc97d7630cca91f2db75653ecd728ad2408fd1ee4967541b595
1922,,sprites/DefineSprite_1922/43.png,625,445,6,True,11908,0f59f142013b4f71777769e24b905c11d38d0c1ea985d6c7e7b9b0491c9e0bfe
1922,,sprites/DefineSprite_1922/44.png,625,445,6,True,11682,5b9c9cf1a0304d2c09e92466f388d0326b4cf0456f2a895df2ccdd085d45029f
1922,,sprites/DefineSprite_1922/45.png,625,445,6,True,13267,4989006db148f16a06ecaeb66f5e225fb75a077a0e57c06d44ef996f4faa0652
1922,,sprites/DefineSprite_1922/46.png,625,445,6,True,14466,283d2790f9a27221abc8b7a1f6fa7d5819eb8aaf8074a459db3c6a243f0e3585
1922,,sprites/DefineSprite_1922/47.png,625,445,6,True,14103,b8172ee84562d032a4ec9d28b6139023a8bfc2f7fed25b94b91913d7dff3010a
1922,,sprites/DefineSprite_1922/48.png,625,445,6,True,11748,7f03b2e1031676b6259e3c14dc07e49de856b984472e8243d4027dfff740715e
1922,,sprites/DefineSprite_1922/49.png,625,445,6,True,13203,0aae469e18ba4998870db54fafa76c94baca6ec4e667654c6cd87cd34156c97b
1922,,sprites/DefineSprite_1922/5.png,625,445,6,True,9219,8b36f04519fb405144183119ed176a6c34b9c2c08c8b32a0d38e6c8280b8f199
1922,,sprites/DefineSprite_1922/50.png,625,445,6,True,13394,8148b6f53e53f7116434541f1fda908228b9967d7eea79bbe6e17669e295fe23
1922,,sprites/DefineSprite_1922/51.png,625,445,6,True,12450,a93fc50204b81c018eeb504033522dd26f0ebe6f9e408202f823b0a9b97a280e
1922,,sprites/DefineSprite_1922/52.png,625,445,6,True,13125,2651d3658066f2dfbb6291a9360ca6c6690df9734e7f264811d037cca8f62c4d
1922,,sprites/DefineSprite_1922/53.png,625,445,6,True,13821,700e8038a919d886fd88de7cf0def4a63a85c929c7dee258afb7697db7cdb730
1922,,sprites/DefineSprite_1922/54.png,625,445,6,True,13071,a094694da37dd080c8645dab0aeb9ada6dcfadbd03d41706ecf28467f7ed5e3c
1922,,sprites/DefineSprite_1922/55.png,625,445,6,True,10783,4d087933cd5148bcc24fc99057e2275c4c9772fa8f8494a4803f85b2e99840f7
1922,,sprites/DefineSprite_1922/56.png,625,445,6,True,10783,4d087933cd5148bcc24fc99057e2275c4c9772fa8f8494a4803f85b2e99840f7
1922,,sprites/DefineSprite_1922/57.png,625,445,6,True,10783,4d087933cd5148bcc24fc99057e2275c4c9772fa8f8494a4803f85b2e99840f7
1922,,sprites/DefineSprite_1922/58.png,625,445,6,True,10783,4d087933cd5148bcc24fc99057e2275c4c9772fa8f8494a4803f85b2e99840f7
1922,,sprites/DefineSprite_1922/59.png,625,445,6,True,10783,4d087933cd5148bcc24fc99057e2275c4c9772fa8f8494a4803f85b2e99840f7
1922,,sprites/DefineSprite_1922/6.png,625,445,6,True,9337,0a9767be2d7a9e66688bdd4f438b45ef64af8a9e6146e8021e80420dda21f99e
1922,,sprites/DefineSprite_1922/60.png,625,445,6,True,10783,4d087933cd5148bcc24fc99057e2275c4c9772fa8f8494a4803f85b2e99840f7
1922,,sprites/DefineSprite_1922/61.png,625,445,6,True,10783,4d087933cd5148bcc24fc99057e2275c4c9772fa8f8494a4803f85b2e99840f7
1922,,sprites/DefineSprite_1922/62.png,625,445,6,True,10783,4d087933cd5148bcc24fc99057e2275c4c9772fa8f8494a4803f85b2e99840f7
1922,,sprites/DefineSprite_1922/63.png,625,445,6,True,10783,4d087933cd5148bcc24fc99057e2275c4c9772fa8f8494a4803f85b2e99840f7
1922,,sprites/DefineSprite_1922/64.png,625,445,6,True,10783,4d087933cd5148bcc24fc99057e2275c4c9772fa8f8494a4803f85b2e99840f7
1922,,sprites/DefineSprite_1922/65.png,625,445,6,True,10783,4d087933cd5148bcc24fc99057e2275c4c9772fa8f8494a4803f85b2e99840f7
1922,,sprites/DefineSprite_1922/66.png,625,445,6,True,10783,4d087933cd5148bcc24fc99057e2275c4c9772fa8f8494a4803f85b2e99840f7
1922,,sprites/DefineSprite_1922/67.png,625,445,6,True,10783,4d087933cd5148bcc24fc99057e2275c4c9772fa8f8494a4803f85b2e99840f7
1922,,sprites/DefineSprite_1922/68.png,625,445,6,True,10783,4d087933cd5148bcc24fc99057e2275c4c9772fa8f8494a4803f85b2e99840f7
1922,,sprites/DefineSprite_1922/69.png,625,445,6,True,10783,4d087933cd5148bcc24fc99057e2275c4c9772fa8f8494a4803f85b2e99840f7
1922,,sprites/DefineSprite_1922/7.png,625,445,6,True,9463,7c9f422cbed8f925a01f13f9ec07e519a516a22abfe34529f0fbf7cdc34258b8
1922,,sprites/DefineSprite_1922/70.png,625,445,6,True,10783,4d087933cd5148bcc24fc99057e2275c4c9772fa8f8494a4803f85b2e99840f7
1922,,sprites/DefineSprite_1922/71.png,625,445,6,True,10783,4d087933cd5148bcc24fc99057e2275c4c9772fa8f8494a4803f85b2e99840f7
1922,,sprites/DefineSprite_1922/72.png,625,445,6,True,10783,4d087933cd5148bcc24fc99057e2275c4c9772fa8f8494a4803f85b2e99840f7
1922,,sprites/DefineSprite_1922/73.png,625,445,6,True,10783,4d087933cd5148bcc24fc99057e2275c4c9772fa8f8494a4803f85b2e99840f7
1922,,sprites/DefineSprite_1922/74.png,625,445,6,True,10783,4d087933cd5148bcc24fc99057e2275c4c9772fa8f8494a4803f85b2e99840f7
1922,,sprites/DefineSprite_1922/75.png,625,445,6,True,10783,4d087933cd5148bcc24fc99057e2275c4c9772fa8f8494a4803f85b2e99840f7
1922,,sprites/DefineSprite_1922/76.png,625,445,6,True,10783,4d087933cd5148bcc24fc99057e2275c4c9772fa8f8494a4803f85b2e99840f7
1922,,sprites/DefineSprite_1922/77.png,625,445,6,True,10783,4d087933cd5148bcc24fc99057e2275c4c9772fa8f8494a4803f85b2e99840f7
1922,,sprites/DefineSprite_1922/78.png,625,445,6,True,10783,4d087933cd5148bcc24fc99057e2275c4c9772fa8f8494a4803f85b2e99840f7
1922,,sprites/DefineSprite_1922/79.png,625,445,6,True,10783,4d087933cd5148bcc24fc99057e2275c4c9772fa8f8494a4803f85b2e99840f7
1922,,sprites/DefineSprite_1922/8.png,625,445,6,True,9305,dbca4dd3bf20490b16b323dc232ea4c389d48928c220853071c0da6b1d0ba3e2
1922,,sprites/DefineSprite_1922/80.png,625,445,6,True,10783,4d087933cd5148bcc24fc99057e2275c4c9772fa8f8494a4803f85b2e99840f7
1922,,sprites/DefineSprite_1922/81.png,625,445,6,True,10783,4d087933cd5148bcc24fc99057e2275c4c9772fa8f8494a4803f85b2e99840f7
1922,,sprites/DefineSprite_1922/82.png,625,445,6,True,10783,4d087933cd5148bcc24fc99057e2275c4c9772fa8f8494a4803f85b2e99840f7
1922,,sprites/DefineSprite_1922/83.png,625,445,6,True,10783,4d087933cd5148bcc24fc99057e2275c4c9772fa8f8494a4803f85b2e99840f7
1922,,sprites/DefineSprite_1922/84.png,625,445,6,True,10783,4d087933cd5148bcc24fc99057e2275c4c9772fa8f8494a4803f85b2e99840f7
1922,,sprites/DefineSprite_1922/85.png,625,445,6,True,10783,4d087933cd5148bcc24fc99057e2275c4c9772fa8f8494a4803f85b2e99840f7
1922,,sprites/DefineSprite_1922/86.png,625,445,6,True,10783,4d087933cd5148bcc24fc99057e2275c4c9772fa8f8494a4803f85b2e99840f7
1922,,sprites/DefineSprite_1922/87.png,625,445,6,True,10783,4d087933cd5148bcc24fc99057e2275c4c9772fa8f8494a4803f85b2e99840f7
1922,,sprites/DefineSprite_1922/88.png,625,445,6,True,10783,4d087933cd5148bcc24fc99057e2275c4c9772fa8f8494a4803f85b2e99840f7
1922,,sprites/DefineSprite_1922/89.png,625,445,6,True,10783,4d087933cd5148bcc24fc99057e2275c4c9772fa8f8494a4803f85b2e99840f7
1922,,sprites/DefineSprite_1922/9.png,625,445,6,True,9428,117087696a3fef23f1badeb5bdb31db0ab83ce7aecc19e7944c88a71e23f9276
1928,,sprites/DefineSprite_1928/1.png,1,1,6,True,68,c3087446afe87c5da27035fd77db71f3d9911966b3cd33a452f80d731fbf8159
192,__Packages.PirateFont,sprites/DefineSprite_192___Packages.PirateFont/1.png,1,1,6,True,68,c3087446afe87c5da27035fd77db71f3d9911966b3cd33a452f80d731fbf8159
1946,,sprites/DefineSprite_1946/1.png,12,21,6,True,161,e25990428eff1e65a0dbf7aa668a34f55554cabf00aa163629edb4632b9910a8
1952,,sprites/DefineSprite_1952/1.png,514,351,6,True,5314,7a29623244de69d0924a6f734377d0f88a0fcda4efff5b464763ce1916bf55e5
1952,,sprites/DefineSprite_1952/10.png,514,351,6,True,7543,064673c3093f7bdccfb32a315942b828937318343558550c44bac999e352d5aa
1952,,sprites/DefineSprite_1952/100.png,514,351,6,True,5790,b77dbe293968362f7c26619bf29bca4cbe1c4600d1c8d904e12edccf8d895b0a
1952,,sprites/DefineSprite_1952/101.png,514,351,6,True,4144,f446cbefdb47863f6acb6005f86e4f24e5266083713280c40c3c7147bb1e85b6
1952,,sprites/DefineSprite_1952/102.png,514,351,6,True,6108,b4fe2ad74597fa968aa6b945711bbfe54ac55a72d521bbb9722e83e142f17bbf
1952,,sprites/DefineSprite_1952/103.png,514,351,6,True,4170,c22f080adb1854364b2abbd0a80f12db4fe728990515c9c5f3191cfbf4519909
1952,,sprites/DefineSprite_1952/104.png,514,351,6,True,6138,39c1e3fc240930e4a548f54d28d498e3f628e90c4b09a709edad1a6b2511ccb9
1952,,sprites/DefineSprite_1952/105.png,514,351,6,True,4170,9ec4cce5bbe0b12af1e6949effb2d5bc1546b1505698a0af7058e0afb6758aa5
1952,,sprites/DefineSprite_1952/106.png,514,351,6,True,6159,04304b9c088885c13d2da53dbd40e5cd942c8fabce544680884990810a399dc2
1952,,sprites/DefineSprite_1952/107.png,514,351,6,True,4115,71356aa42cb6a9aa122eea76493030218c23064d2f011c4b4565c78d0122b446
1952,,sprites/DefineSprite_1952/108.png,514,351,6,True,6164,74a3c01f0915353c15b10dea3de0f3fbb78bd43c7bf70f3652596aff84580ee0
1952,,sprites/DefineSprite_1952/109.png,514,351,6,True,4140,032bee1a17ecdb21a69974fdb1432d6a664f0f37218349991af7e25a73cd8771
1952,,sprites/DefineSprite_1952/11.png,514,351,6,True,5564,a2d73151f519ed074e0a9895041353bd786ea297a8c83a10de323d00eaeedd91
1952,,sprites/DefineSprite_1952/110.png,514,351,6,True,6150,b3d8f531d9acf1f4187cd02ac7bdeea1f0332f16e98bf7c4b4ea2214d78d277a
1952,,sprites/DefineSprite_1952/111.png,514,351,6,True,4184,4076fa0a322fbd2cf6afcd8e465946404212c0ca7176cb360123c934d4a79fd4
1952,,sprites/DefineSprite_1952/112.png,514,351,6,True,6099,d8a227b85763394dc5c12f54f093b4c79032a9b29855fdde84b6ab7bdc8cb292
1952,,sprites/DefineSprite_1952/113.png,514,351,6,True,4203,09205574d603252e398b81201e594dcfe7c6fe28e74a6c29d8de0883bb0e00d9
1952,,sprites/DefineSprite_1952/114.png,514,351,6,True,6083,8326ffaba5ec130928e022d1d759acbc3c27e7241b3d31f8595be0ac57f2aa08
1952,,sprites/DefineSprite_1952/115.png,514,351,6,True,4193,b8d4d07441e2ebbf99847aa9d71b5570674999896bec03f2a1612767e896e9b8
1952,,sprites/DefineSprite_1952/116.png,514,351,6,True,6105,75b6acae4912313030a87d50bcd52d777656f3d0df18f7decaf2526bd638d60d
1952,,sprites/DefineSprite_1952/117.png,514,351,6,True,4177,bd108bc822c4b4ff958df2dc009ca68a901b62b275f5db5a90160d093fd40379
1952,,sprites/DefineSprite_1952/118.png,514,351,6,True,6146,e99189a5ae00428b43fe3bf44fffe89ace60c431e83316fccbda89f6bd806455
1952,,sprites/DefineSprite_1952/119.png,514,351,6,True,4167,d3dc792e6508f92284e2788a88c94d9b7a8bde8e8fc96b8eeb5652a4298396e6
1952,,sprites/DefineSprite_1952/12.png,514,351,6,True,7618,aaa075476ec47d1590ab7c013b1d36e86b0699ee9a1b2f372f86542b38096c80
1952,,sprites/DefineSprite_1952/120.png,514,351,6,True,6142,233e9f4eeb3ace143d994d42688fc8ebb524180c475de5ab229b6bbbcbad18d4
1952,,sprites/DefineSprite_1952/121.png,514,351,6,True,4115,47165dba8f18d5688808d72a0179fb482f693fdfa5ef42ea6386dc6edbc1b039
1952,,sprites/DefineSprite_1952/122.png,514,351,6,True,6138,fc39055af37b710eee975ca223a223d90b360e3c012f6b667b69fd6901143185
1952,,sprites/DefineSprite_1952/123.png,514,351,6,True,4133,a571b1fd1f3e76403bd89bc11105ca856748e7d0497c40d30eaf9e0127a4cd48
1952,,sprites/DefineSprite_1952/124.png,514,351,6,True,6131,21276a02fa3f21aab6f82a21423227867063b034ef9b801df7102e3b622df131
1952,,sprites/DefineSprite_1952/125.png,514,351,6,True,4192,96f7fdc8f274c7de88a1b1e5ad490ea2c03e404d9a8fda63254077b59ab21023
1952,,sprites/DefineSprite_1952/126.png,514,351,6,True,6104,616e2cfd7dface91339993a974d5eb6f04eb4f31bd2f9843d996ffdd167c2f6e
1952,,sprites/DefineSprite_1952/127.png,514,351,6,True,4185,f5f24ad7c40cc84009c648869f0d47571be9a2167c6b6eb90f5e392216370bec
1952,,sprites/DefineSprite_1952/128.png,514,351,6,True,6082,813fba4715b8ca42e17ca38d7bafbae4cd8b0d79f34e4879ec810117e620fd62
1952,,sprites/DefineSprite_1952/129.png,514,351,6,True,4188,ec6f2b411ae905a249f577a24915a4784fa1ab26f49fd62fd2c0d2b0fb17e1a6
1952,,sprites/DefineSprite_1952/13.png,514,351,6,True,5616,44a85b83c99f9e7b3c6c4fa1dcc14c49a8e0e3c29431065e1557b3c14f1512dd
1952,,sprites/DefineSprite_1952/130.png,514,351,6,True,6103,bc52c62592c581fcf640315fc7dd3fa93cd8e1e4290927bfd8970ed06b349b3a
1952,,sprites/DefineSprite_1952/131.png,514,351,6,True,4151,7013d9c76091713234f9a2f5517f4e76de480a31f0121639627cf95b10ae9c0b
1952,,sprites/DefineSprite_1952/132.png,514,351,6,True,6103,73141bc449d461b8043a0645d1257d3c8270bdfef08fd5c8bfae4df395fee93c
1952,,sprites/DefineSprite_1952/133.png,514,351,6,True,4101,cc2b45f45009521c3a077fef23234df3c94f99429d365764a919d58c15d83555
1952,,sprites/DefineSprite_1952/134.png,514,351,6,True,6074,5d2f851449e99f78b8aba9741e867d7cae763db93886f64627dd3e06c966af61
1952,,sprites/DefineSprite_1952/135.png,514,351,6,True,3780,9e361d573099349e444fd011046a0fb69da738db1845a8cecdce66cec030c362
1952,,sprites/DefineSprite_1952/136.png,514,351,6,True,5749,636453c9f95160b0454d822e43f19c7c37f5dc08a0a866dc6b3f90dee0e79926
1952,,sprites/DefineSprite_1952/137.png,514,351,6,True,3780,9e361d573099349e444fd011046a0fb69da738db1845a8cecdce66cec030c362
1952,,sprites/DefineSprite_1952/138.png,514,351,6,True,5749,636453c9f95160b0454d822e43f19c7c37f5dc08a0a866dc6b3f90dee0e79926
1952,,sprites/DefineSprite_1952/139.png,514,351,6,True,3780,9e361d573099349e444fd011046a0fb69da738db1845a8cecdce66cec030c362
1952,,sprites/DefineSprite_1952/14.png,514,351,6,True,7663,f876586c3eb35ea99c0b74398119660e88625d10bd51b6553ffbc985d639f4a8
1952,,sprites/DefineSprite_1952/140.png,514,351,6,True,5749,636453c9f95160b0454d822e43f19c7c37f5dc08a0a866dc6b3f90dee0e79926
1952,,sprites/DefineSprite_1952/141.png,514,351,6,True,3780,9e361d573099349e444fd011046a0fb69da738db1845a8cecdce66cec030c362
1952,,sprites/DefineSprite_1952/142.png,514,351,6,True,5749,636453c9f95160b0454d822e43f19c7c37f5dc08a0a866dc6b3f90dee0e79926
1952,,sprites/DefineSprite_1952/143.png,514,351,6,True,3780,9e361d573099349e444fd011046a0fb69da738db1845a8cecdce66cec030c362
1952,,sprites/DefineSprite_1952/144.png,514,351,6,True,5749,636453c9f95160b0454d822e43f19c7c37f5dc08a0a866dc6b3f90dee0e79926
1952,,sprites/DefineSprite_1952/145.png,514,351,6,True,3780,9e361d573099349e444fd011046a0fb69da738db1845a8cecdce66cec030c362
1952,,sprites/DefineSprite_1952/146.png,514,351,6,True,5749,636453c9f95160b0454d822e43f19c7c37f5dc08a0a866dc6b3f90dee0e79926
1952,,sprites/DefineSprite_1952/147.png,514,351,6,True,3780,9e361d573099349e444fd011046a0fb69da738db1845a8cecdce66cec030c362
1952,,sprites/DefineSprite_1952/148.png,514,351,6,True,5749,636453c9f95160b0454d822e43f19c7c37f5dc08a0a866dc6b3f90dee0e79926
1952,,sprites/DefineSprite_1952/149.png,514,351,6,True,3780,9e361d573099349e444fd011046a0fb69da738db1845a8cecdce66cec030c362
1952,,sprites/DefineSprite_1952/15.png,514,351,6,True,5685,250e3cd1e0fa2339ede47cfc5319fba72e24be2fb1931ed53ce1f06f6b3939a4
1952,,sprites/DefineSprite_1952/150.png,514,351,6,True,5749,636453c9f95160b0454d822e43f19c7c37f5dc08a0a866dc6b3f90dee0e79926
1952,,sprites/DefineSprite_1952/151.png,514,351,6,True,3780,9e361d573099349e444fd011046a0fb69da738db1845a8cecdce66cec030c362
1952,,sprites/DefineSprite_1952/152.png,514,351,6,True,5749,636453c9f95160b0454d822e43f19c7c37f5dc08a0a866dc6b3f90dee0e79926
1952,,sprites/DefineSprite_1952/153.png,514,351,6,True,3780,9e361d573099349e444fd011046a0fb69da738db1845a8cecdce66cec030c362
1952,,sprites/DefineSprite_1952/154.png,514,351,6,True,5749,636453c9f95160b0454d822e43f19c7c37f5dc08a0a866dc6b3f90dee0e79926
1952,,sprites/DefineSprite_1952/155.png,514,351,6,True,3780,9e361d573099349e444fd011046a0fb69da738db1845a8cecdce66cec030c362
1952,,sprites/DefineSprite_1952/156.png,514,351,6,True,5749,636453c9f95160b0454d822e43f19c7c37f5dc08a0a866dc6b3f90dee0e79926
1952,,sprites/DefineSprite_1952/157.png,514,351,6,True,3780,9e361d573099349e444fd011046a0fb69da738db1845a8cecdce66cec030c362
1952,,sprites/DefineSprite_1952/158.png,514,351,6,True,5749,636453c9f95160b0454d822e43f19c7c37f5dc08a0a866dc6b3f90dee0e79926
1952,,sprites/DefineSprite_1952/159.png,514,351,6,True,3780,9e361d573099349e444fd011046a0fb69da738db1845a8cecdce66cec030c362
1952,,sprites/DefineSprite_1952/16.png,514,351,6,True,7709,53458f8a032aa7311684e118e075a7a0ee3cf72817a8db03c3ea805b5f7aae52
1952,,sprites/DefineSprite_1952/160.png,514,351,6,True,5749,636453c9f95160b0454d822e43f19c7c37f5dc08a0a866dc6b3f90dee0e79926
1952,,sprites/DefineSprite_1952/17.png,514,351,6,True,5706,cd82286f009af8392fee23be32faca8d7bc5806f6f262df67b69108f840d3e90
1952,,sprites/DefineSprite_1952/18.png,514,351,6,True,7754,ae3a6aeb4caae07717c4a543ff6f9df0dbb4bf8720c26eba205f805cfca366fa
1952,,sprites/DefineSprite_1952/19.png,514,351,6,True,5766,4c3c1c2cd20e73a9240618c42b9a0683240cefc2e6ab5a5230baa50637aa3df3
1952,,sprites/DefineSprite_1952/2.png,514,351,6,True,7331,4798e09d0ddeee01f3f87938e1e40851edd2ca6db82b5d5c39b06fe1894fcb3e
1952,,sprites/DefineSprite_1952/20.png,514,351,6,True,7812,c41dd1bf2127156384dcac33957c432f7d668545284858b8895e65134a272849
1952,,sprites/DefineSprite_1952/21.png,514,351,6,True,5804,3a4d30147a194bd2f0459fe579ddd33bbbdf1a575c18e3ac4b603ffc0a5c3232
1952,,sprites/DefineSprite_1952/22.png,514,351,6,True,7864,f48c152f0229d8da39ac5494840fab690978cbcea822116fb9a026057ce72ae2
1952,,sprites/DefineSprite_1952/23.png,514,351,6,True,5877,762c8f42769534aa12948d52ef9cc2285f514f53871405541041716fd2e04a0b
1952,,sprites/DefineSprite_1952/24.png,514,351,6,True,7949,cd20fcfaebf5a619a052fad6865c07fb50bf6534bc2fad94a4d30b7bc4e9b830
1952,,sprites/DefineSprite_1952/25.png,514,351,6,True,5942,e633595ceeb9221d51def83ac49f7e0c6720a2d1184b71dae32a2eec33563881
1952,,sprites/DefineSprite_1952/26.png,514,351,6,True,7991,fbf584b78c9dd8beb1b24f746c0a1ce21c65a77277ed71afee27db1ed331dc66
1952,,sprites/DefineSprite_1952/27.png,514,351,6,True,5987,00746657ec28ba4c562634efd810edd6b925358beb9bfe50cf9a6bc8e78ef262
1952,,sprites/DefineSprite_1952/28.png,514,351,6,True,8064,dd77105aad48b987903d9c7529fc2e5e63f044fbd1f1cd01b1e1abbcfcee24c4
1952,,sprites/DefineSprite_1952/29.png,514,351,6,True,6017,04d0a03dfe854995438c5cd1df2f0f2c63130f4b834f7a64e6acd7cbf1072c72
1952,,sprites/DefineSprite_1952/3.png,514,351,6,True,5343,aca005cdf1d20f89412b24ba27c89076834f7b61030b6c238e7c18592cf52efb
1952,,sprites/DefineSprite_1952/30.png,514,351,6,True,6333,dbae033eead6d8331962beb32927f575d7bbfb6595c6d0d9a823f3fdade7592e
1952,,sprites/DefineSprite_1952/31.png,514,351,6,True,4384,ce1d74acdf3527f6eb59de042996dbb55209a90ba1714008ff85d940314d0e14
1952,,sprites/DefineSprite_1952/32.png,514,351,6,True,6359,190cfdb84ac918db14d69ecf3665f264b60a84de2468b6894812f0fd32ee762e
1952,,sprites/DefineSprite_1952/33.png,514,351,6,True,4402,be03663788306e851b960e49b2d8011ed87a9114bf46af4adb8b31de05382e8c
1952,,sprites/DefineSprite_1952/34.png,514,351,6,True,6364,f4053cba1187d291175c945da25f9f91158039edbd6f475342a4e1a6904860b3
1952,,sprites/DefineSprite_1952/35.png,514,351,6,True,4403,ccf1a18f6a0bd99c0e6e4aadf16e838204c1c478279e3028e8f2dba7fa28c706
1952,,sprites/DefineSprite_1952/36.png,514,351,6,True,6365,0b1166cd5ad8032868a717ad839d397e07ff68c6f55ab736ee981f8cf332fde0
1952,,sprites/DefineSprite_1952/37.png,514,351,6,True,4402,b2029876fde5fa683c7bda4057395a618360bcdf2cce379b3966a377b10eeb33
1952,,sprites/DefineSprite_1952/38.png,514,351,6,True,6364,3e7856f0f4668a20375e959308ad26fe05bddf5d1efa6955ee6c9bca65221278
1952,,sprites/DefineSprite_1952/39.png,514,351,6,True,4402,276117fd02fa2686683449e519fa353fe894132ae48924e246cbb4a682b41553
1952,,sprites/DefineSprite_1952/4.png,514,351,6,True,7384,02878739b332df414042613c6a85ac229e673808fa118fa8dd3a688edad7a473
1952,,sprites/DefineSprite_1952/40.png,514,351,6,True,6365,9b81053099a42b44dab14b824aed5a0a1e7e9ee33806adfca713de13d6bbb79b
1952,,sprites/DefineSprite_1952/41.png,514,351,6,True,4401,204f80591d8224631872c7469d7b30dae372a5cc11901b219c3ba3a1c2c58e43
1952,,sprites/DefineSprite_1952/42.png,514,351,6,True,6364,1754c8fd3681cad2d4bef294d640da230cb310410e32663457db9ba9a8d3cc19
1952,,sprites/DefineSprite_1952/43.png,514,351,6,True,4402,140e537c6e4591c5c1aaadbce1e8770d928ec7f877b350e9cc35d3f9a4782dc1
1952,,sprites/DefineSprite_1952/44.png,514,351,6,True,6364,408d8e3422bafa6472d4341dcdcbe45f6cce9191c7c67b26ca3619dcb2e55bb2
1952,,sprites/DefineSprite_1952/45.png,514,351,6,True,4401,b8264644337df04126ea75f9e813d8501599f43e0b251d339b75a102e1f86cab
1952,,sprites/DefineSprite_1952/46.png,514,351,6,True,6364,c47d991a3ed3950ee6850e1004fd411a1175b4fe2a236b834263d7fb1265602f
1952,,sprites/DefineSprite_1952/47.png,514,351,6,True,4393,82714aa7418eda3d1e294e6e0daeedf350e871c4d90e8ccc292e956c1313720b
1952,,sprites/DefineSprite_1952/48.png,514,351,6,True,6333,b40b2d1631da35f13700c9735bf078ac88859b2ed442b6633a81319b2466e9f7
1952,,sprites/DefineSprite_1952/49.png,514,351,6,True,5646,b5e8c72598cdffc354a6006ced392a9f24bcc60984a697012a2b95a6b0517536
1952,,sprites/DefineSprite_1952/5.png,514,351,6,True,5394,c7ddd5676615ba3c125bed9734829583ef8eb95a78695fb8d1df9b0e0af52ef0
1952,,sprites/DefineSprite_1952/50.png,514,351,6,True,8525,15a0a954f300362d4ef46bacb487e09f533507ba04344f0a7aa0327bcd3fd3b5
1952,,sprites/DefineSprite_1952/51.png,514,351,6,True,6696,1b7e188306433411cab84eb89a2a3e9d6401f3ed12e1217da8437777740ab215
1952,,sprites/DefineSprite_1952/52.png,514,351,6,True,8963,2bf07701aa6f3845a440d96e2d4dd1aff12b3592c77dd5f11f516eaac17f8796
1952,,sprites/DefineSprite_1952/53.png,514,351,6,True,7779,fe57ce4f98873b4ade68f7454e46402e5499c7bf476440b6509650f7a6fbd394
1952,,sprites/DefineSprite_1952/54.png,514,351,6,True,10112,f365517c9955a61cba8268e978a760301fa489d981ded85046da1acb2f9f6d99
1952,,sprites/DefineSprite_1952/55.png,514,351,6,True,6979,bed7fde04914bf3f3fd42d6ffb54bc506d3a69e8fa4428cb62f2d5bf82845445
1952,,sprites/DefineSprite_1952/56.png,514,351,6,True,6605,bc36fab73136f17b4f8fec3cef14cce07e1417e924f3ac7f319b2baad09ce51c
1952,,sprites/DefineSprite_1952/57.png,514,351,6,True,4643,d694f5ac35886e99d35785ee17808057aaeeab66323de78f7ea25b898513d3b8
1952,,sprites/DefineSprite_1952/58.png,514,351,6,True,6413,074d6768413a7e2b77c5daecf3a5a86ffb449a46f85b1f0d3550e59a4dcb3b72
1952,,sprites/DefineSprite_1952/59.png,514,351,6,True,4619,490043d3d442a68ad9171ae498bdc7ac60972801ff38b24cab802c9607ac8fa9
1952,,sprites/DefineSprite_1952/6.png,514,351,6,True,7412,eb91883a64fb80f9e12b921a0bf8db505389599174386e5896801bf151a3d238
1952,,sprites/DefineSprite_1952/60.png,514,351,6,True,6589,e51e51f7325f4d49950cf78ba5124786f375dcfbc2f2f3f00b5430d6aa0e7f83
1952,,sprites/DefineSprite_1952/61.png,514,351,6,True,4530,33cc6b852c1e64aa3574d0042b6f40699d1d0b4c395e8a46ba0b02d1372b4ad1
1952,,sprites/DefineSprite_1952/62.png,514,351,6,True,6524,1afae7df84db5c21fd6314193affe230519c4a75cec0fdf3db5efb9912b6fba1
1952,,sprites/DefineSprite_1952/63.png,514,351,6,True,4553,dacaab68d2af9cbdb7d55ae1424a0ff35bd0d3f24e7a5578a2ecb2008ff70762
1952,,sprites/DefineSprite_1952/64.png,514,351,6,True,6619,5052fe7879dad107d4ae657c42e89ed0b85952542f26b1b7cbe1544f635ec4f5
1952,,sprites/DefineSprite_1952/65.png,514,351,6,True,5673,d64d665988697d2df353a9fb94f80c8ed1d8050fdcc8fde68c64ccb099654fda
1952,,sprites/DefineSprite_1952/66.png,514,351,6,True,7632,21ab3c331479488e02fed9ef57b761c8be2b731c798a7674ca66923a43fdda34
1952,,sprites/DefineSprite_1952/67.png,514,351,6,True,5729,5716cedd2dc8e28fd5979334564499135b4f8f9e64ab7adc9fb2c782fbd79f35
1952,,sprites/DefineSprite_1952/68.png,514,351,6,True,7672,2b0f0ab3faf73ec6d0fad9e6153227426475fa663cfc2fa77e13a6d5edea4243
1952,,sprites/DefineSprite_1952/69.png,514,351,6,True,5680,da682c502de8178ed8d7a951d2a54b4fa05cec6fe13ed55b8c7b6e8190044712
1952,,sprites/DefineSprite_1952/7.png,514,351,6,True,5435,6c154123d2d5c6e703939dce3eb7a59d90fd5be08e16a8f45f5b4866f446606d
1952,,sprites/DefineSprite_1952/70.png,514,351,6,True,7794,833fbedfe9d2e90b91c86d152d42cee0b92f0c056468afbc943f22c77749f4a2
1952,,sprites/DefineSprite_1952/71.png,514,351,6,True,5825,91a632ccfb34cac2e3669eed10859854b24355963d842befe7c8574f019d422f
1952,,sprites/DefineSprite_1952/72.png,514,351,6,True,7858,99d95a260be32ef9020a76ce5a3abe0ebdbf418f6757f75de81ea0b546d88925
1952,,sprites/DefineSprite_1952/73.png,514,351,6,True,5773,7ba050ca197136f0545e10aa841af0b9a2cf591ecc5ed997fb4c6ab03df584f9
1952,,sprites/DefineSprite_1952/74.png,514,351,6,True,7912,b20e0c14a3e585cfb6606a217d31dffbfe1b91ec7facdc4341a2e0f1e80f936b
1952,,sprites/DefineSprite_1952/75.png,514,351,6,True,5935,9de0aabc532b253721c7517b4f1305f2b29575924b76f7f97a05fa22b3cb6100
1952,,sprites/DefineSprite_1952/76.png,514,351,6,True,8028,21ee494defc5eb40ef22b0c90f431ece0fbefbfbe9918efe3afc9d4a316d8b83
1952,,sprites/DefineSprite_1952/77.png,514,351,6,True,5852,64a94f7c2e9650a74d46523e25fd324afc7486d74be92daab6b37d7347b55994
1952,,sprites/DefineSprite_1952/78.png,514,351,6,True,7930,820285196c6061cf8ad7c87dbe07a53805e9d59e2db5a858b8494f0ea9a09559
1952,,sprites/DefineSprite_1952/79.png,514,351,6,True,5140,8927f05fd418d13b0af262fa666ec4f691025dc0cc0faf567fec55202308cbb1
1952,,sprites/DefineSprite_1952/8.png,514,351,6,True,7490,011ecad4c2c97d64530642106f9233d1705a0ede12005ae3391bcae2822eb429
1952,,sprites/DefineSprite_1952/80.png,514,351,6,True,7149,3ecfb88cdbaf14bbb7d2bb4d0bf1fc81e9efb4324b6ffdd7521d8d7e24a228bd
1952,,sprites/DefineSprite_1952/81.png,514,351,6,True,5156,f6d4646bee9390f9cdc7946c836b73c88d6b673c0c6f4aa27d83cbdb479dd731
1952,,sprites/DefineSprite_1952/82.png,514,351,6,True,7203,739aa55dd014068f2814511fbae96d7f45fc0fe67f9ea9cc3ecb67b477d71e2b
1952,,sprites/DefineSprite_1952/83.png,514,351,6,True,5183,0144c3041be7e61a2125de8a4f534eb3d640d93be65d1bc589839dda265b8431
1952,,sprites/DefineSprite_1952/84.png,514,351,6,True,7230,71581f7d50939d7c18b994bd5459db95c20606009d9ca29ee27bd0678f808ee0
1952,,sprites/DefineSprite_1952/85.png,514,351,6,True,5235,587722914be944495f1c26acd1fd83a597bd8dab2934c37e2e2f2fb1fb018dc2
1952,,sprites/DefineSprite_1952/86.png,514,351,6,True,7282,e1f9389baece402f65d70b2f234d30c236f4feb18a4c259962e10a5fb2d0c4dd
1952,,sprites/DefineSprite_1952/87.png,514,351,6,True,5271,f8a7c4054995bbd325a30e4da2f9d346c93cf581bd436e36dd6e3ca9ca3a4192
1952,,sprites/DefineSprite_1952/88.png,514,351,6,True,7301,133672126273fb64aed752042957ad5402ff836959a681371829563f6f7f9d43
1952,,sprites/DefineSprite_1952/89.png,514,351,6,True,5310,77f44e400916e9a2a6887b8c94b48ee259e84ea251acd926371ff2fa257643fd
1952,,sprites/DefineSprite_1952/9.png,514,351,6,True,5516,99e4a19be759854664e43f8256f5b0c36e68e2939f9cc0319d9598a833bfd3fe
1952,,sprites/DefineSprite_1952/90.png,514,351,6,True,7356,5276574f7334ee572e83b07dbea3011f7e7e3689d4d2e613a7e68b9d8d09652e
1952,,sprites/DefineSprite_1952/91.png,514,351,6,True,5367,58b0bf6bcf2ed83a65bcdb0772fd718373d45c40beb5e0341d771dc310070017
1952,,sprites/DefineSprite_1952/92.png,514,351,6,True,7425,359d4858e7f86a7296f2a0cef76b239bbdb81749a6faf1cd8906b59cf8817c11
1952,,sprites/DefineSprite_1952/93.png,514,351,6,True,5405,fabd1be46a9895a68070b447f7b3a42b9fddd007db5aa0ecba3fcc30b2fc35d4
1952,,sprites/DefineSprite_1952/94.png,514,351,6,True,7443,5fa27dc1a9cba3c92c71e35ca21ac4f7145515eda710fe8c3e0a386fb99e92de
1952,,sprites/DefineSprite_1952/95.png,514,351,6,True,5440,6c7833ad156386e852fc065da286085fe7bc80fcbcdfafb264d470db1cf31b2c
1952,,sprites/DefineSprite_1952/96.png,514,351,6,True,7472,7e37577356439fe2011ce6860cc833e0b028bf13dab39bc9dbc5e1ea947d683c
1952,,sprites/DefineSprite_1952/97.png,514,351,6,True,3838,215de0c992133b4c5a74dc3d3c40d7eb5401024212ec6b0100f4037a60564a81
1952,,sprites/DefineSprite_1952/98.png,514,351,6,True,5793,ebd5ad022b601ca2b0eeb5fe0176634f5f733767534b50d206d5791540d6bdb1
1952,,sprites/DefineSprite_1952/99.png,514,351,6,True,3838,215de0c992133b4c5a74dc3d3c40d7eb5401024212ec6b0100f4037a60564a81
195,pir_0,sprites/DefineSprite_195_pir_0/1.png,16,18,6,True,151,ced0e1d9b01afb7bde61b0f207a291aa655d1c8acce6b58d6a9782e7c49b7916
1961,,sprites/DefineSprite_1961/1.png,1641,291,6,True,27811,9b6aa79337274c4a60c39411e7da3d3d50e8b6bc8d7c948ad3b32d01dd644b5f
1969,,sprites/DefineSprite_1969/1.png,1634,171,6,True,5843,2ff14a846c4f6c07430fb5b69f70bc935767486f398683c6f54df7396b6ffa28
1972,,sprites/DefineSprite_1972/1.png,1641,291,6,True,28595,2e92089721437ecfe088437334141201ea1d25501cc1b05af28f307dacca0131
1975,,sprites/DefineSprite_1975/1.png,1847,189,6,True,6745,c681b3fb05c07a8f4694141dc0cb0b3b435b864cdafda8cef7c4aba13f4429d0
1978,,sprites/DefineSprite_1978/1.png,1100,154,6,True,6725,4d7a754d9fd26bafbc5d15c7eb4c760eaa51fee2bf26c75cc8bda498413d61e0
1980,,sprites/DefineSprite_1980/1.png,550,400,6,True,1839,59b2eb598b0ef5ebcee2d42b47d573d2e1b43dacf20f714b03649585dfa44c07
1988,,sprites/DefineSprite_1988/1.png,1634,171,6,True,5873,65bbe32e32c24cc7c213a09f8b83b8e6652aedb8735466d5c94086d4455935e8
198,pir_1,sprites/DefineSprite_198_pir_1/1.png,15,23,6,True,176,5b09baa63bac2d4e22f9b440555907fd273eab9ffcad856b8c6d85c1acffd423
1991,,sprites/DefineSprite_1991/1.png,1641,291,6,True,27886,6bf1c1745f5d94fc867300301fcf1f25581c6472209346ed993e5d1ca0ef5ce6
1994,,sprites/DefineSprite_1994/1.png,1847,189,6,True,7001,65197e7a0d2572895ee380bc9064fd34889277a71411a5a7e4b081e46665e9d5
1997,,sprites/DefineSprite_1997/1.png,1100,154,6,True,6843,7cb5c8916e8436e3fba45cd612ac3ab6abd0418d0ff418d51f7df235b5dc1a7c
1998,,sprites/DefineSprite_1998/1.png,1918,700,6,True,57344,2fb0815dd60bf737dedf6fc6903ee9fe7e03b07b38f8a34750526672cf2c89d6
1998,,sprites/DefineSprite_1998/10.png,1918,700,6,True,57344,2fb0815dd60bf737dedf6fc6903ee9fe7e03b07b38f8a34750526672cf2c89d6
1998,,sprites/DefineSprite_1998/11.png,1918,700,6,True,58988,833c1bfeb65d77510d38e8173da4e585c77fdd9962f0fb63494160b846417b80
1998,,sprites/DefineSprite_1998/12.png,1918,700,6,True,58988,833c1bfeb65d77510d38e8173da4e585c77fdd9962f0fb63494160b846417b80
1998,,sprites/DefineSprite_1998/13.png,1918,700,6,True,58988,833c1bfeb65d77510d38e8173da4e585c77fdd9962f0fb63494160b846417b80
1998,,sprites/DefineSprite_1998/14.png,1918,700,6,True,58988,833c1bfeb65d77510d38e8173da4e585c77fdd9962f0fb63494160b846417b80
1998,,sprites/DefineSprite_1998/15.png,1918,700,6,True,58988,833c1bfeb65d77510d38e8173da4e585c77fdd9962f0fb63494160b846417b80
1998,,sprites/DefineSprite_1998/16.png,1918,700,6,True,58988,833c1bfeb65d77510d38e8173da4e585c77fdd9962f0fb63494160b846417b80
1998,,sprites/DefineSprite_1998/17.png,1918,700,6,True,58988,833c1bfeb65d77510d38e8173da4e585c77fdd9962f0fb63494160b846417b80
1998,,sprites/DefineSprite_1998/18.png,1918,700,6,True,58988,833c1bfeb65d77510d38e8173da4e585c77fdd9962f0fb63494160b846417b80
1998,,sprites/DefineSprite_1998/19.png,1918,700,6,True,58988,833c1bfeb65d77510d38e8173da4e585c77fdd9962f0fb63494160b846417b80
1998,,sprites/DefineSprite_1998/2.png,1918,700,6,True,57344,2fb0815dd60bf737dedf6fc6903ee9fe7e03b07b38f8a34750526672cf2c89d6
1998,,sprites/DefineSprite_1998/20.png,1918,700,6,True,58988,833c1bfeb65d77510d38e8173da4e585c77fdd9962f0fb63494160b846417b80
1998,,sprites/DefineSprite_1998/21.png,1918,700,6,True,58175,ee6f3c24bd2b50d7d05a61115e48a00e8472b8fb6a2b121fd399623e454155e4
1998,,sprites/DefineSprite_1998/22.png,1918,700,6,True,58175,ee6f3c24bd2b50d7d05a61115e48a00e8472b8fb6a2b121fd399623e454155e4
1998,,sprites/DefineSprite_1998/23.png,1918,700,6,True,58175,ee6f3c24bd2b50d7d05a61115e48a00e8472b8fb6a2b121fd399623e454155e4
1998,,sprites/DefineSprite_1998/24.png,1918,700,6,True,58175,ee6f3c24bd2b50d7d05a61115e48a00e8472b8fb6a2b121fd399623e454155e4
1998,,sprites/DefineSprite_1998/25.png,1918,700,6,True,58175,ee6f3c24bd2b50d7d05a61115e48a00e8472b8fb6a2b121fd399623e454155e4
1998,,sprites/DefineSprite_1998/26.png,1918,700,6,True,58175,ee6f3c24bd2b50d7d05a61115e48a00e8472b8fb6a2b121fd399623e454155e4
1998,,sprites/DefineSprite_1998/27.png,1918,700,6,True,58175,ee6f3c24bd2b50d7d05a61115e48a00e8472b8fb6a2b121fd399623e454155e4
1998,,sprites/DefineSprite_1998/28.png,1918,700,6,True,58175,ee6f3c24bd2b50d7d05a61115e48a00e8472b8fb6a2b121fd399623e454155e4
1998,,sprites/DefineSprite_1998/29.png,1918,700,6,True,58175,ee6f3c24bd2b50d7d05a61115e48a00e8472b8fb6a2b121fd399623e454155e4
1998,,sprites/DefineSprite_1998/3.png,1918,700,6,True,57344,2fb0815dd60bf737dedf6fc6903ee9fe7e03b07b38f8a34750526672cf2c89d6
1998,,sprites/DefineSprite_1998/30.png,1918,700,6,True,58175,ee6f3c24bd2b50d7d05a61115e48a00e8472b8fb6a2b121fd399623e454155e4
1998,,sprites/DefineSprite_1998/4.png,1918,700,6,True,57344,2fb0815dd60bf737dedf6fc6903ee9fe7e03b07b38f8a34750526672cf2c89d6
1998,,sprites/DefineSprite_1998/5.png,1918,700,6,True,57344,2fb0815dd60bf737dedf6fc6903ee9fe7e03b07b38f8a34750526672cf2c89d6
1998,,sprites/DefineSprite_1998/6.png,1918,700,6,True,57344,2fb0815dd60bf737dedf6fc6903ee9fe7e03b07b38f8a34750526672cf2c89d6
1998,,sprites/DefineSprite_1998/7.png,1918,700,6,True,57344,2fb0815dd60bf737dedf6fc6903ee9fe7e03b07b38f8a34750526672cf2c89d6
1998,,sprites/DefineSprite_1998/8.png,1918,700,6,True,57344,2fb0815dd60bf737dedf6fc6903ee9fe7e03b07b38f8a34750526672cf2c89d6
1998,,sprites/DefineSprite_1998/9.png,1918,700,6,True,57344,2fb0815dd60bf737dedf6fc6903ee9fe7e03b07b38f8a34750526672cf2c89d6
2004,,sprites/DefineSprite_2004/1.png,132,34,6,True,755,5e95849239c9eb4059e09599ac8dbd524e8a7132cf18f481e73ea002c69fcefb
2004,,sprites/DefineSprite_2004/10.png,132,34,6,True,799,ba57f3637d5a42bb993ab1aabe699d6a23ee6131667ff9fe02a55abe3a191d5c
2004,,sprites/DefineSprite_2004/11.png,132,34,6,True,801,0436b80618aa4dfbbdcb0d174ede03a14dffb183e6089dc516c2c3b05583305d
2004,,sprites/DefineSprite_2004/12.png,132,34,6,True,799,b8628f2ced131c5e885ff9566291db3e49da159de7fdc379dc19025f0983586a
2004,,sprites/DefineSprite_2004/13.png,132,34,6,True,801,287637c12d40068d870217f0b2f04af0a03b21b696d238f5e8aeb4bddd7e7d85
2004,,sprites/DefineSprite_2004/14.png,132,34,6,True,801,898b25f78fb0e7b591b2462507e9d1f1229bb4046baf96c0830441b5aec05165
2004,,sprites/DefineSprite_2004/15.png,132,34,6,True,799,01980c6dead1025e5ce9bbf61c9da8707677b80099694c0ea071fd6fc9c4d6d1
2004,,sprites/DefineSprite_2004/16.png,132,34,6,True,801,ab1f4489c859852e257720609d10f1d2d6be2c9622d33106b3fcc39252ccf3e8
2004,,sprites/DefineSprite_2004/17.png,132,34,6,True,800,323d5d608d94c11a04a27aee266c6e3b04bc534cca7f3f698f5c1a42cc1b50f2
2004,,sprites/DefineSprite_2004/18.png,132,34,6,True,801,7836878f52a32e13ee78efb87501e1befc985bb7bc73201228202fb0a8b55705
2004,,sprites/DefineSprite_2004/19.png,132,34,6,True,801,1becf5368d8403ba4da4e17f9270add83904ce871867052b1e0cd37351c9aa6e
2004,,sprites/DefineSprite_2004/2.png,132,34,6,True,770,06e172fbf119655f0e00fc32c4195425e4e368eb61018244d89911e1d958a9d6
2004,,sprites/DefineSprite_2004/20.png,132,34,6,True,800,39d954a3426072bd9de211dbea447269d7e06fa41260f4961a12d5eea4d78865
2004,,sprites/DefineSprite_2004/21.png,132,34,6,True,801,e4e274529234295c601ea9b1d77f6a9fb06b8c57db10abeadedc9a1a6bb0bc74
2004,,sprites/DefineSprite_2004/22.png,132,34,6,True,801,d84bf1564c5a3955c64462c3c96ace1e8dce5fdfdb9c5fc62fda70423f5bfd26
2004,,sprites/DefineSprite_2004/23.png,132,34,6,True,802,8e16725ac631dba79a0185954959bf09aa968887614ec7e9e61a9d500ae9f7f9
2004,,sprites/DefineSprite_2004/24.png,132,34,6,True,802,3c9d026b28b7c6cf94354a5694d6ccf2753003e6f2b257d3704482d43d229a8b
2004,,sprites/DefineSprite_2004/25.png,132,34,6,True,800,7976af2fd49e3f468fe2f4e638186eacf42eb108a0b413e4f93bab5210a5848a
2004,,sprites/DefineSprite_2004/26.png,132,34,6,True,801,52897e550207ae4131644920402397d96e7425757d377b2744da5d270f3523f7
2004,,sprites/DefineSprite_2004/27.png,132,34,6,True,800,a02ab6d0bfc1692c465fa989244bf7c3436cec211e17a3e205ee55dd348db5fb
2004,,sprites/DefineSprite_2004/28.png,132,34,6,True,803,1bfb8d78576b8eeef40d679fb4d4618f23e8ca331145a8728c82d5ff98d38dfa
2004,,sprites/DefineSprite_2004/29.png,132,34,6,True,802,4027d9ba41cdbeb493bee41e0e906698cf8a2379bd0a09ad5260d5b4e0546e33
2004,,sprites/DefineSprite_2004/3.png,132,34,6,True,779,a97205290c7e75d0f53eebc18eab332d08d0e5e83a3f178784b322564af83b56
2004,,sprites/DefineSprite_2004/30.png,132,34,6,True,803,98c658599176c37f196dd08b1047e4956abf4c00c263fedec55b91d64e38a877
2004,,sprites/DefineSprite_2004/31.png,132,34,6,True,802,5533ea2e3b3942d315f3fcf56becd36d6276c08ab1e82416321c3ac2a4a26f4c
2004,,sprites/DefineSprite_2004/32.png,132,34,6,True,801,82983f0f0c0b383a5d23d424ee2b9eca5d2a10af709f6926a3530e0ad72c04ba
2004,,sprites/DefineSprite_2004/33.png,132,34,6,True,800,8f2f58e5aa568630cd711651ffa718d105e90941838d5e4495696267a94d4a13
2004,,sprites/DefineSprite_2004/34.png,132,34,6,True,800,9a1ed4c9894243b705c853b2ec05bb0cefd311b538a797e8cbde668685e7b247
2004,,sprites/DefineSprite_2004/35.png,132,34,6,True,800,01f253481430428f3518b77d4b01850a0fa66ed57a9d39733d7b00bbcc988c43
2004,,sprites/DefineSprite_2004/36.png,132,34,6,True,800,5c7ecb7418c4407d5cf78b9a6ac8be23ded34644e77d31927410d638a291ba64
2004,,sprites/DefineSprite_2004/37.png,132,34,6,True,801,b2985627eefac7086d736ec25d4297204028010705ffb78fabfd00f293b28cbe
2004,,sprites/DefineSprite_2004/38.png,132,34,6,True,801,f14670a19c9bcd3b38b94114f3935c70eedc61553974d8f6bbff772ae35ddc2a
2004,,sprites/DefineSprite_2004/39.png,132,34,6,True,799,719921645ec0465d11762f434e517f490679836f8ad37e86367499c53564e010
2004,,sprites/DefineSprite_2004/4.png,132,34,6,True,789,61d8b1c8b758881e967b7cd5a016de46d6dd6ec8348bdd8662b91814b36c32ab
2004,,sprites/DefineSprite_2004/40.png,132,34,6,True,799,edbb6a041b8ac6fabbbc1291666fcd82999fb9c1c81aef2b6b1fb68b866d804d
2004,,sprites/DefineSprite_2004/41.png,132,34,6,True,800,eed5ec6c2758626975014de23c61f1c29e78711f41520deb496d2ea7e94dd39e
2004,,sprites/DefineSprite_2004/42.png,132,34,6,True,800,7a18ab7ddd4627def5fc8fc91a8d5f04b03a34b1952a06082da437c7352fdc42
2004,,sprites/DefineSprite_2004/43.png,132,34,6,True,799,2c48235137871d0374cee731fd6e6e3782c93a5db7a44a5bc261d4521bb18bdd
2004,,sprites/DefineSprite_2004/44.png,132,34,6,True,797,0a74b76c8a6e30e3c15f63e66fe4c9120c76dbdfa984c20057e831806f0a1a8f
2004,,sprites/DefineSprite_2004/45.png,132,34,6,True,796,0bc1a1ad5806c83da5eae9839ce8474ace0c0a4c2245b2bd7a329bf70da862c9
2004,,sprites/DefineSprite_2004/46.png,132,34,6,True,796,29839a508a7a7da6dc1288a54788d0e8ccd7ceb1e06e2e7e3557e4bd4d6126bc
2004,,sprites/DefineSprite_2004/47.png,132,34,6,True,798,68376637e788c0b0775936fd699e11f9de1fdbc3af39fc063fbfada7204518fd
2004,,sprites/DefineSprite_2004/48.png,132,34,6,True,797,c67dd80ab53a1c08845bbc0ceeda8c55af2aa312e22d307a3dcfca7b917275eb
2004,,sprites/DefineSprite_2004/49.png,132,34,6,True,795,1b2817b1345768ea2d80029d24c7ff12217f788f451e7351e40f25ea44e4dd91
2004,,sprites/DefineSprite_2004/5.png,132,34,6,True,800,470c89c7c1c9e94799ada930c0fc8edea3c52fa69f1289dd846334e26b400136
2004,,sprites/DefineSprite_2004/50.png,132,34,6,True,796,b2157ac94f59108317c251aeb001130af7a89ac372c3bbc96a1391201357ff8e
2004,,sprites/DefineSprite_2004/51.png,132,34,6,True,796,cdc82d9cf5d0115b5bc61425b12f5259aeab3530bcc855e6cbfde8928b03f2b5
2004,,sprites/DefineSprite_2004/52.png,132,34,6,True,796,4169d50aa28ac9ab0afd54ba42cde0902c50f93997962f74d93c672c74b6d1a9
2004,,sprites/DefineSprite_2004/53.png,132,34,6,True,797,6c1614eaceb313ed10b389fe40f4525dcb1e96fd9de21f26a9ed7a496a7f4033
2004,,sprites/DefineSprite_2004/54.png,132,34,6,True,797,012f7c009ca00579258604f26916dd89af678d8855b53458db5b56730a9419ae
2004,,sprites/DefineSprite_2004/55.png,132,34,6,True,799,fae91d99ca6a7161544d4448275488b6a8ba9599f49a0203249d2f887ad1ff92
2004,,sprites/DefineSprite_2004/56.png,132,34,6,True,799,e1909a4f53df8f40903939279d0246d0db7e6916e1c260c554f651cf638090ad
2004,,sprites/DefineSprite_2004/57.png,132,34,6,True,798,3626f9c5dc71261f9f85c193461d33caa96e320a7aba1119ed8cc0e2ba043192
2004,,sprites/DefineSprite_2004/58.png,132,34,6,True,799,f0830be082728e6b417cc9266dff4737d8bec171616a07a4f8b197284f39a1a1
2004,,sprites/DefineSprite_2004/59.png,132,34,6,True,799,5c6a120ca653e210db9078afb451aadc20b1b580cf9b21db0f146ffa026087c0
2004,,sprites/DefineSprite_2004/6.png,132,34,6,True,798,73e40fa1b10889ab63b1378ca8e7215f2e8957d8f17b71e9f749f415796bec99
2004,,sprites/DefineSprite_2004/60.png,132,34,6,True,799,143afddc13085bad0e9830ce98724517b8a5373e1ff42e5e29fa4de9054c6ebc
2004,,sprites/DefineSprite_2004/61.png,132,34,6,True,799,bfa568fc5f9d74dc9c7b94a9c6dd77389431a4e3f626abf03305f5f9d1a76b87
2004,,sprites/DefineSprite_2004/62.png,132,34,6,True,799,f2e0eac80745019657c71f3d371b98097ec78bebdc18d066864080c05aefee9d
2004,,sprites/DefineSprite_2004/63.png,132,34,6,True,801,796d8bf0d2c57ae389f2194c0e3ca702d1dca26ee199cb3fbce74f28312e5154
2004,,sprites/DefineSprite_2004/64.png,132,34,6,True,805,760f7dfd9150ae28f6225ad7e4c98fa0e229a3d58506e644f114c7558266cb77
2004,,sprites/DefineSprite_2004/65.png,132,34,6,True,798,a609f735f2b50614becf1b5731d7906bd54013ac0defc8751e0b0816488ff21b
2004,,sprites/DefineSprite_2004/66.png,132,34,6,True,801,b1ee0d5e07c9a81fd86800df844713097e1aa6738b33a8aa4d307670265990f5
2004,,sprites/DefineSprite_2004/67.png,132,34,6,True,805,90d4b0e08dd6a976aebd91cc851620550c0369ee88b88fd96d415cddf41c7322
2004,,sprites/DefineSprite_2004/68.png,132,34,6,True,804,1b5be501c79e3dff785ee801357be20fe29d2175c8986db2f4737b2f96e77c3e
2004,,sprites/DefineSprite_2004/69.png,132,34,6,True,805,29733dfc6ca23d6be9f5f94f5dd2d5e36d887e5ed143906dcd0e76fee05726ad
2004,,sprites/DefineSprite_2004/7.png,132,34,6,True,798,cc1aa374dd70b865bab4d4c9379c19451fa13b8f2718e79c754b55719a9bb192
2004,,sprites/DefineSprite_2004/70.png,132,34,6,True,802,307e75ffd1d9c3c29f20dfa80ef4a2f3ceed68020330c96c6d866c7043e7d749
2004,,sprites/DefineSprite_2004/71.png,132,34,6,True,802,01d46682ca4b51e83386c8e18263d5e498d0bf835c72804930d2a30f2efddd63
2004,,sprites/DefineSprite_2004/72.png,132,34,6,True,804,c504a031b715f6a6995cd4be1a62523a8ba11a2066124378b7f84b6d532a5102
2004,,sprites/DefineSprite_2004/73.png,132,34,6,True,802,ce32a42564ccb55bdbd0dd1feb032772d7f0e1ae97b8b28cd1e721755c6cca01
2004,,sprites/DefineSprite_2004/74.png,132,34,6,True,805,247bacc6bb28ee09894ccbc772b65a6dde0cf443dc97efb9e2f9f8f4483c971a
2004,,sprites/DefineSprite_2004/75.png,132,34,6,True,802,e64d079a99e0f27bed9369eda02e29391dca4eb58b760ec5e1871350ac38142e
2004,,sprites/DefineSprite_2004/76.png,132,34,6,True,804,ee8fa6a843b57a2889e749e1637ff058e9d8d25adb77ecff03680ac17984cd83
2004,,sprites/DefineSprite_2004/77.png,132,34,6,True,804,1a2fb7fdc14dcacf70f9831b6e1374dc9ba13fcf1bd06dea4f5f5ed11f4a1fe9
2004,,sprites/DefineSprite_2004/78.png,132,34,6,True,802,da984995ffcf51e3050437ca7ed1042ea8ed9c73739804b88db80b076d0ab56b
2004,,sprites/DefineSprite_2004/79.png,132,34,6,True,805,968a9c656e5d42ec2a7e12070b949fad5ad23ace22b2a3f8d270f7c56cb5fe05
2004,,sprites/DefineSprite_2004/8.png,132,34,6,True,799,984c4b7ab1e2b7a8a677fe16c7b6e7fe42a7373af9cc011a38ff2c3b00a0d2d4
2004,,sprites/DefineSprite_2004/80.png,132,34,6,True,804,dbe9ad830bf9c1681d8c39d2d7936c6781d5328bfcbb49df8af818500bd46468
2004,,sprites/DefineSprite_2004/81.png,132,34,6,True,804,219197a09712dc304c923db467dccca0ad0e9eb5920b23d5fb49d6de4d3dc690
2004,,sprites/DefineSprite_2004/82.png,132,34,6,True,805,899379b4f99c92f49f70fdb0df011c5d623cfb6b1baed5e28fe3cdd707bbcd89
2004,,sprites/DefineSprite_2004/83.png,132,34,6,True,805,8febb3e8ac6ad1cd0522eab6da89f7a55ad78f85c0a099de41b7d8ace94648ee
2004,,sprites/DefineSprite_2004/84.png,132,34,6,True,801,8718c6fcb14ed2e1263af7662d540fb0b336a787345c59a07c97aef3c43ae3c9
2004,,sprites/DefineSprite_2004/85.png,132,34,6,True,803,3af85f5249a334a72fbb2c82afe7ff634ee77fc2c5249d401b5fc5762cfef160
2004,,sprites/DefineSprite_2004/86.png,132,34,6,True,803,7434fcf4263adf3d4d896177a62eaf468a1cd16b3560acaa1a25a75a4e723ad9
2004,,sprites/DefineSprite_2004/87.png,132,34,6,True,803,980a974a41b06e82c2dcff2ee22904dd5479ebc1efe4adf8ca581c811450c311
2004,,sprites/DefineSprite_2004/88.png,132,34,6,True,805,23009049705a5c2696b95af3f37c520551ef3ed3be8320a3776c701cd58b0c2b
2004,,sprites/DefineSprite_2004/89.png,132,34,6,True,804,9b33153dff25bde2d56028434ac669d2d6557e6bb4ff2f3ed1d8e60546bfcccc
2004,,sprites/DefineSprite_2004/9.png,132,34,6,True,800,a5bed390ccce3b1cceb2eb514635de71bcb6817806c7c515e695454c5dba8ee2
2004,,sprites/DefineSprite_2004/90.png,132,34,6,True,803,0fa819e3ec2ef8bfd464adfae3616192877b1b6d0eeac140e26db579889c8009
2004,,sprites/DefineSprite_2004/91.png,132,34,6,True,801,56acef3ee7e172221eba89bc9f766f852f4d45a22fc921873259b2522f8870de
2004,,sprites/DefineSprite_2004/92.png,132,34,6,True,796,2e7087c4e1272b5c4b1a4095442717446d97c849ec8a22ca69ff84e871edc691
2004,,sprites/DefineSprite_2004/93.png,132,34,6,True,797,1de9344237e63404b51c684b3680c1fc7043159dfe92b493dbb56483d3f1bbf9
2004,,sprites/DefineSprite_2004/94.png,132,34,6,True,793,a0438138a8a0d4d61ee2df587cf6ec3bcf28c766773cafd8b0606bf9c65689ed
2004,,sprites/DefineSprite_2004/95.png,132,34,6,True,794,635d89f4730a8c9673f8aaf33ec8bd3f90dc1378e6bbf014a92e76a4e508c5a2
2004,,sprites/DefineSprite_2004/96.png,132,34,6,True,781,66a93ef9d5053ea6b2c6791c8c65a1bd026453746f4d7e7cb57fa60b1b2414db
2004,,sprites/DefineSprite_2004/97.png,132,34,6,True,765,59fd1b961feb57a07400e7bbe900a7638d6a5ebf5641f493f5144f5e1a143701
2009,,sprites/DefineSprite_2009/1.png,40,58,6,True,421,0525d6cb8b549d376dbe09a72722c9452962f7b1023d22925207d735624c3bac
2009,,sprites/DefineSprite_2009/10.png,40,58,6,True,473,3b16a05a027ec1cfb221baad66b3bbbaf18724b1b79449d76a8feb48fa64d5df
2009,,sprites/DefineSprite_2009/11.png,40,58,6,True,417,523e70f896148ed05435a21c7722bef7c6af21a67e508858ce64c1eec4536c20
2009,,sprites/DefineSprite_2009/12.png,40,58,6,True,333,7cd8bc505f38e8c19fa1988918239248ca95ba03bfaf77f2df1097cb24b673d1
2009,,sprites/DefineSprite_2009/13.png,40,58,6,True,349,77fbf1ab2b44d21c06418ca95d5f8c9dfaae40c8123fb26242b3fc90ee7f1a66
2009,,sprites/DefineSprite_2009/14.png,40,58,6,True,547,94559baae130302dbdbebc6d432ffd7dd3efeec045cc957620906773b70b1ea3
2009,,sprites/DefineSprite_2009/15.png,40,58,6,True,916,4a47c2c751eff4053c8303d47ec5456071d8a6567c11d5ae603cbf517eec6753
2009,,sprites/DefineSprite_2009/16.png,40,58,6,True,406,62a93e6732c26fd8464a5f9ee594f581b7a1ad90efda0421a24d451ac4f315f1
2009,,sprites/DefineSprite_2009/17.png,40,58,6,True,406,62a93e6732c26fd8464a5f9ee594f581b7a1ad90efda0421a24d451ac4f315f1
2009,,sprites/DefineSprite_2009/18.png,40,58,6,True,406,62a93e6732c26fd8464a5f9ee594f581b7a1ad90efda0421a24d451ac4f315f1
2009,,sprites/DefineSprite_2009/19.png,40,58,6,True,406,62a93e6732c26fd8464a5f9ee594f581b7a1ad90efda0421a24d451ac4f315f1
2009,,sprites/DefineSprite_2009/2.png,40,58,6,True,374,5add1688c9f1bac603d87268d42465b8e756282d4daf3f06bb9ebd8fc0fc9404
2009,,sprites/DefineSprite_2009/20.png,40,58,6,True,406,62a93e6732c26fd8464a5f9ee594f581b7a1ad90efda0421a24d451ac4f315f1
2009,,sprites/DefineSprite_2009/21.png,40,58,6,True,406,62a93e6732c26fd8464a5f9ee594f581b7a1ad90efda0421a24d451ac4f315f1
2009,,sprites/DefineSprite_2009/22.png,40,58,6,True,406,62a93e6732c26fd8464a5f9ee594f581b7a1ad90efda0421a24d451ac4f315f1
2009,,sprites/DefineSprite_2009/23.png,40,58,6,True,406,62a93e6732c26fd8464a5f9ee594f581b7a1ad90efda0421a24d451ac4f315f1
2009,,sprites/DefineSprite_2009/24.png,40,58,6,True,406,62a93e6732c26fd8464a5f9ee594f581b7a1ad90efda0421a24d451ac4f315f1
2009,,sprites/DefineSprite_2009/25.png,40,58,6,True,406,62a93e6732c26fd8464a5f9ee594f581b7a1ad90efda0421a24d451ac4f315f1
2009,,sprites/DefineSprite_2009/26.png,40,58,6,True,406,62a93e6732c26fd8464a5f9ee594f581b7a1ad90efda0421a24d451ac4f315f1
2009,,sprites/DefineSprite_2009/27.png,40,58,6,True,406,62a93e6732c26fd8464a5f9ee594f581b7a1ad90efda0421a24d451ac4f315f1
2009,,sprites/DefineSprite_2009/28.png,40,58,6,True,406,62a93e6732c26fd8464a5f9ee594f581b7a1ad90efda0421a24d451ac4f315f1
2009,,sprites/DefineSprite_2009/29.png,40,58,6,True,406,62a93e6732c26fd8464a5f9ee594f581b7a1ad90efda0421a24d451ac4f315f1
2009,,sprites/DefineSprite_2009/3.png,40,58,6,True,455,233d68b6a666ee9398a42b0197a09d9a472cb1b5ac3a5aaf9904b62cc57cd521
2009,,sprites/DefineSprite_2009/30.png,40,58,6,True,406,62a93e6732c26fd8464a5f9ee594f581b7a1ad90efda0421a24d451ac4f315f1
2009,,sprites/DefineSprite_2009/31.png,40,58,6,True,406,62a93e6732c26fd8464a5f9ee594f581b7a1ad90efda0421a24d451ac4f315f1
2009,,sprites/DefineSprite_2009/32.png,40,58,6,True,406,62a93e6732c26fd8464a5f9ee594f581b7a1ad90efda0421a24d451ac4f315f1
2009,,sprites/DefineSprite_2009/33.png,40,58,6,True,406,62a93e6732c26fd8464a5f9ee594f581b7a1ad90efda0421a24d451ac4f315f1
2009,,sprites/DefineSprite_2009/4.png,40,58,6,True,403,9fa87886cc73e6be465c5e636a8fa155b763f0ddd81db3c75842d4b6c8cbf6f9
2009,,sprites/DefineSprite_2009/5.png,40,58,6,True,393,318dc53d151b4bf198d237bda3ba4c2020848bda8ae970316c67f958b6cb21bc
2009,,sprites/DefineSprite_2009/6.png,40,58,6,True,475,ac6d87a4df1cda50f223f0706c4e8963c50097ee99f5b4bb06fd6f29f6472d2f
2009,,sprites/DefineSprite_2009/7.png,40,58,6,True,819,04d724fe91d8c25d7193c1fa5b633992eabb123cfdc6e18ba6496ae90e24de4c
2009,,sprites/DefineSprite_2009/8.png,40,58,6,True,338,a10d9253c8eb1112b50b51b7abffec0f3e1a4d8f3a16036c612bf1f1d19a5f40
2009,,sprites/DefineSprite_2009/9.png,40,58,6,True,431,b721e34504376b0846981fbd6020660b541087e1c64bfa0be4baf0ad6c311422
2011,,sprites/DefineSprite_2011/1.png,134,60,6,True,797,d6c42d754ff68efd1f71f7c9905f817e848f78690b21177585c4ba553a353dac
2011,,sprites/DefineSprite_2011/10.png,134,60,6,True,883,a3a0c29069113be6b2515f55869321b7ddf3f11902bcad0b311d568483ad076e
2011,,sprites/DefineSprite_2011/11.png,134,60,6,True,850,9e6daec4014a046bb35d7bd5866755905552cdaeb302b5291384d8e8be919cc9
2011,,sprites/DefineSprite_2011/12.png,134,60,6,True,756,66b8fca1ba9bf44c9ba667dc75c5569c0eba350df3451df35d6fae5bcdb88f5d
2011,,sprites/DefineSprite_2011/13.png,134,60,6,True,766,609b39a72f959a98003369a9f10d97fdfe1243ee7b1bb00bc9ae542b9002b3de
2011,,sprites/DefineSprite_2011/14.png,134,60,6,True,951,e3f165f4681ff15a07d0d213cd7e554d0554ddef6fe6ae36c6c68ae7453d561d
2011,,sprites/DefineSprite_2011/15.png,134,60,6,True,1321,21052d081a8a2c6fcc69bbcb6d526a68eef7fbcdcc3d7b24566c089c7aa6cc8c
2011,,sprites/DefineSprite_2011/16.png,134,60,6,True,814,dd00d51aaa4f0e6ce3ea124a342baa0f35089a4e1caf74c0e0169abc63f81f9c
2011,,sprites/DefineSprite_2011/17.png,134,60,6,True,815,45112c0627e715b252c5672474ce7bb22b963af6b1caa6fba9f68fbefa23eb6d
2011,,sprites/DefineSprite_2011/18.png,134,60,6,True,814,26aac4dbceca06aa2f0f6254ee212dc4704a538ced11e447bd9d6840c5bc5dd6
2011,,sprites/DefineSprite_2011/19.png,134,60,6,True,816,39b273025bfc6c9d0f237c29545926f103f7c7c7ab0f636dba29f774822078ec
2011,,sprites/DefineSprite_2011/2.png,134,60,6,True,778,5947e56e770cc8341983f6634824e8160cc0e13b62714490c3c139757b4f0235
2011,,sprites/DefineSprite_2011/20.png,134,60,6,True,814,b59d2240391c0f443377be8286d0ca2d6a9190ad1ad3c1bf36c2007873d0faf4
2011,,sprites/DefineSprite_2011/21.png,134,60,6,True,814,97fce56e270b3983c886bdf6bf2ec04b77b105a210825dacb5d11f2cda3953a1
2011,,sprites/DefineSprite_2011/22.png,134,60,6,True,814,8cc2bd0a0cdc7c1961ab97981de61459fe0fdfd91d4b4446ebdda78cb0838ba6
2011,,sprites/DefineSprite_2011/23.png,134,60,6,True,815,263b6099f9fe5471d3d560b8f2ee4bafdaf3805a114774fe03fcdf73707c7c0f
2011,,sprites/DefineSprite_2011/24.png,134,60,6,True,816,696eef331430ed0178558a04982da16e447f13952751953c03812b78f1d3bd4f
2011,,sprites/DefineSprite_2011/25.png,134,60,6,True,814,31902233d80018e616b847bffbd94b797196a59e78a76c3f7ddf5d16558b979e
2011,,sprites/DefineSprite_2011/26.png,134,60,6,True,814,e1b91338788a20fa3daacf666dc1dc907be498ee190304e9ad417a09dcf3934a
2011,,sprites/DefineSprite_2011/27.png,134,60,6,True,816,e07b28a8f09367ff57b2d25de781d13a3981e069f957f7d219bf4c596f502743
2011,,sprites/DefineSprite_2011/28.png,134,60,6,True,816,d789ec292de73f40ad61407a7ddf596f93221bddcde01ea2b2246f3e3ed6fa9d
2011,,sprites/DefineSprite_2011/29.png,134,60,6,True,817,f5881df2556a77cc6fb19ef63ebb1e3ba84a3ad5bddd277198ae95d9dba5ff0c
2011,,sprites/DefineSprite_2011/3.png,134,60,6,True,858,2b2be5b31c8ea5c9f27e84cdc1ed3bbd1ee708da9114247c5c284dc495ad9279
2011,,sprites/DefineSprite_2011/30.png,134,60,6,True,816,3adb8770bd1a27f43b9f8655925b3cb67c0b745e72647f293a7beaaf45bcbbed
2011,,sprites/DefineSprite_2011/31.png,134,60,6,True,814,da283f459414c6cebd0917b8744529a066e7533920ada767a7aa98193e5b1e56
2011,,sprites/DefineSprite_2011/32.png,134,60,6,True,813,31c1f23d021a61fda34223bd89ad4b797dad49588de69d01461ee46002799782
2011,,sprites/DefineSprite_2011/33.png,134,60,6,True,813,21eea19655443e5026bc544a8b0b837b48a9327e3dc2cf171d8f494c6ee404b5
2011,,sprites/DefineSprite_2011/34.png,134,60,6,True,831,5de66ce0b02b7e6cfdc81b46bd12c284af1522c78712d79b907271fe8430c4be
2011,,sprites/DefineSprite_2011/35.png,134,60,6,True,802,459245816c7ed02e67cbdccf4df61c24c9575f2df0cd1c1de408d49a48c7864c
2011,,sprites/DefineSprite_2011/36.png,134,60,6,True,866,ee3a8beec01fcf83372ee5b38f98212e917a3ccd2db1a37332ce46084401c58e
2011,,sprites/DefineSprite_2011/37.png,134,60,6,True,822,9b21a2795d6ad62aec5de73b0132a7a403be6c3cc5d69b5c4ed420a4ad4ac716
2011,,sprites/DefineSprite_2011/38.png,134,60,6,True,825,69d8098d5cdc11bcdcc2e974474d1ef14a172872cd80a11b6897fba17e1b62d8
2011,,sprites/DefineSprite_2011/39.png,134,60,6,True,896,f0e6c3643750ff2b7473d551e8e620aad25238a40726a74591adb95ab2bd6aac
2011,,sprites/DefineSprite_2011/4.png,134,60,6,True,818,6ccc4d8c3b6183b199791133c7168a28cb29ee0e92061a72eff55ca1fbd05559
2011,,sprites/DefineSprite_2011/40.png,134,60,6,True,1220,618e81b15a17acb9b5136c4f083259df166a0f9f2b872b6829d2f35a3ce44ecc
2011,,sprites/DefineSprite_2011/41.png,134,60,6,True,774,4b5cba7d7b2dd0b58c9e7aa382dcf96be871ab1a1d453bd2d13cc17febbca503
2011,,sprites/DefineSprite_2011/42.png,134,60,6,True,827,0e243b5a36a07d220a0640a7f73d4debeffb9d263626674b2bd6b5750f653441
2011,,sprites/DefineSprite_2011/43.png,134,60,6,True,881,7c399451bb178262a1a98e62a6c7c3f83edb85055e555b0cbd1036b79b392bf7
2011,,sprites/DefineSprite_2011/44.png,134,60,6,True,840,b75fe39ef26091889006ef03316a443b7e5bd0aa5738f790544bb001814b90e9
2011,,sprites/DefineSprite_2011/45.png,134,60,6,True,753,5112f6e7e8cb45e59a1b549eac845ed66f18850c3b79c3ca0940879a3e484dec
2011,,sprites/DefineSprite_2011/46.png,134,60,6,True,757,3718b77d6a777dca18e92a0913fa32f36ac3d9ef0c8a2ea21efea243f74ab97a
2011,,sprites/DefineSprite_2011/47.png,134,60,6,True,942,43d4cff4787b23eefc6df100f2ae714cf531c74dc04e6cecca9706c03634d357
2011,,sprites/DefineSprite_2011/48.png,134,60,6,True,1307,a8d56810629e93aeb6e7c7ff319ace7b25e638afadb8b33f6d5679e9165c2924
2011,,sprites/DefineSprite_2011/49.png,134,60,6,True,806,4c87d548a1fb55c84171bf360d17861a7c9d8a89a07812b9a9f730961f13611a
2011,,sprites/DefineSprite_2011/5.png,134,60,6,True,829,9383ebffe520fabeaac205c0570df5279acc4b7f443097658f846776a680818c
2011,,sprites/DefineSprite_2011/50.png,134,60,6,True,807,5afb2f41bd3040e1de40ccd2c22ec2f43a77dd51417743d9d4c0363e0453ad57
2011,,sprites/DefineSprite_2011/51.png,134,60,6,True,807,ff4443cea52eada012823a31739dce627430298abcb365ac993476d440ed35a0
2011,,sprites/DefineSprite_2011/52.png,134,60,6,True,807,a7f65f542eb5432b8cc766bfccd388d7a29d1e4bc42203708078a400f94c0a50
2011,,sprites/DefineSprite_2011/53.png,134,60,6,True,807,c4928e1b5d8ae8e9d287a6ac5bc9176e5a27e9d098e56aa09a47e788f5c03513
2011,,sprites/DefineSprite_2011/54.png,134,60,6,True,807,fe2f1ced4e2f0d643b2bfd85a631fb600170f5476cff8d57d969fce82269e089
2011,,sprites/DefineSprite_2011/55.png,134,60,6,True,808,6b79f4f6e7fd96ae94dce81888f6adf2e18c20c555aa7b7cf514491820b1bb96
2011,,sprites/DefineSprite_2011/56.png,134,60,6,True,807,c78ba8f405f8b80159382a5bf44a711f9ffa4fe7576e19d378e3c0c9d072f403
2011,,sprites/DefineSprite_2011/57.png,134,60,6,True,809,231871e9eacea49d805736b02c5207c0f997f0b8a1a966a5311c0f17e698f835
2011,,sprites/DefineSprite_2011/58.png,134,60,6,True,807,f73543d99c2d3ea268bca20067c0d81edd1d7cef4761a0c30dc3eaa7254e1298
2011,,sprites/DefineSprite_2011/59.png,134,60,6,True,806,ad0a15aab4a03aa1698afbd8f077692849c0292ff9453d9d8e5c315b89387872
2011,,sprites/DefineSprite_2011/6.png,134,60,6,True,903,5daeacd9d9a2f812c2247a405e4a829bbdb00815590520198ee0f3835925d2c8
2011,,sprites/DefineSprite_2011/60.png,134,60,6,True,806,7e4ffc90c6b01ffe4bfaa0fd4c233558df9b7761e94bcac49e5819f782356ec5
2011,,sprites/DefineSprite_2011/61.png,134,60,6,True,808,c8c44c9011c84782f40784399bfbc15d1879e666006adb1b05187acd4ea8fe8a
2011,,sprites/DefineSprite_2011/62.png,134,60,6,True,808,2bc8e1e5cc129bbd3fd1c51d4304a3072fdc56cb27677bddd63ba4adbbf477d3
2011,,sprites/DefineSprite_2011/63.png,134,60,6,True,813,8d7e09989b7bdcdf8d489300e507ad9ccd22d2fa399cfaf751b571a17331cfd5
2011,,sprites/DefineSprite_2011/64.png,134,60,6,True,809,041b69253bb58f803b218a20eee940f887e601aa7cf4a4d754368e79d78eab5f
2011,,sprites/DefineSprite_2011/65.png,134,60,6,True,809,73f518f0cc16dd99ab8a822c75f7a23b8d936e2b3395101f733b2ddd2ead5982
2011,,sprites/DefineSprite_2011/66.png,134,60,6,True,809,6599750b613eba07920a9884df39f980f18c71b5943df40c923669002528fe70
2011,,sprites/DefineSprite_2011/67.png,134,60,6,True,833,9cd7dcbc00fe62a92a0636bc5a5bd58ddaaad3eda42e21f0f04873b34380c5e7
2011,,sprites/DefineSprite_2011/68.png,134,60,6,True,806,d68b527f7c918190ab19f8a511cfbbf49f3e07a41af3fe6c3dc08214451f077d
2011,,sprites/DefineSprite_2011/69.png,134,60,6,True,869,7a4f95cb69de931a17257be3d24fbf94238c890afd90e3f7167aec9eb9cb6570
2011,,sprites/DefineSprite_2011/7.png,134,60,6,True,1223,432e78ce6dde42923706f0cfe6627f203ec93d453603e701d9d21f2e7d23c2ba
2011,,sprites/DefineSprite_2011/70.png,134,60,6,True,825,63364a05b8ed8fbdc200867bdf8ab9b7d21212b4979edf7b2393ef0d965cfe3c
2011,,sprites/DefineSprite_2011/71.png,134,60,6,True,827,198e1c5c4544568970fb7255f04ac74ff1189c6b830ed7abd400e55c74291901
2011,,sprites/DefineSprite_2011/72.png,134,60,6,True,899,bae4acd9ac8b60552273386b2c3147376d91a66b4fc88eb0fded9e6137111b93
2011,,sprites/DefineSprite_2011/73.png,134,60,6,True,1211,f4753a97e463f6bc44cd9f2080ed30ee46c6b3f04465bc62b2fccb98b97fb520
2011,,sprites/DefineSprite_2011/74.png,134,60,6,True,776,e420ce280cf530134af19c6a7d1b708b2a128abf5f37c519c055b8e365a2d126
2011,,sprites/DefineSprite_2011/75.png,134,60,6,True,828,6596d0eeb189a1bb0e31f7b67265070406a590c01c8cf6d9a06b6a9ee21dc504
2011,,sprites/DefineSprite_2011/76.png,134,60,6,True,885,e2c6f57e08cf1540bb61f1ba55f7d83ff56ceb82d99f3fcdb90c2097c214fd66
2011,,sprites/DefineSprite_2011/77.png,134,60,6,True,844,eaff68628ab80252d97b0bb28d7d7fba60dea774846108044f4ceef508a1ef7b
2011,,sprites/DefineSprite_2011/78.png,134,60,6,True,756,1f403e72d5c9f861cc2e4b045119dafc830c93092053bdb331aa569d054fd514
2011,,sprites/DefineSprite_2011/79.png,134,60,6,True,762,f12f4d29273c4b6819965e8053c603f364f60dae693c6f347246e187c34a4651
2011,,sprites/DefineSprite_2011/8.png,134,60,6,True,773,e1fddaacede6af44b97f3d42aa7434e205cf43333f19ff23e07037487f34d0ff
2011,,sprites/DefineSprite_2011/80.png,134,60,6,True,946,b1fced0e511a3b386fe7ea4d0c2b9287ee951659c1663ade610270824e779194
2011,,sprites/DefineSprite_2011/81.png,134,60,6,True,1316,16e4a6562459254063cabd0df1c59aac02e94d400a57d315e272507e57a03a8b
2011,,sprites/DefineSprite_2011/82.png,134,60,6,True,809,545b7535dbd282bcc7570cc91d9b6cdc7ecacb8a2bb74833d36debc3bf35c0c0
2011,,sprites/DefineSprite_2011/83.png,134,60,6,True,810,22e732b6667c82f6fc36b36b7982eea21e808c87f04465a5a4b9237fd1116438
2011,,sprites/DefineSprite_2011/84.png,134,60,6,True,810,63ba0e6899d81466ddbdb1a37a3628dfc846f7a389b6437d441e8efddc0edfcb
2011,,sprites/DefineSprite_2011/85.png,134,60,6,True,810,daf5768506bb31810cd3ab07fb0f3d9cb54cb602df66cb049a8fe2bef3b634ea
2011,,sprites/DefineSprite_2011/86.png,134,60,6,True,810,bb4246efeabed25f105f6421e1ff4a609cb0e7f944eab7f99b0227c1cf95fcc0
2011,,sprites/DefineSprite_2011/87.png,134,60,6,True,809,947d762a0b8854d56cdeacb2e0dbc1390ec8b0c395fb78a8ea0f0c7d20566b4c
2011,,sprites/DefineSprite_2011/88.png,134,60,6,True,808,8793a13fbc0c76554d49c7bcb173716a6d220f7b088fded76fc3b873dcaef13c
2011,,sprites/DefineSprite_2011/89.png,134,60,6,True,806,707ee426b8baee37161d245113e88b2bb869c372edf10f390d8d4610420cf1b3
2011,,sprites/DefineSprite_2011/9.png,134,60,6,True,830,072517cb81fb68d5c33cedebf10c8623f3687e1041761992949ac526954ea543
2011,,sprites/DefineSprite_2011/90.png,134,60,6,True,804,bce6eaea3007a4cbc365a4850d30670af9b5c0d7a0874670b6b513f8d1fb1772
2011,,sprites/DefineSprite_2011/91.png,134,60,6,True,799,0f6595e5d449ccd9ba1ec8452c52c3d1d85d72113ab574b9139c1b8a41c5be9a
2011,,sprites/DefineSprite_2011/92.png,134,60,6,True,798,c819514673358877ad6c26227cb4970a9167e2a11504e49868927b035bffc7a9
2011,,sprites/DefineSprite_2011/93.png,134,60,6,True,799,1d065486c7d135b9ecb236dc83c5874158720f588948a8e06210566a0ac644e4
2011,,sprites/DefineSprite_2011/94.png,134,60,6,True,795,e3ff841d045aaf5073904ba11f47f86eca383ae4ad4c183dd45d63380a9e5aff
2011,,sprites/DefineSprite_2011/95.png,134,60,6,True,796,2abefc4f63e8a0c149bafdcb55f24f2e6cf13ca5bd953d2878ffe329a0235419
2011,,sprites/DefineSprite_2011/96.png,134,60,6,True,783,701cb9e9797d3eb6935b9fcabd6382e34ac97bead8d744ca8128c25d6c9362d9
2011,,sprites/DefineSprite_2011/97.png,134,60,6,True,779,7f40859a588f2ccbb079fad27c74f822143780eb644b542c0b978f8e49b172f5
201,pir_2,sprites/DefineSprite_201_pir_2/1.png,26,23,6,True,260,616873b98516b210bb26e592fab25398b7c9a52f83718d96f23062b19f8784ff
204,pir_3,sprites/DefineSprite_204_pir_3/1.png,16,18,6,True,144,dd6bfc1731d637241f344c42d31bc19ab59dfc4a704c25ffea45920c22f7e89c
207,pir_4,sprites/DefineSprite_207_pir_4/1.png,16,18,6,True,149,fbe8aa6d4d4fdef0dde9050c65a412505d56a7d0d2ba7c2e1de5c1ddd5902b89
210,pir_5,sprites/DefineSprite_210_pir_5/1.png,16,18,6,True,148,0c3774b7c7b80693eedc04c5f7fce0da380684d12ede314af8729e040bdf0361
213,pir_6,sprites/DefineSprite_213_pir_6/1.png,16,18,6,True,152,c4f2f94be91ee49c196552c34ab371a545caed675557578028f6cc6b39a28382
216,pir_7,sprites/DefineSprite_216_pir_7/1.png,16,18,6,True,142,dcc9906e2e6ed2b6199fa23eb0414dfb041e10fe5e62e84e8ef78dfbf2555c2d
219,pir_8,sprites/DefineSprite_219_pir_8/1.png,16,18,6,True,149,ffc2543aad4e5807fe647a550313310bd7d37ae2141cf89463b9410a25d8ecfb
21,text_3,sprites/DefineSprite_21_text_3/1.png,8,11,6,True,119,de23eb57ac8fb4dbf5bc1bc0a20a99c9d65af346f89434b97953d72caf39aba0
222,pir_9,sprites/DefineSprite_222_pir_9/1.png,16,18,6,True,145,aa165d422c5fa01f328188b7f22935429fbdeb425ebc86ea606eaa76a9988b68
225,pir_a,sprites/DefineSprite_225_pir_a/1.png,26,23,6,True,255,5c2ee21ffae35ca9eb7d9f26ceb17a0ec18af5c6fcc6de9de216b51991c3a17b
228,pir_b,sprites/DefineSprite_228_pir_b/1.png,23,23,6,True,241,bbe7dcdbe09dd4471f94f1babef4b057ffe9a31c02389d901cfcdf24b6ea6684
231,pir_c,sprites/DefineSprite_231_pir_c/1.png,24,23,6,True,254,e1324671f869934910d13a36c9a4d07441a67e7913939a467386fd9595219917
234,pir_d,sprites/DefineSprite_234_pir_d/1.png,24,23,6,True,259,9bee418aa33e14e027b5f30ed1f214b01b450a12babbef8f65f95f5ffb7f87ba
237,pir_e,sprites/DefineSprite_237_pir_e/1.png,26,23,6,True,266,9d5e5e81114edc7a8505ad266be851345d62cbc94f6064443958de942534f78d
240,pir_exclamation,sprites/DefineSprite_240_pir_exclamation/1.png,10,18,6,True,131,0a4b88b4a0bb5bf83b52ada6b9660904176d2f2dde96fbd947aa3b1593ea2124
243,pir_f,sprites/DefineSprite_243_pir_f/1.png,22,23,6,True,232,dc26a5887f94e5530030bc03487cb6f66964991e11e339933eccb4e634adea53
246,pir_g,sprites/DefineSprite_246_pir_g/1.png,24,26,6,True,285,d7a332e73d1eb38ab3b9560f8d8f52c11636477d2773f44e325db82c4363a553
249,pir_h,sprites/DefineSprite_249_pir_h/1.png,25,23,6,True,241,651a51999f823a40296637796e33c7699717fb4494c3293c0112dc682866f191
24,text_4,sprites/DefineSprite_24_text_4/1.png,8,11,6,True,111,12af5ebf66eea32a68ebc0179f62d9ef774d53aa1d89a47a298da348bbb33faf
252,pir_i,sprites/DefineSprite_252_pir_i/1.png,15,23,6,True,169,5359e4b13b7fc328443131bbd5618dfedf3b47a1ee095bb13e47a92b817d3572
255,pir_j,sprites/DefineSprite_255_pir_j/1.png,22,26,6,True,236,70b5eb22b347bcb094ad0d5788812b494422fde8d3d9d7ec18ec158498245ad1
258,pir_k,sprites/DefineSprite_258_pir_k/1.png,38,31,6,True,349,cc5736fe39487165419d15aae17a29a265a2f2ea92d0ded8e4a3051eacd4a4ee
261,pir_l,sprites/DefineSprite_261_pir_l/1.png,23,23,6,True,210,54047700cfff506e255b66f78a077bb31038ef32f5d9f4ac1b44597730af4703
264,pir_m,sprites/DefineSprite_264_pir_m/1.png,28,23,6,True,290,ceb9846e5737fe70698cfd7707074f1fd14c5aa1607c62882b1d72cc887041f6
267,pir_n,sprites/DefineSprite_267_pir_n/1.png,40,33,6,True,381,205f0007d0d4ccc4a913b82c250fa94a8b5ceb754f45370ddb8191609c147802
270,pir_o,sprites/DefineSprite_270_pir_o/1.png,24,23,6,True,246,cf77d2e2a2ecee6f75a4bf38775b2b6157e66ec084a452df04ce2c247ff4afd7
273,pir_p,sprites/DefineSprite_273_pir_p/1.png,23,24,6,True,253,abc93bcf2bf57c984b413487482800a33c9eb91fd72c0a22a26413dca0121de5
276,pir_q,sprites/DefineSprite_276_pir_q/1.png,26,27,6,True,317,121faea9348bf9f13b300ddd6515e81c7d502be8b7ede46a9494ff862c499b66
279,pir_question,sprites/DefineSprite_279_pir_question/1.png,16,18,6,True,170,baf30b0d732546901be28381a5948038c86c91f005bf4935f2a1be3df827cbcb
27,text_5,sprites/DefineSprite_27_text_5/1.png,8,11,6,True,116,d96fa363b50fd311d750063ba641b314873019e642e11f4d5ae2eee3f735674e
282,pir_r,sprites/DefineSprite_282_pir_r/1.png,39,31,6,True,354,e60230318cd11fd2bae3d89184e27de71b7e7d40a1157899a9b0d4f5f6b1bde2
285,pir_s,sprites/DefineSprite_285_pir_s/1.png,22,23,6,True,257,7a28b0ab8de7e01bf0388d3332555ca893982aea965df1e115c8395489996bdc
287,,sprites/DefineSprite_287/1.png,10,18,6,True,109,7b6bb7fd8f3d811e820da92a3df461a6b9eca45daa75c0b5c64e55c87e16bd1c
288,pir_space,sprites/DefineSprite_288_pir_space/1.png,16,18,6,True,75,012be3691cea03f60b13ebf1325f2290cd797ac341736809924a3654d63d06c0
291,pir_stop,sprites/DefineSprite_291_pir_stop/1.png,10,18,6,True,99,9bf5bccd6d455acaf0afb6788affa227b0918cfc7cbfb00ef3670e6199190422
294,pir_t,sprites/DefineSprite_294_pir_t/1.png,23,23,6,True,213,374befec47fcf6414d8a474202ea992af00c7d0fc870252804c65d0a01adb32e
297,pir_u,sprites/DefineSprite_297_pir_u/1.png,24,23,6,True,260,6bc2f54a2af75f93fce3bf244b2b77dd4f5f7cd452a10d704cf5afedd3e50678
300,pir_v,sprites/DefineSprite_300_pir_v/1.png,26,23,6,True,271,540f5c1dbc4f032a45336f7a6222d70591d1cdedeb95e3a5ce2c35e60c4a5253
303,pir_w,sprites/DefineSprite_303_pir_w/1.png,35,23,6,True,331,3355770c733fe4ac9c863ebf7feb552aaf3ed4e052495be0ae22ef7544d65478
306,pir_x,sprites/DefineSprite_306_pir_x/1.png,26,23,6,True,272,5d2cd484fd8511fbfca23b676f36b16a43cb03cf0497c7bb55526f918b09176f
309,pir_y,sprites/DefineSprite_309_pir_y/1.png,23,23,6,True,224,77463ac452b28a502b40f5526155429f6dfa1f7c23d5302aa747eb40ad5f7137
30,text_6,sprites/DefineSprite_30_text_6/1.png,8,11,6,True,117,47b936f41b728a2cbaf30f1840f918852b1e7ad54fac9472391ea376af11519f
312,pir_z,sprites/DefineSprite_312_pir_z/1.png,23,23,6,True,235,5bae40652009e3c989c584e458ef4649f68d55b886569706f66892bd7e0d9190
315,pir_hyphen,sprites/DefineSprite_315_pir_hyphen/1.png,16,18,6,True,108,7e51bbfa26368822153e6bfb7295df3e803260c94e0b63293c4f0ee9df65df88
318,pir_comma,sprites/DefineSprite_318_pir_comma/1.png,10,20,6,True,109,2bf8edc772574bd3bf6d8353be80ef72a9a0dc536e9860679bda6a0ce2e7ed8b
319,PirateFont,sprites/DefineSprite_319_PirateFont/1.png,341,264,6,True,594,0e1ce2db1b351da13c26ebf5fc3d6bc01a10f702279214add3a067a3ff35561d
319,PirateFont,sprites/DefineSprite_319_PirateFont/2.png,341,264,6,True,6679,1f127951f154cae3bbe3f1b477ea6bd36db1283e50c48d6fe57b502a236165cb
321,transition_tween,sprites/DefineSprite_321_transition_tween/1.png,550,400,6,True,933,fd1395667c15679e7784d7380d00b7418a39ddec0c2c61b0bd1938ea7f1a05cd
321,transition_tween,sprites/DefineSprite_321_transition_tween/10.png,550,400,6,True,1836,639d5986d9ae5aacdcc3f29db66fe4d29f274858b97d969a33acc2e668af194d
321,transition_tween,sprites/DefineSprite_321_transition_tween/11.png,550,400,6,True,1839,bed616c9c9b25f8d3c0152be0ea0ab3f2210eb152173c1ce6ce113a14b530393
321,transition_tween,sprites/DefineSprite_321_transition_tween/12.png,550,400,6,True,1839,b2b729c19bf1c580ebfcad0bb2e8d07d289aa671e0963f282773b534c4f23d26
321,transition_tween,sprites/DefineSprite_321_transition_tween/13.png,550,400,6,True,1839,a8548fe1623102a6b3f4e6c2ae3f6a79729a44af009ef13a6d2be76186fcaa28
321,transition_tween,sprites/DefineSprite_321_transition_tween/14.png,550,400,6,True,1838,60b3dbd1470d63afd0abf6db5783f7220759d5d6d5dbe8d74639869e2397eec2
321,transition_tween,sprites/DefineSprite_321_transition_tween/15.png,550,400,6,True,1839,039a02b298465d5dacb75e80a940e206e35ac619a959cf9c2bbf6b55ad217dc4
321,transition_tween,sprites/DefineSprite_321_transition_tween/16.png,550,400,6,True,1840,7bcdc3c7c841c75ad6099da3cc97cb17c96d34ea807075639b340d05c2c1e393
321,transition_tween,sprites/DefineSprite_321_transition_tween/17.png,550,400,6,True,1840,211675eab7f62c026683a3f6da4c1b29bb5a553f16e95ff342a38fd83ebfdc4a
321,transition_tween,sprites/DefineSprite_321_transition_tween/18.png,550,400,6,True,933,fd1395667c15679e7784d7380d00b7418a39ddec0c2c61b0bd1938ea7f1a05cd
321,transition_tween,sprites/DefineSprite_321_transition_tween/2.png,550,400,6,True,933,fd1395667c15679e7784d7380d00b7418a39ddec0c2c61b0bd1938ea7f1a05cd
321,transition_tween,sprites/DefineSprite_321_transition_tween/3.png,550,400,6,True,1840,211675eab7f62c026683a3f6da4c1b29bb5a553f16e95ff342a38fd83ebfdc4a
321,transition_tween,sprites/DefineSprite_321_transition_tween/4.png,550,400,6,True,1840,7bcdc3c7c841c75ad6099da3cc97cb17c96d34ea807075639b340d05c2c1e393
321,transition_tween,sprites/DefineSprite_321_transition_tween/5.png,550,400,6,True,1839,039a02b298465d5dacb75e80a940e206e35ac619a959cf9c2bbf6b55ad217dc4
321,transition_tween,sprites/DefineSprite_321_transition_tween/6.png,550,400,6,True,1838,60b3dbd1470d63afd0abf6db5783f7220759d5d6d5dbe8d74639869e2397eec2
321,transition_tween,sprites/DefineSprite_321_transition_tween/7.png,550,400,6,True,1839,a8548fe1623102a6b3f4e6c2ae3f6a79729a44af009ef13a6d2be76186fcaa28
321,transition_tween,sprites/DefineSprite_321_transition_tween/8.png,550,400,6,True,1839,b2b729c19bf1c580ebfcad0bb2e8d07d289aa671e0963f282773b534c4f23d26
321,transition_tween,sprites/DefineSprite_321_transition_tween/9.png,550,400,6,True,1839,bed616c9c9b25f8d3c0152be0ea0ab3f2210eb152173c1ce6ce113a14b530393
324,,sprites/DefineSprite_324/1.png,552,402,6,True,981,e90239e9e9b0bab86b8dd7fc98f18802b9a87652984aa181b41c168bfb50e1db
329,,sprites/DefineSprite_329/1.png,341,264,6,True,594,0e1ce2db1b351da13c26ebf5fc3d6bc01a10f702279214add3a067a3ff35561d
330,next_level,sprites/DefineSprite_330_next_level/1.png,359,264,6,True,1048,f187f82283d37a153b820004b88c5b1ca438ded0e362e12873e1cb6497bff1b3
330,next_level,sprites/DefineSprite_330_next_level/10.png,359,264,6,True,7030,6b053635c86830ab699b55448bdf9399b7006c927dd1a3833849a24f4378bfb5
330,next_level,sprites/DefineSprite_330_next_level/11.png,359,264,6,True,1048,f5da16423f750561944b897f526ee8e62389bec084e0e2dbd3f6c8c5b51745e8
330,next_level,sprites/DefineSprite_330_next_level/12.png,359,264,6,True,7030,6b053635c86830ab699b55448bdf9399b7006c927dd1a3833849a24f4378bfb5
330,next_level,sprites/DefineSprite_330_next_level/13.png,359,264,6,True,1048,f5da16423f750561944b897f526ee8e62389bec084e0e2dbd3f6c8c5b51745e8
330,next_level,sprites/DefineSprite_330_next_level/14.png,359,264,6,True,7030,6b053635c86830ab699b55448bdf9399b7006c927dd1a3833849a24f4378bfb5
330,next_level,sprites/DefineSprite_330_next_level/15.png,359,264,6,True,1048,f5da16423f750561944b897f526ee8e62389bec084e0e2dbd3f6c8c5b51745e8
330,next_level,sprites/DefineSprite_330_next_level/16.png,359,264,6,True,7030,6b053635c86830ab699b55448bdf9399b7006c927dd1a3833849a24f4378bfb5
330,next_level,sprites/DefineSprite_330_next_level/17.png,359,264,6,True,1048,f5da16423f750561944b897f526ee8e62389bec084e0e2dbd3f6c8c5b51745e8
330,next_level,sprites/DefineSprite_330_next_level/18.png,359,264,6,True,7030,6b053635c86830ab699b55448bdf9399b7006c927dd1a3833849a24f4378bfb5
330,next_level,sprites/DefineSprite_330_next_level/19.png,359,264,6,True,1048,f5da16423f750561944b897f526ee8e62389bec084e0e2dbd3f6c8c5b51745e8
330,next_level,sprites/DefineSprite_330_next_level/2.png,359,264,6,True,7110,8f6b77a4799db7b794df5483e43f1f3ab6886e4fcb8a24ac496abe11763b176e
330,next_level,sprites/DefineSprite_330_next_level/3.png,359,264,6,True,1048,f187f82283d37a153b820004b88c5b1ca438ded0e362e12873e1cb6497bff1b3
330,next_level,sprites/DefineSprite_330_next_level/4.png,359,264,6,True,7110,8f6b77a4799db7b794df5483e43f1f3ab6886e4fcb8a24ac496abe11763b176e
330,next_level,sprites/DefineSprite_330_next_level/5.png,359,264,6,True,1048,f187f82283d37a153b820004b88c5b1ca438ded0e362e12873e1cb6497bff1b3
330,next_level,sprites/DefineSprite_330_next_level/6.png,359,264,6,True,7110,8f6b77a4799db7b794df5483e43f1f3ab6886e4fcb8a24ac496abe11763b176e
330,next_level,sprites/DefineSprite_330_next_level/7.png,359,264,6,True,1048,f187f82283d37a153b820004b88c5b1ca438ded0e362e12873e1cb6497bff1b3
330,next_level,sprites/DefineSprite_330_next_level/8.png,359,264,6,True,7110,8f6b77a4799db7b794df5483e43f1f3ab6886e4fcb8a24ac496abe11763b176e
330,next_level,sprites/DefineSprite_330_next_level/9.png,359,264,6,True,1048,f187f82283d37a153b820004b88c5b1ca438ded0e362e12873e1cb6497bff1b3
332,,sprites/DefineSprite_332/1.png,341,264,6,True,594,0e1ce2db1b351da13c26ebf5fc3d6bc01a10f702279214add3a067a3ff35561d
333,back to title,sprites/DefineSprite_333_back to title/1.png,354,264,6,True,1085,14d253f3c3f084a31a4c882bb0dd92c64fb7b64f0df3c67064d97142d483ec44
333,back to title,sprites/DefineSprite_333_back to title/10.png,354,264,6,True,7054,dff66cd765bf685e75a2decf8185cee2c8729636f3acfada775635f17b48b487
333,back to title,sprites/DefineSprite_333_back to title/11.png,354,264,6,True,1086,3f78a7a26a629c1780f63ebd17412b990ba7ae483756b8fbcc9c67966533177b
333,back to title,sprites/DefineSprite_333_back to title/12.png,354,264,6,True,7054,dff66cd765bf685e75a2decf8185cee2c8729636f3acfada775635f17b48b487
333,back to title,sprites/DefineSprite_333_back to title/13.png,354,264,6,True,1086,3f78a7a26a629c1780f63ebd17412b990ba7ae483756b8fbcc9c67966533177b
333,back to title,sprites/DefineSprite_333_back to title/14.png,354,264,6,True,7054,dff66cd765bf685e75a2decf8185cee2c8729636f3acfada775635f17b48b487
333,back to title,sprites/DefineSprite_333_back to title/15.png,354,264,6,True,1086,3f78a7a26a629c1780f63ebd17412b990ba7ae483756b8fbcc9c67966533177b
333,back to title,sprites/DefineSprite_333_back to title/16.png,354,264,6,True,7054,dff66cd765bf685e75a2decf8185cee2c8729636f3acfada775635f17b48b487
333,back to title,sprites/DefineSprite_333_back to title/17.png,354,264,6,True,1086,3f78a7a26a629c1780f63ebd17412b990ba7ae483756b8fbcc9c67966533177b
333,back to title,sprites/DefineSprite_333_back to title/18.png,354,264,6,True,7054,dff66cd765bf685e75a2decf8185cee2c8729636f3acfada775635f17b48b487
333,back to title,sprites/DefineSprite_333_back to title/19.png,354,264,6,True,1086,3f78a7a26a629c1780f63ebd17412b990ba7ae483756b8fbcc9c67966533177b
333,back to title,sprites/DefineSprite_333_back to title/2.png,354,264,6,True,7138,98ae6810bd4812c4e810946e7e3eac9d53f4806257005fe78f53a3740b9e61aa
333,back to title,sprites/DefineSprite_333_back to title/3.png,354,264,6,True,1085,14d253f3c3f084a31a4c882bb0dd92c64fb7b64f0df3c67064d97142d483ec44
333,back to title,sprites/DefineSprite_333_back to title/4.png,354,264,6,True,7138,98ae6810bd4812c4e810946e7e3eac9d53f4806257005fe78f53a3740b9e61aa
333,back to title,sprites/DefineSprite_333_back to title/5.png,354,264,6,True,1085,14d253f3c3f084a31a4c882bb0dd92c64fb7b64f0df3c67064d97142d483ec44
333,back to title,sprites/DefineSprite_333_back to title/6.png,354,264,6,True,7138,98ae6810bd4812c4e810946e7e3eac9d53f4806257005fe78f53a3740b9e61aa
333,back to title,sprites/DefineSprite_333_back to title/7.png,354,264,6,True,1085,14d253f3c3f084a31a4c882bb0dd92c64fb7b64f0df3c67064d97142d483ec44
333,back to title,sprites/DefineSprite_333_back to title/8.png,354,264,6,True,7138,98ae6810bd4812c4e810946e7e3eac9d53f4806257005fe78f53a3740b9e61aa
333,back to title,sprites/DefineSprite_333_back to title/9.png,354,264,6,True,1085,14d253f3c3f084a31a4c882bb0dd92c64fb7b64f0df3c67064d97142d483ec44
334,,sprites/DefineSprite_334/1.png,341,264,6,True,594,0e1ce2db1b351da13c26ebf5fc3d6bc01a10f702279214add3a067a3ff35561d
335,congrats_button,sprites/DefineSprite_335_congrats_button/1.png,359,264,6,True,1048,f187f82283d37a153b820004b88c5b1ca438ded0e362e12873e1cb6497bff1b3
335,congrats_button,sprites/DefineSprite_335_congrats_button/10.png,359,264,6,True,7030,6b053635c86830ab699b55448bdf9399b7006c927dd1a3833849a24f4378bfb5
335,congrats_button,sprites/DefineSprite_335_congrats_button/11.png,359,264,6,True,1048,f5da16423f750561944b897f526ee8e62389bec084e0e2dbd3f6c8c5b51745e8
335,congrats_button,sprites/DefineSprite_335_congrats_button/12.png,359,264,6,True,7030,6b053635c86830ab699b55448bdf9399b7006c927dd1a3833849a24f4378bfb5
335,congrats_button,sprites/DefineSprite_335_congrats_button/13.png,359,264,6,True,1048,f5da16423f750561944b897f526ee8e62389bec084e0e2dbd3f6c8c5b51745e8
335,congrats_button,sprites/DefineSprite_335_congrats_button/14.png,359,264,6,True,7030,6b053635c86830ab699b55448bdf9399b7006c927dd1a3833849a24f4378bfb5
335,congrats_button,sprites/DefineSprite_335_congrats_button/15.png,359,264,6,True,1048,f5da16423f750561944b897f526ee8e62389bec084e0e2dbd3f6c8c5b51745e8
335,congrats_button,sprites/DefineSprite_335_congrats_button/16.png,359,264,6,True,7030,6b053635c86830ab699b55448bdf9399b7006c927dd1a3833849a24f4378bfb5
335,congrats_button,sprites/DefineSprite_335_congrats_button/17.png,359,264,6,True,1048,f5da16423f750561944b897f526ee8e62389bec084e0e2dbd3f6c8c5b51745e8
335,congrats_button,sprites/DefineSprite_335_congrats_button/18.png,359,264,6,True,7030,6b053635c86830ab699b55448bdf9399b7006c927dd1a3833849a24f4378bfb5
335,congrats_button,sprites/DefineSprite_335_congrats_button/19.png,359,264,6,True,1048,f5da16423f750561944b897f526ee8e62389bec084e0e2dbd3f6c8c5b51745e8
335,congrats_button,sprites/DefineSprite_335_congrats_button/2.png,359,264,6,True,7110,8f6b77a4799db7b794df5483e43f1f3ab6886e4fcb8a24ac496abe11763b176e
335,congrats_button,sprites/DefineSprite_335_congrats_button/3.png,359,264,6,True,1048,f187f82283d37a153b820004b88c5b1ca438ded0e362e12873e1cb6497bff1b3
335,congrats_button,sprites/DefineSprite_335_congrats_button/4.png,359,264,6,True,7110,8f6b77a4799db7b794df5483e43f1f3ab6886e4fcb8a24ac496abe11763b176e
335,congrats_button,sprites/DefineSprite_335_congrats_button/5.png,359,264,6,True,1048,f187f82283d37a153b820004b88c5b1ca438ded0e362e12873e1cb6497bff1b3
335,congrats_button,sprites/DefineSprite_335_congrats_button/6.png,359,264,6,True,7110,8f6b77a4799db7b794df5483e43f1f3ab6886e4fcb8a24ac496abe11763b176e
335,congrats_button,sprites/DefineSprite_335_congrats_button/7.png,359,264,6,True,1048,f187f82283d37a153b820004b88c5b1ca438ded0e362e12873e1cb6497bff1b3
335,congrats_button,sprites/DefineSprite_335_congrats_button/8.png,359,264,6,True,7110,8f6b77a4799db7b794df5483e43f1f3ab6886e4fcb8a24ac496abe11763b176e
335,congrats_button,sprites/DefineSprite_335_congrats_button/9.png,359,264,6,True,1048,f187f82283d37a153b820004b88c5b1ca438ded0e362e12873e1cb6497bff1b3
336,,sprites/DefineSprite_336/1.png,341,264,6,True,594,0e1ce2db1b351da13c26ebf5fc3d6bc01a10f702279214add3a067a3ff35561d
337,submit_score,sprites/DefineSprite_337_submit_score/1.png,354,264,6,True,1044,fe797bf2cdd6523150f528932631a7eb2b3356541965f3ad248644cf28d9bec6
337,submit_score,sprites/DefineSprite_337_submit_score/10.png,354,264,6,True,7041,b1bc002d70420e120ecf07d75960a1358d2944bdff48a9fd0f96acd9784ec700
337,submit_score,sprites/DefineSprite_337_submit_score/11.png,354,264,6,True,1043,2e31eb8c75eb2ce5e6328b714ee606b2059f246255297b796a56a6ec456bcbd0
337,submit_score,sprites/DefineSprite_337_submit_score/12.png,354,264,6,True,7041,b1bc002d70420e120ecf07d75960a1358d2944bdff48a9fd0f96acd9784ec700
337,submit_score,sprites/DefineSprite_337_submit_score/13.png,354,264,6,True,1043,2e31eb8c75eb2ce5e6328b714ee606b2059f246255297b796a56a6ec456bcbd0
337,submit_score,sprites/DefineSprite_337_submit_score/14.png,354,264,6,True,7041,b1bc002d70420e120ecf07d75960a1358d2944bdff48a9fd0f96acd9784ec700
337,submit_score,sprites/DefineSprite_337_submit_score/15.png,354,264,6,True,1043,2e31eb8c75eb2ce5e6328b714ee606b2059f246255297b796a56a6ec456bcbd0
337,submit_score,sprites/DefineSprite_337_submit_score/16.png,354,264,6,True,7041,b1bc002d70420e120ecf07d75960a1358d2944bdff48a9fd0f96acd9784ec700
337,submit_score,sprites/DefineSprite_337_submit_score/17.png,354,264,6,True,1043,2e31eb8c75eb2ce5e6328b714ee606b2059f246255297b796a56a6ec456bcbd0
337,submit_score,sprites/DefineSprite_337_submit_score/18.png,354,264,6,True,7041,b1bc002d70420e120ecf07d75960a1358d2944bdff48a9fd0f96acd9784ec700
337,submit_score,sprites/DefineSprite_337_submit_score/19.png,354,264,6,True,1043,2e31eb8c75eb2ce5e6328b714ee606b2059f246255297b796a56a6ec456bcbd0
337,submit_score,sprites/DefineSprite_337_submit_score/2.png,354,264,6,True,7130,1e4cc1c8b595a0f35eeeb256144938c2f1aa0ff6029d11d92af0ea1a179c65ac
337,submit_score,sprites/DefineSprite_337_submit_score/3.png,354,264,6,True,1044,fe797bf2cdd6523150f528932631a7eb2b3356541965f3ad248644cf28d9bec6
337,submit_score,sprites/DefineSprite_337_submit_score/4.png,354,264,6,True,7130,1e4cc1c8b595a0f35eeeb256144938c2f1aa0ff6029d11d92af0ea1a179c65ac
337,submit_score,sprites/DefineSprite_337_submit_score/5.png,354,264,6,True,1044,fe797bf2cdd6523150f528932631a7eb2b3356541965f3ad248644cf28d9bec6
337,submit_score,sprites/DefineSprite_337_submit_score/6.png,354,264,6,True,7130,1e4cc1c8b595a0f35eeeb256144938c2f1aa0ff6029d11d92af0ea1a179c65ac
337,submit_score,sprites/DefineSprite_337_submit_score/7.png,354,264,6,True,1044,fe797bf2cdd6523150f528932631a7eb2b3356541965f3ad248644cf28d9bec6
337,submit_score,sprites/DefineSprite_337_submit_score/8.png,354,264,6,True,7130,1e4cc1c8b595a0f35eeeb256144938c2f1aa0ff6029d11d92af0ea1a179c65ac
337,submit_score,sprites/DefineSprite_337_submit_score/9.png,354,264,6,True,1044,fe797bf2cdd6523150f528932631a7eb2b3356541965f3ad248644cf28d9bec6
338,,sprites/DefineSprite_338/1.png,341,264,6,True,594,0e1ce2db1b351da13c26ebf5fc3d6bc01a10f702279214add3a067a3ff35561d
339,restart_level,sprites/DefineSprite_339_restart_level/1.png,359,264,6,True,1048,f187f82283d37a153b820004b88c5b1ca438ded0e362e12873e1cb6497bff1b3
339,restart_level,sprites/DefineSprite_339_restart_level/10.png,359,264,6,True,7030,6b053635c86830ab699b55448bdf9399b7006c927dd1a3833849a24f4378bfb5
339,restart_level,sprites/DefineSprite_339_restart_level/11.png,359,264,6,True,1048,f5da16423f750561944b897f526ee8e62389bec084e0e2dbd3f6c8c5b51745e8
339,restart_level,sprites/DefineSprite_339_restart_level/12.png,359,264,6,True,7030,6b053635c86830ab699b55448bdf9399b7006c927dd1a3833849a24f4378bfb5
339,restart_level,sprites/DefineSprite_339_restart_level/13.png,359,264,6,True,1048,f5da16423f750561944b897f526ee8e62389bec084e0e2dbd3f6c8c5b51745e8
339,restart_level,sprites/DefineSprite_339_restart_level/14.png,359,264,6,True,7030,6b053635c86830ab699b55448bdf9399b7006c927dd1a3833849a24f4378bfb5
339,restart_level,sprites/DefineSprite_339_restart_level/15.png,359,264,6,True,1048,f5da16423f750561944b897f526ee8e62389bec084e0e2dbd3f6c8c5b51745e8
339,restart_level,sprites/DefineSprite_339_restart_level/16.png,359,264,6,True,7030,6b053635c86830ab699b55448bdf9399b7006c927dd1a3833849a24f4378bfb5
339,restart_level,sprites/DefineSprite_339_restart_level/17.png,359,264,6,True,1048,f5da16423f750561944b897f526ee8e62389bec084e0e2dbd3f6c8c5b51745e8
339,restart_level,sprites/DefineSprite_339_restart_level/18.png,359,264,6,True,7030,6b053635c86830ab699b55448bdf9399b7006c927dd1a3833849a24f4378bfb5
339,restart_level,sprites/DefineSprite_339_restart_level/19.png,359,264,6,True,1048,f5da16423f750561944b897f526ee8e62389bec084e0e2dbd3f6c8c5b51745e8
339,restart_level,sprites/DefineSprite_339_restart_level/2.png,359,264,6,True,7110,8f6b77a4799db7b794df5483e43f1f3ab6886e4fcb8a24ac496abe11763b176e
339,restart_level,sprites/DefineSprite_339_restart_level/3.png,359,264,6,True,1048,f187f82283d37a153b820004b88c5b1ca438ded0e362e12873e1cb6497bff1b3
339,restart_level,sprites/DefineSprite_339_restart_level/4.png,359,264,6,True,7110,8f6b77a4799db7b794df5483e43f1f3ab6886e4fcb8a24ac496abe11763b176e
339,restart_level,sprites/DefineSprite_339_restart_level/5.png,359,264,6,True,1048,f187f82283d37a153b820004b88c5b1ca438ded0e362e12873e1cb6497bff1b3
339,restart_level,sprites/DefineSprite_339_restart_level/6.png,359,264,6,True,7110,8f6b77a4799db7b794df5483e43f1f3ab6886e4fcb8a24ac496abe11763b176e
339,restart_level,sprites/DefineSprite_339_restart_level/7.png,359,264,6,True,1048,f187f82283d37a153b820004b88c5b1ca438ded0e362e12873e1cb6497bff1b3
339,restart_level,sprites/DefineSprite_339_restart_level/8.png,359,264,6,True,7110,8f6b77a4799db7b794df5483e43f1f3ab6886e4fcb8a24ac496abe11763b176e
339,restart_level,sprites/DefineSprite_339_restart_level/9.png,359,264,6,True,1048,f187f82283d37a153b820004b88c5b1ca438ded0e362e12873e1cb6497bff1b3
33,text_7,sprites/DefineSprite_33_text_7/1.png,8,11,6,True,106,3d7afcb2fbef2a2442309d396a14b78e240a77aca51da3badf2d3c209c4706ce
340,,sprites/DefineSprite_340/1.png,341,264,6,True,594,0e1ce2db1b351da13c26ebf5fc3d6bc01a10f702279214add3a067a3ff35561d
341,continue_game,sprites/DefineSprite_341_continue_game/1.png,359,264,6,True,1048,f187f82283d37a153b820004b88c5b1ca438ded0e362e12873e1cb6497bff1b3
341,continue_game,sprites/DefineSprite_341_continue_game/10.png,359,264,6,True,7030,6b053635c86830ab699b55448bdf9399b7006c927dd1a3833849a24f4378bfb5
341,continue_game,sprites/DefineSprite_341_continue_game/11.png,359,264,6,True,1048,f5da16423f750561944b897f526ee8e62389bec084e0e2dbd3f6c8c5b51745e8
341,continue_game,sprites/DefineSprite_341_continue_game/12.png,359,264,6,True,7030,6b053635c86830ab699b55448bdf9399b7006c927dd1a3833849a24f4378bfb5
341,continue_game,sprites/DefineSprite_341_continue_game/13.png,359,264,6,True,1048,f5da16423f750561944b897f526ee8e62389bec084e0e2dbd3f6c8c5b51745e8
341,continue_game,sprites/DefineSprite_341_continue_game/14.png,359,264,6,True,7030,6b053635c86830ab699b55448bdf9399b7006c927dd1a3833849a24f4378bfb5
341,continue_game,sprites/DefineSprite_341_continue_game/15.png,359,264,6,True,1048,f5da16423f750561944b897f526ee8e62389bec084e0e2dbd3f6c8c5b51745e8
341,continue_game,sprites/DefineSprite_341_continue_game/16.png,359,264,6,True,7030,6b053635c86830ab699b55448bdf9399b7006c927dd1a3833849a24f4378bfb5
341,continue_game,sprites/DefineSprite_341_continue_game/17.png,359,264,6,True,1048,f5da16423f750561944b897f526ee8e62389bec084e0e2dbd3f6c8c5b51745e8
341,continue_game,sprites/DefineSprite_341_continue_game/18.png,359,264,6,True,7030,6b053635c86830ab699b55448bdf9399b7006c927dd1a3833849a24f4378bfb5
341,continue_game,sprites/DefineSprite_341_continue_game/19.png,359,264,6,True,1048,f5da16423f750561944b897f526ee8e62389bec084e0e2dbd3f6c8c5b51745e8
341,continue_game,sprites/DefineSprite_341_continue_game/2.png,359,264,6,True,7110,8f6b77a4799db7b794df5483e43f1f3ab6886e4fcb8a24ac496abe11763b176e
341,continue_game,sprites/DefineSprite_341_continue_game/3.png,359,264,6,True,1048,f187f82283d37a153b820004b88c5b1ca438ded0e362e12873e1cb6497bff1b3
341,continue_game,sprites/DefineSprite_341_continue_game/4.png,359,264,6,True,7110,8f6b77a4799db7b794df5483e43f1f3ab6886e4fcb8a24ac496abe11763b176e
341,continue_game,sprites/DefineSprite_341_continue_game/5.png,359,264,6,True,1048,f187f82283d37a153b820004b88c5b1ca438ded0e362e12873e1cb6497bff1b3
341,continue_game,sprites/DefineSprite_341_continue_game/6.png,359,264,6,True,7110,8f6b77a4799db7b794df5483e43f1f3ab6886e4fcb8a24ac496abe11763b176e
341,continue_game,sprites/DefineSprite_341_continue_game/7.png,359,264,6,True,1048,f187f82283d37a153b820004b88c5b1ca438ded0e362e12873e1cb6497bff1b3
341,continue_game,sprites/DefineSprite_341_continue_game/8.png,359,264,6,True,7110,8f6b77a4799db7b794df5483e43f1f3ab6886e4fcb8a24ac496abe11763b176e
341,continue_game,sprites/DefineSprite_341_continue_game/9.png,359,264,6,True,1048,f187f82283d37a153b820004b88c5b1ca438ded0e362e12873e1cb6497bff1b3
342,popup,sprites/DefineSprite_342_popup/1.png,495,449,6,True,4322,860cc077483a1f90ea029369ddb101321df063dfb17a3423e69c3c6b5fe92a22
342,popup,sprites/DefineSprite_342_popup/10.png,495,449,6,True,22647,91009b06504d7110b955cf52489f21f80745fcd971c0588d3b317b25f1ac633a
342,popup,sprites/DefineSprite_342_popup/11.png,495,449,6,True,4351,2ce1755fead9120e9e5157994a66c599f8d6bf38091f8cc0bdd561d352930d84
342,popup,sprites/DefineSprite_342_popup/12.png,495,449,6,True,22801,4348149ddb6608f3a758e0ded04318de4f47ac37529990aec4653b47c8b0cb33
342,popup,sprites/DefineSprite_342_popup/13.png,495,449,6,True,4351,2ce1755fead9120e9e5157994a66c599f8d6bf38091f8cc0bdd561d352930d84
342,popup,sprites/DefineSprite_342_popup/14.png,495,449,6,True,22801,4348149ddb6608f3a758e0ded04318de4f47ac37529990aec4653b47c8b0cb33
342,popup,sprites/DefineSprite_342_popup/15.png,495,449,6,True,4351,2ce1755fead9120e9e5157994a66c599f8d6bf38091f8cc0bdd561d352930d84
342,popup,sprites/DefineSprite_342_popup/16.png,495,449,6,True,22801,4348149ddb6608f3a758e0ded04318de4f47ac37529990aec4653b47c8b0cb33
342,popup,sprites/DefineSprite_342_popup/17.png,495,449,6,True,4351,2ce1755fead9120e9e5157994a66c599f8d6bf38091f8cc0bdd561d352930d84
342,popup,sprites/DefineSprite_342_popup/18.png,495,449,6,True,22801,4348149ddb6608f3a758e0ded04318de4f47ac37529990aec4653b47c8b0cb33
342,popup,sprites/DefineSprite_342_popup/19.png,495,449,6,True,4351,2ce1755fead9120e9e5157994a66c599f8d6bf38091f8cc0bdd561d352930d84
342,popup,sprites/DefineSprite_342_popup/2.png,495,449,6,True,22590,5453a7292b1333ff30e6c31612487ea6d50d59d168ae26ff558ffc089625fe74
342,popup,sprites/DefineSprite_342_popup/20.png,495,449,6,True,22830,16455752b3b648524a6a03dcffd78f37e351a1bad3cd59fa5cb320bb55156b9a
342,popup,sprites/DefineSprite_342_popup/21.png,495,449,6,True,4713,15aea0750e6286f89d3b3fd269f47a13d794e4c39febf9b0f8e7622095d4b175
342,popup,sprites/DefineSprite_342_popup/22.png,495,449,6,True,22759,4e6abfa4dd6315d8c35e7c026a44c61a8a5b552290158d1317427bf94b830fc7
342,popup,sprites/DefineSprite_342_popup/23.png,495,449,6,True,4713,15aea0750e6286f89d3b3fd269f47a13d794e4c39febf9b0f8e7622095d4b175
342,popup,sprites/DefineSprite_342_popup/24.png,495,449,6,True,22759,4e6abfa4dd6315d8c35e7c026a44c61a8a5b552290158d1317427bf94b830fc7
342,popup,sprites/DefineSprite_342_popup/25.png,495,449,6,True,4713,15aea0750e6286f89d3b3fd269f47a13d794e4c39febf9b0f8e7622095d4b175
342,popup,sprites/DefineSprite_342_popup/26.png,495,449,6,True,22759,4e6abfa4dd6315d8c35e7c026a44c61a8a5b552290158d1317427bf94b830fc7
342,popup,sprites/DefineSprite_342_popup/27.png,495,449,6,True,4713,15aea0750e6286f89d3b3fd269f47a13d794e4c39febf9b0f8e7622095d4b175
342,popup,sprites/DefineSprite_342_popup/28.png,495,449,6,True,22759,4e6abfa4dd6315d8c35e7c026a44c61a8a5b552290158d1317427bf94b830fc7
342,popup,sprites/DefineSprite_342_popup/29.png,495,449,6,True,4746,412bdfa5baec6a8a7e2770e7dce5f030b6dec3792dd3d9a65e03f3250e65f760
342,popup,sprites/DefineSprite_342_popup/3.png,495,449,6,True,4322,860cc077483a1f90ea029369ddb101321df063dfb17a3423e69c3c6b5fe92a22
342,popup,sprites/DefineSprite_342_popup/30.png,495,449,6,True,22861,564fca455e8ba8c9ad278f5687f70d18af2fd6756fbc6ca4ea0e085479a91c1c
342,popup,sprites/DefineSprite_342_popup/31.png,495,449,6,True,3965,23c42787796523102b753f0a75433e5dd3a40909246bad021d0f974de38ad927
342,popup,sprites/DefineSprite_342_popup/32.png,495,449,6,True,18572,8460b88adac3d876fa6dd681748b8b5f694de7f98e668a4791155b4ab21a3832
342,popup,sprites/DefineSprite_342_popup/33.png,495,449,6,True,3965,23c42787796523102b753f0a75433e5dd3a40909246bad021d0f974de38ad927
342,popup,sprites/DefineSprite_342_popup/34.png,495,449,6,True,18572,8460b88adac3d876fa6dd681748b8b5f694de7f98e668a4791155b4ab21a3832
342,popup,sprites/DefineSprite_342_popup/35.png,495,449,6,True,3965,23c42787796523102b753f0a75433e5dd3a40909246bad021d0f974de38ad927
342,popup,sprites/DefineSprite_342_popup/36.png,495,449,6,True,18572,8460b88adac3d876fa6dd681748b8b5f694de7f98e668a4791155b4ab21a3832
342,popup,sprites/DefineSprite_342_popup/37.png,495,449,6,True,3965,23c42787796523102b753f0a75433e5dd3a40909246bad021d0f974de38ad927
342,popup,sprites/DefineSprite_342_popup/38.png,495,449,6,True,18572,8460b88adac3d876fa6dd681748b8b5f694de7f98e668a4791155b4ab21a3832
342,popup,sprites/DefineSprite_342_popup/39.png,495,449,6,True,3939,b7d1588886eea2071af592df9cfe065c9261381d5e1cf473f6833b2235356b8e
342,popup,sprites/DefineSprite_342_popup/4.png,495,449,6,True,22590,5453a7292b1333ff30e6c31612487ea6d50d59d168ae26ff558ffc089625fe74
342,popup,sprites/DefineSprite_342_popup/40.png,495,449,6,True,18487,1ff58d394fb2c7272b2ca70127c674de05662cb60a32441a7af14e4969454cd9
342,popup,sprites/DefineSprite_342_popup/41.png,495,449,6,True,3939,b7d1588886eea2071af592df9cfe065c9261381d5e1cf473f6833b2235356b8e
342,popup,sprites/DefineSprite_342_popup/42.png,495,449,6,True,18376,4e8467de1e1aebcc748b0ea10eb1eaac982497397f5b0c9eb04a06d109d083cc
342,popup,sprites/DefineSprite_342_popup/43.png,495,449,6,True,3939,b7d1588886eea2071af592df9cfe065c9261381d5e1cf473f6833b2235356b8e
342,popup,sprites/DefineSprite_342_popup/44.png,495,449,6,True,18376,4e8467de1e1aebcc748b0ea10eb1eaac982497397f5b0c9eb04a06d109d083cc
342,popup,sprites/DefineSprite_342_popup/45.png,495,449,6,True,3939,b7d1588886eea2071af592df9cfe065c9261381d5e1cf473f6833b2235356b8e
342,popup,sprites/DefineSprite_342_popup/46.png,495,449,6,True,18376,4e8467de1e1aebcc748b0ea10eb1eaac982497397f5b0c9eb04a06d109d083cc
342,popup,sprites/DefineSprite_342_popup/47.png,495,449,6,True,3939,b7d1588886eea2071af592df9cfe065c9261381d5e1cf473f6833b2235356b8e
342,popup,sprites/DefineSprite_342_popup/48.png,495,449,6,True,18572,8460b88adac3d876fa6dd681748b8b5f694de7f98e668a4791155b4ab21a3832
342,popup,sprites/DefineSprite_342_popup/49.png,495,449,6,True,3965,23c42787796523102b753f0a75433e5dd3a40909246bad021d0f974de38ad927
342,popup,sprites/DefineSprite_342_popup/5.png,495,449,6,True,4322,860cc077483a1f90ea029369ddb101321df063dfb17a3423e69c3c6b5fe92a22
342,popup,sprites/DefineSprite_342_popup/50.png,495,449,6,True,18296,3cc4cfff4bafdaee43734f14ae0ff5ea5148d386b7cbacac17dfb07240c80cd0
342,popup,sprites/DefineSprite_342_popup/51.png,495,449,6,True,3955,e7ab2779d8a9353ec34a3c6838c9883e8686b7627b4828e0a6b770f34dcbf607
342,popup,sprites/DefineSprite_342_popup/52.png,495,449,6,True,18296,3cc4cfff4bafdaee43734f14ae0ff5ea5148d386b7cbacac17dfb07240c80cd0
342,popup,sprites/DefineSprite_342_popup/53.png,495,449,6,True,3955,e7ab2779d8a9353ec34a3c6838c9883e8686b7627b4828e0a6b770f34dcbf607
342,popup,sprites/DefineSprite_342_popup/54.png,495,449,6,True,18296,3cc4cfff4bafdaee43734f14ae0ff5ea5148d386b7cbacac17dfb07240c80cd0
342,popup,sprites/DefineSprite_342_popup/55.png,495,449,6,True,3955,e7ab2779d8a9353ec34a3c6838c9883e8686b7627b4828e0a6b770f34dcbf607
342,popup,sprites/DefineSprite_342_popup/56.png,495,449,6,True,18296,3cc4cfff4bafdaee43734f14ae0ff5ea5148d386b7cbacac17dfb07240c80cd0
342,popup,sprites/DefineSprite_342_popup/57.png,495,449,6,True,3955,e7ab2779d8a9353ec34a3c6838c9883e8686b7627b4828e0a6b770f34dcbf607
342,popup,sprites/DefineSprite_342_popup/58.png,495,449,6,True,18487,1ff58d394fb2c7272b2ca70127c674de05662cb60a32441a7af14e4969454cd9
342,popup,sprites/DefineSprite_342_popup/59.png,495,449,6,True,3963,5eddeb2a6129617a484d7fd5e8858319ad03c85b8252eb6cae3487e984c6d203
342,popup,sprites/DefineSprite_342_popup/6.png,495,449,6,True,22590,5453a7292b1333ff30e6c31612487ea6d50d59d168ae26ff558ffc089625fe74
342,popup,sprites/DefineSprite_342_popup/60.png,495,449,6,True,18376,4e8467de1e1aebcc748b0ea10eb1eaac982497397f5b0c9eb04a06d109d083cc
342,popup,sprites/DefineSprite_342_popup/61.png,495,449,6,True,3939,b7d1588886eea2071af592df9cfe065c9261381d5e1cf473f6833b2235356b8e
342,popup,sprites/DefineSprite_342_popup/62.png,495,449,6,True,18376,4e8467de1e1aebcc748b0ea10eb1eaac982497397f5b0c9eb04a06d109d083cc
342,popup,sprites/DefineSprite_342_popup/63.png,495,449,6,True,3939,b7d1588886eea2071af592df9cfe065c9261381d5e1cf473f6833b2235356b8e
342,popup,sprites/DefineSprite_342_popup/64.png,495,449,6,True,18376,4e8467de1e1aebcc748b0ea10eb1eaac982497397f5b0c9eb04a06d109d083cc
342,popup,sprites/DefineSprite_342_popup/65.png,495,449,6,True,3939,b7d1588886eea2071af592df9cfe065c9261381d5e1cf473f6833b2235356b8e
342,popup,sprites/DefineSprite_342_popup/66.png,495,449,6,True,18376,4e8467de1e1aebcc748b0ea10eb1eaac982497397f5b0c9eb04a06d109d083cc
342,popup,sprites/DefineSprite_342_popup/67.png,495,449,6,True,3965,23c42787796523102b753f0a75433e5dd3a40909246bad021d0f974de38ad927
342,popup,sprites/DefineSprite_342_popup/68.png,495,449,6,True,18572,8460b88adac3d876fa6dd681748b8b5f694de7f98e668a4791155b4ab21a3832
342,popup,sprites/DefineSprite_342_popup/69.png,495,449,6,True,3955,e7ab2779d8a9353ec34a3c6838c9883e8686b7627b4828e0a6b770f34dcbf607
342,popup,sprites/DefineSprite_342_popup/7.png,495,449,6,True,4322,860cc077483a1f90ea029369ddb101321df063dfb17a3423e69c3c6b5fe92a22
342,popup,sprites/DefineSprite_342_popup/70.png,495,449,6,True,18296,3cc4cfff4bafdaee43734f14ae0ff5ea5148d386b7cbacac17dfb07240c80cd0
342,popup,sprites/DefineSprite_342_popup/8.png,495,449,6,True,22590,5453a7292b1333ff30e6c31612487ea6d50d59d168ae26ff558ffc089625fe74
342,popup,sprites/DefineSprite_342_popup/9.png,495,449,6,True,4322,860cc077483a1f90ea029369ddb101321df063dfb17a3423e69c3c6b5fe92a22
349,sfx toggle button,sprites/DefineSprite_349_sfx toggle button/1.png,47,34,6,True,179,808e3210ba8b0aa0c2d102a3d72e36797c9065c968704147bdb15f97e57ac96c
349,sfx toggle button,sprites/DefineSprite_349_sfx toggle button/10.png,47,34,6,True,301,9540dc749e8e9513b971b5031b8963199240e1d21d486849cd76e18adae1d723
349,sfx toggle button,sprites/DefineSprite_349_sfx toggle button/11.png,47,34,6,True,210,044348f0798fd5f633edb4fbbdf8c321fb39ddacb59b3ece2d9d8f1d644a6524
349,sfx toggle button,sprites/DefineSprite_349_sfx toggle button/12.png,47,34,6,True,210,044348f0798fd5f633edb4fbbdf8c321fb39ddacb59b3ece2d9d8f1d644a6524
349,sfx toggle button,sprites/DefineSprite_349_sfx toggle button/13.png,47,34,6,True,210,044348f0798fd5f633edb4fbbdf8c321fb39ddacb59b3ece2d9d8f1d644a6524
349,sfx toggle button,sprites/DefineSprite_349_sfx toggle button/14.png,47,34,6,True,210,044348f0798fd5f633edb4fbbdf8c321fb39ddacb59b3ece2d9d8f1d644a6524
349,sfx toggle button,sprites/DefineSprite_349_sfx toggle button/15.png,47,34,6,True,210,044348f0798fd5f633edb4fbbdf8c321fb39ddacb59b3ece2d9d8f1d644a6524
349,sfx toggle button,sprites/DefineSprite_349_sfx toggle button/16.png,47,34,6,True,332,3c656065911ab41a2ef8f7927ff5e09b6bb9eaafc95471686fa973890d09ef96
349,sfx toggle button,sprites/DefineSprite_349_sfx toggle button/17.png,47,34,6,True,332,3c656065911ab41a2ef8f7927ff5e09b6bb9eaafc95471686fa973890d09ef96
349,sfx toggle button,sprites/DefineSprite_349_sfx toggle button/18.png,47,34,6,True,332,3c656065911ab41a2ef8f7927ff5e09b6bb9eaafc95471686fa973890d09ef96
349,sfx toggle button,sprites/DefineSprite_349_sfx toggle button/19.png,47,34,6,True,332,3c656065911ab41a2ef8f7927ff5e09b6bb9eaafc95471686fa973890d09ef96
349,sfx toggle button,sprites/DefineSprite_349_sfx toggle button/2.png,47,34,6,True,179,808e3210ba8b0aa0c2d102a3d72e36797c9065c968704147bdb15f97e57ac96c
349,sfx toggle button,sprites/DefineSprite_349_sfx toggle button/20.png,47,34,6,True,332,3c656065911ab41a2ef8f7927ff5e09b6bb9eaafc95471686fa973890d09ef96
349,sfx toggle button,sprites/DefineSprite_349_sfx toggle button/3.png,47,34,6,True,179,808e3210ba8b0aa0c2d102a3d72e36797c9065c968704147bdb15f97e57ac96c
349,sfx toggle button,sprites/DefineSprite_349_sfx toggle button/4.png,47,34,6,True,179,808e3210ba8b0aa0c2d102a3d72e36797c9065c968704147bdb15f97e57ac96c
349,sfx toggle button,sprites/DefineSprite_349_sfx toggle button/5.png,47,34,6,True,179,808e3210ba8b0aa0c2d102a3d72e36797c9065c968704147bdb15f97e57ac96c
349,sfx toggle button,sprites/DefineSprite_349_sfx toggle button/6.png,47,34,6,True,301,9540dc749e8e9513b971b5031b8963199240e1d21d486849cd76e18adae1d723
349,sfx toggle button,sprites/DefineSprite_349_sfx toggle button/7.png,47,34,6,True,301,9540dc749e8e9513b971b5031b8963199240e1d21d486849cd76e18adae1d723
349,sfx toggle button,sprites/DefineSprite_349_sfx toggle button/8.png,47,34,6,True,301,9540dc749e8e9513b971b5031b8963199240e1d21d486849cd76e18adae1d723
349,sfx toggle button,sprites/DefineSprite_349_sfx toggle button/9.png,47,34,6,True,301,9540dc749e8e9513b971b5031b8963199240e1d21d486849cd76e18adae1d723
354,music toggle button,sprites/DefineSprite_354_music toggle button/1.png,31,34,6,True,170,ce3ec71d69152b7cc902631c6f3e410465d74141781119c81a93fbd0e3bf55f9
354,music toggle button,sprites/DefineSprite_354_music toggle button/10.png,31,34,6,True,271,2cd70476089a7f053dbf310fa6901b2878e9762a12f80d4193bb67e1e6ff8733
354,music toggle button,sprites/DefineSprite_354_music toggle button/11.png,31,34,6,True,241,63481ca902cb8183ecf92c4950f5913589d93695380cf08be731392d84601110
354,music toggle button,sprites/DefineSprite_354_music toggle button/12.png,31,34,6,True,241,63481ca902cb8183ecf92c4950f5913589d93695380cf08be731392d84601110
354,music toggle button,sprites/DefineSprite_354_music toggle button/13.png,31,34,6,True,241,63481ca902cb8183ecf92c4950f5913589d93695380cf08be731392d84601110
354,music toggle button,sprites/DefineSprite_354_music toggle button/14.png,31,34,6,True,241,63481ca902cb8183ecf92c4950f5913589d93695380cf08be731392d84601110
354,music toggle button,sprites/DefineSprite_354_music toggle button/15.png,31,34,6,True,241,63481ca902cb8183ecf92c4950f5913589d93695380cf08be731392d84601110
354,music toggle button,sprites/DefineSprite_354_music toggle button/16.png,31,34,6,True,335,a66de463a86f91a8e61a442a8327072b243eea36935df81b8236ed2ea8af7a36
354,music toggle button,sprites/DefineSprite_354_music toggle button/17.png,31,34,6,True,335,a66de463a86f91a8e61a442a8327072b243eea36935df81b8236ed2ea8af7a36
354,music toggle button,sprites/DefineSprite_354_music toggle button/18.png,31,34,6,True,335,a66de463a86f91a8e61a442a8327072b243eea36935df81b8236ed2ea8af7a36
354,music toggle button,sprites/DefineSprite_354_music toggle button/19.png,31,34,6,True,335,a66de463a86f91a8e61a442a8327072b243eea36935df81b8236ed2ea8af7a36
354,music toggle button,sprites/DefineSprite_354_music toggle button/2.png,31,34,6,True,170,ce3ec71d69152b7cc902631c6f3e410465d74141781119c81a93fbd0e3bf55f9
354,music toggle button,sprites/DefineSprite_354_music toggle button/20.png,31,34,6,True,335,a66de463a86f91a8e61a442a8327072b243eea36935df81b8236ed2ea8af7a36
354,music toggle button,sprites/DefineSprite_354_music toggle button/3.png,31,34,6,True,170,ce3ec71d69152b7cc902631c6f3e410465d74141781119c81a93fbd0e3bf55f9
354,music toggle button,sprites/DefineSprite_354_music toggle button/4.png,31,34,6,True,170,ce3ec71d69152b7cc902631c6f3e410465d74141781119c81a93fbd0e3bf55f9
354,music toggle button,sprites/DefineSprite_354_music toggle button/5.png,31,34,6,True,170,ce3ec71d69152b7cc902631c6f3e410465d74141781119c81a93fbd0e3bf55f9
354,music toggle button,sprites/DefineSprite_354_music toggle button/6.png,31,34,6,True,271,2cd70476089a7f053dbf310fa6901b2878e9762a12f80d4193bb67e1e6ff8733
354,music toggle button,sprites/DefineSprite_354_music toggle button/7.png,31,34,6,True,271,2cd70476089a7f053dbf310fa6901b2878e9762a12f80d4193bb67e1e6ff8733
354,music toggle button,sprites/DefineSprite_354_music toggle button/8.png,31,34,6,True,271,2cd70476089a7f053dbf310fa6901b2878e9762a12f80d4193bb67e1e6ff8733
354,music toggle button,sprites/DefineSprite_354_music toggle button/9.png,31,34,6,True,271,2cd70476089a7f053dbf310fa6901b2878e9762a12f80d4193bb67e1e6ff8733
358,quit level button,sprites/DefineSprite_358_quit level button/1.png,23,34,6,True,174,4535d4e18dc0d31c850da974f103e48d1f96b32d2744842bdfd324a3d84e5ec8
358,quit level button,sprites/DefineSprite_358_quit level button/10.png,23,34,6,True,260,35852a8838c78054a9f3f071e908f7db44304cd6eeb5b36a35fdc6862ecc1be1
358,quit level button,sprites/DefineSprite_358_quit level button/2.png,23,34,6,True,174,4535d4e18dc0d31c850da974f103e48d1f96b32d2744842bdfd324a3d84e5ec8
358,quit level button,sprites/DefineSprite_358_quit level button/3.png,23,34,6,True,174,4535d4e18dc0d31c850da974f103e48d1f96b32d2744842bdfd324a3d84e5ec8
358,quit level button,sprites/DefineSprite_358_quit level button/4.png,23,34,6,True,174,4535d4e18dc0d31c850da974f103e48d1f96b32d2744842bdfd324a3d84e5ec8
358,quit level button,sprites/DefineSprite_358_quit level button/5.png,23,34,6,True,174,4535d4e18dc0d31c850da974f103e48d1f96b32d2744842bdfd324a3d84e5ec8
358,quit level button,sprites/DefineSprite_358_quit level button/6.png,23,34,6,True,260,35852a8838c78054a9f3f071e908f7db44304cd6eeb5b36a35fdc6862ecc1be1
358,quit level button,sprites/DefineSprite_358_quit level button/7.png,23,34,6,True,260,35852a8838c78054a9f3f071e908f7db44304cd6eeb5b36a35fdc6862ecc1be1
358,quit level button,sprites/DefineSprite_358_quit level button/8.png,23,34,6,True,260,35852a8838c78054a9f3f071e908f7db44304cd6eeb5b36a35fdc6862ecc1be1
358,quit level button,sprites/DefineSprite_358_quit level button/9.png,23,34,6,True,260,35852a8838c78054a9f3f071e908f7db44304cd6eeb5b36a35fdc6862ecc1be1
361,,sprites/DefineSprite_361/1.png,1,1,6,True,68,c3087446afe87c5da27035fd77db71f3d9911966b3cd33a452f80d731fbf8159
361,,sprites/DefineSprite_361/2.png,1,1,6,True,68,c3087446afe87c5da27035fd77db71f3d9911966b3cd33a452f80d731fbf8159
363,,sprites/DefineSprite_363/1.png,1,1,6,True,68,c3087446afe87c5da27035fd77db71f3d9911966b3cd33a452f80d731fbf8159
363,,sprites/DefineSprite_363/2.png,1,1,6,True,68,c3087446afe87c5da27035fd77db71f3d9911966b3cd33a452f80d731fbf8159
365,,sprites/DefineSprite_365/1.png,1,1,6,True,68,c3087446afe87c5da27035fd77db71f3d9911966b3cd33a452f80d731fbf8159
365,,sprites/DefineSprite_365/2.png,1,1,6,True,68,c3087446afe87c5da27035fd77db71f3d9911966b3cd33a452f80d731fbf8159
367,,sprites/DefineSprite_367/1.png,1,1,6,True,68,c3087446afe87c5da27035fd77db71f3d9911966b3cd33a452f80d731fbf8159
367,,sprites/DefineSprite_367/2.png,1,1,6,True,68,c3087446afe87c5da27035fd77db71f3d9911966b3cd33a452f80d731fbf8159
369,,sprites/DefineSprite_369/1.png,1,1,6,True,68,c3087446afe87c5da27035fd77db71f3d9911966b3cd33a452f80d731fbf8159
369,,sprites/DefineSprite_369/2.png,1,1,6,True,68,c3087446afe87c5da27035fd77db71f3d9911966b3cd33a452f80d731fbf8159
36,text_8,sprites/DefineSprite_36_text_8/1.png,8,11,6,True,116,d00540f0e09bd1d6143ae2adace453c458332e6517c4c93a4b27b76b386a64bb
371,,sprites/DefineSprite_371/1.png,1,1,6,True,68,c3087446afe87c5da27035fd77db71f3d9911966b3cd33a452f80d731fbf8159
371,,sprites/DefineSprite_371/2.png,1,1,6,True,68,c3087446afe87c5da27035fd77db71f3d9911966b3cd33a452f80d731fbf8159
373,,sprites/DefineSprite_373/1.png,1,1,6,True,68,c3087446afe87c5da27035fd77db71f3d9911966b3cd33a452f80d731fbf8159
373,,sprites/DefineSprite_373/2.png,1,1,6,True,68,c3087446afe87c5da27035fd77db71f3d9911966b3cd33a452f80d731fbf8159
375,,sprites/DefineSprite_375/1.png,1,1,6,True,68,c3087446afe87c5da27035fd77db71f3d9911966b3cd33a452f80d731fbf8159
375,,sprites/DefineSprite_375/2.png,1,1,6,True,68,c3087446afe87c5da27035fd77db71f3d9911966b3cd33a452f80d731fbf8159
377,,sprites/DefineSprite_377/1.png,1,1,6,True,68,c3087446afe87c5da27035fd77db71f3d9911966b3cd33a452f80d731fbf8159
377,,sprites/DefineSprite_377/2.png,1,1,6,True,68,c3087446afe87c5da27035fd77db71f3d9911966b3cd33a452f80d731fbf8159
379,,sprites/DefineSprite_379/1.png,1,1,6,True,68,c3087446afe87c5da27035fd77db71f3d9911966b3cd33a452f80d731fbf8159
379,,sprites/DefineSprite_379/2.png,1,1,6,True,68,c3087446afe87c5da27035fd77db71f3d9911966b3cd33a452f80d731fbf8159
381,,sprites/DefineSprite_381/1.png,1,1,6,True,68,c3087446afe87c5da27035fd77db71f3d9911966b3cd33a452f80d731fbf8159
381,,sprites/DefineSprite_381/2.png,1,1,6,True,68,c3087446afe87c5da27035fd77db71f3d9911966b3cd33a452f80d731fbf8159
383,,sprites/DefineSprite_383/1.png,1,1,6,True,68,c3087446afe87c5da27035fd77db71f3d9911966b3cd33a452f80d731fbf8159
383,,sprites/DefineSprite_383/2.png,1,1,6,True,68,c3087446afe87c5da27035fd77db71f3d9911966b3cd33a452f80d731fbf8159
385,,sprites/DefineSprite_385/1.png,1,1,6,True,68,c3087446afe87c5da27035fd77db71f3d9911966b3cd33a452f80d731fbf8159
385,,sprites/DefineSprite_385/2.png,1,1,6,True,68,c3087446afe87c5da27035fd77db71f3d9911966b3cd33a452f80d731fbf8159
387,,sprites/DefineSprite_387/1.png,1,1,6,True,68,c3087446afe87c5da27035fd77db71f3d9911966b3cd33a452f80d731fbf8159
387,,sprites/DefineSprite_387/2.png,1,1,6,True,68,c3087446afe87c5da27035fd77db71f3d9911966b3cd33a452f80d731fbf8159
389,,sprites/DefineSprite_389/1.png,1,1,6,True,68,c3087446afe87c5da27035fd77db71f3d9911966b3cd33a452f80d731fbf8159
389,,sprites/DefineSprite_389/2.png,1,1,6,True,68,c3087446afe87c5da27035fd77db71f3d9911966b3cd33a452f80d731fbf8159
391,,sprites/DefineSprite_391/1.png,1,1,6,True,68,c3087446afe87c5da27035fd77db71f3d9911966b3cd33a452f80d731fbf8159
391,,sprites/DefineSprite_391/2.png,1,1,6,True,68,c3087446afe87c5da27035fd77db71f3d9911966b3cd33a452f80d731fbf8159
393,,sprites/DefineSprite_393/1.png,1,1,6,True,68,c3087446afe87c5da27035fd77db71f3d9911966b3cd33a452f80d731fbf8159
393,,sprites/DefineSprite_393/2.png,1,1,6,True,68,c3087446afe87c5da27035fd77db71f3d9911966b3cd33a452f80d731fbf8159
395,,sprites/DefineSprite_395/1.png,1,1,6,True,68,c3087446afe87c5da27035fd77db71f3d9911966b3cd33a452f80d731fbf8159
395,,sprites/DefineSprite_395/2.png,1,1,6,True,68,c3087446afe87c5da27035fd77db71f3d9911966b3cd33a452f80d731fbf8159
397,,sprites/DefineSprite_397/1.png,1,1,6,True,68,c3087446afe87c5da27035fd77db71f3d9911966b3cd33a452f80d731fbf8159
397,,sprites/DefineSprite_397/2.png,1,1,6,True,68,c3087446afe87c5da27035fd77db71f3d9911966b3cd33a452f80d731fbf8159
399,,sprites/DefineSprite_399/1.png,1,1,6,True,68,c3087446afe87c5da27035fd77db71f3d9911966b3cd33a452f80d731fbf8159
399,,sprites/DefineSprite_399/2.png,1,1,6,True,68,c3087446afe87c5da27035fd77db71f3d9911966b3cd33a452f80d731fbf8159
39,text_9,sprites/DefineSprite_39_text_9/1.png,8,11,6,True,116,f1fbbf9f02a706b729f7f5bb8ae50fcccf31f8ca6d06b00393b9d1c384ffee97
4,,sprites/DefineSprite_4/1.png,128,14,6,True,122,7b362863c3a35fe2636e7c2f46cc498a14671cf6a34e18f86838b59e18aca20d
401,,sprites/DefineSprite_401/1.png,1,1,6,True,68,c3087446afe87c5da27035fd77db71f3d9911966b3cd33a452f80d731fbf8159
401,,sprites/DefineSprite_401/2.png,1,1,6,True,68,c3087446afe87c5da27035fd77db71f3d9911966b3cd33a452f80d731fbf8159
403,,sprites/DefineSprite_403/1.png,1,1,6,True,68,c3087446afe87c5da27035fd77db71f3d9911966b3cd33a452f80d731fbf8159
403,,sprites/DefineSprite_403/2.png,1,1,6,True,68,c3087446afe87c5da27035fd77db71f3d9911966b3cd33a452f80d731fbf8159
405,,sprites/DefineSprite_405/1.png,1,1,6,True,68,c3087446afe87c5da27035fd77db71f3d9911966b3cd33a452f80d731fbf8159
405,,sprites/DefineSprite_405/2.png,1,1,6,True,68,c3087446afe87c5da27035fd77db71f3d9911966b3cd33a452f80d731fbf8159
407,,sprites/DefineSprite_407/1.png,1,1,6,True,68,c3087446afe87c5da27035fd77db71f3d9911966b3cd33a452f80d731fbf8159
407,,sprites/DefineSprite_407/2.png,1,1,6,True,68,c3087446afe87c5da27035fd77db71f3d9911966b3cd33a452f80d731fbf8159
409,,sprites/DefineSprite_409/1.png,1,1,6,True,68,c3087446afe87c5da27035fd77db71f3d9911966b3cd33a452f80d731fbf8159
409,,sprites/DefineSprite_409/2.png,1,1,6,True,68,c3087446afe87c5da27035fd77db71f3d9911966b3cd33a452f80d731fbf8159
411,,sprites/DefineSprite_411/1.png,1,1,6,True,68,c3087446afe87c5da27035fd77db71f3d9911966b3cd33a452f80d731fbf8159
411,,sprites/DefineSprite_411/2.png,1,1,6,True,68,c3087446afe87c5da27035fd77db71f3d9911966b3cd33a452f80d731fbf8159
413,,sprites/DefineSprite_413/1.png,1,1,6,True,68,c3087446afe87c5da27035fd77db71f3d9911966b3cd33a452f80d731fbf8159
413,,sprites/DefineSprite_413/2.png,1,1,6,True,68,c3087446afe87c5da27035fd77db71f3d9911966b3cd33a452f80d731fbf8159
415,,sprites/DefineSprite_415/1.png,1,1,6,True,68,c3087446afe87c5da27035fd77db71f3d9911966b3cd33a452f80d731fbf8159
415,,sprites/DefineSprite_415/2.png,1,1,6,True,68,c3087446afe87c5da27035fd77db71f3d9911966b3cd33a452f80d731fbf8159
417,,sprites/DefineSprite_417/1.png,1,1,6,True,68,c3087446afe87c5da27035fd77db71f3d9911966b3cd33a452f80d731fbf8159
417,,sprites/DefineSprite_417/2.png,1,1,6,True,68,c3087446afe87c5da27035fd77db71f3d9911966b3cd33a452f80d731fbf8159
419,,sprites/DefineSprite_419/1.png,1,1,6,True,68,c3087446afe87c5da27035fd77db71f3d9911966b3cd33a452f80d731fbf8159
419,,sprites/DefineSprite_419/2.png,1,1,6,True,68,c3087446afe87c5da27035fd77db71f3d9911966b3cd33a452f80d731fbf8159
421,,sprites/DefineSprite_421/1.png,1,1,6,True,68,c3087446afe87c5da27035fd77db71f3d9911966b3cd33a452f80d731fbf8159
421,,sprites/DefineSprite_421/2.png,1,1,6,True,68,c3087446afe87c5da27035fd77db71f3d9911966b3cd33a452f80d731fbf8159
423,,sprites/DefineSprite_423/1.png,1,1,6,True,68,c3087446afe87c5da27035fd77db71f3d9911966b3cd33a452f80d731fbf8159
423,,sprites/DefineSprite_423/2.png,1,1,6,True,68,c3087446afe87c5da27035fd77db71f3d9911966b3cd33a452f80d731fbf8159
425,,sprites/DefineSprite_425/1.png,1,1,6,True,68,c3087446afe87c5da27035fd77db71f3d9911966b3cd33a452f80d731fbf8159
425,,sprites/DefineSprite_425/2.png,1,1,6,True,68,c3087446afe87c5da27035fd77db71f3d9911966b3cd33a452f80d731fbf8159
427,,sprites/DefineSprite_427/1.png,1,1,6,True,68,c3087446afe87c5da27035fd77db71f3d9911966b3cd33a452f80d731fbf8159
427,,sprites/DefineSprite_427/2.png,1,1,6,True,68,c3087446afe87c5da27035fd77db71f3d9911966b3cd33a452f80d731fbf8159
429,,sprites/DefineSprite_429/1.png,1,1,6,True,68,c3087446afe87c5da27035fd77db71f3d9911966b3cd33a452f80d731fbf8159
429,,sprites/DefineSprite_429/2.png,1,1,6,True,68,c3087446afe87c5da27035fd77db71f3d9911966b3cd33a452f80d731fbf8159
42,text_a,sprites/DefineSprite_42_text_a/1.png,8,11,6,True,101,4c56f1f91157adaac0ba015ca86b327742269653c5f3cc4dfdc8f3fcab4e51e8
431,,sprites/DefineSprite_431/1.png,1,1,6,True,68,c3087446afe87c5da27035fd77db71f3d9911966b3cd33a452f80d731fbf8159
431,,sprites/DefineSprite_431/2.png,1,1,6,True,68,c3087446afe87c5da27035fd77db71f3d9911966b3cd33a452f80d731fbf8159
433,,sprites/DefineSprite_433/1.png,1,1,6,True,68,c3087446afe87c5da27035fd77db71f3d9911966b3cd33a452f80d731fbf8159
433,,sprites/DefineSprite_433/2.png,1,1,6,True,68,c3087446afe87c5da27035fd77db71f3d9911966b3cd33a452f80d731fbf8159
434,sfx_manager,sprites/DefineSprite_434_sfx_manager/1.png,191,17,6,True,149,3401b478d492e2280ecb87b91b0addf9c10c6e4275025e6d2020874749e4fc2b
437,,sprites/DefineSprite_437/1.png,1,1,6,True,68,c3087446afe87c5da27035fd77db71f3d9911966b3cd33a452f80d731fbf8159
437,,sprites/DefineSprite_437/2.png,1,1,6,True,68,c3087446afe87c5da27035fd77db71f3d9911966b3cd33a452f80d731fbf8159
439,,sprites/DefineSprite_439/1.png,1,1,6,True,68,c3087446afe87c5da27035fd77db71f3d9911966b3cd33a452f80d731fbf8159
439,,sprites/DefineSprite_439/2.png,1,1,6,True,68,c3087446afe87c5da27035fd77db71f3d9911966b3cd33a452f80d731fbf8159
440,music controller,sprites/DefineSprite_440_music controller/1.png,17,17,6,True,102,68295f36c03c70493856355178702816878cd65efd72833088d43b88f6e7dc83
443,grass_row_left,sprites/DefineSprite_443_grass_row_left/1.png,34,32,6,True,662,255feb74c7b31582e0c57a9b06209deb14588d06cba6258d8dfef818bd0a5941
446,grass_row_middle,sprites/DefineSprite_446_grass_row_middle/1.png,32,32,6,True,549,b18e10dfb4fdb892bdac799677cb561129a106d12ef30f94bee2dfc09c863a42
449,grass_row_right,sprites/DefineSprite_449_grass_row_right/1.png,34,32,6,True,576,ebdd3e9693193bfaaa3d4952b3a2821773880a6da9500ed6331ec26c9efc537d
452,sand_overlap_right_edge,sprites/DefineSprite_452_sand_overlap_right_edge/1.png,32,32,6,True,388,1a103d1d619d7b78d64d01eff2d0c149eb32c3dcccc5bb5f0a2fe9c16f76c2ed
455,sand_overlap_left_edge,sprites/DefineSprite_455_sand_overlap_left_edge/1.png,32,32,6,True,453,35954f947aa006c53b74b6f08d8932b1bfae152c2626671442da131e6211f2eb
458,grass_overlap_right_edge,sprites/DefineSprite_458_grass_overlap_right_edge/1.png,32,32,6,True,424,4521442582ffe726763f3b56cf0110c92766e000d26db52d0c5db9271a40e662
45,text_b,sprites/DefineSprite_45_text_b/1.png,8,11,6,True,112,0e1026c6f3dcdc835882902f4ded7133ed026d1b13752ffaba1667114e1cc746
461,grass_overlap_left_edge,sprites/DefineSprite_461_grass_overlap_left_edge/1.png,32,32,6,True,479,90f211e3d7e1be15be29aaa94b0e136419164dab039f350d552fcf33d9251d43
464,,sprites/DefineSprite_464/1.png,375,158,6,True,469,0c010c6e2920553b604be77aaa1ebf808d8156b50c0684a01fa1edb974806a06
465,speechBubble,sprites/DefineSprite_465_speechBubble/1.png,375,160,6,True,1636,1b0fdbb92dd063fef617ec15695b12ab925a7f8b9f8b1d66473f7234f0d160ee
468,cannon_port_1,sprites/DefineSprite_468_cannon_port_1/1.png,32,32,6,True,413,175d943d269d46ff54cf6c18e03b9ecd825ea6da3a3412b755e0ab96c52955a8
471,cannon_port_2,sprites/DefineSprite_471_cannon_port_2/1.png,32,32,6,True,368,cd12a96688b84e0f94e64ca516b58ad96dd711e182d061c49d90d7a8352c7aa6
474,cannon_port_3,sprites/DefineSprite_474_cannon_port_3/1.png,32,32,6,True,410,976a88368f337b0f2d2909062b850ac2e12a551255326616b9b1d00531d555e5
477,ship_top_middle,sprites/DefineSprite_477_ship_top_middle/1.png,32,32,6,True,240,00782b3c457d6f76bb06a2215c8bfc6e846d55cb3b35316914cb0b5dbe40737a
480,ship_right_side_shaded_2,sprites/DefineSprite_480_ship_right_side_shaded_2/1.png,32,32,6,True,281,58578df72ad8754c10afcc53f72972d366cc6adda257e2de3b61fc6e6572f362
483,mast_end_right,sprites/DefineSprite_483_mast_end_right/1.png,32,33,6,True,411,3cf671afeeac8f87c5bf7ed4edc79625664786d8183d77bc8c3f531267c61c75
486,mast_end_left,sprites/DefineSprite_486_mast_end_left/1.png,32,33,6,True,382,05f4cd6d695b77d80fd5fdffc0011196ee1418c8d7bf23a060da95c9cdd024f7
489,mast_tile,sprites/DefineSprite_489_mast_tile/1.png,32,33,6,True,391,ac3d4e6144c4a2d22968caa60a43f02b49d81da4b97dc333136b31c4e0d72f12
48,text_c,sprites/DefineSprite_48_text_c/1.png,8,11,6,True,115,1ad4e5a523272c4785a2434ad7bd7b582a1226e780d625f9b242feadc225b348
492,mast_middle_1,sprites/DefineSprite_492_mast_middle_1/1.png,32,33,6,True,403,95954156b4bae031a27f5fed22385d5d207fbbe3cc09d56e808d4058155833cd
495,mast_middle_2,sprites/DefineSprite_495_mast_middle_2/1.png,32,33,6,True,411,fdd6b2b6cf868f0d639d89b50687e39b98cdd52d83b04e945389dcb79017ecf3
498,crows_nest_1,sprites/DefineSprite_498_crows_nest_1/1.png,34,31,6,True,362,b34a88664e665403a62ecbb39ed9e0a5a2fec4f12f358352c3d3191582becae5
501,crows_nest_2,sprites/DefineSprite_501_crows_nest_2/1.png,34,31,6,True,399,dbd40140c4af5c17c09914dba8785e23e935ed6ae73c5580a131fd66b986ed5b
504,mast_top,sprites/DefineSprite_504_mast_top/1.png,16,32,6,True,167,7fe07a676e49291c7ce9998edf8d57cde6e9b61922cb643eb2b2ff0a5be25b99
507,mast_middle,sprites/DefineSprite_507_mast_middle/1.png,16,32,6,True,122,1f8ebd19ad3bdc5a9880e35914927becca49a78f1442893d508b826097361fe4
510,mast_bottom,sprites/DefineSprite_510_mast_bottom/1.png,16,32,6,True,135,638b4a838cc07f4959d2cceb75dc157a5466df53c74750d82706c37d3ffc05df
513,ship_end_1,sprites/DefineSprite_513_ship_end_1/1.png,32,32,6,True,398,0ef99bf717018696dd578aca59558bc36dc23727f184384907af39185bbaad32
516,ship_end_2,sprites/DefineSprite_516_ship_end_2/1.png,32,32,6,True,409,06751fd39cc5b75a711f4079cce47e1bd55115c67cc83587f59d7b7ae79e340e
519,ship_end_3,sprites/DefineSprite_519_ship_end_3/1.png,32,32,6,True,361,71cf68fa983bb4499df5dccc4e007b232ffc7bd0c8bcd20d1da7ca571deda549
51,text_d,sprites/DefineSprite_51_text_d/1.png,8,11,6,True,115,351eb8393487c095496ed4d8dce9bf15723c20c52d0235dd3fc94f25f22796da
522,ship_anchor_1,sprites/DefineSprite_522_ship_anchor_1/1.png,43,32,6,True,546,03a5871ebeb01f35a1137998d71ac83ae0c97c71db3f0d0b2f0750efc572eada
525,ship_anchor_2,sprites/DefineSprite_525_ship_anchor_2/1.png,32,32,6,True,435,3c256d6d1945942b858eb693a6bffdf33a76939827d27f17269160fcb7d63475
528,ship_anchor_3,sprites/DefineSprite_528_ship_anchor_3/1.png,43,32,6,True,553,c7772e4ae53a0b5f77692c15798eeadfe1e0368dbb402fd0d0a9a8e601c36206
531,Ship_anchor_4,sprites/DefineSprite_531_Ship_anchor_4/1.png,32,32,6,True,464,431700e64461380efcf3311ae1bb03db66fdd8a2de2ab6c665eb8c62715b83a3
534,ship_right_facing_1,sprites/DefineSprite_534_ship_right_facing_1/1.png,36,32,6,True,309,7b8d7091dd28749e6b54004b2e030841622ee7b630f3c97704bd03c22f4ba2af
537,ship_right_facing_2,sprites/DefineSprite_537_ship_right_facing_2/1.png,32,32,6,True,256,82a57a3adf5e6bcc3dc6043b142826b5358dd08f71ed259f3462e8d5f0596df9
540,ship_right_facing_3,sprites/DefineSprite_540_ship_right_facing_3/1.png,32,32,6,True,396,9a464ebeedfd1318c737e2dc5b764e978a5b5e6794afbdbc453416543194b905
543,ship_right_facing_3_1,sprites/DefineSprite_543_ship_right_facing_3_1/1.png,32,32,6,True,258,0dc57ed361222a70ace61589e4d1191789600e4b823956fce13c7d8168f9cac9
546,ship_right_facing_4,sprites/DefineSprite_546_ship_right_facing_4/1.png,32,32,6,True,239,f8897befb2541ebe301a122ccce3addd5bcec70d2543d87dd9ccf79838b75e90
549,ship_right_facing_4_1,sprites/DefineSprite_549_ship_right_facing_4_1/1.png,32,32,6,True,231,454fda56b28678c42459cf03c87261ec7b81178a29fcaa391e220cedc6259991
54,text_e,sprites/DefineSprite_54_text_e/1.png,8,11,6,True,109,1911646c3545b8cbee3da93c75c8d724c58191a837c2026066ea66ed86267cd7
552,ship_tile_1,sprites/DefineSprite_552_ship_tile_1/1.png,32,32,6,True,207,94bd3f606e8af64f859789c6f33adde4a9cf7ea4e1029108c94ced683336f505
555,ship_tile_2,sprites/DefineSprite_555_ship_tile_2/1.png,32,32,6,True,227,be34ba1fd2a757e9e2bfbb7913a3bd11acf8049f6a2f64b4f55cff7ba4d4032e
558,ship_left_facing_1,sprites/DefineSprite_558_ship_left_facing_1/1.png,32,32,6,True,330,d83188c53cd35aaca37dcb453423b3a53003dcca15e986dcb2f184febcd5b08a
561,ship_left_facing_2,sprites/DefineSprite_561_ship_left_facing_2/1.png,32,32,6,True,262,145e3f5c909e3409274c805bbf60140edff8c6bfc54fe0f2f0a6ab56c36c801e
564,ship_left_facing_3,sprites/DefineSprite_564_ship_left_facing_3/1.png,32,32,6,True,342,17c9e0eff709aadd6e3acb5f2273f00ccb058e66ffdff84a0a4aea4d29b6d002
567,ship_left_side_shaded_4,sprites/DefineSprite_567_ship_left_side_shaded_4/1.png,32,32,6,True,221,99c04613cc4723c69475510b1650dd17d84f1b98c3778d2175cf9437a6960c29
570,clam,sprites/DefineSprite_570_clam/1.png,32,37,6,True,661,a962f1deb4b346ab53e02034bcb395a71f63e88f187cd6533cda9e53359b2190
573,big_shell,sprites/DefineSprite_573_big_shell/1.png,36,22,6,True,522,7276b3ecca41889694d5e0fdc0010e35d632adc3ba746426e8704beafa7d95d6
576,ship_left_facing_5,sprites/DefineSprite_576_ship_left_facing_5/1.png,36,32,6,True,319,a86936951098d9f0a552a91cf34a3f87cdcffec9643f885d7a7ef2171dbfbc1c
57,text_exclamation,sprites/DefineSprite_57_text_exclamation/1.png,4,11,6,True,90,33a18d6768c964633f870aee6e722a19f8693b391cf6eb14e62b20c12e7d9406
581,,sprites/DefineSprite_581/1.png,35,38,6,True,299,1c8fae68c4f45c63e0cc3bfbab097b22494a164c7ed0e72e8a955b97d57afa84
582,,sprites/DefineSprite_582/1.png,35,38,6,True,299,1c8fae68c4f45c63e0cc3bfbab097b22494a164c7ed0e72e8a955b97d57afa84
582,,sprites/DefineSprite_582/10.png,35,38,6,True,295,5e7b53c5d4f0509ec2296f5b1972b643b4b1252c391e7e23002915aa86b4f6e2
582,,sprites/DefineSprite_582/11.png,35,38,6,True,295,5e7b53c5d4f0509ec2296f5b1972b643b4b1252c391e7e23002915aa86b4f6e2
582,,sprites/DefineSprite_582/12.png,35,38,6,True,295,5e7b53c5d4f0509ec2296f5b1972b643b4b1252c391e7e23002915aa86b4f6e2
582,,sprites/DefineSprite_582/13.png,35,38,6,True,295,5e7b53c5d4f0509ec2296f5b1972b643b4b1252c391e7e23002915aa86b4f6e2
582,,sprites/DefineSprite_582/14.png,35,38,6,True,295,5e7b53c5d4f0509ec2296f5b1972b643b4b1252c391e7e23002915aa86b4f6e2
582,,sprites/DefineSprite_582/15.png,35,38,6,True,295,5e7b53c5d4f0509ec2296f5b1972b643b4b1252c391e7e23002915aa86b4f6e2
582,,sprites/DefineSprite_582/16.png,35,38,6,True,295,5e7b53c5d4f0509ec2296f5b1972b643b4b1252c391e7e23002915aa86b4f6e2
582,,sprites/DefineSprite_582/17.png,35,38,6,True,295,5e7b53c5d4f0509ec2296f5b1972b643b4b1252c391e7e23002915aa86b4f6e2
582,,sprites/DefineSprite_582/18.png,35,38,6,True,295,5e7b53c5d4f0509ec2296f5b1972b643b4b1252c391e7e23002915aa86b4f6e2
582,,sprites/DefineSprite_582/19.png,35,38,6,True,295,5e7b53c5d4f0509ec2296f5b1972b643b4b1252c391e7e23002915aa86b4f6e2
582,,sprites/DefineSprite_582/2.png,35,38,6,True,299,1c8fae68c4f45c63e0cc3bfbab097b22494a164c7ed0e72e8a955b97d57afa84
582,,sprites/DefineSprite_582/3.png,35,38,6,True,299,1c8fae68c4f45c63e0cc3bfbab097b22494a164c7ed0e72e8a955b97d57afa84
582,,sprites/DefineSprite_582/4.png,35,38,6,True,299,1c8fae68c4f45c63e0cc3bfbab097b22494a164c7ed0e72e8a955b97d57afa84
582,,sprites/DefineSprite_582/5.png,35,38,6,True,299,1c8fae68c4f45c63e0cc3bfbab097b22494a164c7ed0e72e8a955b97d57afa84
582,,sprites/DefineSprite_582/6.png,35,38,6,True,299,1c8fae68c4f45c63e0cc3bfbab097b22494a164c7ed0e72e8a955b97d57afa84
582,,sprites/DefineSprite_582/7.png,35,38,6,True,299,1c8fae68c4f45c63e0cc3bfbab097b22494a164c7ed0e72e8a955b97d57afa84
582,,sprites/DefineSprite_582/8.png,35,38,6,True,299,1c8fae68c4f45c63e0cc3bfbab097b22494a164c7ed0e72e8a955b97d57afa84
582,,sprites/DefineSprite_582/9.png,35,38,6,True,299,1c8fae68c4f45c63e0cc3bfbab097b22494a164c7ed0e72e8a955b97d57afa84
585,,sprites/DefineSprite_585/1.png,35,38,6,True,289,f8eb07e623f401165397218719f1f15dff4980a0e75a04975950c46102108163
586,,sprites/DefineSprite_586/1.png,35,38,6,True,289,f8eb07e623f401165397218719f1f15dff4980a0e75a04975950c46102108163
586,,sprites/DefineSprite_586/10.png,35,38,6,True,285,e7b284728ca466386182a8f4657931329d19b3dc6c0561df26a14a2d299629ba
586,,sprites/DefineSprite_586/11.png,35,38,6,True,285,e7b284728ca466386182a8f4657931329d19b3dc6c0561df26a14a2d299629ba
586,,sprites/DefineSprite_586/12.png,35,38,6,True,285,e7b284728ca466386182a8f4657931329d19b3dc6c0561df26a14a2d299629ba
586,,sprites/DefineSprite_586/13.png,35,38,6,True,285,e7b284728ca466386182a8f4657931329d19b3dc6c0561df26a14a2d299629ba
586,,sprites/DefineSprite_586/14.png,35,38,6,True,285,e7b284728ca466386182a8f4657931329d19b3dc6c0561df26a14a2d299629ba
586,,sprites/DefineSprite_586/15.png,35,38,6,True,285,e7b284728ca466386182a8f4657931329d19b3dc6c0561df26a14a2d299629ba
586,,sprites/DefineSprite_586/16.png,35,38,6,True,285,e7b284728ca466386182a8f4657931329d19b3dc6c0561df26a14a2d299629ba
586,,sprites/DefineSprite_586/17.png,35,38,6,True,285,e7b284728ca466386182a8f4657931329d19b3dc6c0561df26a14a2d299629ba
586,,sprites/DefineSprite_586/18.png,35,38,6,True,285,e7b284728ca466386182a8f4657931329d19b3dc6c0561df26a14a2d299629ba
586,,sprites/DefineSprite_586/19.png,35,38,6,True,285,e7b284728ca466386182a8f4657931329d19b3dc6c0561df26a14a2d299629ba
586,,sprites/DefineSprite_586/2.png,35,38,6,True,289,f8eb07e623f401165397218719f1f15dff4980a0e75a04975950c46102108163
586,,sprites/DefineSprite_586/3.png,35,38,6,True,289,f8eb07e623f401165397218719f1f15dff4980a0e75a04975950c46102108163
586,,sprites/DefineSprite_586/4.png,35,38,6,True,289,f8eb07e623f401165397218719f1f15dff4980a0e75a04975950c46102108163
586,,sprites/DefineSprite_586/5.png,35,38,6,True,289,f8eb07e623f401165397218719f1f15dff4980a0e75a04975950c46102108163
586,,sprites/DefineSprite_586/6.png,35,38,6,True,289,f8eb07e623f401165397218719f1f15dff4980a0e75a04975950c46102108163
586,,sprites/DefineSprite_586/7.png,35,38,6,True,289,f8eb07e623f401165397218719f1f15dff4980a0e75a04975950c46102108163
586,,sprites/DefineSprite_586/8.png,35,38,6,True,289,f8eb07e623f401165397218719f1f15dff4980a0e75a04975950c46102108163
586,,sprites/DefineSprite_586/9.png,35,38,6,True,289,f8eb07e623f401165397218719f1f15dff4980a0e75a04975950c46102108163
588,,sprites/DefineSprite_588/1.png,341,264,6,True,594,0e1ce2db1b351da13c26ebf5fc3d6bc01a10f702279214add3a067a3ff35561d
589,,sprites/DefineSprite_589/1.png,341,264,6,True,896,0a3f6c3c7db60a3e5211d1d8f6c6d18b3bcf72e70d262e567eba50f09bb1bad5
589,,sprites/DefineSprite_589/10.png,341,264,6,True,6827,2a40cc19bf8a8aa9aa87ad9b9be8227b2df36ef7b88abefcab8e2d61c09b60b9
589,,sprites/DefineSprite_589/11.png,341,264,6,True,892,89215a249fd2daa04ff5341dcb01676acaa3acb4b6016bb668877bf79b3fba18
589,,sprites/DefineSprite_589/12.png,341,264,6,True,6827,2a40cc19bf8a8aa9aa87ad9b9be8227b2df36ef7b88abefcab8e2d61c09b60b9
589,,sprites/DefineSprite_589/13.png,341,264,6,True,892,89215a249fd2daa04ff5341dcb01676acaa3acb4b6016bb668877bf79b3fba18
589,,sprites/DefineSprite_589/14.png,341,264,6,True,6827,2a40cc19bf8a8aa9aa87ad9b9be8227b2df36ef7b88abefcab8e2d61c09b60b9
589,,sprites/DefineSprite_589/15.png,341,264,6,True,892,89215a249fd2daa04ff5341dcb01676acaa3acb4b6016bb668877bf79b3fba18
589,,sprites/DefineSprite_589/16.png,341,264,6,True,6827,2a40cc19bf8a8aa9aa87ad9b9be8227b2df36ef7b88abefcab8e2d61c09b60b9
589,,sprites/DefineSprite_589/17.png,341,264,6,True,892,89215a249fd2daa04ff5341dcb01676acaa3acb4b6016bb668877bf79b3fba18
589,,sprites/DefineSprite_589/18.png,341,264,6,True,6827,2a40cc19bf8a8aa9aa87ad9b9be8227b2df36ef7b88abefcab8e2d61c09b60b9
589,,sprites/DefineSprite_589/19.png,341,264,6,True,892,89215a249fd2daa04ff5341dcb01676acaa3acb4b6016bb668877bf79b3fba18
589,,sprites/DefineSprite_589/2.png,341,264,6,True,6892,89f6d78563c06eb63396ec4c14e302c4bda7ce6e6dc6700364e592b42e392acf
589,,sprites/DefineSprite_589/3.png,341,264,6,True,896,0a3f6c3c7db60a3e5211d1d8f6c6d18b3bcf72e70d262e567eba50f09bb1bad5
589,,sprites/DefineSprite_589/4.png,341,264,6,True,6892,89f6d78563c06eb63396ec4c14e302c4bda7ce6e6dc6700364e592b42e392acf
589,,sprites/DefineSprite_589/5.png,341,264,6,True,896,0a3f6c3c7db60a3e5211d1d8f6c6d18b3bcf72e70d262e567eba50f09bb1bad5
589,,sprites/DefineSprite_589/6.png,341,264,6,True,6892,89f6d78563c06eb63396ec4c14e302c4bda7ce6e6dc6700364e592b42e392acf
589,,sprites/DefineSprite_589/7.png,341,264,6,True,896,0a3f6c3c7db60a3e5211d1d8f6c6d18b3bcf72e70d262e567eba50f09bb1bad5
589,,sprites/DefineSprite_589/8.png,341,264,6,True,6892,89f6d78563c06eb63396ec4c14e302c4bda7ce6e6dc6700364e592b42e392acf
589,,sprites/DefineSprite_589/9.png,341,264,6,True,896,0a3f6c3c7db60a3e5211d1d8f6c6d18b3bcf72e70d262e567eba50f09bb1bad5
60,text_f,sprites/DefineSprite_60_text_f/1.png,8,11,6,True,105,b61616d6ba1f3d0bd5a51a9ddd03fd2df3e1f9dcc6bbf4fac9defc621bc5bbac
628,,sprites/DefineSprite_628/1.png,427,263,6,True,2140,a440a7cf7d1cc6e03dd1a4b12b79a611e5346cdd121bb1bdd7a49604799e4aeb
628,,sprites/DefineSprite_628/10.png,427,263,6,True,1872,1334d042f4090b70b816be1e6326fed26f98228ddccff744fa65b5919eaa7abb
628,,sprites/DefineSprite_628/11.png,427,263,6,True,2276,d8c823a7ec1f4a89a1829d55fb90d92de262bdfcb13bdbd4e204b97f89409fc1
628,,sprites/DefineSprite_628/12.png,427,263,6,True,1896,3758abe86b2da4b13a375ed83bf0e965f1115099b075c39f2bb1e82fa1ee45d1
628,,sprites/DefineSprite_628/13.png,427,263,6,True,1875,0d8ae6e9ab8a83d45633f6884ac1db665d833828aa2555b1507308d032307ae1
628,,sprites/DefineSprite_628/14.png,427,263,6,True,2411,a756ade7d83ad62fe79486a32f5c646a13f2627e5565614a3f7589f035d68245
628,,sprites/DefineSprite_628/15.png,427,263,6,True,1938,06fea92dcd2e5f886faa5d02ae08b7322077f74e2acce2b15cb26546db6529b2
628,,sprites/DefineSprite_628/16.png,427,263,6,True,2734,8c8b0e8771e2d115f99753bbbbf814c53bb5af29e26cb6330850c8145077bb8b
628,,sprites/DefineSprite_628/17.png,427,263,6,True,1881,0520eeef690306908a584d1550a7d5420aed16340aed033fe02f5ef7a1762469
628,,sprites/DefineSprite_628/18.png,427,263,6,True,2550,3e1b20c0fb6b8e312b7e9d2a142e61c5beb6a35fd85f052f99d6cf929876a3d2
628,,sprites/DefineSprite_628/2.png,427,263,6,True,2011,a1930b813459ac5dee91e9a487c25c93419f36d225be4937b0b288cc4094d86d
628,,sprites/DefineSprite_628/3.png,427,263,6,True,2034,53b9be4448124b01d37f5dfd8d4c2d654e7b8d5c62ab867b38c2774d260962ad
628,,sprites/DefineSprite_628/4.png,427,263,6,True,1968,ec620ee351ea19fe3007f73d9abb2ec5538cecc3bf2e1d95a90ec8d78882229f
628,,sprites/DefineSprite_628/5.png,427,263,6,True,1910,9d5146d09679411993d58b2b87d8733e884e2a8c8b39e252407a3a598e422e90
628,,sprites/DefineSprite_628/6.png,427,263,6,True,2116,92340e5609830f6e8c78c1625b35904c163a09c6695428bdf66ae4877a93ce30
628,,sprites/DefineSprite_628/7.png,427,263,6,True,2661,460779c17a3c47688213c4803adbd8f7c7f4fcd2de238f5244a8e113845dccce
628,,sprites/DefineSprite_628/8.png,427,263,6,True,1573,3690d382c7e7b56897f70be996ecfdcba1f938035e808fff06ba187ae093d6cb
628,,sprites/DefineSprite_628/9.png,427,263,6,True,2679,b14f0ecf4767f4b3dcc517d5fcaa8bcae01203ab323f82e62aa19bfe047da0b3
629,level_select_2p,sprites/DefineSprite_629_level_select_2p/1.png,427,292,6,True,2915,fb5843ed134dc5fb549d5a4999eed63a0b0a5b507a9bc94d684201dea8cd550f
630,,sprites/DefineSprite_630/1.png,341,264,6,True,594,0e1ce2db1b351da13c26ebf5fc3d6bc01a10f702279214add3a067a3ff35561d
631,back_button,sprites/DefineSprite_631_back_button/1.png,341,264,6,True,895,46a2b4befba681d2e63af00030c84f44bbfca8f6a8a867e0634de634cb269bf0
631,back_button,sprites/DefineSprite_631_back_button/10.png,341,264,6,True,6815,7f73814d922f2370ba67b233215a91ff3876711b81fab949d985ffa590b8ebe0
631,back_button,sprites/DefineSprite_631_back_button/11.png,341,264,6,True,891,219cd43831d0f51454381bbd2e14f7cc6ebfcb1865e01fb44a6a8d2de4460004
631,back_button,sprites/DefineSprite_631_back_button/12.png,341,264,6,True,6815,7f73814d922f2370ba67b233215a91ff3876711b81fab949d985ffa590b8ebe0
631,back_button,sprites/DefineSprite_631_back_button/13.png,341,264,6,True,891,219cd43831d0f51454381bbd2e14f7cc6ebfcb1865e01fb44a6a8d2de4460004
631,back_button,sprites/DefineSprite_631_back_button/14.png,341,264,6,True,6815,7f73814d922f2370ba67b233215a91ff3876711b81fab949d985ffa590b8ebe0
631,back_button,sprites/DefineSprite_631_back_button/15.png,341,264,6,True,891,219cd43831d0f51454381bbd2e14f7cc6ebfcb1865e01fb44a6a8d2de4460004
631,back_button,sprites/DefineSprite_631_back_button/16.png,341,264,6,True,6815,7f73814d922f2370ba67b233215a91ff3876711b81fab949d985ffa590b8ebe0
631,back_button,sprites/DefineSprite_631_back_button/17.png,341,264,6,True,891,219cd43831d0f51454381bbd2e14f7cc6ebfcb1865e01fb44a6a8d2de4460004
631,back_button,sprites/DefineSprite_631_back_button/18.png,341,264,6,True,6815,7f73814d922f2370ba67b233215a91ff3876711b81fab949d985ffa590b8ebe0
631,back_button,sprites/DefineSprite_631_back_button/19.png,341,264,6,True,891,219cd43831d0f51454381bbd2e14f7cc6ebfcb1865e01fb44a6a8d2de4460004
631,back_button,sprites/DefineSprite_631_back_button/2.png,341,264,6,True,6878,ccec90ffe3da9e89f0622a9b376a3d75c3a474af151ad898a6dd7330c476f0c2
631,back_button,sprites/DefineSprite_631_back_button/3.png,341,264,6,True,895,46a2b4befba681d2e63af00030c84f44bbfca8f6a8a867e0634de634cb269bf0
631,back_button,sprites/DefineSprite_631_back_button/4.png,341,264,6,True,6878,ccec90ffe3da9e89f0622a9b376a3d75c3a474af151ad898a6dd7330c476f0c2
631,back_button,sprites/DefineSprite_631_back_button/5.png,341,264,6,True,895,46a2b4befba681d2e63af00030c84f44bbfca8f6a8a867e0634de634cb269bf0
631,back_button,sprites/DefineSprite_631_back_button/6.png,341,264,6,True,6878,ccec90ffe3da9e89f0622a9b376a3d75c3a474af151ad898a6dd7330c476f0c2
631,back_button,sprites/DefineSprite_631_back_button/7.png,341,264,6,True,895,46a2b4befba681d2e63af00030c84f44bbfca8f6a8a867e0634de634cb269bf0
631,back_button,sprites/DefineSprite_631_back_button/8.png,341,264,6,True,6878,ccec90ffe3da9e89f0622a9b376a3d75c3a474af151ad898a6dd7330c476f0c2
631,back_button,sprites/DefineSprite_631_back_button/9.png,341,264,6,True,895,46a2b4befba681d2e63af00030c84f44bbfca8f6a8a867e0634de634cb269bf0
63,text_g,sprites/DefineSprite_63_text_g/1.png,8,11,6,True,113,a76b41f5c82d04eb287c2ded1cb35080d09e808141629c00bd9301fadc7cc58d
664,,sprites/DefineSprite_664/1.png,39,56,6,True,419,6196ccdb7969f9a63ffc3a0896e1145f01f3b1d0446313516354ba5cc90cecd2
664,,sprites/DefineSprite_664/10.png,39,56,6,True,472,c20e350fca0f6c0395e57208c2aad8f34068516a63422ef520a003482fa54395
664,,sprites/DefineSprite_664/11.png,39,56,6,True,413,3ae970958fc68ab51ca1714b591a845a0ca673e9fb0aee7a4631c9fdcfb7a61e
664,,sprites/DefineSprite_664/12.png,39,56,6,True,332,fde57ee8fb7a70a093412d151566bfc7b293c5a2d0296d50a5d80ef4371694a2
664,,sprites/DefineSprite_664/13.png,39,56,6,True,347,77c2be8b93440abb445f3f4f8ae09c94e8d6a18effe2f048646dfe44a8c9741f
664,,sprites/DefineSprite_664/14.png,39,56,6,True,545,91406a25f4fb64975f3fbb8f584df7a88779aeed46875115b746e71eb81e232b
664,,sprites/DefineSprite_664/15.png,39,56,6,True,910,c300549bb24564d69e8c4d4a4f49750296f540b3d7b4415ea1f4d61fe67f2756
664,,sprites/DefineSprite_664/16.png,39,56,6,True,88,db7e297b4eab4bf1206682c5c752a85150b756d29fbfaea80f1f36c1b5e72725
664,,sprites/DefineSprite_664/17.png,39,56,6,True,88,db7e297b4eab4bf1206682c5c752a85150b756d29fbfaea80f1f36c1b5e72725
664,,sprites/DefineSprite_664/18.png,39,56,6,True,88,db7e297b4eab4bf1206682c5c752a85150b756d29fbfaea80f1f36c1b5e72725
664,,sprites/DefineSprite_664/19.png,39,56,6,True,88,db7e297b4eab4bf1206682c5c752a85150b756d29fbfaea80f1f36c1b5e72725
664,,sprites/DefineSprite_664/2.png,39,56,6,True,372,735eb239d8ac4c9ef9c4d2bf248968c5852f2132443360908fea567be2f70c0a
664,,sprites/DefineSprite_664/20.png,39,56,6,True,88,db7e297b4eab4bf1206682c5c752a85150b756d29fbfaea80f1f36c1b5e72725
664,,sprites/DefineSprite_664/21.png,39,56,6,True,88,db7e297b4eab4bf1206682c5c752a85150b756d29fbfaea80f1f36c1b5e72725
664,,sprites/DefineSprite_664/22.png,39,56,6,True,88,db7e297b4eab4bf1206682c5c752a85150b756d29fbfaea80f1f36c1b5e72725
664,,sprites/DefineSprite_664/23.png,39,56,6,True,88,db7e297b4eab4bf1206682c5c752a85150b756d29fbfaea80f1f36c1b5e72725
664,,sprites/DefineSprite_664/24.png,39,56,6,True,88,db7e297b4eab4bf1206682c5c752a85150b756d29fbfaea80f1f36c1b5e72725
664,,sprites/DefineSprite_664/25.png,39,56,6,True,88,db7e297b4eab4bf1206682c5c752a85150b756d29fbfaea80f1f36c1b5e72725
664,,sprites/DefineSprite_664/26.png,39,56,6,True,88,db7e297b4eab4bf1206682c5c752a85150b756d29fbfaea80f1f36c1b5e72725
664,,sprites/DefineSprite_664/27.png,39,56,6,True,88,db7e297b4eab4bf1206682c5c752a85150b756d29fbfaea80f1f36c1b5e72725
664,,sprites/DefineSprite_664/28.png,39,56,6,True,88,db7e297b4eab4bf1206682c5c752a85150b756d29fbfaea80f1f36c1b5e72725
664,,sprites/DefineSprite_664/29.png,39,56,6,True,88,db7e297b4eab4bf1206682c5c752a85150b756d29fbfaea80f1f36c1b5e72725
664,,sprites/DefineSprite_664/3.png,39,56,6,True,455,6650fc794cfc7e365dbe3e71a3e3ba6f08a30d265b27ee4466800484e0c17793
664,,sprites/DefineSprite_664/30.png,39,56,6,True,88,db7e297b4eab4bf1206682c5c752a85150b756d29fbfaea80f1f36c1b5e72725
664,,sprites/DefineSprite_664/31.png,39,56,6,True,88,db7e297b4eab4bf1206682c5c752a85150b756d29fbfaea80f1f36c1b5e72725
664,,sprites/DefineSprite_664/32.png,39,56,6,True,88,db7e297b4eab4bf1206682c5c752a85150b756d29fbfaea80f1f36c1b5e72725
664,,sprites/DefineSprite_664/33.png,39,56,6,True,88,db7e297b4eab4bf1206682c5c752a85150b756d29fbfaea80f1f36c1b5e72725
664,,sprites/DefineSprite_664/34.png,39,56,6,True,88,db7e297b4eab4bf1206682c5c752a85150b756d29fbfaea80f1f36c1b5e72725
664,,sprites/DefineSprite_664/4.png,39,56,6,True,495,9d2483cb3a8d632dc321ad2a8a57e79eb1c59f3126c0fcf2ef72be2350801044
664,,sprites/DefineSprite_664/5.png,39,56,6,True,392,e90ce5efa470c5bbd463b7540587bb7bd15bb2f99bad87141e46acadd071056c
664,,sprites/DefineSprite_664/6.png,39,56,6,True,473,8fb63ec8636126921f55cefc776fcb65683faa451015a7bd5fd7db1695f81881
664,,sprites/DefineSprite_664/7.png,39,56,6,True,816,ba79cfbc611584e56cd1908937a501553db6e66324087cd5bd6eab88c9ecf2f5
664,,sprites/DefineSprite_664/8.png,39,56,6,True,337,5f8e57b274f0653a6d4b98c0d09fa9e717946015c71e3166c000c72b17cec09c
664,,sprites/DefineSprite_664/9.png,39,56,6,True,651,f1f6cf63351ba548d0cb7345ec48032ec7716a1b4482e194b873550262103219
665,,sprites/DefineSprite_665/1.png,375,158,6,True,469,0c010c6e2920553b604be77aaa1ebf808d8156b50c0684a01fa1edb974806a06
668,,sprites/DefineSprite_668/1.png,51,77,6,True,211,bfa67dbc7c2a24243be097b30427dd611d936f345def7e658e3ee2cf48df6932
669,level_select_button,sprites/DefineSprite_669_level_select_button/1.png,376,193,6,True,1752,8ebfa70d40e7775bc5345d3bb74103bce34fe51c745fb601da77f02bb67ddc8f
669,level_select_button,sprites/DefineSprite_669_level_select_button/10.png,376,193,6,True,5759,8d8b2b733d4d3578d8903f1c899d73c7d890cf192474e6f69e085530178d2283
669,level_select_button,sprites/DefineSprite_669_level_select_button/11.png,376,193,6,True,2061,b4f5bcc7dbfef00b4e0845b10e952e0a6e17dd64ebc977c86d28153621cec979
669,level_select_button,sprites/DefineSprite_669_level_select_button/12.png,376,193,6,True,5575,51e3d06bbf1b2493c387f8079cecd82a039d29ee525d969a5d24043cbdd0619c
669,level_select_button,sprites/DefineSprite_669_level_select_button/13.png,376,193,6,True,1989,cd986cb33fffccb34a3d090fd89d6b32631f025494d81468f1376e245ee4bee7
669,level_select_button,sprites/DefineSprite_669_level_select_button/14.png,376,193,6,True,5881,1cea44c9628ec82c9625e36fd0796890a165ac93ecb18875d8bc5357d3e53588
669,level_select_button,sprites/DefineSprite_669_level_select_button/15.png,376,193,6,True,2675,2447ddd71d870f9921fc4c610486e64395dd5ef802a22736b5135c4d14c1450c
669,level_select_button,sprites/DefineSprite_669_level_select_button/16.png,376,193,6,True,5231,20be521f51ab380a9458a53e13ad8531d04c4b9a079e40102930a399b1c82bb1
669,level_select_button,sprites/DefineSprite_669_level_select_button/17.png,376,193,6,True,1735,10588c6f4364bcdd8c28cb96fd827b2241e015f86f35f9a6cf33f9f7effc8758
669,level_select_button,sprites/DefineSprite_669_level_select_button/18.png,376,193,6,True,5231,20be521f51ab380a9458a53e13ad8531d04c4b9a079e40102930a399b1c82bb1
669,level_select_button,sprites/DefineSprite_669_level_select_button/19.png,376,193,6,True,1735,10588c6f4364bcdd8c28cb96fd827b2241e015f86f35f9a6cf33f9f7effc8758
669,level_select_button,sprites/DefineSprite_669_level_select_button/2.png,376,193,6,True,5239,f945d8aff8784416d56cd082bbd41aad2599fc975b1647b0e3b3bc4f9d75ac81
669,level_select_button,sprites/DefineSprite_669_level_select_button/3.png,376,193,6,True,1793,578f56c13c6252df9098289d7c702d23f969a0b2026705c28cb72d6b10ec03d8
669,level_select_button,sprites/DefineSprite_669_level_select_button/4.png,376,193,6,True,5336,e182e8b20d1e89308eae8c85d9496e4288d9f11d1bdac029be45f9855f13cf0a
669,level_select_button,sprites/DefineSprite_669_level_select_button/5.png,376,193,6,True,1748,4c39999ad60faa766b12f85f3bc356add1b7eba7e8553254ecf6fc775ce243e0
669,level_select_button,sprites/DefineSprite_669_level_select_button/6.png,376,193,6,True,5334,5e6b0994bdac2a888ad851c47c3260d168a69748152ab276662e8641f0aade19
669,level_select_button,sprites/DefineSprite_669_level_select_button/7.png,376,193,6,True,2266,7be0598a32cfad6a5e9dacb91a18293acd35666ed5330690b9ff62a3d4081329
669,level_select_button,sprites/DefineSprite_669_level_select_button/8.png,376,193,6,True,5186,47684c8069be245bb3fd2e51f9b88fe5a6185e5fad132d6ba10770e036a6f731
669,level_select_button,sprites/DefineSprite_669_level_select_button/9.png,376,193,6,True,1987,61e423c3a2d9455d8f6d0db62a051b3317362d75164371c23a21d6b299a0c901
66,text_h,sprites/DefineSprite_66_text_h/1.png,8,11,6,True,108,77839425f1457eb5f6e4ff3bcb601d171093d05bb5ae2898ed63d28d2ad5d61c
671,,sprites/DefineSprite_671/1.png,341,264,6,True,594,0e1ce2db1b351da13c26ebf5fc3d6bc01a10f702279214add3a067a3ff35561d
672,1p_button,sprites/DefineSprite_672_1p_button/1.png,341,264,6,True,900,037245c91cf8e7cb958902905a9c0f2f8080cfee8880114f6e13ddd11b9c7729
672,1p_button,sprites/DefineSprite_672_1p_button/10.png,341,264,6,True,6908,0acb7673e9e2be42721955f75e9338cb0bfd83174ca4f3abeb49d516d111c387
672,1p_button,sprites/DefineSprite_672_1p_button/11.png,341,264,6,True,897,8445858a40e82901b3dcc5de7c1fb963aa8b225857ac9b8f210712f9c2585efc
672,1p_button,sprites/DefineSprite_672_1p_button/12.png,341,264,6,True,6908,0acb7673e9e2be42721955f75e9338cb0bfd83174ca4f3abeb49d516d111c387
672,1p_button,sprites/DefineSprite_672_1p_button/13.png,341,264,6,True,897,8445858a40e82901b3dcc5de7c1fb963aa8b225857ac9b8f210712f9c2585efc
672,1p_button,sprites/DefineSprite_672_1p_button/14.png,341,264,6,True,6908,0acb7673e9e2be42721955f75e9338cb0bfd83174ca4f3abeb49d516d111c387
672,1p_button,sprites/DefineSprite_672_1p_button/15.png,341,264,6,True,897,8445858a40e82901b3dcc5de7c1fb963aa8b225857ac9b8f210712f9c2585efc
672,1p_button,sprites/DefineSprite_672_1p_button/16.png,341,264,6,True,6908,0acb7673e9e2be42721955f75e9338cb0bfd83174ca4f3abeb49d516d111c387
672,1p_button,sprites/DefineSprite_672_1p_button/17.png,341,264,6,True,897,8445858a40e82901b3dcc5de7c1fb963aa8b225857ac9b8f210712f9c2585efc
672,1p_button,sprites/DefineSprite_672_1p_button/18.png,341,264,6,True,6908,0acb7673e9e2be42721955f75e9338cb0bfd83174ca4f3abeb49d516d111c387
672,1p_button,sprites/DefineSprite_672_1p_button/19.png,341,264,6,True,897,8445858a40e82901b3dcc5de7c1fb963aa8b225857ac9b8f210712f9c2585efc
672,1p_button,sprites/DefineSprite_672_1p_button/2.png,341,264,6,True,6991,23c7ba914164d6705e059c5814125ce22424214960019781434af3f637c24b77
672,1p_button,sprites/DefineSprite_672_1p_button/3.png,341,264,6,True,900,037245c91cf8e7cb958902905a9c0f2f8080cfee8880114f6e13ddd11b9c7729
672,1p_button,sprites/DefineSprite_672_1p_button/4.png,341,264,6,True,6991,23c7ba914164d6705e059c5814125ce22424214960019781434af3f637c24b77
672,1p_button,sprites/DefineSprite_672_1p_button/5.png,341,264,6,True,900,037245c91cf8e7cb958902905a9c0f2f8080cfee8880114f6e13ddd11b9c7729
672,1p_button,sprites/DefineSprite_672_1p_button/6.png,341,264,6,True,6991,23c7ba914164d6705e059c5814125ce22424214960019781434af3f637c24b77
672,1p_button,sprites/DefineSprite_672_1p_button/7.png,341,264,6,True,900,037245c91cf8e7cb958902905a9c0f2f8080cfee8880114f6e13ddd11b9c7729
672,1p_button,sprites/DefineSprite_672_1p_button/8.png,341,264,6,True,6991,23c7ba914164d6705e059c5814125ce22424214960019781434af3f637c24b77
672,1p_button,sprites/DefineSprite_672_1p_button/9.png,341,264,6,True,900,037245c91cf8e7cb958902905a9c0f2f8080cfee8880114f6e13ddd11b9c7729
673,,sprites/DefineSprite_673/1.png,341,264,6,True,594,0e1ce2db1b351da13c26ebf5fc3d6bc01a10f702279214add3a067a3ff35561d
674,2p_button,sprites/DefineSprite_674_2p_button/1.png,341,264,6,True,900,037245c91cf8e7cb958902905a9c0f2f8080cfee8880114f6e13ddd11b9c7729
674,2p_button,sprites/DefineSprite_674_2p_button/10.png,341,264,6,True,6908,0acb7673e9e2be42721955f75e9338cb0bfd83174ca4f3abeb49d516d111c387
674,2p_button,sprites/DefineSprite_674_2p_button/11.png,341,264,6,True,897,8445858a40e82901b3dcc5de7c1fb963aa8b225857ac9b8f210712f9c2585efc
674,2p_button,sprites/DefineSprite_674_2p_button/12.png,341,264,6,True,6908,0acb7673e9e2be42721955f75e9338cb0bfd83174ca4f3abeb49d516d111c387
674,2p_button,sprites/DefineSprite_674_2p_button/13.png,341,264,6,True,897,8445858a40e82901b3dcc5de7c1fb963aa8b225857ac9b8f210712f9c2585efc
674,2p_button,sprites/DefineSprite_674_2p_button/14.png,341,264,6,True,6908,0acb7673e9e2be42721955f75e9338cb0bfd83174ca4f3abeb49d516d111c387
674,2p_button,sprites/DefineSprite_674_2p_button/15.png,341,264,6,True,897,8445858a40e82901b3dcc5de7c1fb963aa8b225857ac9b8f210712f9c2585efc
674,2p_button,sprites/DefineSprite_674_2p_button/16.png,341,264,6,True,6908,0acb7673e9e2be42721955f75e9338cb0bfd83174ca4f3abeb49d516d111c387
674,2p_button,sprites/DefineSprite_674_2p_button/17.png,341,264,6,True,897,8445858a40e82901b3dcc5de7c1fb963aa8b225857ac9b8f210712f9c2585efc
674,2p_button,sprites/DefineSprite_674_2p_button/18.png,341,264,6,True,6908,0acb7673e9e2be42721955f75e9338cb0bfd83174ca4f3abeb49d516d111c387
674,2p_button,sprites/DefineSprite_674_2p_button/19.png,341,264,6,True,897,8445858a40e82901b3dcc5de7c1fb963aa8b225857ac9b8f210712f9c2585efc
674,2p_button,sprites/DefineSprite_674_2p_button/2.png,341,264,6,True,6991,23c7ba914164d6705e059c5814125ce22424214960019781434af3f637c24b77
674,2p_button,sprites/DefineSprite_674_2p_button/3.png,341,264,6,True,900,037245c91cf8e7cb958902905a9c0f2f8080cfee8880114f6e13ddd11b9c7729
674,2p_button,sprites/DefineSprite_674_2p_button/4.png,341,264,6,True,6991,23c7ba914164d6705e059c5814125ce22424214960019781434af3f637c24b77
674,2p_button,sprites/DefineSprite_674_2p_button/5.png,341,264,6,True,900,037245c91cf8e7cb958902905a9c0f2f8080cfee8880114f6e13ddd11b9c7729
674,2p_button,sprites/DefineSprite_674_2p_button/6.png,341,264,6,True,6991,23c7ba914164d6705e059c5814125ce22424214960019781434af3f637c24b77
674,2p_button,sprites/DefineSprite_674_2p_button/7.png,341,264,6,True,900,037245c91cf8e7cb958902905a9c0f2f8080cfee8880114f6e13ddd11b9c7729
674,2p_button,sprites/DefineSprite_674_2p_button/8.png,341,264,6,True,6991,23c7ba914164d6705e059c5814125ce22424214960019781434af3f637c24b77
674,2p_button,sprites/DefineSprite_674_2p_button/9.png,341,264,6,True,900,037245c91cf8e7cb958902905a9c0f2f8080cfee8880114f6e13ddd11b9c7729
676,play_button,sprites/DefineSprite_676_play_button/1.png,341,264,6,True,874,797eb81276cfaa5a19d3180e845c92dc25a835d03d8932a72e5422e27d5373f6
676,play_button,sprites/DefineSprite_676_play_button/10.png,341,264,6,True,6861,bae775d6afc45e3d7a6a9d658f08cdd56b7759913968cbf708f300a37d2ef18c
676,play_button,sprites/DefineSprite_676_play_button/11.png,341,264,6,True,868,0e14c6cbb73614dba521af17e49cfb69505033e32a91ac843720da92d25276b0
676,play_button,sprites/DefineSprite_676_play_button/12.png,341,264,6,True,6861,bae775d6afc45e3d7a6a9d658f08cdd56b7759913968cbf708f300a37d2ef18c
676,play_button,sprites/DefineSprite_676_play_button/13.png,341,264,6,True,868,0e14c6cbb73614dba521af17e49cfb69505033e32a91ac843720da92d25276b0
676,play_button,sprites/DefineSprite_676_play_button/14.png,341,264,6,True,6861,bae775d6afc45e3d7a6a9d658f08cdd56b7759913968cbf708f300a37d2ef18c
676,play_button,sprites/DefineSprite_676_play_button/15.png,341,264,6,True,868,0e14c6cbb73614dba521af17e49cfb69505033e32a91ac843720da92d25276b0
676,play_button,sprites/DefineSprite_676_play_button/16.png,341,264,6,True,6861,bae775d6afc45e3d7a6a9d658f08cdd56b7759913968cbf708f300a37d2ef18c
676,play_button,sprites/DefineSprite_676_play_button/17.png,341,264,6,True,868,0e14c6cbb73614dba521af17e49cfb69505033e32a91ac843720da92d25276b0
676,play_button,sprites/DefineSprite_676_play_button/18.png,341,264,6,True,6861,bae775d6afc45e3d7a6a9d658f08cdd56b7759913968cbf708f300a37d2ef18c
676,play_button,sprites/DefineSprite_676_play_button/19.png,341,264,6,True,868,0e14c6cbb73614dba521af17e49cfb69505033e32a91ac843720da92d25276b0
676,play_button,sprites/DefineSprite_676_play_button/2.png,341,264,6,True,6936,5aa86641d959822383ebd97b632455e20b940b086209605b999f8fc8bb7c7107
676,play_button,sprites/DefineSprite_676_play_button/3.png,341,264,6,True,874,797eb81276cfaa5a19d3180e845c92dc25a835d03d8932a72e5422e27d5373f6
676,play_button,sprites/DefineSprite_676_play_button/4.png,341,264,6,True,6936,5aa86641d959822383ebd97b632455e20b940b086209605b999f8fc8bb7c7107
676,play_button,sprites/DefineSprite_676_play_button/5.png,341,264,6,True,874,797eb81276cfaa5a19d3180e845c92dc25a835d03d8932a72e5422e27d5373f6
676,play_button,sprites/DefineSprite_676_play_button/6.png,341,264,6,True,6936,5aa86641d959822383ebd97b632455e20b940b086209605b999f8fc8bb7c7107
676,play_button,sprites/DefineSprite_676_play_button/7.png,341,264,6,True,874,797eb81276cfaa5a19d3180e845c92dc25a835d03d8932a72e5422e27d5373f6
676,play_button,sprites/DefineSprite_676_play_button/8.png,341,264,6,True,6936,5aa86641d959822383ebd97b632455e20b940b086209605b999f8fc8bb7c7107
676,play_button,sprites/DefineSprite_676_play_button/9.png,341,264,6,True,874,797eb81276cfaa5a19d3180e845c92dc25a835d03d8932a72e5422e27d5373f6
677,,sprites/DefineSprite_677/1.png,341,264,6,True,594,0e1ce2db1b351da13c26ebf5fc3d6bc01a10f702279214add3a067a3ff35561d
678,scores_button,sprites/DefineSprite_678_scores_button/1.png,341,264,6,True,874,797eb81276cfaa5a19d3180e845c92dc25a835d03d8932a72e5422e27d5373f6
678,scores_button,sprites/DefineSprite_678_scores_button/10.png,341,264,6,True,6861,bae775d6afc45e3d7a6a9d658f08cdd56b7759913968cbf708f300a37d2ef18c
678,scores_button,sprites/DefineSprite_678_scores_button/11.png,341,264,6,True,868,0e14c6cbb73614dba521af17e49cfb69505033e32a91ac843720da92d25276b0
678,scores_button,sprites/DefineSprite_678_scores_button/12.png,341,264,6,True,6861,bae775d6afc45e3d7a6a9d658f08cdd56b7759913968cbf708f300a37d2ef18c
678,scores_button,sprites/DefineSprite_678_scores_button/13.png,341,264,6,True,868,0e14c6cbb73614dba521af17e49cfb69505033e32a91ac843720da92d25276b0
678,scores_button,sprites/DefineSprite_678_scores_button/14.png,341,264,6,True,6861,bae775d6afc45e3d7a6a9d658f08cdd56b7759913968cbf708f300a37d2ef18c
678,scores_button,sprites/DefineSprite_678_scores_button/15.png,341,264,6,True,868,0e14c6cbb73614dba521af17e49cfb69505033e32a91ac843720da92d25276b0
678,scores_button,sprites/DefineSprite_678_scores_button/16.png,341,264,6,True,6861,bae775d6afc45e3d7a6a9d658f08cdd56b7759913968cbf708f300a37d2ef18c
678,scores_button,sprites/DefineSprite_678_scores_button/17.png,341,264,6,True,868,0e14c6cbb73614dba521af17e49cfb69505033e32a91ac843720da92d25276b0
678,scores_button,sprites/DefineSprite_678_scores_button/18.png,341,264,6,True,6861,bae775d6afc45e3d7a6a9d658f08cdd56b7759913968cbf708f300a37d2ef18c
678,scores_button,sprites/DefineSprite_678_scores_button/19.png,341,264,6,True,868,0e14c6cbb73614dba521af17e49cfb69505033e32a91ac843720da92d25276b0
678,scores_button,sprites/DefineSprite_678_scores_button/2.png,341,264,6,True,6936,5aa86641d959822383ebd97b632455e20b940b086209605b999f8fc8bb7c7107
678,scores_button,sprites/DefineSprite_678_scores_button/3.png,341,264,6,True,874,797eb81276cfaa5a19d3180e845c92dc25a835d03d8932a72e5422e27d5373f6
678,scores_button,sprites/DefineSprite_678_scores_button/4.png,341,264,6,True,6936,5aa86641d959822383ebd97b632455e20b940b086209605b999f8fc8bb7c7107
678,scores_button,sprites/DefineSprite_678_scores_button/5.png,341,264,6,True,874,797eb81276cfaa5a19d3180e845c92dc25a835d03d8932a72e5422e27d5373f6
678,scores_button,sprites/DefineSprite_678_scores_button/6.png,341,264,6,True,6936,5aa86641d959822383ebd97b632455e20b940b086209605b999f8fc8bb7c7107
678,scores_button,sprites/DefineSprite_678_scores_button/7.png,341,264,6,True,874,797eb81276cfaa5a19d3180e845c92dc25a835d03d8932a72e5422e27d5373f6
678,scores_button,sprites/DefineSprite_678_scores_button/8.png,341,264,6,True,6936,5aa86641d959822383ebd97b632455e20b940b086209605b999f8fc8bb7c7107
678,scores_button,sprites/DefineSprite_678_scores_button/9.png,341,264,6,True,874,797eb81276cfaa5a19d3180e845c92dc25a835d03d8932a72e5422e27d5373f6
679,,sprites/DefineSprite_679/1.png,341,264,6,True,594,0e1ce2db1b351da13c26ebf5fc3d6bc01a10f702279214add3a067a3ff35561d
680,help_button,sprites/DefineSprite_680_help_button/1.png,341,264,6,True,874,797eb81276cfaa5a19d3180e845c92dc25a835d03d8932a72e5422e27d5373f6
680,help_button,sprites/DefineSprite_680_help_button/10.png,341,264,6,True,6861,bae775d6afc45e3d7a6a9d658f08cdd56b7759913968cbf708f300a37d2ef18c
680,help_button,sprites/DefineSprite_680_help_button/11.png,341,264,6,True,868,0e14c6cbb73614dba521af17e49cfb69505033e32a91ac843720da92d25276b0
680,help_button,sprites/DefineSprite_680_help_button/12.png,341,264,6,True,6861,bae775d6afc45e3d7a6a9d658f08cdd56b7759913968cbf708f300a37d2ef18c
680,help_button,sprites/DefineSprite_680_help_button/13.png,341,264,6,True,868,0e14c6cbb73614dba521af17e49cfb69505033e32a91ac843720da92d25276b0
680,help_button,sprites/DefineSprite_680_help_button/14.png,341,264,6,True,6861,bae775d6afc45e3d7a6a9d658f08cdd56b7759913968cbf708f300a37d2ef18c
680,help_button,sprites/DefineSprite_680_help_button/15.png,341,264,6,True,868,0e14c6cbb73614dba521af17e49cfb69505033e32a91ac843720da92d25276b0
680,help_button,sprites/DefineSprite_680_help_button/16.png,341,264,6,True,6861,bae775d6afc45e3d7a6a9d658f08cdd56b7759913968cbf708f300a37d2ef18c
680,help_button,sprites/DefineSprite_680_help_button/17.png,341,264,6,True,868,0e14c6cbb73614dba521af17e49cfb69505033e32a91ac843720da92d25276b0
680,help_button,sprites/DefineSprite_680_help_button/18.png,341,264,6,True,6861,bae775d6afc45e3d7a6a9d658f08cdd56b7759913968cbf708f300a37d2ef18c
680,help_button,sprites/DefineSprite_680_help_button/19.png,341,264,6,True,868,0e14c6cbb73614dba521af17e49cfb69505033e32a91ac843720da92d25276b0
680,help_button,sprites/DefineSprite_680_help_button/2.png,341,264,6,True,6936,5aa86641d959822383ebd97b632455e20b940b086209605b999f8fc8bb7c7107
680,help_button,sprites/DefineSprite_680_help_button/3.png,341,264,6,True,874,797eb81276cfaa5a19d3180e845c92dc25a835d03d8932a72e5422e27d5373f6
680,help_button,sprites/DefineSprite_680_help_button/4.png,341,264,6,True,6936,5aa86641d959822383ebd97b632455e20b940b086209605b999f8fc8bb7c7107
680,help_button,sprites/DefineSprite_680_help_button/5.png,341,264,6,True,874,797eb81276cfaa5a19d3180e845c92dc25a835d03d8932a72e5422e27d5373f6
680,help_button,sprites/DefineSprite_680_help_button/6.png,341,264,6,True,6936,5aa86641d959822383ebd97b632455e20b940b086209605b999f8fc8bb7c7107
680,help_button,sprites/DefineSprite_680_help_button/7.png,341,264,6,True,874,797eb81276cfaa5a19d3180e845c92dc25a835d03d8932a72e5422e27d5373f6
680,help_button,sprites/DefineSprite_680_help_button/8.png,341,264,6,True,6936,5aa86641d959822383ebd97b632455e20b940b086209605b999f8fc8bb7c7107
680,help_button,sprites/DefineSprite_680_help_button/9.png,341,264,6,True,874,797eb81276cfaa5a19d3180e845c92dc25a835d03d8932a72e5422e27d5373f6
681,,sprites/DefineSprite_681/1.png,341,264,6,True,594,0e1ce2db1b351da13c26ebf5fc3d6bc01a10f702279214add3a067a3ff35561d
682,credits_button,sprites/DefineSprite_682_credits_button/1.png,341,264,6,True,874,797eb81276cfaa5a19d3180e845c92dc25a835d03d8932a72e5422e27d5373f6
682,credits_button,sprites/DefineSprite_682_credits_button/10.png,341,264,6,True,6861,bae775d6afc45e3d7a6a9d658f08cdd56b7759913968cbf708f300a37d2ef18c
682,credits_button,sprites/DefineSprite_682_credits_button/11.png,341,264,6,True,868,0e14c6cbb73614dba521af17e49cfb69505033e32a91ac843720da92d25276b0
682,credits_button,sprites/DefineSprite_682_credits_button/12.png,341,264,6,True,6861,bae775d6afc45e3d7a6a9d658f08cdd56b7759913968cbf708f300a37d2ef18c
682,credits_button,sprites/DefineSprite_682_credits_button/13.png,341,264,6,True,868,0e14c6cbb73614dba521af17e49cfb69505033e32a91ac843720da92d25276b0
682,credits_button,sprites/DefineSprite_682_credits_button/14.png,341,264,6,True,6861,bae775d6afc45e3d7a6a9d658f08cdd56b7759913968cbf708f300a37d2ef18c
682,credits_button,sprites/DefineSprite_682_credits_button/15.png,341,264,6,True,868,0e14c6cbb73614dba521af17e49cfb69505033e32a91ac843720da92d25276b0
682,credits_button,sprites/DefineSprite_682_credits_button/16.png,341,264,6,True,6861,bae775d6afc45e3d7a6a9d658f08cdd56b7759913968cbf708f300a37d2ef18c
682,credits_button,sprites/DefineSprite_682_credits_button/17.png,341,264,6,True,868,0e14c6cbb73614dba521af17e49cfb69505033e32a91ac843720da92d25276b0
682,credits_button,sprites/DefineSprite_682_credits_button/18.png,341,264,6,True,6861,bae775d6afc45e3d7a6a9d658f08cdd56b7759913968cbf708f300a37d2ef18c
682,credits_button,sprites/DefineSprite_682_credits_button/19.png,341,264,6,True,868,0e14c6cbb73614dba521af17e49cfb69505033e32a91ac843720da92d25276b0
682,credits_button,sprites/DefineSprite_682_credits_button/2.png,341,264,6,True,6936,5aa86641d959822383ebd97b632455e20b940b086209605b999f8fc8bb7c7107
682,credits_button,sprites/DefineSprite_682_credits_button/3.png,341,264,6,True,874,797eb81276cfaa5a19d3180e845c92dc25a835d03d8932a72e5422e27d5373f6
682,credits_button,sprites/DefineSprite_682_credits_button/4.png,341,264,6,True,6936,5aa86641d959822383ebd97b632455e20b940b086209605b999f8fc8bb7c7107
682,credits_button,sprites/DefineSprite_682_credits_button/5.png,341,264,6,True,874,797eb81276cfaa5a19d3180e845c92dc25a835d03d8932a72e5422e27d5373f6
682,credits_button,sprites/DefineSprite_682_credits_button/6.png,341,264,6,True,6936,5aa86641d959822383ebd97b632455e20b940b086209605b999f8fc8bb7c7107
682,credits_button,sprites/DefineSprite_682_credits_button/7.png,341,264,6,True,874,797eb81276cfaa5a19d3180e845c92dc25a835d03d8932a72e5422e27d5373f6
682,credits_button,sprites/DefineSprite_682_credits_button/8.png,341,264,6,True,6936,5aa86641d959822383ebd97b632455e20b940b086209605b999f8fc8bb7c7107
682,credits_button,sprites/DefineSprite_682_credits_button/9.png,341,264,6,True,874,797eb81276cfaa5a19d3180e845c92dc25a835d03d8932a72e5422e27d5373f6
685,,sprites/DefineSprite_685/1.png,21,26,6,True,322,2c22bd42872eda97f28f9b2a807c9c47d6a6a91641cfb4ae164535ccd6b9a00b
690,,sprites/DefineSprite_690/1.png,34,32,6,True,593,8543c7a8ff324b80138dc647fe336b29bf1253effe87c03c04fa2825d5511f3b
69,text_i,sprites/DefineSprite_69_text_i/1.png,4,11,6,True,82,b0faf3eda531048694c9b5912b9f42ecacdc0c5f64f896b204e89562423ba77f
707,boat_ripple_2,sprites/DefineSprite_707_boat_ripple_2/1.png,32,32,6,True,185,0e4bc8064acfb5ab03ac24ded3a4b633019001114afff0f69281b541bf08ac4c
707,boat_ripple_2,sprites/DefineSprite_707_boat_ripple_2/10.png,32,32,6,True,197,6b7a7e4ef36460adbf4e55a4b4076fb87ba9493133a12abfd9e5a9dfe588e1e9
707,boat_ripple_2,sprites/DefineSprite_707_boat_ripple_2/11.png,32,32,6,True,205,da389c299f69edb70228163f78c53793b817cf0f8b0a04c08bb22f41806f9b1a
707,boat_ripple_2,sprites/DefineSprite_707_boat_ripple_2/12.png,32,32,6,True,205,da389c299f69edb70228163f78c53793b817cf0f8b0a04c08bb22f41806f9b1a
707,boat_ripple_2,sprites/DefineSprite_707_boat_ripple_2/13.png,32,32,6,True,207,678ede91cdc04b923a13dddaa104670dd0280e6abfd1f710033f43e2903d60f4
707,boat_ripple_2,sprites/DefineSprite_707_boat_ripple_2/14.png,32,32,6,True,207,678ede91cdc04b923a13dddaa104670dd0280e6abfd1f710033f43e2903d60f4
707,boat_ripple_2,sprites/DefineSprite_707_boat_ripple_2/15.png,32,32,6,True,210,be80ea362438527ffd7557c9bf35f1f1e965b0d3a26d6cebf10c7cc882d161fb
707,boat_ripple_2,sprites/DefineSprite_707_boat_ripple_2/16.png,32,32,6,True,210,be80ea362438527ffd7557c9bf35f1f1e965b0d3a26d6cebf10c7cc882d161fb
707,boat_ripple_2,sprites/DefineSprite_707_boat_ripple_2/2.png,32,32,6,True,185,0e4bc8064acfb5ab03ac24ded3a4b633019001114afff0f69281b541bf08ac4c
707,boat_ripple_2,sprites/DefineSprite_707_boat_ripple_2/3.png,32,32,6,True,205,fbb2b8beea5546983d12cea528d525d4d6704e852b75bd14dd4a663d4080e3a6
707,boat_ripple_2,sprites/DefineSprite_707_boat_ripple_2/4.png,32,32,6,True,205,fbb2b8beea5546983d12cea528d525d4d6704e852b75bd14dd4a663d4080e3a6
707,boat_ripple_2,sprites/DefineSprite_707_boat_ripple_2/5.png,32,32,6,True,197,33f1bee93bc2b8edc50b4dc62006cdb748d9cfd85d6211b2be3d87ff82a02d89
707,boat_ripple_2,sprites/DefineSprite_707_boat_ripple_2/6.png,32,32,6,True,197,33f1bee93bc2b8edc50b4dc62006cdb748d9cfd85d6211b2be3d87ff82a02d89
707,boat_ripple_2,sprites/DefineSprite_707_boat_ripple_2/7.png,32,32,6,True,206,58c34beefd6ac1b87002edff5f65f8b767bc0dd7a8c22f3e8bd7634694dc6f2a
707,boat_ripple_2,sprites/DefineSprite_707_boat_ripple_2/8.png,32,32,6,True,206,58c34beefd6ac1b87002edff5f65f8b767bc0dd7a8c22f3e8bd7634694dc6f2a
707,boat_ripple_2,sprites/DefineSprite_707_boat_ripple_2/9.png,32,32,6,True,197,6b7a7e4ef36460adbf4e55a4b4076fb87ba9493133a12abfd9e5a9dfe588e1e9
724,boat_ripple_3,sprites/DefineSprite_724_boat_ripple_3/1.png,32,32,6,True,193,0155c9efff4d2a882ce26f48d0f031dd7126bcae6e7a0a36bc933051655a4a2b
724,boat_ripple_3,sprites/DefineSprite_724_boat_ripple_3/10.png,32,32,6,True,182,1f414de522bfa7d5777b7b119b35874585b4b612fa6e2da844b84735c1658179
724,boat_ripple_3,sprites/DefineSprite_724_boat_ripple_3/11.png,32,32,6,True,179,4c7caf9bbbd29c0d6b74ce5ad9f273d055f652face25b7dd449fe868693b202c
724,boat_ripple_3,sprites/DefineSprite_724_boat_ripple_3/12.png,32,32,6,True,179,4c7caf9bbbd29c0d6b74ce5ad9f273d055f652face25b7dd449fe868693b202c
724,boat_ripple_3,sprites/DefineSprite_724_boat_ripple_3/13.png,32,32,6,True,201,17e7fe0d7cdac97a7ef5d672cb6a1b1e42cbe828b5e8f132feb3f726aed7a559
724,boat_ripple_3,sprites/DefineSprite_724_boat_ripple_3/14.png,32,32,6,True,201,17e7fe0d7cdac97a7ef5d672cb6a1b1e42cbe828b5e8f132feb3f726aed7a559
724,boat_ripple_3,sprites/DefineSprite_724_boat_ripple_3/15.png,32,32,6,True,207,21cebcd40b02489d52af265e872bacf92ac17cf910deacb09abfb53b293b9f57
724,boat_ripple_3,sprites/DefineSprite_724_boat_ripple_3/16.png,32,32,6,True,207,21cebcd40b02489d52af265e872bacf92ac17cf910deacb09abfb53b293b9f57
724,boat_ripple_3,sprites/DefineSprite_724_boat_ripple_3/2.png,32,32,6,True,193,0155c9efff4d2a882ce26f48d0f031dd7126bcae6e7a0a36bc933051655a4a2b
724,boat_ripple_3,sprites/DefineSprite_724_boat_ripple_3/3.png,32,32,6,True,196,cc05880be0f60d07120d744b1e84605db056b140affec8406be0c2e735cf85ad
724,boat_ripple_3,sprites/DefineSprite_724_boat_ripple_3/4.png,32,32,6,True,196,cc05880be0f60d07120d744b1e84605db056b140affec8406be0c2e735cf85ad
724,boat_ripple_3,sprites/DefineSprite_724_boat_ripple_3/5.png,32,32,6,True,186,18400412a6ef66518668e4910947cf7700a80d57034411669ccdcd2099918f22
724,boat_ripple_3,sprites/DefineSprite_724_boat_ripple_3/6.png,32,32,6,True,186,18400412a6ef66518668e4910947cf7700a80d57034411669ccdcd2099918f22
724,boat_ripple_3,sprites/DefineSprite_724_boat_ripple_3/7.png,32,32,6,True,181,bc5e94ab2be6ded9077237de3e152101b7be6194ba2895c872435d424032fdee
724,boat_ripple_3,sprites/DefineSprite_724_boat_ripple_3/8.png,32,32,6,True,181,bc5e94ab2be6ded9077237de3e152101b7be6194ba2895c872435d424032fdee
724,boat_ripple_3,sprites/DefineSprite_724_boat_ripple_3/9.png,32,32,6,True,182,1f414de522bfa7d5777b7b119b35874585b4b612fa6e2da844b84735c1658179
72,text_j,sprites/DefineSprite_72_text_j/1.png,8,11,6,True,106,ab0d130e43276b3686afee8799bf42a0202fe563284055081805543abb193f21
741,boat_ripple_1,sprites/DefineSprite_741_boat_ripple_1/1.png,33,32,6,True,335,35631e09585a4a0f1aed325b75b12e3039200849d6298e07fd1044f1aadf6eef
741,boat_ripple_1,sprites/DefineSprite_741_boat_ripple_1/10.png,33,32,6,True,323,5c458d69f8ae0f1454c1907b8038202ae1d8471da9086c7d55095198d9960adc
741,boat_ripple_1,sprites/DefineSprite_741_boat_ripple_1/11.png,33,32,6,True,328,41577e6347ed5cf3f701ab92986cbf0d641c2318d720761bee8abd9eac5aa17a
741,boat_ripple_1,sprites/DefineSprite_741_boat_ripple_1/12.png,33,32,6,True,328,41577e6347ed5cf3f701ab92986cbf0d641c2318d720761bee8abd9eac5aa17a
741,boat_ripple_1,sprites/DefineSprite_741_boat_ripple_1/13.png,33,32,6,True,324,937f43297f3425b6e28c242f51f671c9386a6bb9927e3e41971485f378c99d9e
741,boat_ripple_1,sprites/DefineSprite_741_boat_ripple_1/14.png,33,32,6,True,324,937f43297f3425b6e28c242f51f671c9386a6bb9927e3e41971485f378c99d9e
741,boat_ripple_1,sprites/DefineSprite_741_boat_ripple_1/15.png,33,32,6,True,337,96a20654f4dd74615c9d20f968e9b7128876ba326c5e02d09d5c0025ef70b37c
741,boat_ripple_1,sprites/DefineSprite_741_boat_ripple_1/16.png,33,32,6,True,337,96a20654f4dd74615c9d20f968e9b7128876ba326c5e02d09d5c0025ef70b37c
741,boat_ripple_1,sprites/DefineSprite_741_boat_ripple_1/2.png,33,32,6,True,335,35631e09585a4a0f1aed325b75b12e3039200849d6298e07fd1044f1aadf6eef
741,boat_ripple_1,sprites/DefineSprite_741_boat_ripple_1/3.png,33,32,6,True,339,c010a8b08ac5be4fd7f39065bfe9424fde83e180efa23a247b30efaa534802f5
741,boat_ripple_1,sprites/DefineSprite_741_boat_ripple_1/4.png,33,32,6,True,339,c010a8b08ac5be4fd7f39065bfe9424fde83e180efa23a247b30efaa534802f5
741,boat_ripple_1,sprites/DefineSprite_741_boat_ripple_1/5.png,33,32,6,True,335,ce857f690d55039512220f60064c93a0ee6e1239d7fa6c0a8e6af833bc3e30ad
741,boat_ripple_1,sprites/DefineSprite_741_boat_ripple_1/6.png,33,32,6,True,335,ce857f690d55039512220f60064c93a0ee6e1239d7fa6c0a8e6af833bc3e30ad
741,boat_ripple_1,sprites/DefineSprite_741_boat_ripple_1/7.png,33,32,6,True,326,da5f8c96ad931b8236e0ef07f5a0e434de084ecc77430398fce09a01ebaebf48
741,boat_ripple_1,sprites/DefineSprite_741_boat_ripple_1/8.png,33,32,6,True,326,da5f8c96ad931b8236e0ef07f5a0e434de084ecc77430398fce09a01ebaebf48
741,boat_ripple_1,sprites/DefineSprite_741_boat_ripple_1/9.png,33,32,6,True,323,5c458d69f8ae0f1454c1907b8038202ae1d8471da9086c7d55095198d9960adc
758,,sprites/DefineSprite_758/1.png,33,32,6,True,361,f660195cf2fb72a71c5d1d8458e083fd44c2e90bc01235a6d43687c782b32c21
758,,sprites/DefineSprite_758/10.png,33,32,6,True,365,2c36171ed96ef49e43d61b377675cd6ae88fb881d4a27a1cb0f3d719a1bd9911
758,,sprites/DefineSprite_758/11.png,33,32,6,True,371,4c7896b57426aa3de9ac53ce548cf9bce0feb9808bd005d55bb2e81ee9a0cbb9
758,,sprites/DefineSprite_758/12.png,33,32,6,True,371,4c7896b57426aa3de9ac53ce548cf9bce0feb9808bd005d55bb2e81ee9a0cbb9
758,,sprites/DefineSprite_758/13.png,33,32,6,True,357,ef9d8be98d90613133b02507e38e01693269f0b632333c410d5ee045e77abbe2
758,,sprites/DefineSprite_758/14.png,33,32,6,True,357,ef9d8be98d90613133b02507e38e01693269f0b632333c410d5ee045e77abbe2
758,,sprites/DefineSprite_758/15.png,33,32,6,True,348,54d6ece4434ed190d7055ed83831a882696d0be9ef3b2a40c663a0f6ab61fc0d
758,,sprites/DefineSprite_758/16.png,33,32,6,True,348,54d6ece4434ed190d7055ed83831a882696d0be9ef3b2a40c663a0f6ab61fc0d
758,,sprites/DefineSprite_758/2.png,33,32,6,True,361,f660195cf2fb72a71c5d1d8458e083fd44c2e90bc01235a6d43687c782b32c21
758,,sprites/DefineSprite_758/3.png,33,32,6,True,357,ed221d3866d0d06b01f0e8452870904ab4ccfce261393692ef4a8f5e1798d062
758,,sprites/DefineSprite_758/4.png,33,32,6,True,357,ed221d3866d0d06b01f0e8452870904ab4ccfce261393692ef4a8f5e1798d062
758,,sprites/DefineSprite_758/5.png,33,32,6,True,358,87751b436578f43d13ebb7f4422addd6f9dc8945ebd49c728d33264c73947ca7
758,,sprites/DefineSprite_758/6.png,33,32,6,True,358,87751b436578f43d13ebb7f4422addd6f9dc8945ebd49c728d33264c73947ca7
758,,sprites/DefineSprite_758/7.png,33,32,6,True,365,43179be0978292b5ffd4010cbc42f79e791b2d762685b8a550e0201a974cd2d8
758,,sprites/DefineSprite_758/8.png,33,32,6,True,365,43179be0978292b5ffd4010cbc42f79e791b2d762685b8a550e0201a974cd2d8
758,,sprites/DefineSprite_758/9.png,33,32,6,True,365,2c36171ed96ef49e43d61b377675cd6ae88fb881d4a27a1cb0f3d719a1bd9911
75,text_k,sprites/DefineSprite_75_text_k/1.png,8,11,6,True,114,c19742a99fad4a3dba7edf5b81fc5173c8ca8fa176e0534f368d6f421d3124c7
767,,sprites/DefineSprite_767/1.png,25,25,6,True,372,4345cbb6b596ce768d2b1cc69b4174e3e2ed237a4144406d0bf2b7a1c90b0927
767,,sprites/DefineSprite_767/10.png,25,25,6,True,372,5fa0331045c60ca18053dfa1a94d3a1a8ba20790068d28d167402fe72b5227b1
767,,sprites/DefineSprite_767/11.png,25,25,6,True,372,5fa0331045c60ca18053dfa1a94d3a1a8ba20790068d28d167402fe72b5227b1
767,,sprites/DefineSprite_767/12.png,25,25,6,True,372,5fa0331045c60ca18053dfa1a94d3a1a8ba20790068d28d167402fe72b5227b1
767,,sprites/DefineSprite_767/2.png,25,25,6,True,372,4345cbb6b596ce768d2b1cc69b4174e3e2ed237a4144406d0bf2b7a1c90b0927
767,,sprites/DefineSprite_767/3.png,25,25,6,True,372,4345cbb6b596ce768d2b1cc69b4174e3e2ed237a4144406d0bf2b7a1c90b0927
767,,sprites/DefineSprite_767/4.png,25,25,6,True,349,a9cafd61ffe540eb3abb79ea25db1975a1954dffa8734c5d79ce8b8b127da6fb
767,,sprites/DefineSprite_767/5.png,25,25,6,True,349,a9cafd61ffe540eb3abb79ea25db1975a1954dffa8734c5d79ce8b8b127da6fb
767,,sprites/DefineSprite_767/6.png,25,25,6,True,349,a9cafd61ffe540eb3abb79ea25db1975a1954dffa8734c5d79ce8b8b127da6fb
767,,sprites/DefineSprite_767/7.png,25,25,6,True,372,4345cbb6b596ce768d2b1cc69b4174e3e2ed237a4144406d0bf2b7a1c90b0927
767,,sprites/DefineSprite_767/8.png,25,25,6,True,372,4345cbb6b596ce768d2b1cc69b4174e3e2ed237a4144406d0bf2b7a1c90b0927
767,,sprites/DefineSprite_767/9.png,25,25,6,True,372,4345cbb6b596ce768d2b1cc69b4174e3e2ed237a4144406d0bf2b7a1c90b0927
779,,sprites/DefineSprite_779/1.png,28,32,6,True,412,83d5fa71e5d2e361477d83ed2260eed7bfb2d689f7c4e6b20683d82bd99e97d4
779,,sprites/DefineSprite_779/10.png,28,32,6,True,420,cb226e5ac82ddb0cf18f16bb804bb6480407d6b2ade03764ee64a502f6ae8071
779,,sprites/DefineSprite_779/11.png,28,32,6,True,420,cb226e5ac82ddb0cf18f16bb804bb6480407d6b2ade03764ee64a502f6ae8071
779,,sprites/DefineSprite_779/12.png,28,32,6,True,420,cb226e5ac82ddb0cf18f16bb804bb6480407d6b2ade03764ee64a502f6ae8071
779,,sprites/DefineSprite_779/2.png,28,32,6,True,412,83d5fa71e5d2e361477d83ed2260eed7bfb2d689f7c4e6b20683d82bd99e97d4
779,,sprites/DefineSprite_779/3.png,28,32,6,True,412,83d5fa71e5d2e361477d83ed2260eed7bfb2d689f7c4e6b20683d82bd99e97d4
779,,sprites/DefineSprite_779/4.png,28,32,6,True,393,4311e246919c9baf6edcc6658e6991b1379af3be0b61e69aec3dfa8c2b9d1995
779,,sprites/DefineSprite_779/5.png,28,32,6,True,393,4311e246919c9baf6edcc6658e6991b1379af3be0b61e69aec3dfa8c2b9d1995
779,,sprites/DefineSprite_779/6.png,28,32,6,True,393,4311e246919c9baf6edcc6658e6991b1379af3be0b61e69aec3dfa8c2b9d1995
779,,sprites/DefineSprite_779/7.png,28,32,6,True,412,83d5fa71e5d2e361477d83ed2260eed7bfb2d689f7c4e6b20683d82bd99e97d4
779,,sprites/DefineSprite_779/8.png,28,32,6,True,412,83d5fa71e5d2e361477d83ed2260eed7bfb2d689f7c4e6b20683d82bd99e97d4
779,,sprites/DefineSprite_779/9.png,28,32,6,True,412,83d5fa71e5d2e361477d83ed2260eed7bfb2d689f7c4e6b20683d82bd99e97d4
780,,sprites/DefineSprite_780/1.png,228,287,6,True,10526,cc557134b42a9c64629359d38cca14880c8d1fbf571407e2460825a2833c3319
783,,sprites/DefineSprite_783/1.png,244,132,6,True,946,5c82319079e0f241ac9ab68bdd56bf9b81145a60e6f200f7b011312e0e6ba8bb
784,,sprites/DefineSprite_784/1.png,375,158,6,True,469,0c010c6e2920553b604be77aaa1ebf808d8156b50c0684a01fa1edb974806a06
786,,sprites/DefineSprite_786/1.png,212,13,6,True,134,8aad313c04e7d0808ea1e68ce95c0c0788702f247fedcc3d3c926d9a187d3d0f
787,,sprites/DefineSprite_787/1.png,375,158,6,True,1388,ac9994b46e270e7c90d47f4b44e7ac21c5bee0b1f583c8eb89fc168ff0f2ca20
787,,sprites/DefineSprite_787/10.png,375,158,6,True,3136,ff2287f92780e97ba1a427165f5e987af1326e8af5a01f6a9721e04c33d282b3
787,,sprites/DefineSprite_787/100.png,375,158,6,True,3499,5324cb0244b00451a92bb9ceb4823605d7b054848b41c0f4d1410725214c640b
787,,sprites/DefineSprite_787/101.png,375,158,6,True,1473,6219d07dbbdab8f95c94699ee1325d80ec867a620482c0ddc11d808b94c6c19a
787,,sprites/DefineSprite_787/102.png,375,158,6,True,3499,5324cb0244b00451a92bb9ceb4823605d7b054848b41c0f4d1410725214c640b
787,,sprites/DefineSprite_787/103.png,375,158,6,True,1473,6219d07dbbdab8f95c94699ee1325d80ec867a620482c0ddc11d808b94c6c19a
787,,sprites/DefineSprite_787/104.png,375,158,6,True,3499,5324cb0244b00451a92bb9ceb4823605d7b054848b41c0f4d1410725214c640b
787,,sprites/DefineSprite_787/105.png,375,158,6,True,1473,6219d07dbbdab8f95c94699ee1325d80ec867a620482c0ddc11d808b94c6c19a
787,,sprites/DefineSprite_787/106.png,375,158,6,True,3499,5324cb0244b00451a92bb9ceb4823605d7b054848b41c0f4d1410725214c640b
787,,sprites/DefineSprite_787/107.png,375,158,6,True,1473,6219d07dbbdab8f95c94699ee1325d80ec867a620482c0ddc11d808b94c6c19a
787,,sprites/DefineSprite_787/108.png,375,158,6,True,3499,5324cb0244b00451a92bb9ceb4823605d7b054848b41c0f4d1410725214c640b
787,,sprites/DefineSprite_787/109.png,375,158,6,True,1473,6219d07dbbdab8f95c94699ee1325d80ec867a620482c0ddc11d808b94c6c19a
787,,sprites/DefineSprite_787/11.png,375,158,6,True,1512,769c9feb7f990db899ad910406b4f2bce491c8cfb9547a554fa5ecff7d88de42
787,,sprites/DefineSprite_787/110.png,375,158,6,True,3499,5324cb0244b00451a92bb9ceb4823605d7b054848b41c0f4d1410725214c640b
787,,sprites/DefineSprite_787/111.png,375,158,6,True,1473,6219d07dbbdab8f95c94699ee1325d80ec867a620482c0ddc11d808b94c6c19a
787,,sprites/DefineSprite_787/112.png,375,158,6,True,3499,5324cb0244b00451a92bb9ceb4823605d7b054848b41c0f4d1410725214c640b
787,,sprites/DefineSprite_787/113.png,375,158,6,True,1473,6219d07dbbdab8f95c94699ee1325d80ec867a620482c0ddc11d808b94c6c19a
787,,sprites/DefineSprite_787/114.png,375,158,6,True,3499,5324cb0244b00451a92bb9ceb4823605d7b054848b41c0f4d1410725214c640b
787,,sprites/DefineSprite_787/115.png,375,158,6,True,1473,6219d07dbbdab8f95c94699ee1325d80ec867a620482c0ddc11d808b94c6c19a
787,,sprites/DefineSprite_787/116.png,375,158,6,True,3499,5324cb0244b00451a92bb9ceb4823605d7b054848b41c0f4d1410725214c640b
787,,sprites/DefineSprite_787/117.png,375,158,6,True,1473,6219d07dbbdab8f95c94699ee1325d80ec867a620482c0ddc11d808b94c6c19a
787,,sprites/DefineSprite_787/118.png,375,158,6,True,3499,5324cb0244b00451a92bb9ceb4823605d7b054848b41c0f4d1410725214c640b
787,,sprites/DefineSprite_787/119.png,375,158,6,True,1473,6219d07dbbdab8f95c94699ee1325d80ec867a620482c0ddc11d808b94c6c19a
787,,sprites/DefineSprite_787/12.png,375,158,6,True,3208,920b8bb05c960cd7891f86f8ecef970c4f7c1425ee7566e2deff9a7cec7b13d1
787,,sprites/DefineSprite_787/120.png,375,158,6,True,3499,5324cb0244b00451a92bb9ceb4823605d7b054848b41c0f4d1410725214c640b
787,,sprites/DefineSprite_787/121.png,375,158,6,True,1473,6219d07dbbdab8f95c94699ee1325d80ec867a620482c0ddc11d808b94c6c19a
787,,sprites/DefineSprite_787/122.png,375,158,6,True,3499,5324cb0244b00451a92bb9ceb4823605d7b054848b41c0f4d1410725214c640b
787,,sprites/DefineSprite_787/123.png,375,158,6,True,1473,6219d07dbbdab8f95c94699ee1325d80ec867a620482c0ddc11d808b94c6c19a
787,,sprites/DefineSprite_787/124.png,375,158,6,True,3499,5324cb0244b00451a92bb9ceb4823605d7b054848b41c0f4d1410725214c640b
787,,sprites/DefineSprite_787/125.png,375,158,6,True,1473,6219d07dbbdab8f95c94699ee1325d80ec867a620482c0ddc11d808b94c6c19a
787,,sprites/DefineSprite_787/126.png,375,158,6,True,3499,5324cb0244b00451a92bb9ceb4823605d7b054848b41c0f4d1410725214c640b
787,,sprites/DefineSprite_787/127.png,375,158,6,True,1473,6219d07dbbdab8f95c94699ee1325d80ec867a620482c0ddc11d808b94c6c19a
787,,sprites/DefineSprite_787/128.png,375,158,6,True,3499,5324cb0244b00451a92bb9ceb4823605d7b054848b41c0f4d1410725214c640b
787,,sprites/DefineSprite_787/129.png,375,158,6,True,1473,6219d07dbbdab8f95c94699ee1325d80ec867a620482c0ddc11d808b94c6c19a
787,,sprites/DefineSprite_787/13.png,375,158,6,True,1500,1346572b28f43e2d5dff6174d865f7b8c30e9e87f70b2a84078aa3227b844a65
787,,sprites/DefineSprite_787/130.png,375,158,6,True,3499,5324cb0244b00451a92bb9ceb4823605d7b054848b41c0f4d1410725214c640b
787,,sprites/DefineSprite_787/131.png,375,158,6,True,1473,6219d07dbbdab8f95c94699ee1325d80ec867a620482c0ddc11d808b94c6c19a
787,,sprites/DefineSprite_787/132.png,375,158,6,True,3499,5324cb0244b00451a92bb9ceb4823605d7b054848b41c0f4d1410725214c640b
787,,sprites/DefineSprite_787/133.png,375,158,6,True,1473,6219d07dbbdab8f95c94699ee1325d80ec867a620482c0ddc11d808b94c6c19a
787,,sprites/DefineSprite_787/134.png,375,158,6,True,3499,5324cb0244b00451a92bb9ceb4823605d7b054848b41c0f4d1410725214c640b
787,,sprites/DefineSprite_787/135.png,375,158,6,True,1473,6219d07dbbdab8f95c94699ee1325d80ec867a620482c0ddc11d808b94c6c19a
787,,sprites/DefineSprite_787/136.png,375,158,6,True,3499,5324cb0244b00451a92bb9ceb4823605d7b054848b41c0f4d1410725214c640b
787,,sprites/DefineSprite_787/137.png,375,158,6,True,1473,6219d07dbbdab8f95c94699ee1325d80ec867a620482c0ddc11d808b94c6c19a
787,,sprites/DefineSprite_787/138.png,375,158,6,True,3499,5324cb0244b00451a92bb9ceb4823605d7b054848b41c0f4d1410725214c640b
787,,sprites/DefineSprite_787/139.png,375,158,6,True,1473,6219d07dbbdab8f95c94699ee1325d80ec867a620482c0ddc11d808b94c6c19a
787,,sprites/DefineSprite_787/14.png,375,158,6,True,3195,8d37806fd557dc9668d1bd22cf225ca3da4119d45b8e901ef696a6a49b888143
787,,sprites/DefineSprite_787/140.png,375,158,6,True,3499,5324cb0244b00451a92bb9ceb4823605d7b054848b41c0f4d1410725214c640b
787,,sprites/DefineSprite_787/141.png,375,158,6,True,1473,6219d07dbbdab8f95c94699ee1325d80ec867a620482c0ddc11d808b94c6c19a
787,,sprites/DefineSprite_787/142.png,375,158,6,True,3499,5324cb0244b00451a92bb9ceb4823605d7b054848b41c0f4d1410725214c640b
787,,sprites/DefineSprite_787/143.png,375,158,6,True,1473,6219d07dbbdab8f95c94699ee1325d80ec867a620482c0ddc11d808b94c6c19a
787,,sprites/DefineSprite_787/144.png,375,158,6,True,3499,5324cb0244b00451a92bb9ceb4823605d7b054848b41c0f4d1410725214c640b
787,,sprites/DefineSprite_787/145.png,375,158,6,True,1473,6219d07dbbdab8f95c94699ee1325d80ec867a620482c0ddc11d808b94c6c19a
787,,sprites/DefineSprite_787/146.png,375,158,6,True,3499,5324cb0244b00451a92bb9ceb4823605d7b054848b41c0f4d1410725214c640b
787,,sprites/DefineSprite_787/147.png,375,158,6,True,1473,6219d07dbbdab8f95c94699ee1325d80ec867a620482c0ddc11d808b94c6c19a
787,,sprites/DefineSprite_787/148.png,375,158,6,True,3499,5324cb0244b00451a92bb9ceb4823605d7b054848b41c0f4d1410725214c640b
787,,sprites/DefineSprite_787/149.png,375,158,6,True,1473,6219d07dbbdab8f95c94699ee1325d80ec867a620482c0ddc11d808b94c6c19a
787,,sprites/DefineSprite_787/15.png,375,158,6,True,1503,0e5b46ab65f16200b7d003163fb6639bd2a4fd0a701bb2acb207f7a37e2933eb
787,,sprites/DefineSprite_787/150.png,375,158,6,True,3499,5324cb0244b00451a92bb9ceb4823605d7b054848b41c0f4d1410725214c640b
787,,sprites/DefineSprite_787/151.png,375,158,6,True,1473,6219d07dbbdab8f95c94699ee1325d80ec867a620482c0ddc11d808b94c6c19a
787,,sprites/DefineSprite_787/152.png,375,158,6,True,3499,5324cb0244b00451a92bb9ceb4823605d7b054848b41c0f4d1410725214c640b
787,,sprites/DefineSprite_787/153.png,375,158,6,True,1473,6219d07dbbdab8f95c94699ee1325d80ec867a620482c0ddc11d808b94c6c19a
787,,sprites/DefineSprite_787/154.png,375,158,6,True,3499,5324cb0244b00451a92bb9ceb4823605d7b054848b41c0f4d1410725214c640b
787,,sprites/DefineSprite_787/155.png,375,158,6,True,1473,6219d07dbbdab8f95c94699ee1325d80ec867a620482c0ddc11d808b94c6c19a
787,,sprites/DefineSprite_787/156.png,375,158,6,True,3499,5324cb0244b00451a92bb9ceb4823605d7b054848b41c0f4d1410725214c640b
787,,sprites/DefineSprite_787/157.png,375,158,6,True,1473,6219d07dbbdab8f95c94699ee1325d80ec867a620482c0ddc11d808b94c6c19a
787,,sprites/DefineSprite_787/158.png,375,158,6,True,3499,5324cb0244b00451a92bb9ceb4823605d7b054848b41c0f4d1410725214c640b
787,,sprites/DefineSprite_787/159.png,375,158,6,True,1473,6219d07dbbdab8f95c94699ee1325d80ec867a620482c0ddc11d808b94c6c19a
787,,sprites/DefineSprite_787/16.png,375,158,6,True,3195,6824486067b788eb4bf38d52453f77b241e9726db2ccae0cb7d7ee315b9eb5d7
787,,sprites/DefineSprite_787/160.png,375,158,6,True,3499,5324cb0244b00451a92bb9ceb4823605d7b054848b41c0f4d1410725214c640b
787,,sprites/DefineSprite_787/161.png,375,158,6,True,1473,6219d07dbbdab8f95c94699ee1325d80ec867a620482c0ddc11d808b94c6c19a
787,,sprites/DefineSprite_787/162.png,375,158,6,True,3499,5324cb0244b00451a92bb9ceb4823605d7b054848b41c0f4d1410725214c640b
787,,sprites/DefineSprite_787/163.png,375,158,6,True,1473,6219d07dbbdab8f95c94699ee1325d80ec867a620482c0ddc11d808b94c6c19a
787,,sprites/DefineSprite_787/164.png,375,158,6,True,3499,5324cb0244b00451a92bb9ceb4823605d7b054848b41c0f4d1410725214c640b
787,,sprites/DefineSprite_787/165.png,375,158,6,True,1473,6219d07dbbdab8f95c94699ee1325d80ec867a620482c0ddc11d808b94c6c19a
787,,sprites/DefineSprite_787/166.png,375,158,6,True,3499,5324cb0244b00451a92bb9ceb4823605d7b054848b41c0f4d1410725214c640b
787,,sprites/DefineSprite_787/167.png,375,158,6,True,1473,6219d07dbbdab8f95c94699ee1325d80ec867a620482c0ddc11d808b94c6c19a
787,,sprites/DefineSprite_787/168.png,375,158,6,True,3499,5324cb0244b00451a92bb9ceb4823605d7b054848b41c0f4d1410725214c640b
787,,sprites/DefineSprite_787/169.png,375,158,6,True,1473,6219d07dbbdab8f95c94699ee1325d80ec867a620482c0ddc11d808b94c6c19a
787,,sprites/DefineSprite_787/17.png,375,158,6,True,1499,2fadc036a2a635a7c10b268a3fc6e41c69d2cbacffca75569ace47272c4bfe04
787,,sprites/DefineSprite_787/170.png,375,158,6,True,3499,5324cb0244b00451a92bb9ceb4823605d7b054848b41c0f4d1410725214c640b
787,,sprites/DefineSprite_787/171.png,375,158,6,True,1473,6219d07dbbdab8f95c94699ee1325d80ec867a620482c0ddc11d808b94c6c19a
787,,sprites/DefineSprite_787/172.png,375,158,6,True,3499,5324cb0244b00451a92bb9ceb4823605d7b054848b41c0f4d1410725214c640b
787,,sprites/DefineSprite_787/173.png,375,158,6,True,1473,6219d07dbbdab8f95c94699ee1325d80ec867a620482c0ddc11d808b94c6c19a
787,,sprites/DefineSprite_787/174.png,375,158,6,True,3499,5324cb0244b00451a92bb9ceb4823605d7b054848b41c0f4d1410725214c640b
787,,sprites/DefineSprite_787/175.png,375,158,6,True,1473,6219d07dbbdab8f95c94699ee1325d80ec867a620482c0ddc11d808b94c6c19a
787,,sprites/DefineSprite_787/176.png,375,158,6,True,3499,5324cb0244b00451a92bb9ceb4823605d7b054848b41c0f4d1410725214c640b
787,,sprites/DefineSprite_787/177.png,375,158,6,True,1473,6219d07dbbdab8f95c94699ee1325d80ec867a620482c0ddc11d808b94c6c19a
787,,sprites/DefineSprite_787/178.png,375,158,6,True,3499,5324cb0244b00451a92bb9ceb4823605d7b054848b41c0f4d1410725214c640b
787,,sprites/DefineSprite_787/179.png,375,158,6,True,1473,6219d07dbbdab8f95c94699ee1325d80ec867a620482c0ddc11d808b94c6c19a
787,,sprites/DefineSprite_787/18.png,375,158,6,True,3198,4572080a5d80a67b77737789bf2e6df780f4fe021ce1dbbeb914ed2447da5d08
787,,sprites/DefineSprite_787/180.png,375,158,6,True,3499,5324cb0244b00451a92bb9ceb4823605d7b054848b41c0f4d1410725214c640b
787,,sprites/DefineSprite_787/181.png,375,158,6,True,1473,6219d07dbbdab8f95c94699ee1325d80ec867a620482c0ddc11d808b94c6c19a
787,,sprites/DefineSprite_787/182.png,375,158,6,True,3499,5324cb0244b00451a92bb9ceb4823605d7b054848b41c0f4d1410725214c640b
787,,sprites/DefineSprite_787/183.png,375,158,6,True,1473,6219d07dbbdab8f95c94699ee1325d80ec867a620482c0ddc11d808b94c6c19a
787,,sprites/DefineSprite_787/184.png,375,158,6,True,3499,5324cb0244b00451a92bb9ceb4823605d7b054848b41c0f4d1410725214c640b
787,,sprites/DefineSprite_787/185.png,375,158,6,True,1473,6219d07dbbdab8f95c94699ee1325d80ec867a620482c0ddc11d808b94c6c19a
787,,sprites/DefineSprite_787/186.png,375,158,6,True,3499,5324cb0244b00451a92bb9ceb4823605d7b054848b41c0f4d1410725214c640b
787,,sprites/DefineSprite_787/187.png,375,158,6,True,1473,6219d07dbbdab8f95c94699ee1325d80ec867a620482c0ddc11d808b94c6c19a
787,,sprites/DefineSprite_787/188.png,375,158,6,True,3499,5324cb0244b00451a92bb9ceb4823605d7b054848b41c0f4d1410725214c640b
787,,sprites/DefineSprite_787/189.png,375,158,6,True,1473,6219d07dbbdab8f95c94699ee1325d80ec867a620482c0ddc11d808b94c6c19a
787,,sprites/DefineSprite_787/19.png,375,158,6,True,1503,0e5b46ab65f16200b7d003163fb6639bd2a4fd0a701bb2acb207f7a37e2933eb
787,,sprites/DefineSprite_787/190.png,375,158,6,True,3499,5324cb0244b00451a92bb9ceb4823605d7b054848b41c0f4d1410725214c640b
787,,sprites/DefineSprite_787/191.png,375,158,6,True,1473,6219d07dbbdab8f95c94699ee1325d80ec867a620482c0ddc11d808b94c6c19a
787,,sprites/DefineSprite_787/192.png,375,158,6,True,3499,5324cb0244b00451a92bb9ceb4823605d7b054848b41c0f4d1410725214c640b
787,,sprites/DefineSprite_787/193.png,375,158,6,True,1473,6219d07dbbdab8f95c94699ee1325d80ec867a620482c0ddc11d808b94c6c19a
787,,sprites/DefineSprite_787/194.png,375,158,6,True,3499,5324cb0244b00451a92bb9ceb4823605d7b054848b41c0f4d1410725214c640b
787,,sprites/DefineSprite_787/195.png,375,158,6,True,1473,6219d07dbbdab8f95c94699ee1325d80ec867a620482c0ddc11d808b94c6c19a
787,,sprites/DefineSprite_787/196.png,375,158,6,True,3499,5324cb0244b00451a92bb9ceb4823605d7b054848b41c0f4d1410725214c640b
787,,sprites/DefineSprite_787/197.png,375,158,6,True,1473,6219d07dbbdab8f95c94699ee1325d80ec867a620482c0ddc11d808b94c6c19a
787,,sprites/DefineSprite_787/198.png,375,158,6,True,3499,5324cb0244b00451a92bb9ceb4823605d7b054848b41c0f4d1410725214c640b
787,,sprites/DefineSprite_787/199.png,375,158,6,True,1473,6219d07dbbdab8f95c94699ee1325d80ec867a620482c0ddc11d808b94c6c19a
787,,sprites/DefineSprite_787/2.png,375,158,6,True,3123,2ebdf1fab0f2c988ff40509e4164e8c9aaecf3830d3dc0325e56eb41b2336857
787,,sprites/DefineSprite_787/20.png,375,158,6,True,3189,1d8365db6b11701f4160737bd4c60489e5e572f1163eb36198bb1590e36823c3
787,,sprites/DefineSprite_787/200.png,375,158,6,True,3499,5324cb0244b00451a92bb9ceb4823605d7b054848b41c0f4d1410725214c640b
787,,sprites/DefineSprite_787/201.png,375,158,6,True,1473,6219d07dbbdab8f95c94699ee1325d80ec867a620482c0ddc11d808b94c6c19a
787,,sprites/DefineSprite_787/202.png,375,158,6,True,3499,5324cb0244b00451a92bb9ceb4823605d7b054848b41c0f4d1410725214c640b
787,,sprites/DefineSprite_787/203.png,375,158,6,True,1473,6219d07dbbdab8f95c94699ee1325d80ec867a620482c0ddc11d808b94c6c19a
787,,sprites/DefineSprite_787/204.png,375,158,6,True,3499,5324cb0244b00451a92bb9ceb4823605d7b054848b41c0f4d1410725214c640b
787,,sprites/DefineSprite_787/205.png,375,158,6,True,1473,6219d07dbbdab8f95c94699ee1325d80ec867a620482c0ddc11d808b94c6c19a
787,,sprites/DefineSprite_787/206.png,375,158,6,True,3499,5324cb0244b00451a92bb9ceb4823605d7b054848b41c0f4d1410725214c640b
787,,sprites/DefineSprite_787/207.png,375,158,6,True,1473,6219d07dbbdab8f95c94699ee1325d80ec867a620482c0ddc11d808b94c6c19a
787,,sprites/DefineSprite_787/208.png,375,158,6,True,3499,5324cb0244b00451a92bb9ceb4823605d7b054848b41c0f4d1410725214c640b
787,,sprites/DefineSprite_787/209.png,375,158,6,True,1473,6219d07dbbdab8f95c94699ee1325d80ec867a620482c0ddc11d808b94c6c19a
787,,sprites/DefineSprite_787/21.png,375,158,6,True,1499,61eecb422b5075a07f0dcf0c03499cff4f999171772a6f6008acdf7e0f58e9a5
787,,sprites/DefineSprite_787/210.png,375,158,6,True,3499,5324cb0244b00451a92bb9ceb4823605d7b054848b41c0f4d1410725214c640b
787,,sprites/DefineSprite_787/211.png,375,158,6,True,1473,6219d07dbbdab8f95c94699ee1325d80ec867a620482c0ddc11d808b94c6c19a
787,,sprites/DefineSprite_787/212.png,375,158,6,True,3499,5324cb0244b00451a92bb9ceb4823605d7b054848b41c0f4d1410725214c640b
787,,sprites/DefineSprite_787/213.png,375,158,6,True,1473,6219d07dbbdab8f95c94699ee1325d80ec867a620482c0ddc11d808b94c6c19a
787,,sprites/DefineSprite_787/214.png,375,158,6,True,3499,5324cb0244b00451a92bb9ceb4823605d7b054848b41c0f4d1410725214c640b
787,,sprites/DefineSprite_787/215.png,375,158,6,True,1473,6219d07dbbdab8f95c94699ee1325d80ec867a620482c0ddc11d808b94c6c19a
787,,sprites/DefineSprite_787/216.png,375,158,6,True,3499,5324cb0244b00451a92bb9ceb4823605d7b054848b41c0f4d1410725214c640b
787,,sprites/DefineSprite_787/217.png,375,158,6,True,1473,6219d07dbbdab8f95c94699ee1325d80ec867a620482c0ddc11d808b94c6c19a
787,,sprites/DefineSprite_787/218.png,375,158,6,True,3499,5324cb0244b00451a92bb9ceb4823605d7b054848b41c0f4d1410725214c640b
787,,sprites/DefineSprite_787/219.png,375,158,6,True,1473,6219d07dbbdab8f95c94699ee1325d80ec867a620482c0ddc11d808b94c6c19a
787,,sprites/DefineSprite_787/22.png,375,158,6,True,3226,500bf7c0324fc24f5ece8f4168e625f151d31cb75eb289175af17dc2ec9c4622
787,,sprites/DefineSprite_787/220.png,375,158,6,True,3499,5324cb0244b00451a92bb9ceb4823605d7b054848b41c0f4d1410725214c640b
787,,sprites/DefineSprite_787/221.png,375,158,6,True,1473,6219d07dbbdab8f95c94699ee1325d80ec867a620482c0ddc11d808b94c6c19a
787,,sprites/DefineSprite_787/222.png,375,158,6,True,3499,5324cb0244b00451a92bb9ceb4823605d7b054848b41c0f4d1410725214c640b
787,,sprites/DefineSprite_787/223.png,375,158,6,True,1473,6219d07dbbdab8f95c94699ee1325d80ec867a620482c0ddc11d808b94c6c19a
787,,sprites/DefineSprite_787/224.png,375,158,6,True,3499,5324cb0244b00451a92bb9ceb4823605d7b054848b41c0f4d1410725214c640b
787,,sprites/DefineSprite_787/225.png,375,158,6,True,1473,6219d07dbbdab8f95c94699ee1325d80ec867a620482c0ddc11d808b94c6c19a
787,,sprites/DefineSprite_787/226.png,375,158,6,True,3499,5324cb0244b00451a92bb9ceb4823605d7b054848b41c0f4d1410725214c640b
787,,sprites/DefineSprite_787/227.png,375,158,6,True,1473,6219d07dbbdab8f95c94699ee1325d80ec867a620482c0ddc11d808b94c6c19a
787,,sprites/DefineSprite_787/228.png,375,158,6,True,3499,5324cb0244b00451a92bb9ceb4823605d7b054848b41c0f4d1410725214c640b
787,,sprites/DefineSprite_787/229.png,375,158,6,True,1473,6219d07dbbdab8f95c94699ee1325d80ec867a620482c0ddc11d808b94c6c19a
787,,sprites/DefineSprite_787/23.png,375,158,6,True,1500,2eda5dc0e7e1c4769d40c44e1a40babf8a8aca4cb7dba5ed828d93b23ef6f682
787,,sprites/DefineSprite_787/230.png,375,158,6,True,3499,5324cb0244b00451a92bb9ceb4823605d7b054848b41c0f4d1410725214c640b
787,,sprites/DefineSprite_787/231.png,375,158,6,True,1473,6219d07dbbdab8f95c94699ee1325d80ec867a620482c0ddc11d808b94c6c19a
787,,sprites/DefineSprite_787/232.png,375,158,6,True,3499,5324cb0244b00451a92bb9ceb4823605d7b054848b41c0f4d1410725214c640b
787,,sprites/DefineSprite_787/233.png,375,158,6,True,1473,6219d07dbbdab8f95c94699ee1325d80ec867a620482c0ddc11d808b94c6c19a
787,,sprites/DefineSprite_787/234.png,375,158,6,True,3499,5324cb0244b00451a92bb9ceb4823605d7b054848b41c0f4d1410725214c640b
787,,sprites/DefineSprite_787/235.png,375,158,6,True,1473,6219d07dbbdab8f95c94699ee1325d80ec867a620482c0ddc11d808b94c6c19a
787,,sprites/DefineSprite_787/236.png,375,158,6,True,3499,5324cb0244b00451a92bb9ceb4823605d7b054848b41c0f4d1410725214c640b
787,,sprites/DefineSprite_787/237.png,375,158,6,True,1473,6219d07dbbdab8f95c94699ee1325d80ec867a620482c0ddc11d808b94c6c19a
787,,sprites/DefineSprite_787/238.png,375,158,6,True,3499,5324cb0244b00451a92bb9ceb4823605d7b054848b41c0f4d1410725214c640b
787,,sprites/DefineSprite_787/239.png,375,158,6,True,1473,6219d07dbbdab8f95c94699ee1325d80ec867a620482c0ddc11d808b94c6c19a
787,,sprites/DefineSprite_787/24.png,375,158,6,True,3231,5829225c287ab59f9fee1c5458bce00c8f1676a572b67d1f205a74581ddea9aa
787,,sprites/DefineSprite_787/240.png,375,158,6,True,3499,5324cb0244b00451a92bb9ceb4823605d7b054848b41c0f4d1410725214c640b
787,,sprites/DefineSprite_787/241.png,375,158,6,True,1473,6219d07dbbdab8f95c94699ee1325d80ec867a620482c0ddc11d808b94c6c19a
787,,sprites/DefineSprite_787/242.png,375,158,6,True,3499,5324cb0244b00451a92bb9ceb4823605d7b054848b41c0f4d1410725214c640b
787,,sprites/DefineSprite_787/243.png,375,158,6,True,1473,6219d07dbbdab8f95c94699ee1325d80ec867a620482c0ddc11d808b94c6c19a
787,,sprites/DefineSprite_787/244.png,375,158,6,True,3499,5324cb0244b00451a92bb9ceb4823605d7b054848b41c0f4d1410725214c640b
787,,sprites/DefineSprite_787/245.png,375,158,6,True,1473,6219d07dbbdab8f95c94699ee1325d80ec867a620482c0ddc11d808b94c6c19a
787,,sprites/DefineSprite_787/246.png,375,158,6,True,3499,5324cb0244b00451a92bb9ceb4823605d7b054848b41c0f4d1410725214c640b
787,,sprites/DefineSprite_787/247.png,375,158,6,True,1473,6219d07dbbdab8f95c94699ee1325d80ec867a620482c0ddc11d808b94c6c19a
787,,sprites/DefineSprite_787/248.png,375,158,6,True,3499,5324cb0244b00451a92bb9ceb4823605d7b054848b41c0f4d1410725214c640b
787,,sprites/DefineSprite_787/249.png,375,158,6,True,1473,6219d07dbbdab8f95c94699ee1325d80ec867a620482c0ddc11d808b94c6c19a
787,,sprites/DefineSprite_787/25.png,375,158,6,True,1499,61eecb422b5075a07f0dcf0c03499cff4f999171772a6f6008acdf7e0f58e9a5
787,,sprites/DefineSprite_787/250.png,375,158,6,True,3499,5324cb0244b00451a92bb9ceb4823605d7b054848b41c0f4d1410725214c640b
787,,sprites/DefineSprite_787/251.png,375,158,6,True,1473,6219d07dbbdab8f95c94699ee1325d80ec867a620482c0ddc11d808b94c6c19a
787,,sprites/DefineSprite_787/252.png,375,158,6,True,3499,5324cb0244b00451a92bb9ceb4823605d7b054848b41c0f4d1410725214c640b
787,,sprites/DefineSprite_787/253.png,375,158,6,True,1473,6219d07dbbdab8f95c94699ee1325d80ec867a620482c0ddc11d808b94c6c19a
787,,sprites/DefineSprite_787/254.png,375,158,6,True,3499,5324cb0244b00451a92bb9ceb4823605d7b054848b41c0f4d1410725214c640b
787,,sprites/DefineSprite_787/255.png,375,158,6,True,1473,6219d07dbbdab8f95c94699ee1325d80ec867a620482c0ddc11d808b94c6c19a
787,,sprites/DefineSprite_787/256.png,375,158,6,True,3499,5324cb0244b00451a92bb9ceb4823605d7b054848b41c0f4d1410725214c640b
787,,sprites/DefineSprite_787/257.png,375,158,6,True,1473,6219d07dbbdab8f95c94699ee1325d80ec867a620482c0ddc11d808b94c6c19a
787,,sprites/DefineSprite_787/258.png,375,158,6,True,3499,5324cb0244b00451a92bb9ceb4823605d7b054848b41c0f4d1410725214c640b
787,,sprites/DefineSprite_787/259.png,375,158,6,True,1473,6219d07dbbdab8f95c94699ee1325d80ec867a620482c0ddc11d808b94c6c19a
787,,sprites/DefineSprite_787/26.png,375,158,6,True,3228,738ffea06893232132448d1e8e544f571b47249b28e0505c79a095b31d9d76ec
787,,sprites/DefineSprite_787/260.png,375,158,6,True,3499,5324cb0244b00451a92bb9ceb4823605d7b054848b41c0f4d1410725214c640b
787,,sprites/DefineSprite_787/261.png,375,158,6,True,1473,6219d07dbbdab8f95c94699ee1325d80ec867a620482c0ddc11d808b94c6c19a
787,,sprites/DefineSprite_787/262.png,375,158,6,True,3499,5324cb0244b00451a92bb9ceb4823605d7b054848b41c0f4d1410725214c640b
787,,sprites/DefineSprite_787/263.png,375,158,6,True,1473,6219d07dbbdab8f95c94699ee1325d80ec867a620482c0ddc11d808b94c6c19a
787,,sprites/DefineSprite_787/264.png,375,158,6,True,3499,5324cb0244b00451a92bb9ceb4823605d7b054848b41c0f4d1410725214c640b
787,,sprites/DefineSprite_787/265.png,375,158,6,True,1473,6219d07dbbdab8f95c94699ee1325d80ec867a620482c0ddc11d808b94c6c19a
787,,sprites/DefineSprite_787/266.png,375,158,6,True,3499,5324cb0244b00451a92bb9ceb4823605d7b054848b41c0f4d1410725214c640b
787,,sprites/DefineSprite_787/267.png,375,158,6,True,1473,6219d07dbbdab8f95c94699ee1325d80ec867a620482c0ddc11d808b94c6c19a
787,,sprites/DefineSprite_787/268.png,375,158,6,True,3499,5324cb0244b00451a92bb9ceb4823605d7b054848b41c0f4d1410725214c640b
787,,sprites/DefineSprite_787/269.png,375,158,6,True,1473,6219d07dbbdab8f95c94699ee1325d80ec867a620482c0ddc11d808b94c6c19a
787,,sprites/DefineSprite_787/27.png,375,158,6,True,1497,acc97ae70432416b3e9b348b934db071fbc547043b9c45372b8f9ca7e22d186d
787,,sprites/DefineSprite_787/270.png,375,158,6,True,3499,5324cb0244b00451a92bb9ceb4823605d7b054848b41c0f4d1410725214c640b
787,,sprites/DefineSprite_787/271.png,375,158,6,True,1473,6219d07dbbdab8f95c94699ee1325d80ec867a620482c0ddc11d808b94c6c19a
787,,sprites/DefineSprite_787/272.png,375,158,6,True,3499,5324cb0244b00451a92bb9ceb4823605d7b054848b41c0f4d1410725214c640b
787,,sprites/DefineSprite_787/273.png,375,158,6,True,1473,6219d07dbbdab8f95c94699ee1325d80ec867a620482c0ddc11d808b94c6c19a
787,,sprites/DefineSprite_787/274.png,375,158,6,True,3499,5324cb0244b00451a92bb9ceb4823605d7b054848b41c0f4d1410725214c640b
787,,sprites/DefineSprite_787/275.png,375,158,6,True,1473,6219d07dbbdab8f95c94699ee1325d80ec867a620482c0ddc11d808b94c6c19a
787,,sprites/DefineSprite_787/276.png,375,158,6,True,3499,5324cb0244b00451a92bb9ceb4823605d7b054848b41c0f4d1410725214c640b
787,,sprites/DefineSprite_787/277.png,375,158,6,True,1473,6219d07dbbdab8f95c94699ee1325d80ec867a620482c0ddc11d808b94c6c19a
787,,sprites/DefineSprite_787/278.png,375,158,6,True,3499,5324cb0244b00451a92bb9ceb4823605d7b054848b41c0f4d1410725214c640b
787,,sprites/DefineSprite_787/279.png,375,158,6,True,1473,6219d07dbbdab8f95c94699ee1325d80ec867a620482c0ddc11d808b94c6c19a
787,,sprites/DefineSprite_787/28.png,375,158,6,True,3229,979316f47a20ffa70bcfa5716bd916d8d30571488c453daaef2623564648e672
787,,sprites/DefineSprite_787/280.png,375,158,6,True,3499,5324cb0244b00451a92bb9ceb4823605d7b054848b41c0f4d1410725214c640b
787,,sprites/DefineSprite_787/281.png,375,158,6,True,1473,6219d07dbbdab8f95c94699ee1325d80ec867a620482c0ddc11d808b94c6c19a
787,,sprites/DefineSprite_787/282.png,375,158,6,True,3499,5324cb0244b00451a92bb9ceb4823605d7b054848b41c0f4d1410725214c640b
787,,sprites/DefineSprite_787/283.png,375,158,6,True,1473,6219d07dbbdab8f95c94699ee1325d80ec867a620482c0ddc11d808b94c6c19a
787,,sprites/DefineSprite_787/284.png,375,158,6,True,3499,5324cb0244b00451a92bb9ceb4823605d7b054848b41c0f4d1410725214c640b
787,,sprites/DefineSprite_787/285.png,375,158,6,True,1473,6219d07dbbdab8f95c94699ee1325d80ec867a620482c0ddc11d808b94c6c19a
787,,sprites/DefineSprite_787/286.png,375,158,6,True,3499,5324cb0244b00451a92bb9ceb4823605d7b054848b41c0f4d1410725214c640b
787,,sprites/DefineSprite_787/287.png,375,158,6,True,1473,6219d07dbbdab8f95c94699ee1325d80ec867a620482c0ddc11d808b94c6c19a
787,,sprites/DefineSprite_787/288.png,375,158,6,True,3499,5324cb0244b00451a92bb9ceb4823605d7b054848b41c0f4d1410725214c640b
787,,sprites/DefineSprite_787/289.png,375,158,6,True,1473,6219d07dbbdab8f95c94699ee1325d80ec867a620482c0ddc11d808b94c6c19a
787,,sprites/DefineSprite_787/29.png,375,158,6,True,1499,61eecb422b5075a07f0dcf0c03499cff4f999171772a6f6008acdf7e0f58e9a5
787,,sprites/DefineSprite_787/290.png,375,158,6,True,3499,5324cb0244b00451a92bb9ceb4823605d7b054848b41c0f4d1410725214c640b
787,,sprites/DefineSprite_787/291.png,375,158,6,True,1473,6219d07dbbdab8f95c94699ee1325d80ec867a620482c0ddc11d808b94c6c19a
787,,sprites/DefineSprite_787/292.png,375,158,6,True,3499,5324cb0244b00451a92bb9ceb4823605d7b054848b41c0f4d1410725214c640b
787,,sprites/DefineSprite_787/293.png,375,158,6,True,1473,6219d07dbbdab8f95c94699ee1325d80ec867a620482c0ddc11d808b94c6c19a
787,,sprites/DefineSprite_787/294.png,375,158,6,True,3499,5324cb0244b00451a92bb9ceb4823605d7b054848b41c0f4d1410725214c640b
787,,sprites/DefineSprite_787/295.png,375,158,6,True,1473,6219d07dbbdab8f95c94699ee1325d80ec867a620482c0ddc11d808b94c6c19a
787,,sprites/DefineSprite_787/296.png,375,158,6,True,3499,5324cb0244b00451a92bb9ceb4823605d7b054848b41c0f4d1410725214c640b
787,,sprites/DefineSprite_787/297.png,375,158,6,True,1473,6219d07dbbdab8f95c94699ee1325d80ec867a620482c0ddc11d808b94c6c19a
787,,sprites/DefineSprite_787/298.png,375,158,6,True,3499,5324cb0244b00451a92bb9ceb4823605d7b054848b41c0f4d1410725214c640b
787,,sprites/DefineSprite_787/299.png,375,158,6,True,1473,6219d07dbbdab8f95c94699ee1325d80ec867a620482c0ddc11d808b94c6c19a
787,,sprites/DefineSprite_787/3.png,375,158,6,True,1467,ea0d0598a70efe0ff6b33da7562fb49c34d7047e507804faeadeda394d85ef0d
787,,sprites/DefineSprite_787/30.png,375,158,6,True,3201,682947dd99d6484b3dc8ad4f1118a44279e581ab6b93753f3babc1fa9524ab83
787,,sprites/DefineSprite_787/300.png,375,158,6,True,3499,5324cb0244b00451a92bb9ceb4823605d7b054848b41c0f4d1410725214c640b
787,,sprites/DefineSprite_787/31.png,375,158,6,True,1473,6219d07dbbdab8f95c94699ee1325d80ec867a620482c0ddc11d808b94c6c19a
787,,sprites/DefineSprite_787/32.png,375,158,6,True,3223,4a0c7ef189e5e144b616ee285ea551287258ccc91b25318d0b952c4954df906a
787,,sprites/DefineSprite_787/33.png,375,158,6,True,1480,ee3ad1d85b426c137351f0e60b73d7d1656cb0e09dade5b6b33e10a8ffb5a112
787,,sprites/DefineSprite_787/34.png,375,158,6,True,3270,6366ae41affbeba1aab380436258ae8bb5c6b45a977adbc5adcbf2a58aea83ed
787,,sprites/DefineSprite_787/35.png,375,158,6,True,1473,6219d07dbbdab8f95c94699ee1325d80ec867a620482c0ddc11d808b94c6c19a
787,,sprites/DefineSprite_787/36.png,375,158,6,True,3260,3532560700e4f65b5feda26bd0e4fa15d3856c20781f279608d9d1bae6582588
787,,sprites/DefineSprite_787/37.png,375,158,6,True,1472,b5d90c3fdb4846cdb5707e1bd23d045ad5cc8ac39e678013fd4db133cbf8dc14
787,,sprites/DefineSprite_787/38.png,375,158,6,True,3261,e3543204c9d9b863f891b0584068db608251f43c204b2824dcc1afd7fec4bb68
787,,sprites/DefineSprite_787/39.png,375,158,6,True,1473,6219d07dbbdab8f95c94699ee1325d80ec867a620482c0ddc11d808b94c6c19a
787,,sprites/DefineSprite_787/4.png,375,158,6,True,3160,dbcc6e743e4525ebfb09b4c68fb0af155e014ba7f8e00b3fae47af798cf4b857
787,,sprites/DefineSprite_787/40.png,375,158,6,True,3261,e3543204c9d9b863f891b0584068db608251f43c204b2824dcc1afd7fec4bb68
787,,sprites/DefineSprite_787/41.png,375,158,6,True,1473,6219d07dbbdab8f95c94699ee1325d80ec867a620482c0ddc11d808b94c6c19a
787,,sprites/DefineSprite_787/42.png,375,158,6,True,3287,e9d67beb315ad317894b298944f5fb1532c83cb8df4240da0fe0fb8cbb001179
787,,sprites/DefineSprite_787/43.png,375,158,6,True,1480,72788bf12112e44b847542ef0a415e25a3715ecfba8f074453175b62ffbfbb37
787,,sprites/DefineSprite_787/44.png,375,158,6,True,3329,b798cd614965d89a0413494f2c0834b4635d3daf31e9d1ed8aea372fc8f074a6
787,,sprites/DefineSprite_787/45.png,375,158,6,True,1473,6219d07dbbdab8f95c94699ee1325d80ec867a620482c0ddc11d808b94c6c19a
787,,sprites/DefineSprite_787/46.png,375,158,6,True,3320,0f2d89156bd898a6781c43460232fd834d1b4126f10aa13fb7e004941f69a2eb
787,,sprites/DefineSprite_787/47.png,375,158,6,True,1472,6c010d9b4c6d36bea60abd9650bdd26da3c9b460cd84724d47be7ab990a29534
787,,sprites/DefineSprite_787/48.png,375,158,6,True,3321,283f0f7570085c26219a117d1a51141835df6c62f4f3bb35c2e29a55bf3b098f
787,,sprites/DefineSprite_787/49.png,375,158,6,True,1473,6219d07dbbdab8f95c94699ee1325d80ec867a620482c0ddc11d808b94c6c19a
787,,sprites/DefineSprite_787/5.png,375,158,6,True,1445,4a79950d54dbcf7cc822118e29b9d82ca077164e5b7f48dee5ebeaa62fc4df57
787,,sprites/DefineSprite_787/50.png,375,158,6,True,3321,283f0f7570085c26219a117d1a51141835df6c62f4f3bb35c2e29a55bf3b098f
787,,sprites/DefineSprite_787/51.png,375,158,6,True,1473,6219d07dbbdab8f95c94699ee1325d80ec867a620482c0ddc11d808b94c6c19a
787,,sprites/DefineSprite_787/52.png,375,158,6,True,3421,71ce1a3a3ca2ee5acb55754a99bb3673d8fe72dc87a13c5dc8212024640e3bb9
787,,sprites/DefineSprite_787/53.png,375,158,6,True,1480,661fc4f6910eb2b53a4733fbac1bf2711120d2ed9458b493cbcf231d56ae41f3
787,,sprites/DefineSprite_787/54.png,375,158,6,True,3447,d4b2268f0f9c164a69687cdfe8b6706abccd4df9807a3e667f98733ed13b89fe
787,,sprites/DefineSprite_787/55.png,375,158,6,True,1473,6219d07dbbdab8f95c94699ee1325d80ec867a620482c0ddc11d808b94c6c19a
787,,sprites/DefineSprite_787/56.png,375,158,6,True,3433,04633b5342e803f5b56726697b8eb633c89ed6970f4d833bf6542af787d48647
787,,sprites/DefineSprite_787/57.png,375,158,6,True,1472,f46bf3e27090c9e1c9b3920755da32f18fb6e8d42923f1c566dee497488ae8e3
787,,sprites/DefineSprite_787/58.png,375,158,6,True,3433,75ae8a10eb35189df37411882943c92be624708aeb7521a5b48b94bd0379a6af
787,,sprites/DefineSprite_787/59.png,375,158,6,True,1473,6219d07dbbdab8f95c94699ee1325d80ec867a620482c0ddc11d808b94c6c19a
787,,sprites/DefineSprite_787/6.png,375,158,6,True,3136,4975ada49f15fd138b3336de9e70550c4da069ac4358a1079ca3997aaed64c32
787,,sprites/DefineSprite_787/60.png,375,158,6,True,3433,75ae8a10eb35189df37411882943c92be624708aeb7521a5b48b94bd0379a6af
787,,sprites/DefineSprite_787/61.png,375,158,6,True,1473,6219d07dbbdab8f95c94699ee1325d80ec867a620482c0ddc11d808b94c6c19a
787,,sprites/DefineSprite_787/62.png,375,158,6,True,3448,ec006ba550f3125adac1aeb5ed64b7f50b5491b7e6e161385ba5044e2c70ab3c
787,,sprites/DefineSprite_787/63.png,375,158,6,True,1475,12cc9dba23ecaae7b6150772a4babd4089e045a68318834b34a501ea1947f386
787,,sprites/DefineSprite_787/64.png,375,158,6,True,3505,30479138b1beae152e9149e20c098b5b5d18079e56a36ad2502f7d6285633fc6
787,,sprites/DefineSprite_787/65.png,375,158,6,True,1473,6219d07dbbdab8f95c94699ee1325d80ec867a620482c0ddc11d808b94c6c19a
787,,sprites/DefineSprite_787/66.png,375,158,6,True,3498,2e02f745b59310614b10768efa84d030b9f0204585be421ca2242d47654bcb89
787,,sprites/DefineSprite_787/67.png,375,158,6,True,1472,7546f618c00cd6b897d9605982639ae07aa4833ad9e884deb9cdb14411ab0cac
787,,sprites/DefineSprite_787/68.png,375,158,6,True,3499,5324cb0244b00451a92bb9ceb4823605d7b054848b41c0f4d1410725214c640b
787,,sprites/DefineSprite_787/69.png,375,158,6,True,1473,6219d07dbbdab8f95c94699ee1325d80ec867a620482c0ddc11d808b94c6c19a
787,,sprites/DefineSprite_787/7.png,375,158,6,True,1445,4a79950d54dbcf7cc822118e29b9d82ca077164e5b7f48dee5ebeaa62fc4df57
787,,sprites/DefineSprite_787/70.png,375,158,6,True,3499,5324cb0244b00451a92bb9ceb4823605d7b054848b41c0f4d1410725214c640b
787,,sprites/DefineSprite_787/71.png,375,158,6,True,1473,6219d07dbbdab8f95c94699ee1325d80ec867a620482c0ddc11d808b94c6c19a
787,,sprites/DefineSprite_787/72.png,375,158,6,True,3499,5324cb0244b00451a92bb9ceb4823605d7b054848b41c0f4d1410725214c640b
787,,sprites/DefineSprite_787/73.png,375,158,6,True,1473,6219d07dbbdab8f95c94699ee1325d80ec867a620482c0ddc11d808b94c6c19a
787,,sprites/DefineSprite_787/74.png,375,158,6,True,3499,5324cb0244b00451a92bb9ceb4823605d7b054848b41c0f4d1410725214c640b
787,,sprites/DefineSprite_787/75.png,375,158,6,True,1473,6219d07dbbdab8f95c94699ee1325d80ec867a620482c0ddc11d808b94c6c19a
787,,sprites/DefineSprite_787/76.png,375,158,6,True,3499,5324cb0244b00451a92bb9ceb4823605d7b054848b41c0f4d1410725214c640b
787,,sprites/DefineSprite_787/77.png,375,158,6,True,1473,6219d07dbbdab8f95c94699ee1325d80ec867a620482c0ddc11d808b94c6c19a
787,,sprites/DefineSprite_787/78.png,375,158,6,True,3499,5324cb0244b00451a92bb9ceb4823605d7b054848b41c0f4d1410725214c640b
787,,sprites/DefineSprite_787/79.png,375,158,6,True,1473,6219d07dbbdab8f95c94699ee1325d80ec867a620482c0ddc11d808b94c6c19a
787,,sprites/DefineSprite_787/8.png,375,158,6,True,3137,7387a1d3bcffa24aa9df83a930a6087e0bc70336b7e8f5312ef3dd5f9c7161b5
787,,sprites/DefineSprite_787/80.png,375,158,6,True,3499,5324cb0244b00451a92bb9ceb4823605d7b054848b41c0f4d1410725214c640b
787,,sprites/DefineSprite_787/81.png,375,158,6,True,1473,6219d07dbbdab8f95c94699ee1325d80ec867a620482c0ddc11d808b94c6c19a
787,,sprites/DefineSprite_787/82.png,375,158,6,True,3499,5324cb0244b00451a92bb9ceb4823605d7b054848b41c0f4d1410725214c640b
787,,sprites/DefineSprite_787/83.png,375,158,6,True,1473,6219d07dbbdab8f95c94699ee1325d80ec867a620482c0ddc11d808b94c6c19a
787,,sprites/DefineSprite_787/84.png,375,158,6,True,3499,5324cb0244b00451a92bb9ceb4823605d7b054848b41c0f4d1410725214c640b
787,,sprites/DefineSprite_787/85.png,375,158,6,True,1473,6219d07dbbdab8f95c94699ee1325d80ec867a620482c0ddc11d808b94c6c19a
787,,sprites/DefineSprite_787/86.png,375,158,6,True,3499,5324cb0244b00451a92bb9ceb4823605d7b054848b41c0f4d1410725214c640b
787,,sprites/DefineSprite_787/87.png,375,158,6,True,1473,6219d07dbbdab8f95c94699ee1325d80ec867a620482c0ddc11d808b94c6c19a
787,,sprites/DefineSprite_787/88.png,375,158,6,True,3499,5324cb0244b00451a92bb9ceb4823605d7b054848b41c0f4d1410725214c640b
787,,sprites/DefineSprite_787/89.png,375,158,6,True,1473,6219d07dbbdab8f95c94699ee1325d80ec867a620482c0ddc11d808b94c6c19a
787,,sprites/DefineSprite_787/9.png,375,158,6,True,1445,4a79950d54dbcf7cc822118e29b9d82ca077164e5b7f48dee5ebeaa62fc4df57
787,,sprites/DefineSprite_787/90.png,375,158,6,True,3499,5324cb0244b00451a92bb9ceb4823605d7b054848b41c0f4d1410725214c640b
787,,sprites/DefineSprite_787/91.png,375,158,6,True,1473,6219d07dbbdab8f95c94699ee1325d80ec867a620482c0ddc11d808b94c6c19a
787,,sprites/DefineSprite_787/92.png,375,158,6,True,3499,5324cb0244b00451a92bb9ceb4823605d7b054848b41c0f4d1410725214c640b
787,,sprites/DefineSprite_787/93.png,375,158,6,True,1473,6219d07dbbdab8f95c94699ee1325d80ec867a620482c0ddc11d808b94c6c19a
787,,sprites/DefineSprite_787/94.png,375,158,6,True,3499,5324cb0244b00451a92bb9ceb4823605d7b054848b41c0f4d1410725214c640b
787,,sprites/DefineSprite_787/95.png,375,158,6,True,1473,6219d07dbbdab8f95c94699ee1325d80ec867a620482c0ddc11d808b94c6c19a
787,,sprites/DefineSprite_787/96.png,375,158,6,True,3499,5324cb0244b00451a92bb9ceb4823605d7b054848b41c0f4d1410725214c640b
787,,sprites/DefineSprite_787/97.png,375,158,6,True,1473,6219d07dbbdab8f95c94699ee1325d80ec867a620482c0ddc11d808b94c6c19a
787,,sprites/DefineSprite_787/98.png,375,158,6,True,3499,5324cb0244b00451a92bb9ceb4823605d7b054848b41c0f4d1410725214c640b
787,,sprites/DefineSprite_787/99.png,375,158,6,True,1473,6219d07dbbdab8f95c94699ee1325d80ec867a620482c0ddc11d808b94c6c19a
788,,sprites/DefineSprite_788/1.png,375,158,6,True,469,0c010c6e2920553b604be77aaa1ebf808d8156b50c0684a01fa1edb974806a06
789,,sprites/DefineSprite_789/1.png,375,158,6,True,1570,863900a005933f258a03a5081e3a5bc2a7fdeda01beb34c7c220b8c766fc797d
789,,sprites/DefineSprite_789/10.png,375,158,6,True,3436,5736776ffe5ae8b45ce6be24a948809436b79fc6597616d19616992339bd615c
789,,sprites/DefineSprite_789/100.png,375,158,6,True,3581,8bc6021e95c31df2e603e45bc4dc6a823ae654a2aa7ebeb47ee6cadafedd746d
789,,sprites/DefineSprite_789/101.png,375,158,6,True,1649,9d85e369d6511f7af33bf65213d2b83e7721b5761e1528c4c6302d51470f2842
789,,sprites/DefineSprite_789/102.png,375,158,6,True,3581,8bc6021e95c31df2e603e45bc4dc6a823ae654a2aa7ebeb47ee6cadafedd746d
789,,sprites/DefineSprite_789/103.png,375,158,6,True,1649,9d85e369d6511f7af33bf65213d2b83e7721b5761e1528c4c6302d51470f2842
789,,sprites/DefineSprite_789/104.png,375,158,6,True,3581,8bc6021e95c31df2e603e45bc4dc6a823ae654a2aa7ebeb47ee6cadafedd746d
789,,sprites/DefineSprite_789/105.png,375,158,6,True,1649,9d85e369d6511f7af33bf65213d2b83e7721b5761e1528c4c6302d51470f2842
789,,sprites/DefineSprite_789/106.png,375,158,6,True,3581,8bc6021e95c31df2e603e45bc4dc6a823ae654a2aa7ebeb47ee6cadafedd746d
789,,sprites/DefineSprite_789/107.png,375,158,6,True,1649,9d85e369d6511f7af33bf65213d2b83e7721b5761e1528c4c6302d51470f2842
789,,sprites/DefineSprite_789/108.png,375,158,6,True,3581,8bc6021e95c31df2e603e45bc4dc6a823ae654a2aa7ebeb47ee6cadafedd746d
789,,sprites/DefineSprite_789/109.png,375,158,6,True,1649,9d85e369d6511f7af33bf65213d2b83e7721b5761e1528c4c6302d51470f2842
789,,sprites/DefineSprite_789/11.png,375,158,6,True,1659,0f8fd92b16c4878c6654575d831cb62b04d33f7fb9c7900b9914f05091ef45d5
789,,sprites/DefineSprite_789/110.png,375,158,6,True,3581,8bc6021e95c31df2e603e45bc4dc6a823ae654a2aa7ebeb47ee6cadafedd746d
789,,sprites/DefineSprite_789/111.png,375,158,6,True,1649,9d85e369d6511f7af33bf65213d2b83e7721b5761e1528c4c6302d51470f2842
789,,sprites/DefineSprite_789/112.png,375,158,6,True,3581,8bc6021e95c31df2e603e45bc4dc6a823ae654a2aa7ebeb47ee6cadafedd746d
789,,sprites/DefineSprite_789/113.png,375,158,6,True,1649,9d85e369d6511f7af33bf65213d2b83e7721b5761e1528c4c6302d51470f2842
789,,sprites/DefineSprite_789/114.png,375,158,6,True,3581,8bc6021e95c31df2e603e45bc4dc6a823ae654a2aa7ebeb47ee6cadafedd746d
789,,sprites/DefineSprite_789/115.png,375,158,6,True,1649,9d85e369d6511f7af33bf65213d2b83e7721b5761e1528c4c6302d51470f2842
789,,sprites/DefineSprite_789/116.png,375,158,6,True,3581,8bc6021e95c31df2e603e45bc4dc6a823ae654a2aa7ebeb47ee6cadafedd746d
789,,sprites/DefineSprite_789/117.png,375,158,6,True,1649,9d85e369d6511f7af33bf65213d2b83e7721b5761e1528c4c6302d51470f2842
789,,sprites/DefineSprite_789/118.png,375,158,6,True,3581,8bc6021e95c31df2e603e45bc4dc6a823ae654a2aa7ebeb47ee6cadafedd746d
789,,sprites/DefineSprite_789/119.png,375,158,6,True,1649,9d85e369d6511f7af33bf65213d2b83e7721b5761e1528c4c6302d51470f2842
789,,sprites/DefineSprite_789/12.png,375,158,6,True,3500,459764a57a63592beafdd6e3261237625d4e040c298762c52ad208fa00064513
789,,sprites/DefineSprite_789/120.png,375,158,6,True,3581,8bc6021e95c31df2e603e45bc4dc6a823ae654a2aa7ebeb47ee6cadafedd746d
789,,sprites/DefineSprite_789/13.png,375,158,6,True,1649,9d85e369d6511f7af33bf65213d2b83e7721b5761e1528c4c6302d51470f2842
789,,sprites/DefineSprite_789/14.png,375,158,6,True,3532,a179c6692c223a416c35043e838c7c1a09b0941ad19c5337020a24985d7153e2
789,,sprites/DefineSprite_789/15.png,375,158,6,True,1649,9d85e369d6511f7af33bf65213d2b83e7721b5761e1528c4c6302d51470f2842
789,,sprites/DefineSprite_789/16.png,375,158,6,True,3532,a179c6692c223a416c35043e838c7c1a09b0941ad19c5337020a24985d7153e2
789,,sprites/DefineSprite_789/17.png,375,158,6,True,1649,9d85e369d6511f7af33bf65213d2b83e7721b5761e1528c4c6302d51470f2842
789,,sprites/DefineSprite_789/18.png,375,158,6,True,3532,a179c6692c223a416c35043e838c7c1a09b0941ad19c5337020a24985d7153e2
789,,sprites/DefineSprite_789/19.png,375,158,6,True,1649,9d85e369d6511f7af33bf65213d2b83e7721b5761e1528c4c6302d51470f2842
789,,sprites/DefineSprite_789/2.png,375,158,6,True,3426,591cdb9d54ec7eadad98b13ea492e9b39ab98cf2c2e87d3181369e2028915144
789,,sprites/DefineSprite_789/20.png,375,158,6,True,3532,a179c6692c223a416c35043e838c7c1a09b0941ad19c5337020a24985d7153e2
789,,sprites/DefineSprite_789/21.png,375,158,6,True,1649,9d85e369d6511f7af33bf65213d2b83e7721b5761e1528c4c6302d51470f2842
789,,sprites/DefineSprite_789/22.png,375,158,6,True,3562,9cc33b16e19d2de88f510637465f20bec07e77fa3835242798a7bb086bd89e77
789,,sprites/DefineSprite_789/23.png,375,158,6,True,1649,9d85e369d6511f7af33bf65213d2b83e7721b5761e1528c4c6302d51470f2842
789,,sprites/DefineSprite_789/24.png,375,158,6,True,3581,8bc6021e95c31df2e603e45bc4dc6a823ae654a2aa7ebeb47ee6cadafedd746d
789,,sprites/DefineSprite_789/25.png,375,158,6,True,1649,9d85e369d6511f7af33bf65213d2b83e7721b5761e1528c4c6302d51470f2842
789,,sprites/DefineSprite_789/26.png,375,158,6,True,3581,8bc6021e95c31df2e603e45bc4dc6a823ae654a2aa7ebeb47ee6cadafedd746d
789,,sprites/DefineSprite_789/27.png,375,158,6,True,1649,9d85e369d6511f7af33bf65213d2b83e7721b5761e1528c4c6302d51470f2842
789,,sprites/DefineSprite_789/28.png,375,158,6,True,3581,8bc6021e95c31df2e603e45bc4dc6a823ae654a2aa7ebeb47ee6cadafedd746d
789,,sprites/DefineSprite_789/29.png,375,158,6,True,1649,9d85e369d6511f7af33bf65213d2b83e7721b5761e1528c4c6302d51470f2842
789,,sprites/DefineSprite_789/3.png,375,158,6,True,1613,ab9969e1e4eb067c6e4a1ff6b54cd31086fbf3f7eb04107b124bb60b1a505868
789,,sprites/DefineSprite_789/30.png,375,158,6,True,3581,8bc6021e95c31df2e603e45bc4dc6a823ae654a2aa7ebeb47ee6cadafedd746d
789,,sprites/DefineSprite_789/31.png,375,158,6,True,1649,9d85e369d6511f7af33bf65213d2b83e7721b5761e1528c4c6302d51470f2842
789,,sprites/DefineSprite_789/32.png,375,158,6,True,3581,8bc6021e95c31df2e603e45bc4dc6a823ae654a2aa7ebeb47ee6cadafedd746d
789,,sprites/DefineSprite_789/33.png,375,158,6,True,1649,9d85e369d6511f7af33bf65213d2b83e7721b5761e1528c4c6302d51470f2842
789,,sprites/DefineSprite_789/34.png,375,158,6,True,3581,8bc6021e95c31df2e603e45bc4dc6a823ae654a2aa7ebeb47ee6cadafedd746d
789,,sprites/DefineSprite_789/35.png,375,158,6,True,1649,9d85e369d6511f7af33bf65213d2b83e7721b5761e1528c4c6302d51470f2842
789,,sprites/DefineSprite_789/36.png,375,158,6,True,3581,8bc6021e95c31df2e603e45bc4dc6a823ae654a2aa7ebeb47ee6cadafedd746d
789,,sprites/DefineSprite_789/37.png,375,158,6,True,1649,9d85e369d6511f7af33bf65213d2b83e7721b5761e1528c4c6302d51470f2842
789,,sprites/DefineSprite_789/38.png,375,158,6,True,3581,8bc6021e95c31df2e603e45bc4dc6a823ae654a2aa7ebeb47ee6cadafedd746d
789,,sprites/DefineSprite_789/39.png,375,158,6,True,1649,9d85e369d6511f7af33bf65213d2b83e7721b5761e1528c4c6302d51470f2842
789,,sprites/DefineSprite_789/4.png,375,158,6,True,3440,b5fe8e83c61c7a4d77fd9a99cbab2766baa698d0e52e31de802a2c11ff8d5796
789,,sprites/DefineSprite_789/40.png,375,158,6,True,3581,8bc6021e95c31df2e603e45bc4dc6a823ae654a2aa7ebeb47ee6cadafedd746d
789,,sprites/DefineSprite_789/41.png,375,158,6,True,1649,9d85e369d6511f7af33bf65213d2b83e7721b5761e1528c4c6302d51470f2842
789,,sprites/DefineSprite_789/42.png,375,158,6,True,3581,8bc6021e95c31df2e603e45bc4dc6a823ae654a2aa7ebeb47ee6cadafedd746d
789,,sprites/DefineSprite_789/43.png,375,158,6,True,1649,9d85e369d6511f7af33bf65213d2b83e7721b5761e1528c4c6302d51470f2842
789,,sprites/DefineSprite_789/44.png,375,158,6,True,3581,8bc6021e95c31df2e603e45bc4dc6a823ae654a2aa7ebeb47ee6cadafedd746d
789,,sprites/DefineSprite_789/45.png,375,158,6,True,1649,9d85e369d6511f7af33bf65213d2b83e7721b5761e1528c4c6302d51470f2842
789,,sprites/DefineSprite_789/46.png,375,158,6,True,3581,8bc6021e95c31df2e603e45bc4dc6a823ae654a2aa7ebeb47ee6cadafedd746d
789,,sprites/DefineSprite_789/47.png,375,158,6,True,1649,9d85e369d6511f7af33bf65213d2b83e7721b5761e1528c4c6302d51470f2842
789,,sprites/DefineSprite_789/48.png,375,158,6,True,3581,8bc6021e95c31df2e603e45bc4dc6a823ae654a2aa7ebeb47ee6cadafedd746d
789,,sprites/DefineSprite_789/49.png,375,158,6,True,1649,9d85e369d6511f7af33bf65213d2b83e7721b5761e1528c4c6302d51470f2842
789,,sprites/DefineSprite_789/5.png,375,158,6,True,1607,32b2b4d83befe0ce8422d76e1abc13133987698f510000a28bef7b0a3a127ce1
789,,sprites/DefineSprite_789/50.png,375,158,6,True,3581,8bc6021e95c31df2e603e45bc4dc6a823ae654a2aa7ebeb47ee6cadafedd746d
789,,sprites/DefineSprite_789/51.png,375,158,6,True,1649,9d85e369d6511f7af33bf65213d2b83e7721b5761e1528c4c6302d51470f2842
789,,sprites/DefineSprite_789/52.png,375,158,6,True,3581,8bc6021e95c31df2e603e45bc4dc6a823ae654a2aa7ebeb47ee6cadafedd746d
789,,sprites/DefineSprite_789/53.png,375,158,6,True,1649,9d85e369d6511f7af33bf65213d2b83e7721b5761e1528c4c6302d51470f2842
789,,sprites/DefineSprite_789/54.png,375,158,6,True,3581,8bc6021e95c31df2e603e45bc4dc6a823ae654a2aa7ebeb47ee6cadafedd746d
789,,sprites/DefineSprite_789/55.png,375,158,6,True,1649,9d85e369d6511f7af33bf65213d2b83e7721b5761e1528c4c6302d51470f2842
789,,sprites/DefineSprite_789/56.png,375,158,6,True,3581,8bc6021e95c31df2e603e45bc4dc6a823ae654a2aa7ebeb47ee6cadafedd746d
789,,sprites/DefineSprite_789/57.png,375,158,6,True,1649,9d85e369d6511f7af33bf65213d2b83e7721b5761e1528c4c6302d51470f2842
789,,sprites/DefineSprite_789/58.png,375,158,6,True,3581,8bc6021e95c31df2e603e45bc4dc6a823ae654a2aa7ebeb47ee6cadafedd746d
789,,sprites/DefineSprite_789/59.png,375,158,6,True,1649,9d85e369d6511f7af33bf65213d2b83e7721b5761e1528c4c6302d51470f2842
789,,sprites/DefineSprite_789/6.png,375,158,6,True,3436,5736776ffe5ae8b45ce6be24a948809436b79fc6597616d19616992339bd615c
789,,sprites/DefineSprite_789/60.png,375,158,6,True,3581,8bc6021e95c31df2e603e45bc4dc6a823ae654a2aa7ebeb47ee6cadafedd746d
789,,sprites/DefineSprite_789/61.png,375,158,6,True,1649,9d85e369d6511f7af33bf65213d2b83e7721b5761e1528c4c6302d51470f2842
789,,sprites/DefineSprite_789/62.png,375,158,6,True,3581,8bc6021e95c31df2e603e45bc4dc6a823ae654a2aa7ebeb47ee6cadafedd746d
789,,sprites/DefineSprite_789/63.png,375,158,6,True,1649,9d85e369d6511f7af33bf65213d2b83e7721b5761e1528c4c6302d51470f2842
789,,sprites/DefineSprite_789/64.png,375,158,6,True,3581,8bc6021e95c31df2e603e45bc4dc6a823ae654a2aa7ebeb47ee6cadafedd746d
789,,sprites/DefineSprite_789/65.png,375,158,6,True,1649,9d85e369d6511f7af33bf65213d2b83e7721b5761e1528c4c6302d51470f2842
789,,sprites/DefineSprite_789/66.png,375,158,6,True,3581,8bc6021e95c31df2e603e45bc4dc6a823ae654a2aa7ebeb47ee6cadafedd746d
789,,sprites/DefineSprite_789/67.png,375,158,6,True,1649,9d85e369d6511f7af33bf65213d2b83e7721b5761e1528c4c6302d51470f2842
789,,sprites/DefineSprite_789/68.png,375,158,6,True,3581,8bc6021e95c31df2e603e45bc4dc6a823ae654a2aa7ebeb47ee6cadafedd746d
789,,sprites/DefineSprite_789/69.png,375,158,6,True,1649,9d85e369d6511f7af33bf65213d2b83e7721b5761e1528c4c6302d51470f2842
789,,sprites/DefineSprite_789/7.png,375,158,6,True,1607,32b2b4d83befe0ce8422d76e1abc13133987698f510000a28bef7b0a3a127ce1
789,,sprites/DefineSprite_789/70.png,375,158,6,True,3581,8bc6021e95c31df2e603e45bc4dc6a823ae654a2aa7ebeb47ee6cadafedd746d
789,,sprites/DefineSprite_789/71.png,375,158,6,True,1649,9d85e369d6511f7af33bf65213d2b83e7721b5761e1528c4c6302d51470f2842
789,,sprites/DefineSprite_789/72.png,375,158,6,True,3581,8bc6021e95c31df2e603e45bc4dc6a823ae654a2aa7ebeb47ee6cadafedd746d
789,,sprites/DefineSprite_789/73.png,375,158,6,True,1649,9d85e369d6511f7af33bf65213d2b83e7721b5761e1528c4c6302d51470f2842
789,,sprites/DefineSprite_789/74.png,375,158,6,True,3581,8bc6021e95c31df2e603e45bc4dc6a823ae654a2aa7ebeb47ee6cadafedd746d
789,,sprites/DefineSprite_789/75.png,375,158,6,True,1649,9d85e369d6511f7af33bf65213d2b83e7721b5761e1528c4c6302d51470f2842
789,,sprites/DefineSprite_789/76.png,375,158,6,True,3581,8bc6021e95c31df2e603e45bc4dc6a823ae654a2aa7ebeb47ee6cadafedd746d
789,,sprites/DefineSprite_789/77.png,375,158,6,True,1649,9d85e369d6511f7af33bf65213d2b83e7721b5761e1528c4c6302d51470f2842
789,,sprites/DefineSprite_789/78.png,375,158,6,True,3581,8bc6021e95c31df2e603e45bc4dc6a823ae654a2aa7ebeb47ee6cadafedd746d
789,,sprites/DefineSprite_789/79.png,375,158,6,True,1649,9d85e369d6511f7af33bf65213d2b83e7721b5761e1528c4c6302d51470f2842
789,,sprites/DefineSprite_789/8.png,375,158,6,True,3436,5736776ffe5ae8b45ce6be24a948809436b79fc6597616d19616992339bd615c
789,,sprites/DefineSprite_789/80.png,375,158,6,True,3581,8bc6021e95c31df2e603e45bc4dc6a823ae654a2aa7ebeb47ee6cadafedd746d
789,,sprites/DefineSprite_789/81.png,375,158,6,True,1649,9d85e369d6511f7af33bf65213d2b83e7721b5761e1528c4c6302d51470f2842
789,,sprites/DefineSprite_789/82.png,375,158,6,True,3581,8bc6021e95c31df2e603e45bc4dc6a823ae654a2aa7ebeb47ee6cadafedd746d
789,,sprites/DefineSprite_789/83.png,375,158,6,True,1649,9d85e369d6511f7af33bf65213d2b83e7721b5761e1528c4c6302d51470f2842
789,,sprites/DefineSprite_789/84.png,375,158,6,True,3581,8bc6021e95c31df2e603e45bc4dc6a823ae654a2aa7ebeb47ee6cadafedd746d
789,,sprites/DefineSprite_789/85.png,375,158,6,True,1649,9d85e369d6511f7af33bf65213d2b83e7721b5761e1528c4c6302d51470f2842
789,,sprites/DefineSprite_789/86.png,375,158,6,True,3581,8bc6021e95c31df2e603e45bc4dc6a823ae654a2aa7ebeb47ee6cadafedd746d
789,,sprites/DefineSprite_789/87.png,375,158,6,True,1649,9d85e369d6511f7af33bf65213d2b83e7721b5761e1528c4c6302d51470f2842
789,,sprites/DefineSprite_789/88.png,375,158,6,True,3581,8bc6021e95c31df2e603e45bc4dc6a823ae654a2aa7ebeb47ee6cadafedd746d
789,,sprites/DefineSprite_789/89.png,375,158,6,True,1649,9d85e369d6511f7af33bf65213d2b83e7721b5761e1528c4c6302d51470f2842
789,,sprites/DefineSprite_789/9.png,375,158,6,True,1607,32b2b4d83befe0ce8422d76e1abc13133987698f510000a28bef7b0a3a127ce1
789,,sprites/DefineSprite_789/90.png,375,158,6,True,3581,8bc6021e95c31df2e603e45bc4dc6a823ae654a2aa7ebeb47ee6cadafedd746d
789,,sprites/DefineSprite_789/91.png,375,158,6,True,1649,9d85e369d6511f7af33bf65213d2b83e7721b5761e1528c4c6302d51470f2842
789,,sprites/DefineSprite_789/92.png,375,158,6,True,3581,8bc6021e95c31df2e603e45bc4dc6a823ae654a2aa7ebeb47ee6cadafedd746d
789,,sprites/DefineSprite_789/93.png,375,158,6,True,1649,9d85e369d6511f7af33bf65213d2b83e7721b5761e1528c4c6302d51470f2842
789,,sprites/DefineSprite_789/94.png,375,158,6,True,3581,8bc6021e95c31df2e603e45bc4dc6a823ae654a2aa7ebeb47ee6cadafedd746d
789,,sprites/DefineSprite_789/95.png,375,158,6,True,1649,9d85e369d6511f7af33bf65213d2b83e7721b5761e1528c4c6302d51470f2842
789,,sprites/DefineSprite_789/96.png,375,158,6,True,3581,8bc6021e95c31df2e603e45bc4dc6a823ae654a2aa7ebeb47ee6cadafedd746d
789,,sprites/DefineSprite_789/97.png,375,158,6,True,1649,9d85e369d6511f7af33bf65213d2b83e7721b5761e1528c4c6302d51470f2842
789,,sprites/DefineSprite_789/98.png,375,158,6,True,3581,8bc6021e95c31df2e603e45bc4dc6a823ae654a2aa7ebeb47ee6cadafedd746d
789,,sprites/DefineSprite_789/99.png,375,158,6,True,1649,9d85e369d6511f7af33bf65213d2b83e7721b5761e1528c4c6302d51470f2842
78,text_l,sprites/DefineSprite_78_text_l/1.png,8,11,6,True,99,8f188494a528bec0bcb7ebc5fe8f986453af750a6b0a4a25f4aacea77a9acf11
791,,sprites/DefineSprite_791/1.png,375,158,6,True,469,0c010c6e2920553b604be77aaa1ebf808d8156b50c0684a01fa1edb974806a06
792,,sprites/DefineSprite_792/1.png,375,158,6,True,1509,a8f52b9fa09b412b2a42aa7ded7d25f53bdbdee4255a8af26fdd8e2e9410cad9
792,,sprites/DefineSprite_792/10.png,375,158,6,True,3546,e84db5ff5873835a5a485ee620779592ed368d06f71b0c5cef07dcb176dd0206
792,,sprites/DefineSprite_792/100.png,375,158,6,True,3546,e84db5ff5873835a5a485ee620779592ed368d06f71b0c5cef07dcb176dd0206
792,,sprites/DefineSprite_792/101.png,375,158,6,True,1530,f0f1d61dce58996d4e425f2667788c1ca189e77894fc6db288bbc5ecbb084cb1
792,,sprites/DefineSprite_792/102.png,375,158,6,True,3546,e84db5ff5873835a5a485ee620779592ed368d06f71b0c5cef07dcb176dd0206
792,,sprites/DefineSprite_792/103.png,375,158,6,True,1530,f0f1d61dce58996d4e425f2667788c1ca189e77894fc6db288bbc5ecbb084cb1
792,,sprites/DefineSprite_792/104.png,375,158,6,True,3546,e84db5ff5873835a5a485ee620779592ed368d06f71b0c5cef07dcb176dd0206
792,,sprites/DefineSprite_792/105.png,375,158,6,True,1530,f0f1d61dce58996d4e425f2667788c1ca189e77894fc6db288bbc5ecbb084cb1
792,,sprites/DefineSprite_792/106.png,375,158,6,True,3546,e84db5ff5873835a5a485ee620779592ed368d06f71b0c5cef07dcb176dd0206
792,,sprites/DefineSprite_792/107.png,375,158,6,True,1530,f0f1d61dce58996d4e425f2667788c1ca189e77894fc6db288bbc5ecbb084cb1
792,,sprites/DefineSprite_792/108.png,375,158,6,True,3546,e84db5ff5873835a5a485ee620779592ed368d06f71b0c5cef07dcb176dd0206
792,,sprites/DefineSprite_792/109.png,375,158,6,True,1530,f0f1d61dce58996d4e425f2667788c1ca189e77894fc6db288bbc5ecbb084cb1
792,,sprites/DefineSprite_792/11.png,375,158,6,True,1530,f0f1d61dce58996d4e425f2667788c1ca189e77894fc6db288bbc5ecbb084cb1
792,,sprites/DefineSprite_792/110.png,375,158,6,True,3546,e84db5ff5873835a5a485ee620779592ed368d06f71b0c5cef07dcb176dd0206
792,,sprites/DefineSprite_792/111.png,375,158,6,True,1530,f0f1d61dce58996d4e425f2667788c1ca189e77894fc6db288bbc5ecbb084cb1
792,,sprites/DefineSprite_792/112.png,375,158,6,True,3546,e84db5ff5873835a5a485ee620779592ed368d06f71b0c5cef07dcb176dd0206
792,,sprites/DefineSprite_792/113.png,375,158,6,True,1530,f0f1d61dce58996d4e425f2667788c1ca189e77894fc6db288bbc5ecbb084cb1
792,,sprites/DefineSprite_792/114.png,375,158,6,True,3546,e84db5ff5873835a5a485ee620779592ed368d06f71b0c5cef07dcb176dd0206
792,,sprites/DefineSprite_792/115.png,375,158,6,True,1530,f0f1d61dce58996d4e425f2667788c1ca189e77894fc6db288bbc5ecbb084cb1
792,,sprites/DefineSprite_792/116.png,375,158,6,True,3546,e84db5ff5873835a5a485ee620779592ed368d06f71b0c5cef07dcb176dd0206
792,,sprites/DefineSprite_792/117.png,375,158,6,True,1530,f0f1d61dce58996d4e425f2667788c1ca189e77894fc6db288bbc5ecbb084cb1
792,,sprites/DefineSprite_792/118.png,375,158,6,True,3546,e84db5ff5873835a5a485ee620779592ed368d06f71b0c5cef07dcb176dd0206
792,,sprites/DefineSprite_792/119.png,375,158,6,True,1530,f0f1d61dce58996d4e425f2667788c1ca189e77894fc6db288bbc5ecbb084cb1
792,,sprites/DefineSprite_792/12.png,375,158,6,True,3546,e84db5ff5873835a5a485ee620779592ed368d06f71b0c5cef07dcb176dd0206
792,,sprites/DefineSprite_792/120.png,375,158,6,True,3546,e84db5ff5873835a5a485ee620779592ed368d06f71b0c5cef07dcb176dd0206
792,,sprites/DefineSprite_792/121.png,375,158,6,True,1530,f0f1d61dce58996d4e425f2667788c1ca189e77894fc6db288bbc5ecbb084cb1
792,,sprites/DefineSprite_792/122.png,375,158,6,True,3546,e84db5ff5873835a5a485ee620779592ed368d06f71b0c5cef07dcb176dd0206
792,,sprites/DefineSprite_792/123.png,375,158,6,True,1530,f0f1d61dce58996d4e425f2667788c1ca189e77894fc6db288bbc5ecbb084cb1
792,,sprites/DefineSprite_792/124.png,375,158,6,True,3546,e84db5ff5873835a5a485ee620779592ed368d06f71b0c5cef07dcb176dd0206
792,,sprites/DefineSprite_792/125.png,375,158,6,True,1530,f0f1d61dce58996d4e425f2667788c1ca189e77894fc6db288bbc5ecbb084cb1
792,,sprites/DefineSprite_792/126.png,375,158,6,True,3546,e84db5ff5873835a5a485ee620779592ed368d06f71b0c5cef07dcb176dd0206
792,,sprites/DefineSprite_792/127.png,375,158,6,True,1530,f0f1d61dce58996d4e425f2667788c1ca189e77894fc6db288bbc5ecbb084cb1
792,,sprites/DefineSprite_792/128.png,375,158,6,True,3546,e84db5ff5873835a5a485ee620779592ed368d06f71b0c5cef07dcb176dd0206
792,,sprites/DefineSprite_792/129.png,375,158,6,True,1530,f0f1d61dce58996d4e425f2667788c1ca189e77894fc6db288bbc5ecbb084cb1
792,,sprites/DefineSprite_792/13.png,375,158,6,True,1530,f0f1d61dce58996d4e425f2667788c1ca189e77894fc6db288bbc5ecbb084cb1
792,,sprites/DefineSprite_792/130.png,375,158,6,True,3546,e84db5ff5873835a5a485ee620779592ed368d06f71b0c5cef07dcb176dd0206
792,,sprites/DefineSprite_792/131.png,375,158,6,True,1530,f0f1d61dce58996d4e425f2667788c1ca189e77894fc6db288bbc5ecbb084cb1
792,,sprites/DefineSprite_792/132.png,375,158,6,True,3546,e84db5ff5873835a5a485ee620779592ed368d06f71b0c5cef07dcb176dd0206
792,,sprites/DefineSprite_792/133.png,375,158,6,True,1530,f0f1d61dce58996d4e425f2667788c1ca189e77894fc6db288bbc5ecbb084cb1
792,,sprites/DefineSprite_792/134.png,375,158,6,True,3546,e84db5ff5873835a5a485ee620779592ed368d06f71b0c5cef07dcb176dd0206
792,,sprites/DefineSprite_792/135.png,375,158,6,True,1530,f0f1d61dce58996d4e425f2667788c1ca189e77894fc6db288bbc5ecbb084cb1
792,,sprites/DefineSprite_792/136.png,375,158,6,True,3546,e84db5ff5873835a5a485ee620779592ed368d06f71b0c5cef07dcb176dd0206
792,,sprites/DefineSprite_792/137.png,375,158,6,True,1530,f0f1d61dce58996d4e425f2667788c1ca189e77894fc6db288bbc5ecbb084cb1
792,,sprites/DefineSprite_792/138.png,375,158,6,True,3546,e84db5ff5873835a5a485ee620779592ed368d06f71b0c5cef07dcb176dd0206
792,,sprites/DefineSprite_792/139.png,375,158,6,True,1530,f0f1d61dce58996d4e425f2667788c1ca189e77894fc6db288bbc5ecbb084cb1
792,,sprites/DefineSprite_792/14.png,375,158,6,True,3546,e84db5ff5873835a5a485ee620779592ed368d06f71b0c5cef07dcb176dd0206
792,,sprites/DefineSprite_792/140.png,375,158,6,True,3546,e84db5ff5873835a5a485ee620779592ed368d06f71b0c5cef07dcb176dd0206
792,,sprites/DefineSprite_792/141.png,375,158,6,True,1530,f0f1d61dce58996d4e425f2667788c1ca189e77894fc6db288bbc5ecbb084cb1
792,,sprites/DefineSprite_792/142.png,375,158,6,True,3546,e84db5ff5873835a5a485ee620779592ed368d06f71b0c5cef07dcb176dd0206
792,,sprites/DefineSprite_792/143.png,375,158,6,True,1530,f0f1d61dce58996d4e425f2667788c1ca189e77894fc6db288bbc5ecbb084cb1
792,,sprites/DefineSprite_792/144.png,375,158,6,True,3546,e84db5ff5873835a5a485ee620779592ed368d06f71b0c5cef07dcb176dd0206
792,,sprites/DefineSprite_792/145.png,375,158,6,True,1530,f0f1d61dce58996d4e425f2667788c1ca189e77894fc6db288bbc5ecbb084cb1
792,,sprites/DefineSprite_792/146.png,375,158,6,True,3546,e84db5ff5873835a5a485ee620779592ed368d06f71b0c5cef07dcb176dd0206
792,,sprites/DefineSprite_792/147.png,375,158,6,True,1530,f0f1d61dce58996d4e425f2667788c1ca189e77894fc6db288bbc5ecbb084cb1
792,,sprites/DefineSprite_792/148.png,375,158,6,True,3546,e84db5ff5873835a5a485ee620779592ed368d06f71b0c5cef07dcb176dd0206
792,,sprites/DefineSprite_792/149.png,375,158,6,True,1530,f0f1d61dce58996d4e425f2667788c1ca189e77894fc6db288bbc5ecbb084cb1
792,,sprites/DefineSprite_792/15.png,375,158,6,True,1530,f0f1d61dce58996d4e425f2667788c1ca189e77894fc6db288bbc5ecbb084cb1
792,,sprites/DefineSprite_792/150.png,375,158,6,True,3546,e84db5ff5873835a5a485ee620779592ed368d06f71b0c5cef07dcb176dd0206
792,,sprites/DefineSprite_792/151.png,375,158,6,True,1530,f0f1d61dce58996d4e425f2667788c1ca189e77894fc6db288bbc5ecbb084cb1
792,,sprites/DefineSprite_792/152.png,375,158,6,True,3546,e84db5ff5873835a5a485ee620779592ed368d06f71b0c5cef07dcb176dd0206
792,,sprites/DefineSprite_792/153.png,375,158,6,True,1530,f0f1d61dce58996d4e425f2667788c1ca189e77894fc6db288bbc5ecbb084cb1
792,,sprites/DefineSprite_792/154.png,375,158,6,True,3546,e84db5ff5873835a5a485ee620779592ed368d06f71b0c5cef07dcb176dd0206
792,,sprites/DefineSprite_792/155.png,375,158,6,True,1530,f0f1d61dce58996d4e425f2667788c1ca189e77894fc6db288bbc5ecbb084cb1
792,,sprites/DefineSprite_792/156.png,375,158,6,True,3546,e84db5ff5873835a5a485ee620779592ed368d06f71b0c5cef07dcb176dd0206
792,,sprites/DefineSprite_792/157.png,375,158,6,True,1530,f0f1d61dce58996d4e425f2667788c1ca189e77894fc6db288bbc5ecbb084cb1
792,,sprites/DefineSprite_792/158.png,375,158,6,True,3546,e84db5ff5873835a5a485ee620779592ed368d06f71b0c5cef07dcb176dd0206
792,,sprites/DefineSprite_792/159.png,375,158,6,True,1530,f0f1d61dce58996d4e425f2667788c1ca189e77894fc6db288bbc5ecbb084cb1
792,,sprites/DefineSprite_792/16.png,375,158,6,True,3546,e84db5ff5873835a5a485ee620779592ed368d06f71b0c5cef07dcb176dd0206
792,,sprites/DefineSprite_792/160.png,375,158,6,True,3546,e84db5ff5873835a5a485ee620779592ed368d06f71b0c5cef07dcb176dd0206
792,,sprites/DefineSprite_792/161.png,375,158,6,True,1530,f0f1d61dce58996d4e425f2667788c1ca189e77894fc6db288bbc5ecbb084cb1
792,,sprites/DefineSprite_792/162.png,375,158,6,True,3546,e84db5ff5873835a5a485ee620779592ed368d06f71b0c5cef07dcb176dd0206
792,,sprites/DefineSprite_792/163.png,375,158,6,True,1530,f0f1d61dce58996d4e425f2667788c1ca189e77894fc6db288bbc5ecbb084cb1
792,,sprites/DefineSprite_792/164.png,375,158,6,True,3546,e84db5ff5873835a5a485ee620779592ed368d06f71b0c5cef07dcb176dd0206
792,,sprites/DefineSprite_792/165.png,375,158,6,True,1530,f0f1d61dce58996d4e425f2667788c1ca189e77894fc6db288bbc5ecbb084cb1
792,,sprites/DefineSprite_792/166.png,375,158,6,True,3546,e84db5ff5873835a5a485ee620779592ed368d06f71b0c5cef07dcb176dd0206
792,,sprites/DefineSprite_792/167.png,375,158,6,True,1530,f0f1d61dce58996d4e425f2667788c1ca189e77894fc6db288bbc5ecbb084cb1
792,,sprites/DefineSprite_792/168.png,375,158,6,True,3546,e84db5ff5873835a5a485ee620779592ed368d06f71b0c5cef07dcb176dd0206
792,,sprites/DefineSprite_792/169.png,375,158,6,True,1530,f0f1d61dce58996d4e425f2667788c1ca189e77894fc6db288bbc5ecbb084cb1
792,,sprites/DefineSprite_792/17.png,375,158,6,True,1530,f0f1d61dce58996d4e425f2667788c1ca189e77894fc6db288bbc5ecbb084cb1
792,,sprites/DefineSprite_792/170.png,375,158,6,True,3546,e84db5ff5873835a5a485ee620779592ed368d06f71b0c5cef07dcb176dd0206
792,,sprites/DefineSprite_792/171.png,375,158,6,True,1530,f0f1d61dce58996d4e425f2667788c1ca189e77894fc6db288bbc5ecbb084cb1
792,,sprites/DefineSprite_792/172.png,375,158,6,True,3546,e84db5ff5873835a5a485ee620779592ed368d06f71b0c5cef07dcb176dd0206
792,,sprites/DefineSprite_792/173.png,375,158,6,True,1530,f0f1d61dce58996d4e425f2667788c1ca189e77894fc6db288bbc5ecbb084cb1
792,,sprites/DefineSprite_792/174.png,375,158,6,True,3546,e84db5ff5873835a5a485ee620779592ed368d06f71b0c5cef07dcb176dd0206
792,,sprites/DefineSprite_792/175.png,375,158,6,True,1530,f0f1d61dce58996d4e425f2667788c1ca189e77894fc6db288bbc5ecbb084cb1
792,,sprites/DefineSprite_792/176.png,375,158,6,True,3546,e84db5ff5873835a5a485ee620779592ed368d06f71b0c5cef07dcb176dd0206
792,,sprites/DefineSprite_792/177.png,375,158,6,True,1530,f0f1d61dce58996d4e425f2667788c1ca189e77894fc6db288bbc5ecbb084cb1
792,,sprites/DefineSprite_792/178.png,375,158,6,True,3546,e84db5ff5873835a5a485ee620779592ed368d06f71b0c5cef07dcb176dd0206
792,,sprites/DefineSprite_792/179.png,375,158,6,True,1530,f0f1d61dce58996d4e425f2667788c1ca189e77894fc6db288bbc5ecbb084cb1
792,,sprites/DefineSprite_792/18.png,375,158,6,True,3546,e84db5ff5873835a5a485ee620779592ed368d06f71b0c5cef07dcb176dd0206
792,,sprites/DefineSprite_792/180.png,375,158,6,True,3546,e84db5ff5873835a5a485ee620779592ed368d06f71b0c5cef07dcb176dd0206
792,,sprites/DefineSprite_792/181.png,375,158,6,True,1530,f0f1d61dce58996d4e425f2667788c1ca189e77894fc6db288bbc5ecbb084cb1
792,,sprites/DefineSprite_792/182.png,375,158,6,True,3546,e84db5ff5873835a5a485ee620779592ed368d06f71b0c5cef07dcb176dd0206
792,,sprites/DefineSprite_792/183.png,375,158,6,True,1530,f0f1d61dce58996d4e425f2667788c1ca189e77894fc6db288bbc5ecbb084cb1
792,,sprites/DefineSprite_792/184.png,375,158,6,True,3546,e84db5ff5873835a5a485ee620779592ed368d06f71b0c5cef07dcb176dd0206
792,,sprites/DefineSprite_792/185.png,375,158,6,True,1530,f0f1d61dce58996d4e425f2667788c1ca189e77894fc6db288bbc5ecbb084cb1
792,,sprites/DefineSprite_792/186.png,375,158,6,True,3546,e84db5ff5873835a5a485ee620779592ed368d06f71b0c5cef07dcb176dd0206
792,,sprites/DefineSprite_792/187.png,375,158,6,True,1530,f0f1d61dce58996d4e425f2667788c1ca189e77894fc6db288bbc5ecbb084cb1
792,,sprites/DefineSprite_792/188.png,375,158,6,True,3546,e84db5ff5873835a5a485ee620779592ed368d06f71b0c5cef07dcb176dd0206
792,,sprites/DefineSprite_792/189.png,375,158,6,True,1530,f0f1d61dce58996d4e425f2667788c1ca189e77894fc6db288bbc5ecbb084cb1
792,,sprites/DefineSprite_792/19.png,375,158,6,True,1530,f0f1d61dce58996d4e425f2667788c1ca189e77894fc6db288bbc5ecbb084cb1
792,,sprites/DefineSprite_792/190.png,375,158,6,True,3546,e84db5ff5873835a5a485ee620779592ed368d06f71b0c5cef07dcb176dd0206
792,,sprites/DefineSprite_792/191.png,375,158,6,True,1530,f0f1d61dce58996d4e425f2667788c1ca189e77894fc6db288bbc5ecbb084cb1
792,,sprites/DefineSprite_792/192.png,375,158,6,True,3546,e84db5ff5873835a5a485ee620779592ed368d06f71b0c5cef07dcb176dd0206
792,,sprites/DefineSprite_792/193.png,375,158,6,True,1530,f0f1d61dce58996d4e425f2667788c1ca189e77894fc6db288bbc5ecbb084cb1
792,,sprites/DefineSprite_792/194.png,375,158,6,True,3546,e84db5ff5873835a5a485ee620779592ed368d06f71b0c5cef07dcb176dd0206
792,,sprites/DefineSprite_792/195.png,375,158,6,True,1530,f0f1d61dce58996d4e425f2667788c1ca189e77894fc6db288bbc5ecbb084cb1
792,,sprites/DefineSprite_792/196.png,375,158,6,True,3546,e84db5ff5873835a5a485ee620779592ed368d06f71b0c5cef07dcb176dd0206
792,,sprites/DefineSprite_792/197.png,375,158,6,True,1530,f0f1d61dce58996d4e425f2667788c1ca189e77894fc6db288bbc5ecbb084cb1
792,,sprites/DefineSprite_792/198.png,375,158,6,True,3546,e84db5ff5873835a5a485ee620779592ed368d06f71b0c5cef07dcb176dd0206
792,,sprites/DefineSprite_792/199.png,375,158,6,True,1530,f0f1d61dce58996d4e425f2667788c1ca189e77894fc6db288bbc5ecbb084cb1
792,,sprites/DefineSprite_792/2.png,375,158,6,True,3512,4bed413bdbf33d7ce6954d217c8d12be4f184ef992a76b9b22365a2c1737d928
792,,sprites/DefineSprite_792/20.png,375,158,6,True,3546,e84db5ff5873835a5a485ee620779592ed368d06f71b0c5cef07dcb176dd0206
792,,sprites/DefineSprite_792/200.png,375,158,6,True,1530,24e82e79b5ed18e624bc89a4990753fb126e2dcf1d071873bc4e7bf1023146f5
792,,sprites/DefineSprite_792/21.png,375,158,6,True,1530,f0f1d61dce58996d4e425f2667788c1ca189e77894fc6db288bbc5ecbb084cb1
792,,sprites/DefineSprite_792/22.png,375,158,6,True,3546,e84db5ff5873835a5a485ee620779592ed368d06f71b0c5cef07dcb176dd0206
792,,sprites/DefineSprite_792/23.png,375,158,6,True,1530,f0f1d61dce58996d4e425f2667788c1ca189e77894fc6db288bbc5ecbb084cb1
792,,sprites/DefineSprite_792/24.png,375,158,6,True,3546,e84db5ff5873835a5a485ee620779592ed368d06f71b0c5cef07dcb176dd0206
792,,sprites/DefineSprite_792/25.png,375,158,6,True,1530,f0f1d61dce58996d4e425f2667788c1ca189e77894fc6db288bbc5ecbb084cb1
792,,sprites/DefineSprite_792/26.png,375,158,6,True,3546,e84db5ff5873835a5a485ee620779592ed368d06f71b0c5cef07dcb176dd0206
792,,sprites/DefineSprite_792/27.png,375,158,6,True,1530,f0f1d61dce58996d4e425f2667788c1ca189e77894fc6db288bbc5ecbb084cb1
792,,sprites/DefineSprite_792/28.png,375,158,6,True,3546,e84db5ff5873835a5a485ee620779592ed368d06f71b0c5cef07dcb176dd0206
792,,sprites/DefineSprite_792/29.png,375,158,6,True,1530,f0f1d61dce58996d4e425f2667788c1ca189e77894fc6db288bbc5ecbb084cb1
792,,sprites/DefineSprite_792/3.png,375,158,6,True,1558,4ea48457a6ebbdc9be5583cf2afb91384ec3e6fbf5a864a0cc8f49f82c486c3a
792,,sprites/DefineSprite_792/30.png,375,158,6,True,3546,e84db5ff5873835a5a485ee620779592ed368d06f71b0c5cef07dcb176dd0206
792,,sprites/DefineSprite_792/31.png,375,158,6,True,1530,f0f1d61dce58996d4e425f2667788c1ca189e77894fc6db288bbc5ecbb084cb1
792,,sprites/DefineSprite_792/32.png,375,158,6,True,3546,e84db5ff5873835a5a485ee620779592ed368d06f71b0c5cef07dcb176dd0206
792,,sprites/DefineSprite_792/33.png,375,158,6,True,1530,f0f1d61dce58996d4e425f2667788c1ca189e77894fc6db288bbc5ecbb084cb1
792,,sprites/DefineSprite_792/34.png,375,158,6,True,3546,e84db5ff5873835a5a485ee620779592ed368d06f71b0c5cef07dcb176dd0206
792,,sprites/DefineSprite_792/35.png,375,158,6,True,1530,f0f1d61dce58996d4e425f2667788c1ca189e77894fc6db288bbc5ecbb084cb1
792,,sprites/DefineSprite_792/36.png,375,158,6,True,3546,e84db5ff5873835a5a485ee620779592ed368d06f71b0c5cef07dcb176dd0206
792,,sprites/DefineSprite_792/37.png,375,158,6,True,1530,f0f1d61dce58996d4e425f2667788c1ca189e77894fc6db288bbc5ecbb084cb1
792,,sprites/DefineSprite_792/38.png,375,158,6,True,3546,e84db5ff5873835a5a485ee620779592ed368d06f71b0c5cef07dcb176dd0206
792,,sprites/DefineSprite_792/39.png,375,158,6,True,1530,f0f1d61dce58996d4e425f2667788c1ca189e77894fc6db288bbc5ecbb084cb1
792,,sprites/DefineSprite_792/4.png,375,158,6,True,3577,858594b9e536e6085cb90b7d6e331e9a721ae40522fa8f776643bda54bdc2de5
792,,sprites/DefineSprite_792/40.png,375,158,6,True,3546,e84db5ff5873835a5a485ee620779592ed368d06f71b0c5cef07dcb176dd0206
792,,sprites/DefineSprite_792/41.png,375,158,6,True,1530,f0f1d61dce58996d4e425f2667788c1ca189e77894fc6db288bbc5ecbb084cb1
792,,sprites/DefineSprite_792/42.png,375,158,6,True,3546,e84db5ff5873835a5a485ee620779592ed368d06f71b0c5cef07dcb176dd0206
792,,sprites/DefineSprite_792/43.png,375,158,6,True,1530,f0f1d61dce58996d4e425f2667788c1ca189e77894fc6db288bbc5ecbb084cb1
792,,sprites/DefineSprite_792/44.png,375,158,6,True,3546,e84db5ff5873835a5a485ee620779592ed368d06f71b0c5cef07dcb176dd0206
792,,sprites/DefineSprite_792/45.png,375,158,6,True,1530,f0f1d61dce58996d4e425f2667788c1ca189e77894fc6db288bbc5ecbb084cb1
792,,sprites/DefineSprite_792/46.png,375,158,6,True,3546,e84db5ff5873835a5a485ee620779592ed368d06f71b0c5cef07dcb176dd0206
792,,sprites/DefineSprite_792/47.png,375,158,6,True,1530,f0f1d61dce58996d4e425f2667788c1ca189e77894fc6db288bbc5ecbb084cb1
792,,sprites/DefineSprite_792/48.png,375,158,6,True,3546,e84db5ff5873835a5a485ee620779592ed368d06f71b0c5cef07dcb176dd0206
792,,sprites/DefineSprite_792/49.png,375,158,6,True,1530,f0f1d61dce58996d4e425f2667788c1ca189e77894fc6db288bbc5ecbb084cb1
792,,sprites/DefineSprite_792/5.png,375,158,6,True,1530,f0f1d61dce58996d4e425f2667788c1ca189e77894fc6db288bbc5ecbb084cb1
792,,sprites/DefineSprite_792/50.png,375,158,6,True,3546,e84db5ff5873835a5a485ee620779592ed368d06f71b0c5cef07dcb176dd0206
792,,sprites/DefineSprite_792/51.png,375,158,6,True,1530,f0f1d61dce58996d4e425f2667788c1ca189e77894fc6db288bbc5ecbb084cb1
792,,sprites/DefineSprite_792/52.png,375,158,6,True,3546,e84db5ff5873835a5a485ee620779592ed368d06f71b0c5cef07dcb176dd0206
792,,sprites/DefineSprite_792/53.png,375,158,6,True,1530,f0f1d61dce58996d4e425f2667788c1ca189e77894fc6db288bbc5ecbb084cb1
792,,sprites/DefineSprite_792/54.png,375,158,6,True,3546,e84db5ff5873835a5a485ee620779592ed368d06f71b0c5cef07dcb176dd0206
792,,sprites/DefineSprite_792/55.png,375,158,6,True,1530,f0f1d61dce58996d4e425f2667788c1ca189e77894fc6db288bbc5ecbb084cb1
792,,sprites/DefineSprite_792/56.png,375,158,6,True,3546,e84db5ff5873835a5a485ee620779592ed368d06f71b0c5cef07dcb176dd0206
792,,sprites/DefineSprite_792/57.png,375,158,6,True,1530,f0f1d61dce58996d4e425f2667788c1ca189e77894fc6db288bbc5ecbb084cb1
792,,sprites/DefineSprite_792/58.png,375,158,6,True,3546,e84db5ff5873835a5a485ee620779592ed368d06f71b0c5cef07dcb176dd0206
792,,sprites/DefineSprite_792/59.png,375,158,6,True,1530,f0f1d61dce58996d4e425f2667788c1ca189e77894fc6db288bbc5ecbb084cb1
792,,sprites/DefineSprite_792/6.png,375,158,6,True,3546,e84db5ff5873835a5a485ee620779592ed368d06f71b0c5cef07dcb176dd0206
792,,sprites/DefineSprite_792/60.png,375,158,6,True,3546,e84db5ff5873835a5a485ee620779592ed368d06f71b0c5cef07dcb176dd0206
792,,sprites/DefineSprite_792/61.png,375,158,6,True,1530,f0f1d61dce58996d4e425f2667788c1ca189e77894fc6db288bbc5ecbb084cb1
792,,sprites/DefineSprite_792/62.png,375,158,6,True,3546,e84db5ff5873835a5a485ee620779592ed368d06f71b0c5cef07dcb176dd0206
792,,sprites/DefineSprite_792/63.png,375,158,6,True,1530,f0f1d61dce58996d4e425f2667788c1ca189e77894fc6db288bbc5ecbb084cb1
792,,sprites/DefineSprite_792/64.png,375,158,6,True,3546,e84db5ff5873835a5a485ee620779592ed368d06f71b0c5cef07dcb176dd0206
792,,sprites/DefineSprite_792/65.png,375,158,6,True,1530,f0f1d61dce58996d4e425f2667788c1ca189e77894fc6db288bbc5ecbb084cb1
792,,sprites/DefineSprite_792/66.png,375,158,6,True,3546,e84db5ff5873835a5a485ee620779592ed368d06f71b0c5cef07dcb176dd0206
792,,sprites/DefineSprite_792/67.png,375,158,6,True,1530,f0f1d61dce58996d4e425f2667788c1ca189e77894fc6db288bbc5ecbb084cb1
792,,sprites/DefineSprite_792/68.png,375,158,6,True,3546,e84db5ff5873835a5a485ee620779592ed368d06f71b0c5cef07dcb176dd0206
792,,sprites/DefineSprite_792/69.png,375,158,6,True,1530,f0f1d61dce58996d4e425f2667788c1ca189e77894fc6db288bbc5ecbb084cb1
792,,sprites/DefineSprite_792/7.png,375,158,6,True,1530,f0f1d61dce58996d4e425f2667788c1ca189e77894fc6db288bbc5ecbb084cb1
792,,sprites/DefineSprite_792/70.png,375,158,6,True,3546,e84db5ff5873835a5a485ee620779592ed368d06f71b0c5cef07dcb176dd0206
792,,sprites/DefineSprite_792/71.png,375,158,6,True,1530,f0f1d61dce58996d4e425f2667788c1ca189e77894fc6db288bbc5ecbb084cb1
792,,sprites/DefineSprite_792/72.png,375,158,6,True,3546,e84db5ff5873835a5a485ee620779592ed368d06f71b0c5cef07dcb176dd0206
792,,sprites/DefineSprite_792/73.png,375,158,6,True,1530,f0f1d61dce58996d4e425f2667788c1ca189e77894fc6db288bbc5ecbb084cb1
792,,sprites/DefineSprite_792/74.png,375,158,6,True,3546,e84db5ff5873835a5a485ee620779592ed368d06f71b0c5cef07dcb176dd0206
792,,sprites/DefineSprite_792/75.png,375,158,6,True,1530,f0f1d61dce58996d4e425f2667788c1ca189e77894fc6db288bbc5ecbb084cb1
792,,sprites/DefineSprite_792/76.png,375,158,6,True,3546,e84db5ff5873835a5a485ee620779592ed368d06f71b0c5cef07dcb176dd0206
792,,sprites/DefineSprite_792/77.png,375,158,6,True,1530,f0f1d61dce58996d4e425f2667788c1ca189e77894fc6db288bbc5ecbb084cb1
792,,sprites/DefineSprite_792/78.png,375,158,6,True,3546,e84db5ff5873835a5a485ee620779592ed368d06f71b0c5cef07dcb176dd0206
792,,sprites/DefineSprite_792/79.png,375,158,6,True,1530,f0f1d61dce58996d4e425f2667788c1ca189e77894fc6db288bbc5ecbb084cb1
792,,sprites/DefineSprite_792/8.png,375,158,6,True,3546,e84db5ff5873835a5a485ee620779592ed368d06f71b0c5cef07dcb176dd0206
792,,sprites/DefineSprite_792/80.png,375,158,6,True,3546,e84db5ff5873835a5a485ee620779592ed368d06f71b0c5cef07dcb176dd0206
792,,sprites/DefineSprite_792/81.png,375,158,6,True,1530,f0f1d61dce58996d4e425f2667788c1ca189e77894fc6db288bbc5ecbb084cb1
792,,sprites/DefineSprite_792/82.png,375,158,6,True,3546,e84db5ff5873835a5a485ee620779592ed368d06f71b0c5cef07dcb176dd0206
792,,sprites/DefineSprite_792/83.png,375,158,6,True,1530,f0f1d61dce58996d4e425f2667788c1ca189e77894fc6db288bbc5ecbb084cb1
792,,sprites/DefineSprite_792/84.png,375,158,6,True,3546,e84db5ff5873835a5a485ee620779592ed368d06f71b0c5cef07dcb176dd0206
792,,sprites/DefineSprite_792/85.png,375,158,6,True,1530,f0f1d61dce58996d4e425f2667788c1ca189e77894fc6db288bbc5ecbb084cb1
792,,sprites/DefineSprite_792/86.png,375,158,6,True,3546,e84db5ff5873835a5a485ee620779592ed368d06f71b0c5cef07dcb176dd0206
792,,sprites/DefineSprite_792/87.png,375,158,6,True,1530,f0f1d61dce58996d4e425f2667788c1ca189e77894fc6db288bbc5ecbb084cb1
792,,sprites/DefineSprite_792/88.png,375,158,6,True,3546,e84db5ff5873835a5a485ee620779592ed368d06f71b0c5cef07dcb176dd0206
792,,sprites/DefineSprite_792/89.png,375,158,6,True,1530,f0f1d61dce58996d4e425f2667788c1ca189e77894fc6db288bbc5ecbb084cb1
792,,sprites/DefineSprite_792/9.png,375,158,6,True,1530,f0f1d61dce58996d4e425f2667788c1ca189e77894fc6db288bbc5ecbb084cb1
792,,sprites/DefineSprite_792/90.png,375,158,6,True,3546,e84db5ff5873835a5a485ee620779592ed368d06f71b0c5cef07dcb176dd0206
792,,sprites/DefineSprite_792/91.png,375,158,6,True,1530,f0f1d61dce58996d4e425f2667788c1ca189e77894fc6db288bbc5ecbb084cb1
792,,sprites/DefineSprite_792/92.png,375,158,6,True,3546,e84db5ff5873835a5a485ee620779592ed368d06f71b0c5cef07dcb176dd0206
792,,sprites/DefineSprite_792/93.png,375,158,6,True,1530,f0f1d61dce58996d4e425f2667788c1ca189e77894fc6db288bbc5ecbb084cb1
792,,sprites/DefineSprite_792/94.png,375,158,6,True,3546,e84db5ff5873835a5a485ee620779592ed368d06f71b0c5cef07dcb176dd0206
792,,sprites/DefineSprite_792/95.png,375,158,6,True,1530,f0f1d61dce58996d4e425f2667788c1ca189e77894fc6db288bbc5ecbb084cb1
792,,sprites/DefineSprite_792/96.png,375,158,6,True,3546,e84db5ff5873835a5a485ee620779592ed368d06f71b0c5cef07dcb176dd0206
792,,sprites/DefineSprite_792/97.png,375,158,6,True,1530,f0f1d61dce58996d4e425f2667788c1ca189e77894fc6db288bbc5ecbb084cb1
792,,sprites/DefineSprite_792/98.png,375,158,6,True,3546,e84db5ff5873835a5a485ee620779592ed368d06f71b0c5cef07dcb176dd0206
792,,sprites/DefineSprite_792/99.png,375,158,6,True,1530,f0f1d61dce58996d4e425f2667788c1ca189e77894fc6db288bbc5ecbb084cb1
793,,sprites/DefineSprite_793/1.png,375,158,6,True,469,0c010c6e2920553b604be77aaa1ebf808d8156b50c0684a01fa1edb974806a06
794,,sprites/DefineSprite_794/1.png,375,158,6,True,1388,ac9994b46e270e7c90d47f4b44e7ac21c5bee0b1f583c8eb89fc168ff0f2ca20
794,,sprites/DefineSprite_794/10.png,375,158,6,True,3136,ff2287f92780e97ba1a427165f5e987af1326e8af5a01f6a9721e04c33d282b3
794,,sprites/DefineSprite_794/100.png,375,158,6,True,3499,5324cb0244b00451a92bb9ceb4823605d7b054848b41c0f4d1410725214c640b
794,,sprites/DefineSprite_794/101.png,375,158,6,True,1473,6219d07dbbdab8f95c94699ee1325d80ec867a620482c0ddc11d808b94c6c19a
794,,sprites/DefineSprite_794/102.png,375,158,6,True,3499,5324cb0244b00451a92bb9ceb4823605d7b054848b41c0f4d1410725214c640b
794,,sprites/DefineSprite_794/103.png,375,158,6,True,1473,6219d07dbbdab8f95c94699ee1325d80ec867a620482c0ddc11d808b94c6c19a
794,,sprites/DefineSprite_794/104.png,375,158,6,True,3499,5324cb0244b00451a92bb9ceb4823605d7b054848b41c0f4d1410725214c640b
794,,sprites/DefineSprite_794/105.png,375,158,6,True,1473,6219d07dbbdab8f95c94699ee1325d80ec867a620482c0ddc11d808b94c6c19a
794,,sprites/DefineSprite_794/106.png,375,158,6,True,3499,5324cb0244b00451a92bb9ceb4823605d7b054848b41c0f4d1410725214c640b
794,,sprites/DefineSprite_794/107.png,375,158,6,True,1473,6219d07dbbdab8f95c94699ee1325d80ec867a620482c0ddc11d808b94c6c19a
794,,sprites/DefineSprite_794/108.png,375,158,6,True,3499,5324cb0244b00451a92bb9ceb4823605d7b054848b41c0f4d1410725214c640b
794,,sprites/DefineSprite_794/109.png,375,158,6,True,1473,6219d07dbbdab8f95c94699ee1325d80ec867a620482c0ddc11d808b94c6c19a
794,,sprites/DefineSprite_794/11.png,375,158,6,True,1512,769c9feb7f990db899ad910406b4f2bce491c8cfb9547a554fa5ecff7d88de42
794,,sprites/DefineSprite_794/110.png,375,158,6,True,3499,5324cb0244b00451a92bb9ceb4823605d7b054848b41c0f4d1410725214c640b
794,,sprites/DefineSprite_794/111.png,375,158,6,True,1473,6219d07dbbdab8f95c94699ee1325d80ec867a620482c0ddc11d808b94c6c19a
794,,sprites/DefineSprite_794/112.png,375,158,6,True,3499,5324cb0244b00451a92bb9ceb4823605d7b054848b41c0f4d1410725214c640b
794,,sprites/DefineSprite_794/113.png,375,158,6,True,1473,6219d07dbbdab8f95c94699ee1325d80ec867a620482c0ddc11d808b94c6c19a
794,,sprites/DefineSprite_794/114.png,375,158,6,True,3499,5324cb0244b00451a92bb9ceb4823605d7b054848b41c0f4d1410725214c640b
794,,sprites/DefineSprite_794/115.png,375,158,6,True,1473,6219d07dbbdab8f95c94699ee1325d80ec867a620482c0ddc11d808b94c6c19a
794,,sprites/DefineSprite_794/116.png,375,158,6,True,3499,5324cb0244b00451a92bb9ceb4823605d7b054848b41c0f4d1410725214c640b
794,,sprites/DefineSprite_794/117.png,375,158,6,True,1473,6219d07dbbdab8f95c94699ee1325d80ec867a620482c0ddc11d808b94c6c19a
794,,sprites/DefineSprite_794/118.png,375,158,6,True,3499,5324cb0244b00451a92bb9ceb4823605d7b054848b41c0f4d1410725214c640b
794,,sprites/DefineSprite_794/119.png,375,158,6,True,1473,6219d07dbbdab8f95c94699ee1325d80ec867a620482c0ddc11d808b94c6c19a
794,,sprites/DefineSprite_794/12.png,375,158,6,True,3208,920b8bb05c960cd7891f86f8ecef970c4f7c1425ee7566e2deff9a7cec7b13d1
794,,sprites/DefineSprite_794/120.png,375,158,6,True,3499,5324cb0244b00451a92bb9ceb4823605d7b054848b41c0f4d1410725214c640b
794,,sprites/DefineSprite_794/121.png,375,158,6,True,1473,6219d07dbbdab8f95c94699ee1325d80ec867a620482c0ddc11d808b94c6c19a
794,,sprites/DefineSprite_794/122.png,375,158,6,True,3499,5324cb0244b00451a92bb9ceb4823605d7b054848b41c0f4d1410725214c640b
794,,sprites/DefineSprite_794/123.png,375,158,6,True,1473,6219d07dbbdab8f95c94699ee1325d80ec867a620482c0ddc11d808b94c6c19a
794,,sprites/DefineSprite_794/124.png,375,158,6,True,3499,5324cb0244b00451a92bb9ceb4823605d7b054848b41c0f4d1410725214c640b
794,,sprites/DefineSprite_794/125.png,375,158,6,True,1473,6219d07dbbdab8f95c94699ee1325d80ec867a620482c0ddc11d808b94c6c19a
794,,sprites/DefineSprite_794/126.png,375,158,6,True,3499,5324cb0244b00451a92bb9ceb4823605d7b054848b41c0f4d1410725214c640b
794,,sprites/DefineSprite_794/127.png,375,158,6,True,1473,6219d07dbbdab8f95c94699ee1325d80ec867a620482c0ddc11d808b94c6c19a
794,,sprites/DefineSprite_794/128.png,375,158,6,True,3499,5324cb0244b00451a92bb9ceb4823605d7b054848b41c0f4d1410725214c640b
794,,sprites/DefineSprite_794/129.png,375,158,6,True,1473,6219d07dbbdab8f95c94699ee1325d80ec867a620482c0ddc11d808b94c6c19a
794,,sprites/DefineSprite_794/13.png,375,158,6,True,1500,1346572b28f43e2d5dff6174d865f7b8c30e9e87f70b2a84078aa3227b844a65
794,,sprites/DefineSprite_794/130.png,375,158,6,True,3499,5324cb0244b00451a92bb9ceb4823605d7b054848b41c0f4d1410725214c640b
794,,sprites/DefineSprite_794/131.png,375,158,6,True,1473,6219d07dbbdab8f95c94699ee1325d80ec867a620482c0ddc11d808b94c6c19a
794,,sprites/DefineSprite_794/132.png,375,158,6,True,3499,5324cb0244b00451a92bb9ceb4823605d7b054848b41c0f4d1410725214c640b
794,,sprites/DefineSprite_794/133.png,375,158,6,True,1473,6219d07dbbdab8f95c94699ee1325d80ec867a620482c0ddc11d808b94c6c19a
794,,sprites/DefineSprite_794/134.png,375,158,6,True,3499,5324cb0244b00451a92bb9ceb4823605d7b054848b41c0f4d1410725214c640b
794,,sprites/DefineSprite_794/135.png,375,158,6,True,1473,6219d07dbbdab8f95c94699ee1325d80ec867a620482c0ddc11d808b94c6c19a
794,,sprites/DefineSprite_794/136.png,375,158,6,True,3499,5324cb0244b00451a92bb9ceb4823605d7b054848b41c0f4d1410725214c640b
794,,sprites/DefineSprite_794/137.png,375,158,6,True,1473,6219d07dbbdab8f95c94699ee1325d80ec867a620482c0ddc11d808b94c6c19a
794,,sprites/DefineSprite_794/138.png,375,158,6,True,3499,5324cb0244b00451a92bb9ceb4823605d7b054848b41c0f4d1410725214c640b
794,,sprites/DefineSprite_794/139.png,375,158,6,True,1473,6219d07dbbdab8f95c94699ee1325d80ec867a620482c0ddc11d808b94c6c19a
794,,sprites/DefineSprite_794/14.png,375,158,6,True,3195,8d37806fd557dc9668d1bd22cf225ca3da4119d45b8e901ef696a6a49b888143
794,,sprites/DefineSprite_794/140.png,375,158,6,True,3499,5324cb0244b00451a92bb9ceb4823605d7b054848b41c0f4d1410725214c640b
794,,sprites/DefineSprite_794/141.png,375,158,6,True,1473,6219d07dbbdab8f95c94699ee1325d80ec867a620482c0ddc11d808b94c6c19a
794,,sprites/DefineSprite_794/142.png,375,158,6,True,3499,5324cb0244b00451a92bb9ceb4823605d7b054848b41c0f4d1410725214c640b
794,,sprites/DefineSprite_794/143.png,375,158,6,True,1473,6219d07dbbdab8f95c94699ee1325d80ec867a620482c0ddc11d808b94c6c19a
794,,sprites/DefineSprite_794/144.png,375,158,6,True,3499,5324cb0244b00451a92bb9ceb4823605d7b054848b41c0f4d1410725214c640b
794,,sprites/DefineSprite_794/145.png,375,158,6,True,1473,6219d07dbbdab8f95c94699ee1325d80ec867a620482c0ddc11d808b94c6c19a
794,,sprites/DefineSprite_794/146.png,375,158,6,True,3499,5324cb0244b00451a92bb9ceb4823605d7b054848b41c0f4d1410725214c640b
794,,sprites/DefineSprite_794/147.png,375,158,6,True,1473,6219d07dbbdab8f95c94699ee1325d80ec867a620482c0ddc11d808b94c6c19a
794,,sprites/DefineSprite_794/148.png,375,158,6,True,3499,5324cb0244b00451a92bb9ceb4823605d7b054848b41c0f4d1410725214c640b
794,,sprites/DefineSprite_794/149.png,375,158,6,True,1473,6219d07dbbdab8f95c94699ee1325d80ec867a620482c0ddc11d808b94c6c19a
794,,sprites/DefineSprite_794/15.png,375,158,6,True,1503,0e5b46ab65f16200b7d003163fb6639bd2a4fd0a701bb2acb207f7a37e2933eb
794,,sprites/DefineSprite_794/150.png,375,158,6,True,3499,5324cb0244b00451a92bb9ceb4823605d7b054848b41c0f4d1410725214c640b
794,,sprites/DefineSprite_794/151.png,375,158,6,True,1473,6219d07dbbdab8f95c94699ee1325d80ec867a620482c0ddc11d808b94c6c19a
794,,sprites/DefineSprite_794/152.png,375,158,6,True,3499,5324cb0244b00451a92bb9ceb4823605d7b054848b41c0f4d1410725214c640b
794,,sprites/DefineSprite_794/153.png,375,158,6,True,1473,6219d07dbbdab8f95c94699ee1325d80ec867a620482c0ddc11d808b94c6c19a
794,,sprites/DefineSprite_794/154.png,375,158,6,True,3499,5324cb0244b00451a92bb9ceb4823605d7b054848b41c0f4d1410725214c640b
794,,sprites/DefineSprite_794/155.png,375,158,6,True,1473,6219d07dbbdab8f95c94699ee1325d80ec867a620482c0ddc11d808b94c6c19a
794,,sprites/DefineSprite_794/156.png,375,158,6,True,3499,5324cb0244b00451a92bb9ceb4823605d7b054848b41c0f4d1410725214c640b
794,,sprites/DefineSprite_794/157.png,375,158,6,True,1473,6219d07dbbdab8f95c94699ee1325d80ec867a620482c0ddc11d808b94c6c19a
794,,sprites/DefineSprite_794/158.png,375,158,6,True,3499,5324cb0244b00451a92bb9ceb4823605d7b054848b41c0f4d1410725214c640b
794,,sprites/DefineSprite_794/159.png,375,158,6,True,1473,6219d07dbbdab8f95c94699ee1325d80ec867a620482c0ddc11d808b94c6c19a
794,,sprites/DefineSprite_794/16.png,375,158,6,True,3195,6824486067b788eb4bf38d52453f77b241e9726db2ccae0cb7d7ee315b9eb5d7
794,,sprites/DefineSprite_794/160.png,375,158,6,True,3499,5324cb0244b00451a92bb9ceb4823605d7b054848b41c0f4d1410725214c640b
794,,sprites/DefineSprite_794/161.png,375,158,6,True,1473,6219d07dbbdab8f95c94699ee1325d80ec867a620482c0ddc11d808b94c6c19a
794,,sprites/DefineSprite_794/162.png,375,158,6,True,3499,5324cb0244b00451a92bb9ceb4823605d7b054848b41c0f4d1410725214c640b
794,,sprites/DefineSprite_794/163.png,375,158,6,True,1473,6219d07dbbdab8f95c94699ee1325d80ec867a620482c0ddc11d808b94c6c19a
794,,sprites/DefineSprite_794/164.png,375,158,6,True,3499,5324cb0244b00451a92bb9ceb4823605d7b054848b41c0f4d1410725214c640b
794,,sprites/DefineSprite_794/165.png,375,158,6,True,1473,6219d07dbbdab8f95c94699ee1325d80ec867a620482c0ddc11d808b94c6c19a
794,,sprites/DefineSprite_794/166.png,375,158,6,True,3499,5324cb0244b00451a92bb9ceb4823605d7b054848b41c0f4d1410725214c640b
794,,sprites/DefineSprite_794/167.png,375,158,6,True,1473,6219d07dbbdab8f95c94699ee1325d80ec867a620482c0ddc11d808b94c6c19a
794,,sprites/DefineSprite_794/168.png,375,158,6,True,3499,5324cb0244b00451a92bb9ceb4823605d7b054848b41c0f4d1410725214c640b
794,,sprites/DefineSprite_794/169.png,375,158,6,True,1473,6219d07dbbdab8f95c94699ee1325d80ec867a620482c0ddc11d808b94c6c19a
794,,sprites/DefineSprite_794/17.png,375,158,6,True,1499,2fadc036a2a635a7c10b268a3fc6e41c69d2cbacffca75569ace47272c4bfe04
794,,sprites/DefineSprite_794/170.png,375,158,6,True,3499,5324cb0244b00451a92bb9ceb4823605d7b054848b41c0f4d1410725214c640b
794,,sprites/DefineSprite_794/171.png,375,158,6,True,1473,6219d07dbbdab8f95c94699ee1325d80ec867a620482c0ddc11d808b94c6c19a
794,,sprites/DefineSprite_794/172.png,375,158,6,True,3499,5324cb0244b00451a92bb9ceb4823605d7b054848b41c0f4d1410725214c640b
794,,sprites/DefineSprite_794/173.png,375,158,6,True,1473,6219d07dbbdab8f95c94699ee1325d80ec867a620482c0ddc11d808b94c6c19a
794,,sprites/DefineSprite_794/174.png,375,158,6,True,3499,5324cb0244b00451a92bb9ceb4823605d7b054848b41c0f4d1410725214c640b
794,,sprites/DefineSprite_794/175.png,375,158,6,True,1473,6219d07dbbdab8f95c94699ee1325d80ec867a620482c0ddc11d808b94c6c19a
794,,sprites/DefineSprite_794/176.png,375,158,6,True,3499,5324cb0244b00451a92bb9ceb4823605d7b054848b41c0f4d1410725214c640b
794,,sprites/DefineSprite_794/177.png,375,158,6,True,1473,6219d07dbbdab8f95c94699ee1325d80ec867a620482c0ddc11d808b94c6c19a
794,,sprites/DefineSprite_794/178.png,375,158,6,True,3499,5324cb0244b00451a92bb9ceb4823605d7b054848b41c0f4d1410725214c640b
794,,sprites/DefineSprite_794/179.png,375,158,6,True,1473,6219d07dbbdab8f95c94699ee1325d80ec867a620482c0ddc11d808b94c6c19a
794,,sprites/DefineSprite_794/18.png,375,158,6,True,3198,4572080a5d80a67b77737789bf2e6df780f4fe021ce1dbbeb914ed2447da5d08
794,,sprites/DefineSprite_794/180.png,375,158,6,True,3499,5324cb0244b00451a92bb9ceb4823605d7b054848b41c0f4d1410725214c640b
794,,sprites/DefineSprite_794/181.png,375,158,6,True,1473,6219d07dbbdab8f95c94699ee1325d80ec867a620482c0ddc11d808b94c6c19a
794,,sprites/DefineSprite_794/182.png,375,158,6,True,3499,5324cb0244b00451a92bb9ceb4823605d7b054848b41c0f4d1410725214c640b
794,,sprites/DefineSprite_794/183.png,375,158,6,True,1473,6219d07dbbdab8f95c94699ee1325d80ec867a620482c0ddc11d808b94c6c19a
794,,sprites/DefineSprite_794/184.png,375,158,6,True,3499,5324cb0244b00451a92bb9ceb4823605d7b054848b41c0f4d1410725214c640b
794,,sprites/DefineSprite_794/185.png,375,158,6,True,1473,6219d07dbbdab8f95c94699ee1325d80ec867a620482c0ddc11d808b94c6c19a
794,,sprites/DefineSprite_794/186.png,375,158,6,True,3499,5324cb0244b00451a92bb9ceb4823605d7b054848b41c0f4d1410725214c640b
794,,sprites/DefineSprite_794/187.png,375,158,6,True,1473,6219d07dbbdab8f95c94699ee1325d80ec867a620482c0ddc11d808b94c6c19a
794,,sprites/DefineSprite_794/188.png,375,158,6,True,3499,5324cb0244b00451a92bb9ceb4823605d7b054848b41c0f4d1410725214c640b
794,,sprites/DefineSprite_794/189.png,375,158,6,True,1473,6219d07dbbdab8f95c94699ee1325d80ec867a620482c0ddc11d808b94c6c19a
794,,sprites/DefineSprite_794/19.png,375,158,6,True,1503,0e5b46ab65f16200b7d003163fb6639bd2a4fd0a701bb2acb207f7a37e2933eb
794,,sprites/DefineSprite_794/190.png,375,158,6,True,3499,5324cb0244b00451a92bb9ceb4823605d7b054848b41c0f4d1410725214c640b
794,,sprites/DefineSprite_794/191.png,375,158,6,True,1473,6219d07dbbdab8f95c94699ee1325d80ec867a620482c0ddc11d808b94c6c19a
794,,sprites/DefineSprite_794/192.png,375,158,6,True,3499,5324cb0244b00451a92bb9ceb4823605d7b054848b41c0f4d1410725214c640b
794,,sprites/DefineSprite_794/193.png,375,158,6,True,1473,6219d07dbbdab8f95c94699ee1325d80ec867a620482c0ddc11d808b94c6c19a
794,,sprites/DefineSprite_794/194.png,375,158,6,True,3499,5324cb0244b00451a92bb9ceb4823605d7b054848b41c0f4d1410725214c640b
794,,sprites/DefineSprite_794/195.png,375,158,6,True,1473,6219d07dbbdab8f95c94699ee1325d80ec867a620482c0ddc11d808b94c6c19a
794,,sprites/DefineSprite_794/196.png,375,158,6,True,3499,5324cb0244b00451a92bb9ceb4823605d7b054848b41c0f4d1410725214c640b
794,,sprites/DefineSprite_794/197.png,375,158,6,True,1473,6219d07dbbdab8f95c94699ee1325d80ec867a620482c0ddc11d808b94c6c19a
794,,sprites/DefineSprite_794/198.png,375,158,6,True,3499,5324cb0244b00451a92bb9ceb4823605d7b054848b41c0f4d1410725214c640b
794,,sprites/DefineSprite_794/199.png,375,158,6,True,1473,6219d07dbbdab8f95c94699ee1325d80ec867a620482c0ddc11d808b94c6c19a
794,,sprites/DefineSprite_794/2.png,375,158,6,True,3123,2ebdf1fab0f2c988ff40509e4164e8c9aaecf3830d3dc0325e56eb41b2336857
794,,sprites/DefineSprite_794/20.png,375,158,6,True,3189,1d8365db6b11701f4160737bd4c60489e5e572f1163eb36198bb1590e36823c3
794,,sprites/DefineSprite_794/200.png,375,158,6,True,3499,5324cb0244b00451a92bb9ceb4823605d7b054848b41c0f4d1410725214c640b
794,,sprites/DefineSprite_794/21.png,375,158,6,True,1499,61eecb422b5075a07f0dcf0c03499cff4f999171772a6f6008acdf7e0f58e9a5
794,,sprites/DefineSprite_794/22.png,375,158,6,True,3226,500bf7c0324fc24f5ece8f4168e625f151d31cb75eb289175af17dc2ec9c4622
794,,sprites/DefineSprite_794/23.png,375,158,6,True,1500,2eda5dc0e7e1c4769d40c44e1a40babf8a8aca4cb7dba5ed828d93b23ef6f682
794,,sprites/DefineSprite_794/24.png,375,158,6,True,3231,5829225c287ab59f9fee1c5458bce00c8f1676a572b67d1f205a74581ddea9aa
794,,sprites/DefineSprite_794/25.png,375,158,6,True,1499,61eecb422b5075a07f0dcf0c03499cff4f999171772a6f6008acdf7e0f58e9a5
794,,sprites/DefineSprite_794/26.png,375,158,6,True,3228,738ffea06893232132448d1e8e544f571b47249b28e0505c79a095b31d9d76ec
794,,sprites/DefineSprite_794/27.png,375,158,6,True,1497,acc97ae70432416b3e9b348b934db071fbc547043b9c45372b8f9ca7e22d186d
794,,sprites/DefineSprite_794/28.png,375,158,6,True,3229,979316f47a20ffa70bcfa5716bd916d8d30571488c453daaef2623564648e672
794,,sprites/DefineSprite_794/29.png,375,158,6,True,1499,61eecb422b5075a07f0dcf0c03499cff4f999171772a6f6008acdf7e0f58e9a5
794,,sprites/DefineSprite_794/3.png,375,158,6,True,1467,ea0d0598a70efe0ff6b33da7562fb49c34d7047e507804faeadeda394d85ef0d
794,,sprites/DefineSprite_794/30.png,375,158,6,True,3201,682947dd99d6484b3dc8ad4f1118a44279e581ab6b93753f3babc1fa9524ab83
794,,sprites/DefineSprite_794/31.png,375,158,6,True,1473,6219d07dbbdab8f95c94699ee1325d80ec867a620482c0ddc11d808b94c6c19a
794,,sprites/DefineSprite_794/32.png,375,158,6,True,3223,4a0c7ef189e5e144b616ee285ea551287258ccc91b25318d0b952c4954df906a
794,,sprites/DefineSprite_794/33.png,375,158,6,True,1480,ee3ad1d85b426c137351f0e60b73d7d1656cb0e09dade5b6b33e10a8ffb5a112
794,,sprites/DefineSprite_794/34.png,375,158,6,True,3270,6366ae41affbeba1aab380436258ae8bb5c6b45a977adbc5adcbf2a58aea83ed
794,,sprites/DefineSprite_794/35.png,375,158,6,True,1473,6219d07dbbdab8f95c94699ee1325d80ec867a620482c0ddc11d808b94c6c19a
794,,sprites/DefineSprite_794/36.png,375,158,6,True,3260,3532560700e4f65b5feda26bd0e4fa15d3856c20781f279608d9d1bae6582588
794,,sprites/DefineSprite_794/37.png,375,158,6,True,1472,b5d90c3fdb4846cdb5707e1bd23d045ad5cc8ac39e678013fd4db133cbf8dc14
794,,sprites/DefineSprite_794/38.png,375,158,6,True,3261,e3543204c9d9b863f891b0584068db608251f43c204b2824dcc1afd7fec4bb68
794,,sprites/DefineSprite_794/39.png,375,158,6,True,1473,6219d07dbbdab8f95c94699ee1325d80ec867a620482c0ddc11d808b94c6c19a
794,,sprites/DefineSprite_794/4.png,375,158,6,True,3160,dbcc6e743e4525ebfb09b4c68fb0af155e014ba7f8e00b3fae47af798cf4b857
794,,sprites/DefineSprite_794/40.png,375,158,6,True,3261,e3543204c9d9b863f891b0584068db608251f43c204b2824dcc1afd7fec4bb68
794,,sprites/DefineSprite_794/41.png,375,158,6,True,1473,6219d07dbbdab8f95c94699ee1325d80ec867a620482c0ddc11d808b94c6c19a
794,,sprites/DefineSprite_794/42.png,375,158,6,True,3287,e9d67beb315ad317894b298944f5fb1532c83cb8df4240da0fe0fb8cbb001179
794,,sprites/DefineSprite_794/43.png,375,158,6,True,1480,72788bf12112e44b847542ef0a415e25a3715ecfba8f074453175b62ffbfbb37
794,,sprites/DefineSprite_794/44.png,375,158,6,True,3329,b798cd614965d89a0413494f2c0834b4635d3daf31e9d1ed8aea372fc8f074a6
794,,sprites/DefineSprite_794/45.png,375,158,6,True,1473,6219d07dbbdab8f95c94699ee1325d80ec867a620482c0ddc11d808b94c6c19a
794,,sprites/DefineSprite_794/46.png,375,158,6,True,3320,0f2d89156bd898a6781c43460232fd834d1b4126f10aa13fb7e004941f69a2eb
794,,sprites/DefineSprite_794/47.png,375,158,6,True,1472,6c010d9b4c6d36bea60abd9650bdd26da3c9b460cd84724d47be7ab990a29534
794,,sprites/DefineSprite_794/48.png,375,158,6,True,3321,283f0f7570085c26219a117d1a51141835df6c62f4f3bb35c2e29a55bf3b098f
794,,sprites/DefineSprite_794/49.png,375,158,6,True,1473,6219d07dbbdab8f95c94699ee1325d80ec867a620482c0ddc11d808b94c6c19a
794,,sprites/DefineSprite_794/5.png,375,158,6,True,1445,4a79950d54dbcf7cc822118e29b9d82ca077164e5b7f48dee5ebeaa62fc4df57
794,,sprites/DefineSprite_794/50.png,375,158,6,True,3321,283f0f7570085c26219a117d1a51141835df6c62f4f3bb35c2e29a55bf3b098f
794,,sprites/DefineSprite_794/51.png,375,158,6,True,1473,6219d07dbbdab8f95c94699ee1325d80ec867a620482c0ddc11d808b94c6c19a
794,,sprites/DefineSprite_794/52.png,375,158,6,True,3421,71ce1a3a3ca2ee5acb55754a99bb3673d8fe72dc87a13c5dc8212024640e3bb9
794,,sprites/DefineSprite_794/53.png,375,158,6,True,1480,661fc4f6910eb2b53a4733fbac1bf2711120d2ed9458b493cbcf231d56ae41f3
794,,sprites/DefineSprite_794/54.png,375,158,6,True,3447,d4b2268f0f9c164a69687cdfe8b6706abccd4df9807a3e667f98733ed13b89fe
794,,sprites/DefineSprite_794/55.png,375,158,6,True,1473,6219d07dbbdab8f95c94699ee1325d80ec867a620482c0ddc11d808b94c6c19a
794,,sprites/DefineSprite_794/56.png,375,158,6,True,3433,04633b5342e803f5b56726697b8eb633c89ed6970f4d833bf6542af787d48647
794,,sprites/DefineSprite_794/57.png,375,158,6,True,1472,f46bf3e27090c9e1c9b3920755da32f18fb6e8d42923f1c566dee497488ae8e3
794,,sprites/DefineSprite_794/58.png,375,158,6,True,3433,75ae8a10eb35189df37411882943c92be624708aeb7521a5b48b94bd0379a6af
794,,sprites/DefineSprite_794/59.png,375,158,6,True,1473,6219d07dbbdab8f95c94699ee1325d80ec867a620482c0ddc11d808b94c6c19a
794,,sprites/DefineSprite_794/6.png,375,158,6,True,3136,4975ada49f15fd138b3336de9e70550c4da069ac4358a1079ca3997aaed64c32
794,,sprites/DefineSprite_794/60.png,375,158,6,True,3433,75ae8a10eb35189df37411882943c92be624708aeb7521a5b48b94bd0379a6af
794,,sprites/DefineSprite_794/61.png,375,158,6,True,1473,6219d07dbbdab8f95c94699ee1325d80ec867a620482c0ddc11d808b94c6c19a
794,,sprites/DefineSprite_794/62.png,375,158,6,True,3448,ec006ba550f3125adac1aeb5ed64b7f50b5491b7e6e161385ba5044e2c70ab3c
794,,sprites/DefineSprite_794/63.png,375,158,6,True,1475,12cc9dba23ecaae7b6150772a4babd4089e045a68318834b34a501ea1947f386
794,,sprites/DefineSprite_794/64.png,375,158,6,True,3505,30479138b1beae152e9149e20c098b5b5d18079e56a36ad2502f7d6285633fc6
794,,sprites/DefineSprite_794/65.png,375,158,6,True,1473,6219d07dbbdab8f95c94699ee1325d80ec867a620482c0ddc11d808b94c6c19a
794,,sprites/DefineSprite_794/66.png,375,158,6,True,3498,2e02f745b59310614b10768efa84d030b9f0204585be421ca2242d47654bcb89
794,,sprites/DefineSprite_794/67.png,375,158,6,True,1472,7546f618c00cd6b897d9605982639ae07aa4833ad9e884deb9cdb14411ab0cac
794,,sprites/DefineSprite_794/68.png,375,158,6,True,3499,5324cb0244b00451a92bb9ceb4823605d7b054848b41c0f4d1410725214c640b
794,,sprites/DefineSprite_794/69.png,375,158,6,True,1473,6219d07dbbdab8f95c94699ee1325d80ec867a620482c0ddc11d808b94c6c19a
794,,sprites/DefineSprite_794/7.png,375,158,6,True,1445,4a79950d54dbcf7cc822118e29b9d82ca077164e5b7f48dee5ebeaa62fc4df57
794,,sprites/DefineSprite_794/70.png,375,158,6,True,3499,5324cb0244b00451a92bb9ceb4823605d7b054848b41c0f4d1410725214c640b
794,,sprites/DefineSprite_794/71.png,375,158,6,True,1473,6219d07dbbdab8f95c94699ee1325d80ec867a620482c0ddc11d808b94c6c19a
794,,sprites/DefineSprite_794/72.png,375,158,6,True,3499,5324cb0244b00451a92bb9ceb4823605d7b054848b41c0f4d1410725214c640b
794,,sprites/DefineSprite_794/73.png,375,158,6,True,1473,6219d07dbbdab8f95c94699ee1325d80ec867a620482c0ddc11d808b94c6c19a
794,,sprites/DefineSprite_794/74.png,375,158,6,True,3499,5324cb0244b00451a92bb9ceb4823605d7b054848b41c0f4d1410725214c640b
794,,sprites/DefineSprite_794/75.png,375,158,6,True,1473,6219d07dbbdab8f95c94699ee1325d80ec867a620482c0ddc11d808b94c6c19a
794,,sprites/DefineSprite_794/76.png,375,158,6,True,3499,5324cb0244b00451a92bb9ceb4823605d7b054848b41c0f4d1410725214c640b
794,,sprites/DefineSprite_794/77.png,375,158,6,True,1473,6219d07dbbdab8f95c94699ee1325d80ec867a620482c0ddc11d808b94c6c19a
794,,sprites/DefineSprite_794/78.png,375,158,6,True,3499,5324cb0244b00451a92bb9ceb4823605d7b054848b41c0f4d1410725214c640b
794,,sprites/DefineSprite_794/79.png,375,158,6,True,1473,6219d07dbbdab8f95c94699ee1325d80ec867a620482c0ddc11d808b94c6c19a
794,,sprites/DefineSprite_794/8.png,375,158,6,True,3137,7387a1d3bcffa24aa9df83a930a6087e0bc70336b7e8f5312ef3dd5f9c7161b5
794,,sprites/DefineSprite_794/80.png,375,158,6,True,3499,5324cb0244b00451a92bb9ceb4823605d7b054848b41c0f4d1410725214c640b
794,,sprites/DefineSprite_794/81.png,375,158,6,True,1473,6219d07dbbdab8f95c94699ee1325d80ec867a620482c0ddc11d808b94c6c19a
794,,sprites/DefineSprite_794/82.png,375,158,6,True,3499,5324cb0244b00451a92bb9ceb4823605d7b054848b41c0f4d1410725214c640b
794,,sprites/DefineSprite_794/83.png,375,158,6,True,1473,6219d07dbbdab8f95c94699ee1325d80ec867a620482c0ddc11d808b94c6c19a
794,,sprites/DefineSprite_794/84.png,375,158,6,True,3499,5324cb0244b00451a92bb9ceb4823605d7b054848b41c0f4d1410725214c640b
794,,sprites/DefineSprite_794/85.png,375,158,6,True,1473,6219d07dbbdab8f95c94699ee1325d80ec867a620482c0ddc11d808b94c6c19a
794,,sprites/DefineSprite_794/86.png,375,158,6,True,3499,5324cb0244b00451a92bb9ceb4823605d7b054848b41c0f4d1410725214c640b
794,,sprites/DefineSprite_794/87.png,375,158,6,True,1473,6219d07dbbdab8f95c94699ee1325d80ec867a620482c0ddc11d808b94c6c19a
794,,sprites/DefineSprite_794/88.png,375,158,6,True,3499,5324cb0244b00451a92bb9ceb4823605d7b054848b41c0f4d1410725214c640b
794,,sprites/DefineSprite_794/89.png,375,158,6,True,1473,6219d07dbbdab8f95c94699ee1325d80ec867a620482c0ddc11d808b94c6c19a
794,,sprites/DefineSprite_794/9.png,375,158,6,True,1445,4a79950d54dbcf7cc822118e29b9d82ca077164e5b7f48dee5ebeaa62fc4df57
794,,sprites/DefineSprite_794/90.png,375,158,6,True,3499,5324cb0244b00451a92bb9ceb4823605d7b054848b41c0f4d1410725214c640b
794,,sprites/DefineSprite_794/91.png,375,158,6,True,1473,6219d07dbbdab8f95c94699ee1325d80ec867a620482c0ddc11d808b94c6c19a
794,,sprites/DefineSprite_794/92.png,375,158,6,True,3499,5324cb0244b00451a92bb9ceb4823605d7b054848b41c0f4d1410725214c640b
794,,sprites/DefineSprite_794/93.png,375,158,6,True,1473,6219d07dbbdab8f95c94699ee1325d80ec867a620482c0ddc11d808b94c6c19a
794,,sprites/DefineSprite_794/94.png,375,158,6,True,3499,5324cb0244b00451a92bb9ceb4823605d7b054848b41c0f4d1410725214c640b
794,,sprites/DefineSprite_794/95.png,375,158,6,True,1473,6219d07dbbdab8f95c94699ee1325d80ec867a620482c0ddc11d808b94c6c19a
794,,sprites/DefineSprite_794/96.png,375,158,6,True,3499,5324cb0244b00451a92bb9ceb4823605d7b054848b41c0f4d1410725214c640b
794,,sprites/DefineSprite_794/97.png,375,158,6,True,1473,6219d07dbbdab8f95c94699ee1325d80ec867a620482c0ddc11d808b94c6c19a
794,,sprites/DefineSprite_794/98.png,375,158,6,True,3499,5324cb0244b00451a92bb9ceb4823605d7b054848b41c0f4d1410725214c640b
794,,sprites/DefineSprite_794/99.png,375,158,6,True,1473,6219d07dbbdab8f95c94699ee1325d80ec867a620482c0ddc11d808b94c6c19a
795,,sprites/DefineSprite_795/1.png,375,158,6,True,469,0c010c6e2920553b604be77aaa1ebf808d8156b50c0684a01fa1edb974806a06
796,,sprites/DefineSprite_796/1.png,375,158,6,True,1388,ac9994b46e270e7c90d47f4b44e7ac21c5bee0b1f583c8eb89fc168ff0f2ca20
796,,sprites/DefineSprite_796/10.png,375,158,6,True,3136,ff2287f92780e97ba1a427165f5e987af1326e8af5a01f6a9721e04c33d282b3
796,,sprites/DefineSprite_796/100.png,375,158,6,True,3499,5324cb0244b00451a92bb9ceb4823605d7b054848b41c0f4d1410725214c640b
796,,sprites/DefineSprite_796/101.png,375,158,6,True,1473,6219d07dbbdab8f95c94699ee1325d80ec867a620482c0ddc11d808b94c6c19a
796,,sprites/DefineSprite_796/102.png,375,158,6,True,3499,5324cb0244b00451a92bb9ceb4823605d7b054848b41c0f4d1410725214c640b
796,,sprites/DefineSprite_796/103.png,375,158,6,True,1473,6219d07dbbdab8f95c94699ee1325d80ec867a620482c0ddc11d808b94c6c19a
796,,sprites/DefineSprite_796/104.png,375,158,6,True,3499,5324cb0244b00451a92bb9ceb4823605d7b054848b41c0f4d1410725214c640b
796,,sprites/DefineSprite_796/105.png,375,158,6,True,1473,6219d07dbbdab8f95c94699ee1325d80ec867a620482c0ddc11d808b94c6c19a
796,,sprites/DefineSprite_796/106.png,375,158,6,True,3499,5324cb0244b00451a92bb9ceb4823605d7b054848b41c0f4d1410725214c640b
796,,sprites/DefineSprite_796/107.png,375,158,6,True,1473,6219d07dbbdab8f95c94699ee1325d80ec867a620482c0ddc11d808b94c6c19a
796,,sprites/DefineSprite_796/108.png,375,158,6,True,3499,5324cb0244b00451a92bb9ceb4823605d7b054848b41c0f4d1410725214c640b
796,,sprites/DefineSprite_796/109.png,375,158,6,True,1473,6219d07dbbdab8f95c94699ee1325d80ec867a620482c0ddc11d808b94c6c19a
796,,sprites/DefineSprite_796/11.png,375,158,6,True,1512,769c9feb7f990db899ad910406b4f2bce491c8cfb9547a554fa5ecff7d88de42
796,,sprites/DefineSprite_796/110.png,375,158,6,True,3499,5324cb0244b00451a92bb9ceb4823605d7b054848b41c0f4d1410725214c640b
796,,sprites/DefineSprite_796/111.png,375,158,6,True,1473,6219d07dbbdab8f95c94699ee1325d80ec867a620482c0ddc11d808b94c6c19a
796,,sprites/DefineSprite_796/112.png,375,158,6,True,3499,5324cb0244b00451a92bb9ceb4823605d7b054848b41c0f4d1410725214c640b
796,,sprites/DefineSprite_796/113.png,375,158,6,True,1473,6219d07dbbdab8f95c94699ee1325d80ec867a620482c0ddc11d808b94c6c19a
796,,sprites/DefineSprite_796/114.png,375,158,6,True,3499,5324cb0244b00451a92bb9ceb4823605d7b054848b41c0f4d1410725214c640b
796,,sprites/DefineSprite_796/115.png,375,158,6,True,1473,6219d07dbbdab8f95c94699ee1325d80ec867a620482c0ddc11d808b94c6c19a
796,,sprites/DefineSprite_796/116.png,375,158,6,True,3499,5324cb0244b00451a92bb9ceb4823605d7b054848b41c0f4d1410725214c640b
796,,sprites/DefineSprite_796/117.png,375,158,6,True,1473,6219d07dbbdab8f95c94699ee1325d80ec867a620482c0ddc11d808b94c6c19a
796,,sprites/DefineSprite_796/118.png,375,158,6,True,3499,5324cb0244b00451a92bb9ceb4823605d7b054848b41c0f4d1410725214c640b
796,,sprites/DefineSprite_796/119.png,375,158,6,True,1473,6219d07dbbdab8f95c94699ee1325d80ec867a620482c0ddc11d808b94c6c19a
796,,sprites/DefineSprite_796/12.png,375,158,6,True,3208,920b8bb05c960cd7891f86f8ecef970c4f7c1425ee7566e2deff9a7cec7b13d1
796,,sprites/DefineSprite_796/120.png,375,158,6,True,3499,5324cb0244b00451a92bb9ceb4823605d7b054848b41c0f4d1410725214c640b
796,,sprites/DefineSprite_796/121.png,375,158,6,True,1473,6219d07dbbdab8f95c94699ee1325d80ec867a620482c0ddc11d808b94c6c19a
796,,sprites/DefineSprite_796/122.png,375,158,6,True,3499,5324cb0244b00451a92bb9ceb4823605d7b054848b41c0f4d1410725214c640b
796,,sprites/DefineSprite_796/123.png,375,158,6,True,1473,6219d07dbbdab8f95c94699ee1325d80ec867a620482c0ddc11d808b94c6c19a
796,,sprites/DefineSprite_796/124.png,375,158,6,True,3499,5324cb0244b00451a92bb9ceb4823605d7b054848b41c0f4d1410725214c640b
796,,sprites/DefineSprite_796/125.png,375,158,6,True,1473,6219d07dbbdab8f95c94699ee1325d80ec867a620482c0ddc11d808b94c6c19a
796,,sprites/DefineSprite_796/126.png,375,158,6,True,3499,5324cb0244b00451a92bb9ceb4823605d7b054848b41c0f4d1410725214c640b
796,,sprites/DefineSprite_796/127.png,375,158,6,True,1473,6219d07dbbdab8f95c94699ee1325d80ec867a620482c0ddc11d808b94c6c19a
796,,sprites/DefineSprite_796/128.png,375,158,6,True,3499,5324cb0244b00451a92bb9ceb4823605d7b054848b41c0f4d1410725214c640b
796,,sprites/DefineSprite_796/129.png,375,158,6,True,1473,6219d07dbbdab8f95c94699ee1325d80ec867a620482c0ddc11d808b94c6c19a
796,,sprites/DefineSprite_796/13.png,375,158,6,True,1500,1346572b28f43e2d5dff6174d865f7b8c30e9e87f70b2a84078aa3227b844a65
796,,sprites/DefineSprite_796/130.png,375,158,6,True,3499,5324cb0244b00451a92bb9ceb4823605d7b054848b41c0f4d1410725214c640b
796,,sprites/DefineSprite_796/131.png,375,158,6,True,1473,6219d07dbbdab8f95c94699ee1325d80ec867a620482c0ddc11d808b94c6c19a
796,,sprites/DefineSprite_796/132.png,375,158,6,True,3499,5324cb0244b00451a92bb9ceb4823605d7b054848b41c0f4d1410725214c640b
796,,sprites/DefineSprite_796/133.png,375,158,6,True,1473,6219d07dbbdab8f95c94699ee1325d80ec867a620482c0ddc11d808b94c6c19a
796,,sprites/DefineSprite_796/134.png,375,158,6,True,3499,5324cb0244b00451a92bb9ceb4823605d7b054848b41c0f4d1410725214c640b
796,,sprites/DefineSprite_796/135.png,375,158,6,True,1473,6219d07dbbdab8f95c94699ee1325d80ec867a620482c0ddc11d808b94c6c19a
796,,sprites/DefineSprite_796/136.png,375,158,6,True,3499,5324cb0244b00451a92bb9ceb4823605d7b054848b41c0f4d1410725214c640b
796,,sprites/DefineSprite_796/137.png,375,158,6,True,1473,6219d07dbbdab8f95c94699ee1325d80ec867a620482c0ddc11d808b94c6c19a
796,,sprites/DefineSprite_796/138.png,375,158,6,True,3499,5324cb0244b00451a92bb9ceb4823605d7b054848b41c0f4d1410725214c640b
796,,sprites/DefineSprite_796/139.png,375,158,6,True,1473,6219d07dbbdab8f95c94699ee1325d80ec867a620482c0ddc11d808b94c6c19a
796,,sprites/DefineSprite_796/14.png,375,158,6,True,3195,8d37806fd557dc9668d1bd22cf225ca3da4119d45b8e901ef696a6a49b888143
796,,sprites/DefineSprite_796/140.png,375,158,6,True,3499,5324cb0244b00451a92bb9ceb4823605d7b054848b41c0f4d1410725214c640b
796,,sprites/DefineSprite_796/141.png,375,158,6,True,1473,6219d07dbbdab8f95c94699ee1325d80ec867a620482c0ddc11d808b94c6c19a
796,,sprites/DefineSprite_796/142.png,375,158,6,True,3499,5324cb0244b00451a92bb9ceb4823605d7b054848b41c0f4d1410725214c640b
796,,sprites/DefineSprite_796/143.png,375,158,6,True,1473,6219d07dbbdab8f95c94699ee1325d80ec867a620482c0ddc11d808b94c6c19a
796,,sprites/DefineSprite_796/144.png,375,158,6,True,3499,5324cb0244b00451a92bb9ceb4823605d7b054848b41c0f4d1410725214c640b
796,,sprites/DefineSprite_796/145.png,375,158,6,True,1473,6219d07dbbdab8f95c94699ee1325d80ec867a620482c0ddc11d808b94c6c19a
796,,sprites/DefineSprite_796/146.png,375,158,6,True,3499,5324cb0244b00451a92bb9ceb4823605d7b054848b41c0f4d1410725214c640b
796,,sprites/DefineSprite_796/147.png,375,158,6,True,1473,6219d07dbbdab8f95c94699ee1325d80ec867a620482c0ddc11d808b94c6c19a
796,,sprites/DefineSprite_796/148.png,375,158,6,True,3499,5324cb0244b00451a92bb9ceb4823605d7b054848b41c0f4d1410725214c640b
796,,sprites/DefineSprite_796/149.png,375,158,6,True,1473,6219d07dbbdab8f95c94699ee1325d80ec867a620482c0ddc11d808b94c6c19a
796,,sprites/DefineSprite_796/15.png,375,158,6,True,1503,0e5b46ab65f16200b7d003163fb6639bd2a4fd0a701bb2acb207f7a37e2933eb
796,,sprites/DefineSprite_796/150.png,375,158,6,True,3499,5324cb0244b00451a92bb9ceb4823605d7b054848b41c0f4d1410725214c640b
796,,sprites/DefineSprite_796/151.png,375,158,6,True,1473,6219d07dbbdab8f95c94699ee1325d80ec867a620482c0ddc11d808b94c6c19a
796,,sprites/DefineSprite_796/152.png,375,158,6,True,3499,5324cb0244b00451a92bb9ceb4823605d7b054848b41c0f4d1410725214c640b
796,,sprites/DefineSprite_796/153.png,375,158,6,True,1473,6219d07dbbdab8f95c94699ee1325d80ec867a620482c0ddc11d808b94c6c19a
796,,sprites/DefineSprite_796/154.png,375,158,6,True,3499,5324cb0244b00451a92bb9ceb4823605d7b054848b41c0f4d1410725214c640b
796,,sprites/DefineSprite_796/155.png,375,158,6,True,1473,6219d07dbbdab8f95c94699ee1325d80ec867a620482c0ddc11d808b94c6c19a
796,,sprites/DefineSprite_796/156.png,375,158,6,True,3499,5324cb0244b00451a92bb9ceb4823605d7b054848b41c0f4d1410725214c640b
796,,sprites/DefineSprite_796/157.png,375,158,6,True,1473,6219d07dbbdab8f95c94699ee1325d80ec867a620482c0ddc11d808b94c6c19a
796,,sprites/DefineSprite_796/158.png,375,158,6,True,3499,5324cb0244b00451a92bb9ceb4823605d7b054848b41c0f4d1410725214c640b
796,,sprites/DefineSprite_796/159.png,375,158,6,True,1473,6219d07dbbdab8f95c94699ee1325d80ec867a620482c0ddc11d808b94c6c19a
796,,sprites/DefineSprite_796/16.png,375,158,6,True,3195,6824486067b788eb4bf38d52453f77b241e9726db2ccae0cb7d7ee315b9eb5d7
796,,sprites/DefineSprite_796/160.png,375,158,6,True,3499,5324cb0244b00451a92bb9ceb4823605d7b054848b41c0f4d1410725214c640b
796,,sprites/DefineSprite_796/161.png,375,158,6,True,1473,6219d07dbbdab8f95c94699ee1325d80ec867a620482c0ddc11d808b94c6c19a
796,,sprites/DefineSprite_796/162.png,375,158,6,True,3499,5324cb0244b00451a92bb9ceb4823605d7b054848b41c0f4d1410725214c640b
796,,sprites/DefineSprite_796/163.png,375,158,6,True,1473,6219d07dbbdab8f95c94699ee1325d80ec867a620482c0ddc11d808b94c6c19a
796,,sprites/DefineSprite_796/164.png,375,158,6,True,3499,5324cb0244b00451a92bb9ceb4823605d7b054848b41c0f4d1410725214c640b
796,,sprites/DefineSprite_796/165.png,375,158,6,True,1473,6219d07dbbdab8f95c94699ee1325d80ec867a620482c0ddc11d808b94c6c19a
796,,sprites/DefineSprite_796/166.png,375,158,6,True,3499,5324cb0244b00451a92bb9ceb4823605d7b054848b41c0f4d1410725214c640b
796,,sprites/DefineSprite_796/167.png,375,158,6,True,1473,6219d07dbbdab8f95c94699ee1325d80ec867a620482c0ddc11d808b94c6c19a
796,,sprites/DefineSprite_796/168.png,375,158,6,True,3499,5324cb0244b00451a92bb9ceb4823605d7b054848b41c0f4d1410725214c640b
796,,sprites/DefineSprite_796/169.png,375,158,6,True,1473,6219d07dbbdab8f95c94699ee1325d80ec867a620482c0ddc11d808b94c6c19a
796,,sprites/DefineSprite_796/17.png,375,158,6,True,1499,2fadc036a2a635a7c10b268a3fc6e41c69d2cbacffca75569ace47272c4bfe04
796,,sprites/DefineSprite_796/170.png,375,158,6,True,3499,5324cb0244b00451a92bb9ceb4823605d7b054848b41c0f4d1410725214c640b
796,,sprites/DefineSprite_796/171.png,375,158,6,True,1473,6219d07dbbdab8f95c94699ee1325d80ec867a620482c0ddc11d808b94c6c19a
796,,sprites/DefineSprite_796/172.png,375,158,6,True,3499,5324cb0244b00451a92bb9ceb4823605d7b054848b41c0f4d1410725214c640b
796,,sprites/DefineSprite_796/173.png,375,158,6,True,1473,6219d07dbbdab8f95c94699ee1325d80ec867a620482c0ddc11d808b94c6c19a
796,,sprites/DefineSprite_796/174.png,375,158,6,True,3499,5324cb0244b00451a92bb9ceb4823605d7b054848b41c0f4d1410725214c640b
796,,sprites/DefineSprite_796/175.png,375,158,6,True,1473,6219d07dbbdab8f95c94699ee1325d80ec867a620482c0ddc11d808b94c6c19a
796,,sprites/DefineSprite_796/176.png,375,158,6,True,3499,5324cb0244b00451a92bb9ceb4823605d7b054848b41c0f4d1410725214c640b
796,,sprites/DefineSprite_796/177.png,375,158,6,True,1473,6219d07dbbdab8f95c94699ee1325d80ec867a620482c0ddc11d808b94c6c19a
796,,sprites/DefineSprite_796/178.png,375,158,6,True,3499,5324cb0244b00451a92bb9ceb4823605d7b054848b41c0f4d1410725214c640b
796,,sprites/DefineSprite_796/179.png,375,158,6,True,1473,6219d07dbbdab8f95c94699ee1325d80ec867a620482c0ddc11d808b94c6c19a
796,,sprites/DefineSprite_796/18.png,375,158,6,True,3198,4572080a5d80a67b77737789bf2e6df780f4fe021ce1dbbeb914ed2447da5d08
796,,sprites/DefineSprite_796/180.png,375,158,6,True,3499,5324cb0244b00451a92bb9ceb4823605d7b054848b41c0f4d1410725214c640b
796,,sprites/DefineSprite_796/181.png,375,158,6,True,1473,6219d07dbbdab8f95c94699ee1325d80ec867a620482c0ddc11d808b94c6c19a
796,,sprites/DefineSprite_796/182.png,375,158,6,True,3499,5324cb0244b00451a92bb9ceb4823605d7b054848b41c0f4d1410725214c640b
796,,sprites/DefineSprite_796/183.png,375,158,6,True,1473,6219d07dbbdab8f95c94699ee1325d80ec867a620482c0ddc11d808b94c6c19a
796,,sprites/DefineSprite_796/184.png,375,158,6,True,3499,5324cb0244b00451a92bb9ceb4823605d7b054848b41c0f4d1410725214c640b
796,,sprites/DefineSprite_796/185.png,375,158,6,True,1473,6219d07dbbdab8f95c94699ee1325d80ec867a620482c0ddc11d808b94c6c19a
796,,sprites/DefineSprite_796/186.png,375,158,6,True,3499,5324cb0244b00451a92bb9ceb4823605d7b054848b41c0f4d1410725214c640b
796,,sprites/DefineSprite_796/187.png,375,158,6,True,1473,6219d07dbbdab8f95c94699ee1325d80ec867a620482c0ddc11d808b94c6c19a
796,,sprites/DefineSprite_796/188.png,375,158,6,True,3499,5324cb0244b00451a92bb9ceb4823605d7b054848b41c0f4d1410725214c640b
796,,sprites/DefineSprite_796/189.png,375,158,6,True,1473,6219d07dbbdab8f95c94699ee1325d80ec867a620482c0ddc11d808b94c6c19a
796,,sprites/DefineSprite_796/19.png,375,158,6,True,1503,0e5b46ab65f16200b7d003163fb6639bd2a4fd0a701bb2acb207f7a37e2933eb
796,,sprites/DefineSprite_796/190.png,375,158,6,True,3499,5324cb0244b00451a92bb9ceb4823605d7b054848b41c0f4d1410725214c640b
796,,sprites/DefineSprite_796/191.png,375,158,6,True,1473,6219d07dbbdab8f95c94699ee1325d80ec867a620482c0ddc11d808b94c6c19a
796,,sprites/DefineSprite_796/192.png,375,158,6,True,3499,5324cb0244b00451a92bb9ceb4823605d7b054848b41c0f4d1410725214c640b
796,,sprites/DefineSprite_796/193.png,375,158,6,True,1473,6219d07dbbdab8f95c94699ee1325d80ec867a620482c0ddc11d808b94c6c19a
796,,sprites/DefineSprite_796/194.png,375,158,6,True,3499,5324cb0244b00451a92bb9ceb4823605d7b054848b41c0f4d1410725214c640b
796,,sprites/DefineSprite_796/195.png,375,158,6,True,1473,6219d07dbbdab8f95c94699ee1325d80ec867a620482c0ddc11d808b94c6c19a
796,,sprites/DefineSprite_796/196.png,375,158,6,True,3499,5324cb0244b00451a92bb9ceb4823605d7b054848b41c0f4d1410725214c640b
796,,sprites/DefineSprite_796/197.png,375,158,6,True,1473,6219d07dbbdab8f95c94699ee1325d80ec867a620482c0ddc11d808b94c6c19a
796,,sprites/DefineSprite_796/198.png,375,158,6,True,3499,5324cb0244b00451a92bb9ceb4823605d7b054848b41c0f4d1410725214c640b
796,,sprites/DefineSprite_796/199.png,375,158,6,True,1473,6219d07dbbdab8f95c94699ee1325d80ec867a620482c0ddc11d808b94c6c19a
796,,sprites/DefineSprite_796/2.png,375,158,6,True,3123,2ebdf1fab0f2c988ff40509e4164e8c9aaecf3830d3dc0325e56eb41b2336857
796,,sprites/DefineSprite_796/20.png,375,158,6,True,3189,1d8365db6b11701f4160737bd4c60489e5e572f1163eb36198bb1590e36823c3
796,,sprites/DefineSprite_796/200.png,375,158,6,True,3499,5324cb0244b00451a92bb9ceb4823605d7b054848b41c0f4d1410725214c640b
796,,sprites/DefineSprite_796/21.png,375,158,6,True,1499,61eecb422b5075a07f0dcf0c03499cff4f999171772a6f6008acdf7e0f58e9a5
796,,sprites/DefineSprite_796/22.png,375,158,6,True,3226,500bf7c0324fc24f5ece8f4168e625f151d31cb75eb289175af17dc2ec9c4622
796,,sprites/DefineSprite_796/23.png,375,158,6,True,1500,2eda5dc0e7e1c4769d40c44e1a40babf8a8aca4cb7dba5ed828d93b23ef6f682
796,,sprites/DefineSprite_796/24.png,375,158,6,True,3231,5829225c287ab59f9fee1c5458bce00c8f1676a572b67d1f205a74581ddea9aa
796,,sprites/DefineSprite_796/25.png,375,158,6,True,1499,61eecb422b5075a07f0dcf0c03499cff4f999171772a6f6008acdf7e0f58e9a5
796,,sprites/DefineSprite_796/26.png,375,158,6,True,3228,738ffea06893232132448d1e8e544f571b47249b28e0505c79a095b31d9d76ec
796,,sprites/DefineSprite_796/27.png,375,158,6,True,1497,acc97ae70432416b3e9b348b934db071fbc547043b9c45372b8f9ca7e22d186d
796,,sprites/DefineSprite_796/28.png,375,158,6,True,3229,979316f47a20ffa70bcfa5716bd916d8d30571488c453daaef2623564648e672
796,,sprites/DefineSprite_796/29.png,375,158,6,True,1499,61eecb422b5075a07f0dcf0c03499cff4f999171772a6f6008acdf7e0f58e9a5
796,,sprites/DefineSprite_796/3.png,375,158,6,True,1467,ea0d0598a70efe0ff6b33da7562fb49c34d7047e507804faeadeda394d85ef0d
796,,sprites/DefineSprite_796/30.png,375,158,6,True,3201,682947dd99d6484b3dc8ad4f1118a44279e581ab6b93753f3babc1fa9524ab83
796,,sprites/DefineSprite_796/31.png,375,158,6,True,1473,6219d07dbbdab8f95c94699ee1325d80ec867a620482c0ddc11d808b94c6c19a
796,,sprites/DefineSprite_796/32.png,375,158,6,True,3223,4a0c7ef189e5e144b616ee285ea551287258ccc91b25318d0b952c4954df906a
796,,sprites/DefineSprite_796/33.png,375,158,6,True,1480,ee3ad1d85b426c137351f0e60b73d7d1656cb0e09dade5b6b33e10a8ffb5a112
796,,sprites/DefineSprite_796/34.png,375,158,6,True,3270,6366ae41affbeba1aab380436258ae8bb5c6b45a977adbc5adcbf2a58aea83ed
796,,sprites/DefineSprite_796/35.png,375,158,6,True,1473,6219d07dbbdab8f95c94699ee1325d80ec867a620482c0ddc11d808b94c6c19a
796,,sprites/DefineSprite_796/36.png,375,158,6,True,3260,3532560700e4f65b5feda26bd0e4fa15d3856c20781f279608d9d1bae6582588
796,,sprites/DefineSprite_796/37.png,375,158,6,True,1472,b5d90c3fdb4846cdb5707e1bd23d045ad5cc8ac39e678013fd4db133cbf8dc14
796,,sprites/DefineSprite_796/38.png,375,158,6,True,3261,e3543204c9d9b863f891b0584068db608251f43c204b2824dcc1afd7fec4bb68
796,,sprites/DefineSprite_796/39.png,375,158,6,True,1473,6219d07dbbdab8f95c94699ee1325d80ec867a620482c0ddc11d808b94c6c19a
796,,sprites/DefineSprite_796/4.png,375,158,6,True,3160,dbcc6e743e4525ebfb09b4c68fb0af155e014ba7f8e00b3fae47af798cf4b857
796,,sprites/DefineSprite_796/40.png,375,158,6,True,3261,e3543204c9d9b863f891b0584068db608251f43c204b2824dcc1afd7fec4bb68
796,,sprites/DefineSprite_796/41.png,375,158,6,True,1473,6219d07dbbdab8f95c94699ee1325d80ec867a620482c0ddc11d808b94c6c19a
796,,sprites/DefineSprite_796/42.png,375,158,6,True,3287,e9d67beb315ad317894b298944f5fb1532c83cb8df4240da0fe0fb8cbb001179
796,,sprites/DefineSprite_796/43.png,375,158,6,True,1480,72788bf12112e44b847542ef0a415e25a3715ecfba8f074453175b62ffbfbb37
796,,sprites/DefineSprite_796/44.png,375,158,6,True,3329,b798cd614965d89a0413494f2c0834b4635d3daf31e9d1ed8aea372fc8f074a6
796,,sprites/DefineSprite_796/45.png,375,158,6,True,1473,6219d07dbbdab8f95c94699ee1325d80ec867a620482c0ddc11d808b94c6c19a
796,,sprites/DefineSprite_796/46.png,375,158,6,True,3320,0f2d89156bd898a6781c43460232fd834d1b4126f10aa13fb7e004941f69a2eb
796,,sprites/DefineSprite_796/47.png,375,158,6,True,1472,6c010d9b4c6d36bea60abd9650bdd26da3c9b460cd84724d47be7ab990a29534
796,,sprites/DefineSprite_796/48.png,375,158,6,True,3321,283f0f7570085c26219a117d1a51141835df6c62f4f3bb35c2e29a55bf3b098f
796,,sprites/DefineSprite_796/49.png,375,158,6,True,1473,6219d07dbbdab8f95c94699ee1325d80ec867a620482c0ddc11d808b94c6c19a
796,,sprites/DefineSprite_796/5.png,375,158,6,True,1445,4a79950d54dbcf7cc822118e29b9d82ca077164e5b7f48dee5ebeaa62fc4df57
796,,sprites/DefineSprite_796/50.png,375,158,6,True,3321,283f0f7570085c26219a117d1a51141835df6c62f4f3bb35c2e29a55bf3b098f
796,,sprites/DefineSprite_796/51.png,375,158,6,True,1473,6219d07dbbdab8f95c94699ee1325d80ec867a620482c0ddc11d808b94c6c19a
796,,sprites/DefineSprite_796/52.png,375,158,6,True,3421,71ce1a3a3ca2ee5acb55754a99bb3673d8fe72dc87a13c5dc8212024640e3bb9
796,,sprites/DefineSprite_796/53.png,375,158,6,True,1480,661fc4f6910eb2b53a4733fbac1bf2711120d2ed9458b493cbcf231d56ae41f3
796,,sprites/DefineSprite_796/54.png,375,158,6,True,3447,d4b2268f0f9c164a69687cdfe8b6706abccd4df9807a3e667f98733ed13b89fe
796,,sprites/DefineSprite_796/55.png,375,158,6,True,1473,6219d07dbbdab8f95c94699ee1325d80ec867a620482c0ddc11d808b94c6c19a
796,,sprites/DefineSprite_796/56.png,375,158,6,True,3433,04633b5342e803f5b56726697b8eb633c89ed6970f4d833bf6542af787d48647
796,,sprites/DefineSprite_796/57.png,375,158,6,True,1472,f46bf3e27090c9e1c9b3920755da32f18fb6e8d42923f1c566dee497488ae8e3
796,,sprites/DefineSprite_796/58.png,375,158,6,True,3433,75ae8a10eb35189df37411882943c92be624708aeb7521a5b48b94bd0379a6af
796,,sprites/DefineSprite_796/59.png,375,158,6,True,1473,6219d07dbbdab8f95c94699ee1325d80ec867a620482c0ddc11d808b94c6c19a
796,,sprites/DefineSprite_796/6.png,375,158,6,True,3136,4975ada49f15fd138b3336de9e70550c4da069ac4358a1079ca3997aaed64c32
796,,sprites/DefineSprite_796/60.png,375,158,6,True,3433,75ae8a10eb35189df37411882943c92be624708aeb7521a5b48b94bd0379a6af
796,,sprites/DefineSprite_796/61.png,375,158,6,True,1473,6219d07dbbdab8f95c94699ee1325d80ec867a620482c0ddc11d808b94c6c19a
796,,sprites/DefineSprite_796/62.png,375,158,6,True,3448,ec006ba550f3125adac1aeb5ed64b7f50b5491b7e6e161385ba5044e2c70ab3c
796,,sprites/DefineSprite_796/63.png,375,158,6,True,1475,12cc9dba23ecaae7b6150772a4babd4089e045a68318834b34a501ea1947f386
796,,sprites/DefineSprite_796/64.png,375,158,6,True,3505,30479138b1beae152e9149e20c098b5b5d18079e56a36ad2502f7d6285633fc6
796,,sprites/DefineSprite_796/65.png,375,158,6,True,1473,6219d07dbbdab8f95c94699ee1325d80ec867a620482c0ddc11d808b94c6c19a
796,,sprites/DefineSprite_796/66.png,375,158,6,True,3498,2e02f745b59310614b10768efa84d030b9f0204585be421ca2242d47654bcb89
796,,sprites/DefineSprite_796/67.png,375,158,6,True,1472,7546f618c00cd6b897d9605982639ae07aa4833ad9e884deb9cdb14411ab0cac
796,,sprites/DefineSprite_796/68.png,375,158,6,True,3499,5324cb0244b00451a92bb9ceb4823605d7b054848b41c0f4d1410725214c640b
796,,sprites/DefineSprite_796/69.png,375,158,6,True,1473,6219d07dbbdab8f95c94699ee1325d80ec867a620482c0ddc11d808b94c6c19a
796,,sprites/DefineSprite_796/7.png,375,158,6,True,1445,4a79950d54dbcf7cc822118e29b9d82ca077164e5b7f48dee5ebeaa62fc4df57
796,,sprites/DefineSprite_796/70.png,375,158,6,True,3499,5324cb0244b00451a92bb9ceb4823605d7b054848b41c0f4d1410725214c640b
796,,sprites/DefineSprite_796/71.png,375,158,6,True,1473,6219d07dbbdab8f95c94699ee1325d80ec867a620482c0ddc11d808b94c6c19a
796,,sprites/DefineSprite_796/72.png,375,158,6,True,3499,5324cb0244b00451a92bb9ceb4823605d7b054848b41c0f4d1410725214c640b
796,,sprites/DefineSprite_796/73.png,375,158,6,True,1473,6219d07dbbdab8f95c94699ee1325d80ec867a620482c0ddc11d808b94c6c19a
796,,sprites/DefineSprite_796/74.png,375,158,6,True,3499,5324cb0244b00451a92bb9ceb4823605d7b054848b41c0f4d1410725214c640b
796,,sprites/DefineSprite_796/75.png,375,158,6,True,1473,6219d07dbbdab8f95c94699ee1325d80ec867a620482c0ddc11d808b94c6c19a
796,,sprites/DefineSprite_796/76.png,375,158,6,True,3499,5324cb0244b00451a92bb9ceb4823605d7b054848b41c0f4d1410725214c640b
796,,sprites/DefineSprite_796/77.png,375,158,6,True,1473,6219d07dbbdab8f95c94699ee1325d80ec867a620482c0ddc11d808b94c6c19a
796,,sprites/DefineSprite_796/78.png,375,158,6,True,3499,5324cb0244b00451a92bb9ceb4823605d7b054848b41c0f4d1410725214c640b
796,,sprites/DefineSprite_796/79.png,375,158,6,True,1473,6219d07dbbdab8f95c94699ee1325d80ec867a620482c0ddc11d808b94c6c19a
796,,sprites/DefineSprite_796/8.png,375,158,6,True,3137,7387a1d3bcffa24aa9df83a930a6087e0bc70336b7e8f5312ef3dd5f9c7161b5
796,,sprites/DefineSprite_796/80.png,375,158,6,True,3499,5324cb0244b00451a92bb9ceb4823605d7b054848b41c0f4d1410725214c640b
796,,sprites/DefineSprite_796/81.png,375,158,6,True,1473,6219d07dbbdab8f95c94699ee1325d80ec867a620482c0ddc11d808b94c6c19a
796,,sprites/DefineSprite_796/82.png,375,158,6,True,3499,5324cb0244b00451a92bb9ceb4823605d7b054848b41c0f4d1410725214c640b
796,,sprites/DefineSprite_796/83.png,375,158,6,True,1473,6219d07dbbdab8f95c94699ee1325d80ec867a620482c0ddc11d808b94c6c19a
796,,sprites/DefineSprite_796/84.png,375,158,6,True,3499,5324cb0244b00451a92bb9ceb4823605d7b054848b41c0f4d1410725214c640b
796,,sprites/DefineSprite_796/85.png,375,158,6,True,1473,6219d07dbbdab8f95c94699ee1325d80ec867a620482c0ddc11d808b94c6c19a
796,,sprites/DefineSprite_796/86.png,375,158,6,True,3499,5324cb0244b00451a92bb9ceb4823605d7b054848b41c0f4d1410725214c640b
796,,sprites/DefineSprite_796/87.png,375,158,6,True,1473,6219d07dbbdab8f95c94699ee1325d80ec867a620482c0ddc11d808b94c6c19a
796,,sprites/DefineSprite_796/88.png,375,158,6,True,3499,5324cb0244b00451a92bb9ceb4823605d7b054848b41c0f4d1410725214c640b
796,,sprites/DefineSprite_796/89.png,375,158,6,True,1473,6219d07dbbdab8f95c94699ee1325d80ec867a620482c0ddc11d808b94c6c19a
796,,sprites/DefineSprite_796/9.png,375,158,6,True,1445,4a79950d54dbcf7cc822118e29b9d82ca077164e5b7f48dee5ebeaa62fc4df57
796,,sprites/DefineSprite_796/90.png,375,158,6,True,3499,5324cb0244b00451a92bb9ceb4823605d7b054848b41c0f4d1410725214c640b
796,,sprites/DefineSprite_796/91.png,375,158,6,True,1473,6219d07dbbdab8f95c94699ee1325d80ec867a620482c0ddc11d808b94c6c19a
796,,sprites/DefineSprite_796/92.png,375,158,6,True,3499,5324cb0244b00451a92bb9ceb4823605d7b054848b41c0f4d1410725214c640b
796,,sprites/DefineSprite_796/93.png,375,158,6,True,1473,6219d07dbbdab8f95c94699ee1325d80ec867a620482c0ddc11d808b94c6c19a
796,,sprites/DefineSprite_796/94.png,375,158,6,True,3499,5324cb0244b00451a92bb9ceb4823605d7b054848b41c0f4d1410725214c640b
796,,sprites/DefineSprite_796/95.png,375,158,6,True,1473,6219d07dbbdab8f95c94699ee1325d80ec867a620482c0ddc11d808b94c6c19a
796,,sprites/DefineSprite_796/96.png,375,158,6,True,3499,5324cb0244b00451a92bb9ceb4823605d7b054848b41c0f4d1410725214c640b
796,,sprites/DefineSprite_796/97.png,375,158,6,True,1473,6219d07dbbdab8f95c94699ee1325d80ec867a620482c0ddc11d808b94c6c19a
796,,sprites/DefineSprite_796/98.png,375,158,6,True,3499,5324cb0244b00451a92bb9ceb4823605d7b054848b41c0f4d1410725214c640b
796,,sprites/DefineSprite_796/99.png,375,158,6,True,1473,6219d07dbbdab8f95c94699ee1325d80ec867a620482c0ddc11d808b94c6c19a
798,,sprites/DefineSprite_798/1.png,341,264,6,True,594,0e1ce2db1b351da13c26ebf5fc3d6bc01a10f702279214add3a067a3ff35561d
799,back to title (congrats),sprites/DefineSprite_799_back to title (congrats)/1.png,354,264,6,True,1085,14d253f3c3f084a31a4c882bb0dd92c64fb7b64f0df3c67064d97142d483ec44
799,back to title (congrats),sprites/DefineSprite_799_back to title (congrats)/10.png,354,264,6,True,7054,dff66cd765bf685e75a2decf8185cee2c8729636f3acfada775635f17b48b487
799,back to title (congrats),sprites/DefineSprite_799_back to title (congrats)/11.png,354,264,6,True,1086,3f78a7a26a629c1780f63ebd17412b990ba7ae483756b8fbcc9c67966533177b
799,back to title (congrats),sprites/DefineSprite_799_back to title (congrats)/12.png,354,264,6,True,7054,dff66cd765bf685e75a2decf8185cee2c8729636f3acfada775635f17b48b487
799,back to title (congrats),sprites/DefineSprite_799_back to title (congrats)/13.png,354,264,6,True,1086,3f78a7a26a629c1780f63ebd17412b990ba7ae483756b8fbcc9c67966533177b
799,back to title (congrats),sprites/DefineSprite_799_back to title (congrats)/14.png,354,264,6,True,7054,dff66cd765bf685e75a2decf8185cee2c8729636f3acfada775635f17b48b487
799,back to title (congrats),sprites/DefineSprite_799_back to title (congrats)/15.png,354,264,6,True,1086,3f78a7a26a629c1780f63ebd17412b990ba7ae483756b8fbcc9c67966533177b
799,back to title (congrats),sprites/DefineSprite_799_back to title (congrats)/16.png,354,264,6,True,7054,dff66cd765bf685e75a2decf8185cee2c8729636f3acfada775635f17b48b487
799,back to title (congrats),sprites/DefineSprite_799_back to title (congrats)/17.png,354,264,6,True,1086,3f78a7a26a629c1780f63ebd17412b990ba7ae483756b8fbcc9c67966533177b
799,back to title (congrats),sprites/DefineSprite_799_back to title (congrats)/18.png,354,264,6,True,7054,dff66cd765bf685e75a2decf8185cee2c8729636f3acfada775635f17b48b487
799,back to title (congrats),sprites/DefineSprite_799_back to title (congrats)/19.png,354,264,6,True,1086,3f78a7a26a629c1780f63ebd17412b990ba7ae483756b8fbcc9c67966533177b
799,back to title (congrats),sprites/DefineSprite_799_back to title (congrats)/2.png,354,264,6,True,7138,98ae6810bd4812c4e810946e7e3eac9d53f4806257005fe78f53a3740b9e61aa
799,back to title (congrats),sprites/DefineSprite_799_back to title (congrats)/3.png,354,264,6,True,1085,14d253f3c3f084a31a4c882bb0dd92c64fb7b64f0df3c67064d97142d483ec44
799,back to title (congrats),sprites/DefineSprite_799_back to title (congrats)/4.png,354,264,6,True,7138,98ae6810bd4812c4e810946e7e3eac9d53f4806257005fe78f53a3740b9e61aa
799,back to title (congrats),sprites/DefineSprite_799_back to title (congrats)/5.png,354,264,6,True,1085,14d253f3c3f084a31a4c882bb0dd92c64fb7b64f0df3c67064d97142d483ec44
799,back to title (congrats),sprites/DefineSprite_799_back to title (congrats)/6.png,354,264,6,True,7138,98ae6810bd4812c4e810946e7e3eac9d53f4806257005fe78f53a3740b9e61aa
799,back to title (congrats),sprites/DefineSprite_799_back to title (congrats)/7.png,354,264,6,True,1085,14d253f3c3f084a31a4c882bb0dd92c64fb7b64f0df3c67064d97142d483ec44
799,back to title (congrats),sprites/DefineSprite_799_back to title (congrats)/8.png,354,264,6,True,7138,98ae6810bd4812c4e810946e7e3eac9d53f4806257005fe78f53a3740b9e61aa
799,back to title (congrats),sprites/DefineSprite_799_back to title (congrats)/9.png,354,264,6,True,1085,14d253f3c3f084a31a4c882bb0dd92c64fb7b64f0df3c67064d97142d483ec44
800,,sprites/DefineSprite_800/1.png,489,386,6,True,4057,85ae0060b11da189f032fc9108d8031cc56418e9fefb28b0ed718b73ab7e5227
801,,sprites/DefineSprite_801/1.png,527,713,6,True,13389,29e3f1fb7e38dda646bf2d945262b31d29df32dc9a9d7800de5232c90ccebe31
801,,sprites/DefineSprite_801/10.png,527,713,6,True,13385,e128c952d4447ff5fe4bba38b5b32ad939d8b9af506d73d89b6c3a0d75a79a7f
801,,sprites/DefineSprite_801/100.png,527,713,6,True,12308,be818fd573056ba8c92f306dd6376037469768aa9edc74176262c487b20f6a7f
801,,sprites/DefineSprite_801/101.png,527,713,6,True,14166,2daaa038d3e5086e6768a00af49b1a0b67bc2d1a3fd7c942c3d60253a0be8745
801,,sprites/DefineSprite_801/102.png,527,713,6,True,12304,4a7acc349385e9e22f9e2fb13c1ca88ac53621b1298c52d5b5dc8a2061ddec3f
801,,sprites/DefineSprite_801/103.png,527,713,6,True,14275,f2f478f56b6d3390d912e5e74821cfeb114d747ac44e93db24025dce287f5c67
801,,sprites/DefineSprite_801/104.png,527,713,6,True,12357,a15eb9c8a2ac66417d6bfbbce0146d6ba71d2180f0a68870610799a9f075f946
801,,sprites/DefineSprite_801/105.png,527,713,6,True,14237,5f7b7c855524042aa92fe1faa4ccedfd941be65413c2d31b73414fc624a35e38
801,,sprites/DefineSprite_801/106.png,527,713,6,True,12366,f68a4bec9150a13f1035a076fcc7c59b36f944c6230ee97027f648a9c8c5490a
801,,sprites/DefineSprite_801/107.png,527,713,6,True,14278,0944c4ee23649e04dcad50c8df8ae3dae548a6956c4ef7134b94e11fa2ffe91b
801,,sprites/DefineSprite_801/108.png,527,713,6,True,12380,95321ebf76c799cce07a6ffe278fc2f598e7de05b35ebe7b858329e3e8c65fca
801,,sprites/DefineSprite_801/109.png,527,713,6,True,14282,c1e224129adbcaed201b930bf0bdc7dcce6b9e509b9c426de92433cb1e6e13a1
801,,sprites/DefineSprite_801/11.png,527,713,6,True,13406,fabddf3f46e374d9dc88ef40f4d967e9d602788ad5afdc8419b237e3f1ea8ae5
801,,sprites/DefineSprite_801/110.png,527,713,6,True,12365,8686b3956ad8fb8551786e5e0a1eb0a927d50a233ef31d5480f0497ccfd110ab
801,,sprites/DefineSprite_801/111.png,527,713,6,True,14310,e01602b45811f93a3f803bb446ec179fd3c155439d3ac7810d4905dfe147a027
801,,sprites/DefineSprite_801/112.png,527,713,6,True,12320,09d89d181dd409141471a5e7585d9e650975f06c24b6239981b256f6d6f7a8ff
801,,sprites/DefineSprite_801/113.png,527,713,6,True,14219,1585ea4e4f69cbc2709debf082d451f5645c70baec45d15422a7a7f3e95ee285
801,,sprites/DefineSprite_801/114.png,527,713,6,True,12310,fc79a4458e38e427926658ae0447ac594b51db25cbe22096600b3f4610f88c18
801,,sprites/DefineSprite_801/115.png,527,713,6,True,14296,4594e64ae26fe032030aaadedb1324346015fadb540658a658fe85e307f46a49
801,,sprites/DefineSprite_801/116.png,527,713,6,True,12378,748b3533446505275a09a2e9ac38ec09e521d2fd09871a77bac2d202b9c97a6b
801,,sprites/DefineSprite_801/117.png,527,713,6,True,14295,2c68e0f3a92edd266f7829fb5d73664a440dee41d6c6b0dbc7daa646d0c5da73
801,,sprites/DefineSprite_801/118.png,527,713,6,True,12424,787559166c86e38e299e44595da2106ed8cba33a852101dc534c4a0c71cb852b
801,,sprites/DefineSprite_801/119.png,527,713,6,True,14297,2e8dd2e01d46189f9c2f2af8a6fedf260e3045d95e6a150e8f414565ffc65bfd
801,,sprites/DefineSprite_801/12.png,527,713,6,True,13406,fabddf3f46e374d9dc88ef40f4d967e9d602788ad5afdc8419b237e3f1ea8ae5
801,,sprites/DefineSprite_801/120.png,527,713,6,True,12399,d99d5287108e7ad5a7e018c716b80c986e2101d42111f43f1067377b3691ded4
801,,sprites/DefineSprite_801/121.png,527,713,6,True,14230,c72e2e8984c56749af9ad469d752382c69397c0f1f77fcf53f1f8f79f637696a
801,,sprites/DefineSprite_801/122.png,527,713,6,True,12312,9487c01504dd7eb17f7523ff8fe6066115f2a6923314ccfc822793917d779af2
801,,sprites/DefineSprite_801/123.png,527,713,6,True,14250,d4a7fff50f19a540d842582cf7d87cb8629c5685b77ab20929f4ebd54f56c277
801,,sprites/DefineSprite_801/124.png,527,713,6,True,12260,c01a88f0ee4a3bb35566c375d65650f0ce3bb6f6d2d401da5de3ca29422210a8
801,,sprites/DefineSprite_801/125.png,527,713,6,True,14199,13d06e387020122eaa36296f6000dc5b3f34d9109ca23ea13e5d1929cfa9b52a
801,,sprites/DefineSprite_801/126.png,527,713,6,True,12293,b9eefcd4860a20a5154af506f6399a28ecd5940534866121db2eb0f212ddda9e
801,,sprites/DefineSprite_801/127.png,527,713,6,True,14310,e01602b45811f93a3f803bb446ec179fd3c155439d3ac7810d4905dfe147a027
801,,sprites/DefineSprite_801/128.png,527,713,6,True,12394,21599f4b0b37f5a81af2b7a517f5f034cf77c2db2c4e644901a4b3a005eeab65
801,,sprites/DefineSprite_801/129.png,527,713,6,True,14302,bf0087cc1f9d1153267ac71ea778c7c4c6be1c03c2745cca8b1e4fb8b872892d
801,,sprites/DefineSprite_801/13.png,527,713,6,True,13371,e16609580c226d7e51aca116f2d0efab05140c74f35a7c5a09b5073e83c8a482
801,,sprites/DefineSprite_801/130.png,527,713,6,True,12432,8e0646fe11d19131c2875a89d7c05e4bc69aed057f4feb92ddf3984d85454e2d
801,,sprites/DefineSprite_801/131.png,527,713,6,True,14323,e0c670b5129ffc2a806e4ab784dc19794644c0b24c22714522d30adc7eb847a7
801,,sprites/DefineSprite_801/132.png,527,713,6,True,12424,7e32b9f4b88378b50554f57c9c5470425104b40ce3dab8424e798e1f079eeae5
801,,sprites/DefineSprite_801/133.png,527,713,6,True,14295,2c68e0f3a92edd266f7829fb5d73664a440dee41d6c6b0dbc7daa646d0c5da73
801,,sprites/DefineSprite_801/134.png,527,713,6,True,12378,352b5252bf14af8d9578fd7bf98456159cd293c12cb7b442bb128ac54fd83ca8
801,,sprites/DefineSprite_801/135.png,527,713,6,True,14269,91df8109e09d20334858b453455e246b30e4ece69a22012790d1fba16afc8303
801,,sprites/DefineSprite_801/136.png,527,713,6,True,12279,2a87f9d193fd32f77e5830c6574fa5e74567690fbf77c31d686df3c881b1e026
801,,sprites/DefineSprite_801/137.png,527,713,6,True,14148,dd7577925a3889b5ce25887f89e8b638e01aaf78ea5f131c364683a935e876f5
801,,sprites/DefineSprite_801/138.png,527,713,6,True,12239,324e45237ecb8c8449087fe4b4bd79c186fd12a143df34ca4a7d6aa69b8c8a5e
801,,sprites/DefineSprite_801/139.png,527,713,6,True,14250,d4a7fff50f19a540d842582cf7d87cb8629c5685b77ab20929f4ebd54f56c277
801,,sprites/DefineSprite_801/14.png,527,713,6,True,13371,e16609580c226d7e51aca116f2d0efab05140c74f35a7c5a09b5073e83c8a482
801,,sprites/DefineSprite_801/140.png,527,713,6,True,12334,262f745986f4f2cf9b972efc53f0280a4ee20f686b4e09235f32d860610e5a99
801,,sprites/DefineSprite_801/141.png,527,713,6,True,14282,c1e224129adbcaed201b930bf0bdc7dcce6b9e509b9c426de92433cb1e6e13a1
801,,sprites/DefineSprite_801/142.png,527,713,6,True,12414,6f37aa79d95b59b8afcf4153cc43df06e3ed2cd70404ea5e43cfe96462176080
801,,sprites/DefineSprite_801/143.png,527,713,6,True,14338,86c5b1a1e896a006fc5f353810475255f1cd61b1820d7e69202563db3ac9cb80
801,,sprites/DefineSprite_801/144.png,527,713,6,True,12441,cfd4b6c7a83bae09f06ef4588169a59fd30554b267736d85f1ef53213e0e5c8f
801,,sprites/DefineSprite_801/145.png,527,713,6,True,14302,bf0087cc1f9d1153267ac71ea778c7c4c6be1c03c2745cca8b1e4fb8b872892d
801,,sprites/DefineSprite_801/146.png,527,713,6,True,12385,8ef0f4dc96d47547c100856fbee6647d128631612e6faf7f0bc3c77cba8818c5
801,,sprites/DefineSprite_801/147.png,527,713,6,True,14296,4594e64ae26fe032030aaadedb1324346015fadb540658a658fe85e307f46a49
801,,sprites/DefineSprite_801/148.png,527,713,6,True,12305,dea6cfbbb13a84d5b9c708db9e4dcccb827e5bb92b29930a297fffa56ed46205
801,,sprites/DefineSprite_801/149.png,527,713,6,True,14212,a6236fdb92038c95e9fdf28a36c80bd564fdd72bcb024ff918f9a9f5553e03e6
801,,sprites/DefineSprite_801/15.png,527,713,6,True,13398,f4b3942a1c4635d3189f8b6b96776106b4d5e7f6727543d12172d7dd37dc2cdd
801,,sprites/DefineSprite_801/150.png,527,713,6,True,12304,4a7acc349385e9e22f9e2fb13c1ca88ac53621b1298c52d5b5dc8a2061ddec3f
801,,sprites/DefineSprite_801/151.png,527,713,6,True,14269,91df8109e09d20334858b453455e246b30e4ece69a22012790d1fba16afc8303
801,,sprites/DefineSprite_801/152.png,527,713,6,True,12351,46616446152bcb5ec0840490cceb0645ee1e71f0dc87bcb30fa86f507f82c69b
801,,sprites/DefineSprite_801/153.png,527,713,6,True,14230,c72e2e8984c56749af9ad469d752382c69397c0f1f77fcf53f1f8f79f637696a
801,,sprites/DefineSprite_801/154.png,527,713,6,True,12359,6f13ad9f74032963450b3e68ee26ba29953b4a7c8096fba24b1567853c3b8c33
801,,sprites/DefineSprite_801/155.png,527,713,6,True,14278,0944c4ee23649e04dcad50c8df8ae3dae548a6956c4ef7134b94e11fa2ffe91b
801,,sprites/DefineSprite_801/156.png,527,713,6,True,12380,95321ebf76c799cce07a6ffe278fc2f598e7de05b35ebe7b858329e3e8c65fca
801,,sprites/DefineSprite_801/157.png,527,713,6,True,14282,c1e224129adbcaed201b930bf0bdc7dcce6b9e509b9c426de92433cb1e6e13a1
801,,sprites/DefineSprite_801/158.png,527,713,6,True,12365,8686b3956ad8fb8551786e5e0a1eb0a927d50a233ef31d5480f0497ccfd110ab
801,,sprites/DefineSprite_801/159.png,527,713,6,True,14310,e01602b45811f93a3f803bb446ec179fd3c155439d3ac7810d4905dfe147a027
801,,sprites/DefineSprite_801/16.png,527,713,6,True,13342,85189f4c1e06153df279758f37fadaf09712d618cac6507ff110b2b83562f906
801,,sprites/DefineSprite_801/160.png,527,713,6,True,12320,09d89d181dd409141471a5e7585d9e650975f06c24b6239981b256f6d6f7a8ff
801,,sprites/DefineSprite_801/161.png,527,713,6,True,14219,1585ea4e4f69cbc2709debf082d451f5645c70baec45d15422a7a7f3e95ee285
801,,sprites/DefineSprite_801/162.png,527,713,6,True,12310,fc79a4458e38e427926658ae0447ac594b51db25cbe22096600b3f4610f88c18
801,,sprites/DefineSprite_801/163.png,527,713,6,True,14296,4594e64ae26fe032030aaadedb1324346015fadb540658a658fe85e307f46a49
801,,sprites/DefineSprite_801/164.png,527,713,6,True,12378,748b3533446505275a09a2e9ac38ec09e521d2fd09871a77bac2d202b9c97a6b
801,,sprites/DefineSprite_801/165.png,527,713,6,True,14295,2c68e0f3a92edd266f7829fb5d73664a440dee41d6c6b0dbc7daa646d0c5da73
801,,sprites/DefineSprite_801/166.png,527,713,6,True,12424,787559166c86e38e299e44595da2106ed8cba33a852101dc534c4a0c71cb852b
801,,sprites/DefineSprite_801/167.png,527,713,6,True,14297,2e8dd2e01d46189f9c2f2af8a6fedf260e3045d95e6a150e8f414565ffc65bfd
801,,sprites/DefineSprite_801/168.png,527,713,6,True,12399,d99d5287108e7ad5a7e018c716b80c986e2101d42111f43f1067377b3691ded4
801,,sprites/DefineSprite_801/169.png,527,713,6,True,14230,c72e2e8984c56749af9ad469d752382c69397c0f1f77fcf53f1f8f79f637696a
801,,sprites/DefineSprite_801/17.png,527,713,6,True,13333,cefa4d68b2d9fbf418a702239444f512fefc5db95f7fb10aa6e3250b650dc587
801,,sprites/DefineSprite_801/170.png,527,713,6,True,12312,9487c01504dd7eb17f7523ff8fe6066115f2a6923314ccfc822793917d779af2
801,,sprites/DefineSprite_801/171.png,527,713,6,True,14250,d4a7fff50f19a540d842582cf7d87cb8629c5685b77ab20929f4ebd54f56c277
801,,sprites/DefineSprite_801/172.png,527,713,6,True,12260,c01a88f0ee4a3bb35566c375d65650f0ce3bb6f6d2d401da5de3ca29422210a8
801,,sprites/DefineSprite_801/173.png,527,713,6,True,14199,13d06e387020122eaa36296f6000dc5b3f34d9109ca23ea13e5d1929cfa9b52a
801,,sprites/DefineSprite_801/174.png,527,713,6,True,12293,b9eefcd4860a20a5154af506f6399a28ecd5940534866121db2eb0f212ddda9e
801,,sprites/DefineSprite_801/175.png,527,713,6,True,14310,e01602b45811f93a3f803bb446ec179fd3c155439d3ac7810d4905dfe147a027
801,,sprites/DefineSprite_801/176.png,527,713,6,True,12394,21599f4b0b37f5a81af2b7a517f5f034cf77c2db2c4e644901a4b3a005eeab65
801,,sprites/DefineSprite_801/177.png,527,713,6,True,14302,bf0087cc1f9d1153267ac71ea778c7c4c6be1c03c2745cca8b1e4fb8b872892d
801,,sprites/DefineSprite_801/178.png,527,713,6,True,12432,8e0646fe11d19131c2875a89d7c05e4bc69aed057f4feb92ddf3984d85454e2d
801,,sprites/DefineSprite_801/179.png,527,713,6,True,14323,e0c670b5129ffc2a806e4ab784dc19794644c0b24c22714522d30adc7eb847a7
801,,sprites/DefineSprite_801/18.png,527,713,6,True,13333,cefa4d68b2d9fbf418a702239444f512fefc5db95f7fb10aa6e3250b650dc587
801,,sprites/DefineSprite_801/180.png,527,713,6,True,12424,7e32b9f4b88378b50554f57c9c5470425104b40ce3dab8424e798e1f079eeae5
801,,sprites/DefineSprite_801/181.png,527,713,6,True,14295,2c68e0f3a92edd266f7829fb5d73664a440dee41d6c6b0dbc7daa646d0c5da73
801,,sprites/DefineSprite_801/182.png,527,713,6,True,12378,352b5252bf14af8d9578fd7bf98456159cd293c12cb7b442bb128ac54fd83ca8
801,,sprites/DefineSprite_801/183.png,527,713,6,True,14269,91df8109e09d20334858b453455e246b30e4ece69a22012790d1fba16afc8303
801,,sprites/DefineSprite_801/184.png,527,713,6,True,12279,2a87f9d193fd32f77e5830c6574fa5e74567690fbf77c31d686df3c881b1e026
801,,sprites/DefineSprite_801/185.png,527,713,6,True,14148,dd7577925a3889b5ce25887f89e8b638e01aaf78ea5f131c364683a935e876f5
801,,sprites/DefineSprite_801/186.png,527,713,6,True,12239,324e45237ecb8c8449087fe4b4bd79c186fd12a143df34ca4a7d6aa69b8c8a5e
801,,sprites/DefineSprite_801/187.png,527,713,6,True,14250,d4a7fff50f19a540d842582cf7d87cb8629c5685b77ab20929f4ebd54f56c277
801,,sprites/DefineSprite_801/188.png,527,713,6,True,12334,262f745986f4f2cf9b972efc53f0280a4ee20f686b4e09235f32d860610e5a99
801,,sprites/DefineSprite_801/189.png,527,713,6,True,14282,c1e224129adbcaed201b930bf0bdc7dcce6b9e509b9c426de92433cb1e6e13a1
801,,sprites/DefineSprite_801/19.png,527,713,6,True,13385,11f473259ca7845931bedb71631fcefb82659dae6754aff021e85df0575af9cc
801,,sprites/DefineSprite_801/190.png,527,713,6,True,12414,6f37aa79d95b59b8afcf4153cc43df06e3ed2cd70404ea5e43cfe96462176080
801,,sprites/DefineSprite_801/191.png,527,713,6,True,14338,86c5b1a1e896a006fc5f353810475255f1cd61b1820d7e69202563db3ac9cb80
801,,sprites/DefineSprite_801/192.png,527,713,6,True,12441,cfd4b6c7a83bae09f06ef4588169a59fd30554b267736d85f1ef53213e0e5c8f
801,,sprites/DefineSprite_801/193.png,527,713,6,True,14302,bf0087cc1f9d1153267ac71ea778c7c4c6be1c03c2745cca8b1e4fb8b872892d
801,,sprites/DefineSprite_801/194.png,527,713,6,True,12385,8ef0f4dc96d47547c100856fbee6647d128631612e6faf7f0bc3c77cba8818c5
801,,sprites/DefineSprite_801/195.png,527,713,6,True,14296,4594e64ae26fe032030aaadedb1324346015fadb540658a658fe85e307f46a49
801,,sprites/DefineSprite_801/196.png,527,713,6,True,12305,dea6cfbbb13a84d5b9c708db9e4dcccb827e5bb92b29930a297fffa56ed46205
801,,sprites/DefineSprite_801/197.png,527,713,6,True,14212,a6236fdb92038c95e9fdf28a36c80bd564fdd72bcb024ff918f9a9f5553e03e6
801,,sprites/DefineSprite_801/198.png,527,713,6,True,12304,4a7acc349385e9e22f9e2fb13c1ca88ac53621b1298c52d5b5dc8a2061ddec3f
801,,sprites/DefineSprite_801/199.png,527,713,6,True,14269,91df8109e09d20334858b453455e246b30e4ece69a22012790d1fba16afc8303
801,,sprites/DefineSprite_801/2.png,527,713,6,True,13389,29e3f1fb7e38dda646bf2d945262b31d29df32dc9a9d7800de5232c90ccebe31
801,,sprites/DefineSprite_801/20.png,527,713,6,True,13385,11f473259ca7845931bedb71631fcefb82659dae6754aff021e85df0575af9cc
801,,sprites/DefineSprite_801/200.png,527,713,6,True,12351,46616446152bcb5ec0840490cceb0645ee1e71f0dc87bcb30fa86f507f82c69b
801,,sprites/DefineSprite_801/201.png,527,713,6,True,14230,c72e2e8984c56749af9ad469d752382c69397c0f1f77fcf53f1f8f79f637696a
801,,sprites/DefineSprite_801/202.png,527,713,6,True,12359,6f13ad9f74032963450b3e68ee26ba29953b4a7c8096fba24b1567853c3b8c33
801,,sprites/DefineSprite_801/203.png,527,713,6,True,14278,0944c4ee23649e04dcad50c8df8ae3dae548a6956c4ef7134b94e11fa2ffe91b
801,,sprites/DefineSprite_801/204.png,527,713,6,True,12380,95321ebf76c799cce07a6ffe278fc2f598e7de05b35ebe7b858329e3e8c65fca
801,,sprites/DefineSprite_801/205.png,527,713,6,True,14282,c1e224129adbcaed201b930bf0bdc7dcce6b9e509b9c426de92433cb1e6e13a1
801,,sprites/DefineSprite_801/206.png,527,713,6,True,12365,8686b3956ad8fb8551786e5e0a1eb0a927d50a233ef31d5480f0497ccfd110ab
801,,sprites/DefineSprite_801/207.png,527,713,6,True,14310,e01602b45811f93a3f803bb446ec179fd3c155439d3ac7810d4905dfe147a027
801,,sprites/DefineSprite_801/208.png,527,713,6,True,12320,09d89d181dd409141471a5e7585d9e650975f06c24b6239981b256f6d6f7a8ff
801,,sprites/DefineSprite_801/209.png,527,713,6,True,14219,1585ea4e4f69cbc2709debf082d451f5645c70baec45d15422a7a7f3e95ee285
801,,sprites/DefineSprite_801/21.png,527,713,6,True,13383,87542bca167839492bb2b2f8cabd40129eebcfb2d241be6fc8b0ee97b620c88f
801,,sprites/DefineSprite_801/210.png,527,713,6,True,12310,fc79a4458e38e427926658ae0447ac594b51db25cbe22096600b3f4610f88c18
801,,sprites/DefineSprite_801/211.png,527,713,6,True,14296,4594e64ae26fe032030aaadedb1324346015fadb540658a658fe85e307f46a49
801,,sprites/DefineSprite_801/212.png,527,713,6,True,12378,748b3533446505275a09a2e9ac38ec09e521d2fd09871a77bac2d202b9c97a6b
801,,sprites/DefineSprite_801/213.png,527,713,6,True,14295,2c68e0f3a92edd266f7829fb5d73664a440dee41d6c6b0dbc7daa646d0c5da73
801,,sprites/DefineSprite_801/214.png,527,713,6,True,12424,787559166c86e38e299e44595da2106ed8cba33a852101dc534c4a0c71cb852b
801,,sprites/DefineSprite_801/215.png,527,713,6,True,14297,2e8dd2e01d46189f9c2f2af8a6fedf260e3045d95e6a150e8f414565ffc65bfd
801,,sprites/DefineSprite_801/216.png,527,713,6,True,12399,d99d5287108e7ad5a7e018c716b80c986e2101d42111f43f1067377b3691ded4
801,,sprites/DefineSprite_801/217.png,527,713,6,True,14230,c72e2e8984c56749af9ad469d752382c69397c0f1f77fcf53f1f8f79f637696a
801,,sprites/DefineSprite_801/218.png,527,713,6,True,12312,9487c01504dd7eb17f7523ff8fe6066115f2a6923314ccfc822793917d779af2
801,,sprites/DefineSprite_801/219.png,527,713,6,True,14250,d4a7fff50f19a540d842582cf7d87cb8629c5685b77ab20929f4ebd54f56c277
801,,sprites/DefineSprite_801/22.png,527,713,6,True,13449,9a16d322adeff9174e31ed1a5d2d072f06368d08a8af901017946999363e44ba
801,,sprites/DefineSprite_801/220.png,527,713,6,True,12260,c01a88f0ee4a3bb35566c375d65650f0ce3bb6f6d2d401da5de3ca29422210a8
801,,sprites/DefineSprite_801/221.png,527,713,6,True,14199,13d06e387020122eaa36296f6000dc5b3f34d9109ca23ea13e5d1929cfa9b52a
801,,sprites/DefineSprite_801/222.png,527,713,6,True,12293,b9eefcd4860a20a5154af506f6399a28ecd5940534866121db2eb0f212ddda9e
801,,sprites/DefineSprite_801/223.png,527,713,6,True,14310,e01602b45811f93a3f803bb446ec179fd3c155439d3ac7810d4905dfe147a027
801,,sprites/DefineSprite_801/224.png,527,713,6,True,12394,21599f4b0b37f5a81af2b7a517f5f034cf77c2db2c4e644901a4b3a005eeab65
801,,sprites/DefineSprite_801/225.png,527,713,6,True,14302,bf0087cc1f9d1153267ac71ea778c7c4c6be1c03c2745cca8b1e4fb8b872892d
801,,sprites/DefineSprite_801/226.png,527,713,6,True,12432,8e0646fe11d19131c2875a89d7c05e4bc69aed057f4feb92ddf3984d85454e2d
801,,sprites/DefineSprite_801/227.png,527,713,6,True,14323,e0c670b5129ffc2a806e4ab784dc19794644c0b24c22714522d30adc7eb847a7
801,,sprites/DefineSprite_801/228.png,527,713,6,True,12424,7e32b9f4b88378b50554f57c9c5470425104b40ce3dab8424e798e1f079eeae5
801,,sprites/DefineSprite_801/229.png,527,713,6,True,14295,2c68e0f3a92edd266f7829fb5d73664a440dee41d6c6b0dbc7daa646d0c5da73
801,,sprites/DefineSprite_801/23.png,527,713,6,True,13425,573211778853009a8f24a29e1caa65dbd91bf2003bf4e8d211d400be4bd579f3
801,,sprites/DefineSprite_801/230.png,527,713,6,True,12378,352b5252bf14af8d9578fd7bf98456159cd293c12cb7b442bb128ac54fd83ca8
801,,sprites/DefineSprite_801/231.png,527,713,6,True,14269,91df8109e09d20334858b453455e246b30e4ece69a22012790d1fba16afc8303
801,,sprites/DefineSprite_801/232.png,527,713,6,True,12279,2a87f9d193fd32f77e5830c6574fa5e74567690fbf77c31d686df3c881b1e026
801,,sprites/DefineSprite_801/233.png,527,713,6,True,14148,dd7577925a3889b5ce25887f89e8b638e01aaf78ea5f131c364683a935e876f5
801,,sprites/DefineSprite_801/234.png,527,713,6,True,12239,324e45237ecb8c8449087fe4b4bd79c186fd12a143df34ca4a7d6aa69b8c8a5e
801,,sprites/DefineSprite_801/235.png,527,713,6,True,14250,d4a7fff50f19a540d842582cf7d87cb8629c5685b77ab20929f4ebd54f56c277
801,,sprites/DefineSprite_801/236.png,527,713,6,True,12334,262f745986f4f2cf9b972efc53f0280a4ee20f686b4e09235f32d860610e5a99
801,,sprites/DefineSprite_801/237.png,527,713,6,True,14282,c1e224129adbcaed201b930bf0bdc7dcce6b9e509b9c426de92433cb1e6e13a1
801,,sprites/DefineSprite_801/238.png,527,713,6,True,12414,6f37aa79d95b59b8afcf4153cc43df06e3ed2cd70404ea5e43cfe96462176080
801,,sprites/DefineSprite_801/239.png,527,713,6,True,14338,86c5b1a1e896a006fc5f353810475255f1cd61b1820d7e69202563db3ac9cb80
801,,sprites/DefineSprite_801/24.png,527,713,6,True,13425,573211778853009a8f24a29e1caa65dbd91bf2003bf4e8d211d400be4bd579f3
801,,sprites/DefineSprite_801/240.png,527,713,6,True,12441,cfd4b6c7a83bae09f06ef4588169a59fd30554b267736d85f1ef53213e0e5c8f
801,,sprites/DefineSprite_801/241.png,527,713,6,True,14302,bf0087cc1f9d1153267ac71ea778c7c4c6be1c03c2745cca8b1e4fb8b872892d
801,,sprites/DefineSprite_801/242.png,527,713,6,True,12385,8ef0f4dc96d47547c100856fbee6647d128631612e6faf7f0bc3c77cba8818c5
801,,sprites/DefineSprite_801/243.png,527,713,6,True,14296,4594e64ae26fe032030aaadedb1324346015fadb540658a658fe85e307f46a49
801,,sprites/DefineSprite_801/244.png,527,713,6,True,12305,dea6cfbbb13a84d5b9c708db9e4dcccb827e5bb92b29930a297fffa56ed46205
801,,sprites/DefineSprite_801/245.png,527,713,6,True,14212,a6236fdb92038c95e9fdf28a36c80bd564fdd72bcb024ff918f9a9f5553e03e6
801,,sprites/DefineSprite_801/246.png,527,713,6,True,12304,4a7acc349385e9e22f9e2fb13c1ca88ac53621b1298c52d5b5dc8a2061ddec3f
801,,sprites/DefineSprite_801/247.png,527,713,6,True,14269,91df8109e09d20334858b453455e246b30e4ece69a22012790d1fba16afc8303
801,,sprites/DefineSprite_801/248.png,527,713,6,True,12351,46616446152bcb5ec0840490cceb0645ee1e71f0dc87bcb30fa86f507f82c69b
801,,sprites/DefineSprite_801/249.png,527,713,6,True,14230,c72e2e8984c56749af9ad469d752382c69397c0f1f77fcf53f1f8f79f637696a
801,,sprites/DefineSprite_801/25.png,527,713,6,True,13319,4cb7218f7a7834eaa64f2e82e0abb5b02e11927054d298fe7716ef64d0ec0a06
801,,sprites/DefineSprite_801/250.png,527,713,6,True,12359,6f13ad9f74032963450b3e68ee26ba29953b4a7c8096fba24b1567853c3b8c33
801,,sprites/DefineSprite_801/251.png,527,713,6,True,14278,0944c4ee23649e04dcad50c8df8ae3dae548a6956c4ef7134b94e11fa2ffe91b
801,,sprites/DefineSprite_801/252.png,527,713,6,True,12380,95321ebf76c799cce07a6ffe278fc2f598e7de05b35ebe7b858329e3e8c65fca
801,,sprites/DefineSprite_801/253.png,527,713,6,True,14282,c1e224129adbcaed201b930bf0bdc7dcce6b9e509b9c426de92433cb1e6e13a1
801,,sprites/DefineSprite_801/254.png,527,713,6,True,12365,8686b3956ad8fb8551786e5e0a1eb0a927d50a233ef31d5480f0497ccfd110ab
801,,sprites/DefineSprite_801/255.png,527,713,6,True,14310,e01602b45811f93a3f803bb446ec179fd3c155439d3ac7810d4905dfe147a027
801,,sprites/DefineSprite_801/256.png,527,713,6,True,12320,09d89d181dd409141471a5e7585d9e650975f06c24b6239981b256f6d6f7a8ff
801,,sprites/DefineSprite_801/257.png,527,713,6,True,14219,1585ea4e4f69cbc2709debf082d451f5645c70baec45d15422a7a7f3e95ee285
801,,sprites/DefineSprite_801/258.png,527,713,6,True,12310,fc79a4458e38e427926658ae0447ac594b51db25cbe22096600b3f4610f88c18
801,,sprites/DefineSprite_801/259.png,527,713,6,True,14296,4594e64ae26fe032030aaadedb1324346015fadb540658a658fe85e307f46a49
801,,sprites/DefineSprite_801/26.png,527,713,6,True,13319,4cb7218f7a7834eaa64f2e82e0abb5b02e11927054d298fe7716ef64d0ec0a06
801,,sprites/DefineSprite_801/260.png,527,713,6,True,12378,748b3533446505275a09a2e9ac38ec09e521d2fd09871a77bac2d202b9c97a6b
801,,sprites/DefineSprite_801/261.png,527,713,6,True,14295,2c68e0f3a92edd266f7829fb5d73664a440dee41d6c6b0dbc7daa646d0c5da73
801,,sprites/DefineSprite_801/262.png,527,713,6,True,12424,787559166c86e38e299e44595da2106ed8cba33a852101dc534c4a0c71cb852b
801,,sprites/DefineSprite_801/263.png,527,713,6,True,14297,2e8dd2e01d46189f9c2f2af8a6fedf260e3045d95e6a150e8f414565ffc65bfd
801,,sprites/DefineSprite_801/264.png,527,713,6,True,12399,d99d5287108e7ad5a7e018c716b80c986e2101d42111f43f1067377b3691ded4
801,,sprites/DefineSprite_801/265.png,527,713,6,True,14230,c72e2e8984c56749af9ad469d752382c69397c0f1f77fcf53f1f8f79f637696a
801,,sprites/DefineSprite_801/266.png,527,713,6,True,12312,9487c01504dd7eb17f7523ff8fe6066115f2a6923314ccfc822793917d779af2
801,,sprites/DefineSprite_801/267.png,527,713,6,True,14250,d4a7fff50f19a540d842582cf7d87cb8629c5685b77ab20929f4ebd54f56c277
801,,sprites/DefineSprite_801/268.png,527,713,6,True,12260,c01a88f0ee4a3bb35566c375d65650f0ce3bb6f6d2d401da5de3ca29422210a8
801,,sprites/DefineSprite_801/269.png,527,713,6,True,14199,13d06e387020122eaa36296f6000dc5b3f34d9109ca23ea13e5d1929cfa9b52a
801,,sprites/DefineSprite_801/27.png,527,713,6,True,13340,bc8af82f50e44d646316a02b6d2c8b5d05c0cf9b412e0721cc634e824e4c2f1c
801,,sprites/DefineSprite_801/270.png,527,713,6,True,12293,b9eefcd4860a20a5154af506f6399a28ecd5940534866121db2eb0f212ddda9e
801,,sprites/DefineSprite_801/271.png,527,713,6,True,14310,e01602b45811f93a3f803bb446ec179fd3c155439d3ac7810d4905dfe147a027
801,,sprites/DefineSprite_801/272.png,527,713,6,True,12394,21599f4b0b37f5a81af2b7a517f5f034cf77c2db2c4e644901a4b3a005eeab65
801,,sprites/DefineSprite_801/273.png,527,713,6,True,14302,bf0087cc1f9d1153267ac71ea778c7c4c6be1c03c2745cca8b1e4fb8b872892d
801,,sprites/DefineSprite_801/274.png,527,713,6,True,12432,8e0646fe11d19131c2875a89d7c05e4bc69aed057f4feb92ddf3984d85454e2d
801,,sprites/DefineSprite_801/275.png,527,713,6,True,14323,e0c670b5129ffc2a806e4ab784dc19794644c0b24c22714522d30adc7eb847a7
801,,sprites/DefineSprite_801/276.png,527,713,6,True,12424,7e32b9f4b88378b50554f57c9c5470425104b40ce3dab8424e798e1f079eeae5
801,,sprites/DefineSprite_801/277.png,527,713,6,True,14295,2c68e0f3a92edd266f7829fb5d73664a440dee41d6c6b0dbc7daa646d0c5da73
801,,sprites/DefineSprite_801/278.png,527,713,6,True,12378,352b5252bf14af8d9578fd7bf98456159cd293c12cb7b442bb128ac54fd83ca8
801,,sprites/DefineSprite_801/279.png,527,713,6,True,14269,91df8109e09d20334858b453455e246b30e4ece69a22012790d1fba16afc8303
801,,sprites/DefineSprite_801/28.png,527,713,6,True,13283,1703394cb636cc80efbbabc0d5e12877fcde07fd5d8302608cbe4058dab50c75
801,,sprites/DefineSprite_801/280.png,527,713,6,True,12279,2a87f9d193fd32f77e5830c6574fa5e74567690fbf77c31d686df3c881b1e026
801,,sprites/DefineSprite_801/281.png,527,713,6,True,14148,dd7577925a3889b5ce25887f89e8b638e01aaf78ea5f131c364683a935e876f5
801,,sprites/DefineSprite_801/282.png,527,713,6,True,12239,324e45237ecb8c8449087fe4b4bd79c186fd12a143df34ca4a7d6aa69b8c8a5e
801,,sprites/DefineSprite_801/283.png,527,713,6,True,14250,d4a7fff50f19a540d842582cf7d87cb8629c5685b77ab20929f4ebd54f56c277
801,,sprites/DefineSprite_801/284.png,527,713,6,True,12334,262f745986f4f2cf9b972efc53f0280a4ee20f686b4e09235f32d860610e5a99
801,,sprites/DefineSprite_801/285.png,527,713,6,True,14282,c1e224129adbcaed201b930bf0bdc7dcce6b9e509b9c426de92433cb1e6e13a1
801,,sprites/DefineSprite_801/286.png,527,713,6,True,12414,6f37aa79d95b59b8afcf4153cc43df06e3ed2cd70404ea5e43cfe96462176080
801,,sprites/DefineSprite_801/287.png,527,713,6,True,14338,86c5b1a1e896a006fc5f353810475255f1cd61b1820d7e69202563db3ac9cb80
801,,sprites/DefineSprite_801/288.png,527,713,6,True,12441,cfd4b6c7a83bae09f06ef4588169a59fd30554b267736d85f1ef53213e0e5c8f
801,,sprites/DefineSprite_801/289.png,527,713,6,True,14302,bf0087cc1f9d1153267ac71ea778c7c4c6be1c03c2745cca8b1e4fb8b872892d
801,,sprites/DefineSprite_801/29.png,527,713,6,True,13314,c67c2b1ce2b2d6c132d0776dbc798102e60b2f808c1ee6e7a1df7329543e4928
801,,sprites/DefineSprite_801/290.png,527,713,6,True,12385,8ef0f4dc96d47547c100856fbee6647d128631612e6faf7f0bc3c77cba8818c5
801,,sprites/DefineSprite_801/291.png,527,713,6,True,14296,4594e64ae26fe032030aaadedb1324346015fadb540658a658fe85e307f46a49
801,,sprites/DefineSprite_801/292.png,527,713,6,True,12305,dea6cfbbb13a84d5b9c708db9e4dcccb827e5bb92b29930a297fffa56ed46205
801,,sprites/DefineSprite_801/293.png,527,713,6,True,14212,a6236fdb92038c95e9fdf28a36c80bd564fdd72bcb024ff918f9a9f5553e03e6
801,,sprites/DefineSprite_801/294.png,527,713,6,True,12304,4a7acc349385e9e22f9e2fb13c1ca88ac53621b1298c52d5b5dc8a2061ddec3f
801,,sprites/DefineSprite_801/295.png,527,713,6,True,14269,91df8109e09d20334858b453455e246b30e4ece69a22012790d1fba16afc8303
801,,sprites/DefineSprite_801/296.png,527,713,6,True,12351,46616446152bcb5ec0840490cceb0645ee1e71f0dc87bcb30fa86f507f82c69b
801,,sprites/DefineSprite_801/297.png,527,713,6,True,14230,c72e2e8984c56749af9ad469d752382c69397c0f1f77fcf53f1f8f79f637696a
801,,sprites/DefineSprite_801/298.png,527,713,6,True,12359,6f13ad9f74032963450b3e68ee26ba29953b4a7c8096fba24b1567853c3b8c33
801,,sprites/DefineSprite_801/299.png,527,713,6,True,14278,0944c4ee23649e04dcad50c8df8ae3dae548a6956c4ef7134b94e11fa2ffe91b
801,,sprites/DefineSprite_801/3.png,527,713,6,True,13385,11f473259ca7845931bedb71631fcefb82659dae6754aff021e85df0575af9cc
801,,sprites/DefineSprite_801/30.png,527,713,6,True,13314,c67c2b1ce2b2d6c132d0776dbc798102e60b2f808c1ee6e7a1df7329543e4928
801,,sprites/DefineSprite_801/300.png,527,713,6,True,12380,95321ebf76c799cce07a6ffe278fc2f598e7de05b35ebe7b858329e3e8c65fca
801,,sprites/DefineSprite_801/301.png,527,713,6,True,13371,e16609580c226d7e51aca116f2d0efab05140c74f35a7c5a09b5073e83c8a482
801,,sprites/DefineSprite_801/302.png,527,713,6,True,13371,e16609580c226d7e51aca116f2d0efab05140c74f35a7c5a09b5073e83c8a482
801,,sprites/DefineSprite_801/303.png,527,713,6,True,13398,f4b3942a1c4635d3189f8b6b96776106b4d5e7f6727543d12172d7dd37dc2cdd
801,,sprites/DefineSprite_801/304.png,527,713,6,True,13342,85189f4c1e06153df279758f37fadaf09712d618cac6507ff110b2b83562f906
801,,sprites/DefineSprite_801/305.png,527,713,6,True,13333,cefa4d68b2d9fbf418a702239444f512fefc5db95f7fb10aa6e3250b650dc587
801,,sprites/DefineSprite_801/306.png,527,713,6,True,13333,cefa4d68b2d9fbf418a702239444f512fefc5db95f7fb10aa6e3250b650dc587
801,,sprites/DefineSprite_801/307.png,527,713,6,True,13385,11f473259ca7845931bedb71631fcefb82659dae6754aff021e85df0575af9cc
801,,sprites/DefineSprite_801/308.png,527,713,6,True,13385,11f473259ca7845931bedb71631fcefb82659dae6754aff021e85df0575af9cc
801,,sprites/DefineSprite_801/309.png,527,713,6,True,13383,87542bca167839492bb2b2f8cabd40129eebcfb2d241be6fc8b0ee97b620c88f
801,,sprites/DefineSprite_801/31.png,527,713,6,True,13398,f4b3942a1c4635d3189f8b6b96776106b4d5e7f6727543d12172d7dd37dc2cdd
801,,sprites/DefineSprite_801/310.png,527,713,6,True,11167,b9e774397ae5b87a72b8bd66852281f87fe4a1f3255f5e7338474107b94b759c
801,,sprites/DefineSprite_801/311.png,527,713,6,True,12968,fb78c07910fbf8b069ae4c315c64577f61dee63c69174f09e481f79089ec7b83
801,,sprites/DefineSprite_801/312.png,527,713,6,True,11212,c0f83a50386721fea71e61078448cfcb841fd2e2171e269687840fc0c714eb86
801,,sprites/DefineSprite_801/313.png,527,713,6,True,12899,e41b8b4a32f11fd2dc4efc2366396a6d3f134071a44d47dbad06f5a0202f63bb
801,,sprites/DefineSprite_801/314.png,527,713,6,True,11144,c0b9fd133151399750975ae2ee92175f95a3cadd1a58550cd65b96c0aabd6524
801,,sprites/DefineSprite_801/315.png,527,713,6,True,12920,23bed536959dff29eca5fc00096df817abff9ae1c7e7c8ad4e544a3e0087c094
801,,sprites/DefineSprite_801/316.png,527,713,6,True,11125,b83442a6b40a8aec20b5f1efbcc23e77990b4ea2271ffeda1690b34498a5dfd6
801,,sprites/DefineSprite_801/317.png,527,713,6,True,12913,be2305d0bb608f49b44372337a18a6d69f9b1422215dbbd718137755e1c90bbc
801,,sprites/DefineSprite_801/318.png,527,713,6,True,11159,7c7cfa19e37dd02309301d33bca55b6309f3a73443a4c783e003e3fb54748065
801,,sprites/DefineSprite_801/319.png,527,713,6,True,12977,240d5de85f414ee6506a4b313f440cf0d0325d5f6d8f221667074894a1a6a9c4
801,,sprites/DefineSprite_801/32.png,527,713,6,True,13398,f4b3942a1c4635d3189f8b6b96776106b4d5e7f6727543d12172d7dd37dc2cdd
801,,sprites/DefineSprite_801/320.png,527,713,6,True,11273,54589c3d85633417294c28a04da36e9029fbf5491c106f3114ced3edfe7e4ab7
801,,sprites/DefineSprite_801/321.png,527,713,6,True,13057,3c7182adaf8f1efea6a0a8460d940014f25a8bff5059b936e25d980b1f6ce56d
801,,sprites/DefineSprite_801/322.png,527,713,6,True,11287,62dcf1e8e37bf6e1029c1579db91a117e8073f66a284949d1113534abd41be45
801,,sprites/DefineSprite_801/323.png,527,713,6,True,13137,002ac478e628f006eb7ac5e76990ce934a0ddd9728c91681b62940413f848801
801,,sprites/DefineSprite_801/324.png,527,713,6,True,11281,805a3ade39c523b5f7ac7b891d70ba147de52efd9fa72abbfe45038239a2676e
801,,sprites/DefineSprite_801/325.png,527,713,6,True,13096,8b3d02a98199e21be45451dfa635beada352c997d1404fc4c5a60c3c72807a6b
801,,sprites/DefineSprite_801/326.png,527,713,6,True,11241,ec97a6089cc98b189c8cc403340b6e62d7897aed680ea06185c57065ff3d9365
801,,sprites/DefineSprite_801/327.png,527,713,6,True,13063,ef8b2df2c30b8cba16ce88f3cd150f2c267fb0abdcf1fc5981dac4cd0e5893bb
801,,sprites/DefineSprite_801/328.png,527,713,6,True,11178,55d54a65fd205bd35509cf9e6de4bce2a68eea12380bc460a79b859e3a6c270e
801,,sprites/DefineSprite_801/329.png,527,713,6,True,12997,2e4b4f56bcb7430419857b97a3f1a77775d48a09f85621a233996274032bb561
801,,sprites/DefineSprite_801/33.png,527,713,6,True,13389,29e3f1fb7e38dda646bf2d945262b31d29df32dc9a9d7800de5232c90ccebe31
801,,sprites/DefineSprite_801/330.png,527,713,6,True,11137,246488a5047988769cf80456f0fe82241d31b8a91b29885e7c8e829179462c6d
801,,sprites/DefineSprite_801/331.png,527,713,6,True,13081,000a30b965a4f3c4f4c2233363b50d4614a49430c14be2b5583163d72a7a73f2
801,,sprites/DefineSprite_801/332.png,527,713,6,True,11197,9d6d5a6955e5afcf1287d7ccc93b39770bbab326141611afc68edecac0fea736
801,,sprites/DefineSprite_801/333.png,527,713,6,True,13135,dedf61bf1fe05d7272f2c3d2dc364ad00a62e86d69c16d0269e0955aaa2f8708
801,,sprites/DefineSprite_801/334.png,527,713,6,True,11269,843eed9b39190181c21c180bb5fc7f30cacb4aa03ca556561fe53176b321c5d7
801,,sprites/DefineSprite_801/335.png,527,713,6,True,13196,13a34f49e7d1876a905a08b9c1c72655ecf53d55e7b7c74462a8c24b6240f86c
801,,sprites/DefineSprite_801/336.png,527,713,6,True,11296,988b91738e332a8fb1d489a34be3dd0952e430c29aa9a1ce8b56faf976c92e22
801,,sprites/DefineSprite_801/337.png,527,713,6,True,13148,469ced968a164d9aa762ad19194744de5d416a0c0c0a5a7bbabcc311e7efdd6d
801,,sprites/DefineSprite_801/338.png,527,713,6,True,11247,e455fab29a433ba00ba237a8192d9dd928978c5a46fc9246672cbc3bedb3ab48
801,,sprites/DefineSprite_801/339.png,527,713,6,True,13142,8153e56672ed246f094044984800c75c5ecdd47154ec8761df93ce1f461d454b
801,,sprites/DefineSprite_801/34.png,527,713,6,True,13455,25557f0f48d75a11965bf22ab1ff24315beed171061e0279b00e8e9acc520e3f
801,,sprites/DefineSprite_801/340.png,527,713,6,True,11201,5b4c163710c5c2ee43b151c9f5f41b893c8e14834128fb1c2fa1c2154ea6d5ae
801,,sprites/DefineSprite_801/341.png,527,713,6,True,13105,8dc08bf1367c8fb54a845c4ab012d002e3ea8ea435960e4f54ccdb704a59565f
801,,sprites/DefineSprite_801/342.png,527,713,6,True,11203,fcc67dcb7547ef4dcca8d9eb2c29085d8c288ba5bffbc7efa2d9c39090a6f8e9
801,,sprites/DefineSprite_801/343.png,527,713,6,True,13115,be36c1b5c8fe0a78f8e16d4d4da2455d4c89ba8ebaf35cb6810811e795d9eba2
801,,sprites/DefineSprite_801/344.png,527,713,6,True,11215,45a805d78446409831fc07fc80710f332477174fd516f1ed565b45fca9b3aad8
801,,sprites/DefineSprite_801/345.png,527,713,6,True,13076,1b91936678b176a123d813c815f99cd58a45c1feea2bb62b46b918038134d8e8
801,,sprites/DefineSprite_801/346.png,527,713,6,True,11216,30f1e1dbafb1f090e9c62edcb0d40102320e3c220d9ccd982bca9268d42b3b11
801,,sprites/DefineSprite_801/347.png,527,713,6,True,13134,b959a59d1a72e773c06e97f0e9942725974022e0ddf1517ef97bafffab3d8d4d
801,,sprites/DefineSprite_801/348.png,527,713,6,True,11237,2e87854a5344b5592270fab920d0879b305e45194c6bab294373a6f2585096a0
801,,sprites/DefineSprite_801/349.png,527,713,6,True,13135,dedf61bf1fe05d7272f2c3d2dc364ad00a62e86d69c16d0269e0955aaa2f8708
801,,sprites/DefineSprite_801/35.png,527,713,6,True,13451,44a298099c03b90e6f8e59106843a0fd2bb834e159b0ee4c6f40d1025d7aaaf3
801,,sprites/DefineSprite_801/350.png,527,713,6,True,11232,d4a48a4b4d26a1938e4f1948fb39793d6a8269c9116302fdc6255356ea6a3624
801,,sprites/DefineSprite_801/351.png,527,713,6,True,13157,1964ca9ad2b348d91728b291516708c432f6c5536c23d0ad7f83a562904e53d8
801,,sprites/DefineSprite_801/352.png,527,713,6,True,11218,b7e06b9974a7848d6a49764d930d7b1d5142dec4db1ac571b8962d8b8bba09dc
801,,sprites/DefineSprite_801/353.png,527,713,6,True,13112,bb1d63118f39fcc04e6cff1321751921d4fe1bb4359295669d241fe881d81a83
801,,sprites/DefineSprite_801/354.png,527,713,6,True,11208,1ff4c843e5c2ca575654aaeb7e03d525c3db87247c294c8303bcd793fa373ec0
801,,sprites/DefineSprite_801/355.png,527,713,6,True,13142,8153e56672ed246f094044984800c75c5ecdd47154ec8761df93ce1f461d454b
801,,sprites/DefineSprite_801/356.png,527,713,6,True,11241,a5c85e8c0fc706f47998232cc49abeda9636d362a4331b6d4ca1e7084beeda12
801,,sprites/DefineSprite_801/357.png,527,713,6,True,13140,ab03ff988747e4bc03a6c78f3bc12ab4df59891910574ecfed5234e31dbd839e
801,,sprites/DefineSprite_801/358.png,527,713,6,True,11280,6236eff7342c9805acc20a821b4f13c85f82710f3024a6d0d3384c5747658a09
801,,sprites/DefineSprite_801/359.png,527,713,6,True,13155,a106e578ee199f296f73e08c272d6c9c5307b3c790fbf88f05a908cee0ea4baa
801,,sprites/DefineSprite_801/36.png,527,713,6,True,13451,44a298099c03b90e6f8e59106843a0fd2bb834e159b0ee4c6f40d1025d7aaaf3
801,,sprites/DefineSprite_801/360.png,527,713,6,True,11255,e39b18a2521ff3538ae52cb1853f4c51fbb0a677c1d79e3a0eecd6e5306e06a7
801,,sprites/DefineSprite_801/361.png,527,713,6,True,13076,1b91936678b176a123d813c815f99cd58a45c1feea2bb62b46b918038134d8e8
801,,sprites/DefineSprite_801/362.png,527,713,6,True,11178,bcec9ff450db165c9235c00425ae8b67226c8da1596b435cfa63583a5ed74aeb
801,,sprites/DefineSprite_801/363.png,527,713,6,True,13097,e6bdb572e576fff0db445937ab7daeeac48fd84feb54393fad1d3fb4b9142400
801,,sprites/DefineSprite_801/364.png,527,713,6,True,11158,0c76d4e92a26ee6b34c836359518c2ffc451543294e6643e02a071d7e3a676cc
801,,sprites/DefineSprite_801/365.png,527,713,6,True,13092,d584647c8e558b48db1e85ca6fcb3a96e01b80f5eca111ec8141d23f16149ae6
801,,sprites/DefineSprite_801/366.png,527,713,6,True,11191,dbb1aa9168b58ec1e2567eefcd78394766b98d4fe3368036cc616d93ac83d5de
801,,sprites/DefineSprite_801/367.png,527,713,6,True,13157,1964ca9ad2b348d91728b291516708c432f6c5536c23d0ad7f83a562904e53d8
801,,sprites/DefineSprite_801/368.png,527,713,6,True,11258,91f48e89e36bec8ef1c6e8f0f74772d98587f16487bcd3da3cd0200148a7cd2b
801,,sprites/DefineSprite_801/369.png,527,713,6,True,13148,469ced968a164d9aa762ad19194744de5d416a0c0c0a5a7bbabcc311e7efdd6d
801,,sprites/DefineSprite_801/37.png,527,713,6,True,13383,87542bca167839492bb2b2f8cabd40129eebcfb2d241be6fc8b0ee97b620c88f
801,,sprites/DefineSprite_801/370.png,527,713,6,True,11287,62dcf1e8e37bf6e1029c1579db91a117e8073f66a284949d1113534abd41be45
801,,sprites/DefineSprite_801/371.png,527,713,6,True,13181,889e2b373fd02f4c175c51367a269a4090218c73b0807471a57bfe76874ed23c
801,,sprites/DefineSprite_801/372.png,527,713,6,True,11281,805a3ade39c523b5f7ac7b891d70ba147de52efd9fa72abbfe45038239a2676e
801,,sprites/DefineSprite_801/373.png,527,713,6,True,13140,ab03ff988747e4bc03a6c78f3bc12ab4df59891910574ecfed5234e31dbd839e
801,,sprites/DefineSprite_801/374.png,527,713,6,True,11241,ec97a6089cc98b189c8cc403340b6e62d7897aed680ea06185c57065ff3d9365
801,,sprites/DefineSprite_801/375.png,527,713,6,True,13115,be36c1b5c8fe0a78f8e16d4d4da2455d4c89ba8ebaf35cb6810811e795d9eba2
801,,sprites/DefineSprite_801/376.png,527,713,6,True,11178,55d54a65fd205bd35509cf9e6de4bce2a68eea12380bc460a79b859e3a6c270e
801,,sprites/DefineSprite_801/377.png,527,713,6,True,13040,f90d87415be6aefd4468469c489bc5b990f60482f6430603d969b6b5cdf68e9a
801,,sprites/DefineSprite_801/378.png,527,713,6,True,11137,246488a5047988769cf80456f0fe82241d31b8a91b29885e7c8e829179462c6d
801,,sprites/DefineSprite_801/379.png,527,713,6,True,13097,e6bdb572e576fff0db445937ab7daeeac48fd84feb54393fad1d3fb4b9142400
801,,sprites/DefineSprite_801/38.png,527,713,6,True,13383,87542bca167839492bb2b2f8cabd40129eebcfb2d241be6fc8b0ee97b620c88f
801,,sprites/DefineSprite_801/380.png,527,713,6,True,11197,9d6d5a6955e5afcf1287d7ccc93b39770bbab326141611afc68edecac0fea736
801,,sprites/DefineSprite_801/381.png,527,713,6,True,13135,dedf61bf1fe05d7272f2c3d2dc364ad00a62e86d69c16d0269e0955aaa2f8708
801,,sprites/DefineSprite_801/382.png,527,713,6,True,11269,843eed9b39190181c21c180bb5fc7f30cacb4aa03ca556561fe53176b321c5d7
801,,sprites/DefineSprite_801/383.png,527,713,6,True,13196,13a34f49e7d1876a905a08b9c1c72655ecf53d55e7b7c74462a8c24b6240f86c
801,,sprites/DefineSprite_801/384.png,527,713,6,True,11296,988b91738e332a8fb1d489a34be3dd0952e430c29aa9a1ce8b56faf976c92e22
801,,sprites/DefineSprite_801/385.png,527,713,6,True,13148,469ced968a164d9aa762ad19194744de5d416a0c0c0a5a7bbabcc311e7efdd6d
801,,sprites/DefineSprite_801/386.png,527,713,6,True,11247,e455fab29a433ba00ba237a8192d9dd928978c5a46fc9246672cbc3bedb3ab48
801,,sprites/DefineSprite_801/387.png,527,713,6,True,13142,8153e56672ed246f094044984800c75c5ecdd47154ec8761df93ce1f461d454b
801,,sprites/DefineSprite_801/388.png,527,713,6,True,11201,5b4c163710c5c2ee43b151c9f5f41b893c8e14834128fb1c2fa1c2154ea6d5ae
801,,sprites/DefineSprite_801/389.png,527,713,6,True,13105,8dc08bf1367c8fb54a845c4ab012d002e3ea8ea435960e4f54ccdb704a59565f
801,,sprites/DefineSprite_801/39.png,527,713,6,True,13360,46cd41d3a9a1c5d78c42794b1040f52504701121dcb274b336ea1942ab127067
801,,sprites/DefineSprite_801/390.png,527,713,6,True,11203,fcc67dcb7547ef4dcca8d9eb2c29085d8c288ba5bffbc7efa2d9c39090a6f8e9
801,,sprites/DefineSprite_801/391.png,527,713,6,True,13115,be36c1b5c8fe0a78f8e16d4d4da2455d4c89ba8ebaf35cb6810811e795d9eba2
801,,sprites/DefineSprite_801/392.png,527,713,6,True,11215,45a805d78446409831fc07fc80710f332477174fd516f1ed565b45fca9b3aad8
801,,sprites/DefineSprite_801/393.png,527,713,6,True,13076,1b91936678b176a123d813c815f99cd58a45c1feea2bb62b46b918038134d8e8
801,,sprites/DefineSprite_801/394.png,527,713,6,True,11216,30f1e1dbafb1f090e9c62edcb0d40102320e3c220d9ccd982bca9268d42b3b11
801,,sprites/DefineSprite_801/395.png,527,713,6,True,13134,b959a59d1a72e773c06e97f0e9942725974022e0ddf1517ef97bafffab3d8d4d
801,,sprites/DefineSprite_801/396.png,527,713,6,True,11237,2e87854a5344b5592270fab920d0879b305e45194c6bab294373a6f2585096a0
801,,sprites/DefineSprite_801/397.png,527,713,6,True,13135,dedf61bf1fe05d7272f2c3d2dc364ad00a62e86d69c16d0269e0955aaa2f8708
801,,sprites/DefineSprite_801/398.png,527,713,6,True,11232,d4a48a4b4d26a1938e4f1948fb39793d6a8269c9116302fdc6255356ea6a3624
801,,sprites/DefineSprite_801/399.png,527,713,6,True,13157,1964ca9ad2b348d91728b291516708c432f6c5536c23d0ad7f83a562904e53d8
801,,sprites/DefineSprite_801/4.png,527,713,6,True,13328,b3b9c9dd0eb5153eb02133114bc192ad90cf5becb50fc68a1340ea65506b8bc6
801,,sprites/DefineSprite_801/40.png,527,713,6,True,12169,6989b04b165440618752866df26335e08ac2316f894742b9a5211dc52b6b8310
801,,sprites/DefineSprite_801/400.png,527,713,6,True,11218,b7e06b9974a7848d6a49764d930d7b1d5142dec4db1ac571b8962d8b8bba09dc
801,,sprites/DefineSprite_801/401.png,527,713,6,True,13112,bb1d63118f39fcc04e6cff1321751921d4fe1bb4359295669d241fe881d81a83
801,,sprites/DefineSprite_801/402.png,527,713,6,True,11208,1ff4c843e5c2ca575654aaeb7e03d525c3db87247c294c8303bcd793fa373ec0
801,,sprites/DefineSprite_801/403.png,527,713,6,True,13142,8153e56672ed246f094044984800c75c5ecdd47154ec8761df93ce1f461d454b
801,,sprites/DefineSprite_801/404.png,527,713,6,True,11241,a5c85e8c0fc706f47998232cc49abeda9636d362a4331b6d4ca1e7084beeda12
801,,sprites/DefineSprite_801/405.png,527,713,6,True,13140,ab03ff988747e4bc03a6c78f3bc12ab4df59891910574ecfed5234e31dbd839e
801,,sprites/DefineSprite_801/406.png,527,713,6,True,11280,6236eff7342c9805acc20a821b4f13c85f82710f3024a6d0d3384c5747658a09
801,,sprites/DefineSprite_801/407.png,527,713,6,True,13155,a106e578ee199f296f73e08c272d6c9c5307b3c790fbf88f05a908cee0ea4baa
801,,sprites/DefineSprite_801/408.png,527,713,6,True,11255,e39b18a2521ff3538ae52cb1853f4c51fbb0a677c1d79e3a0eecd6e5306e06a7
801,,sprites/DefineSprite_801/409.png,527,713,6,True,13076,1b91936678b176a123d813c815f99cd58a45c1feea2bb62b46b918038134d8e8
801,,sprites/DefineSprite_801/41.png,527,713,6,True,13657,d4354bc42b2d24a6c0310ac22f334e47a488801d45e1471dc080d849c249ad21
801,,sprites/DefineSprite_801/410.png,527,713,6,True,11178,bcec9ff450db165c9235c00425ae8b67226c8da1596b435cfa63583a5ed74aeb
801,,sprites/DefineSprite_801/411.png,527,713,6,True,13340,bc8af82f50e44d646316a02b6d2c8b5d05c0cf9b412e0721cc634e824e4c2f1c
801,,sprites/DefineSprite_801/412.png,527,713,6,True,13283,1703394cb636cc80efbbabc0d5e12877fcde07fd5d8302608cbe4058dab50c75
801,,sprites/DefineSprite_801/413.png,527,713,6,True,13314,c67c2b1ce2b2d6c132d0776dbc798102e60b2f808c1ee6e7a1df7329543e4928
801,,sprites/DefineSprite_801/414.png,527,713,6,True,13314,c67c2b1ce2b2d6c132d0776dbc798102e60b2f808c1ee6e7a1df7329543e4928
801,,sprites/DefineSprite_801/415.png,527,713,6,True,13398,f4b3942a1c4635d3189f8b6b96776106b4d5e7f6727543d12172d7dd37dc2cdd
801,,sprites/DefineSprite_801/416.png,527,713,6,True,13398,f4b3942a1c4635d3189f8b6b96776106b4d5e7f6727543d12172d7dd37dc2cdd
801,,sprites/DefineSprite_801/417.png,527,713,6,True,13389,29e3f1fb7e38dda646bf2d945262b31d29df32dc9a9d7800de5232c90ccebe31
801,,sprites/DefineSprite_801/418.png,527,713,6,True,13455,25557f0f48d75a11965bf22ab1ff24315beed171061e0279b00e8e9acc520e3f
801,,sprites/DefineSprite_801/419.png,527,713,6,True,13451,44a298099c03b90e6f8e59106843a0fd2bb834e159b0ee4c6f40d1025d7aaaf3
801,,sprites/DefineSprite_801/42.png,527,713,6,True,12228,db0a6efdfdf3735abfbb9f1f0fbf097c1cc8376eebf5c67dc5cf5390c450b4db
801,,sprites/DefineSprite_801/420.png,527,713,6,True,13451,44a298099c03b90e6f8e59106843a0fd2bb834e159b0ee4c6f40d1025d7aaaf3
801,,sprites/DefineSprite_801/421.png,527,713,6,True,13383,87542bca167839492bb2b2f8cabd40129eebcfb2d241be6fc8b0ee97b620c88f
801,,sprites/DefineSprite_801/422.png,527,713,6,True,13383,87542bca167839492bb2b2f8cabd40129eebcfb2d241be6fc8b0ee97b620c88f
801,,sprites/DefineSprite_801/423.png,527,713,6,True,13360,46cd41d3a9a1c5d78c42794b1040f52504701121dcb274b336ea1942ab127067
801,,sprites/DefineSprite_801/424.png,527,713,6,True,13303,ad887f195ada49e563e280a85995a97ebc74680e85097f42edd699ae979e836f
801,,sprites/DefineSprite_801/425.png,527,713,6,True,12382,2fe902f0ca64e5c01ab146febbbeb0031a254497ec6c4154505b656611bf6310
801,,sprites/DefineSprite_801/426.png,527,713,6,True,14194,87bb080e1750ee8bce8b1ed254af6fd04c4dae7267ff65ce54f1a4171c8e7c73
801,,sprites/DefineSprite_801/427.png,527,713,6,True,12499,a1c429d2f8f22cefb511c8475c1c93342ed4ef00f9ff9d71a01187366f2f62af
801,,sprites/DefineSprite_801/428.png,527,713,6,True,14323,bf5d53e7c3aad8394fd704bad7aa845010d8aa3640bbac61df8823a405936543
801,,sprites/DefineSprite_801/429.png,527,713,6,True,12527,846505d5257e6dc6cfc165adae4317818de0f6399557a2e0f126fe1565acfa41
801,,sprites/DefineSprite_801/43.png,527,713,6,True,13789,25038ee48619cf643cb1296c741583d9e9588d32967cccc0f6a7280656d52901
801,,sprites/DefineSprite_801/430.png,527,713,6,True,14396,cf13dc260903c6ac22f8a7b84aa8c7586625651a15a7b8606e0517ea7f70898c
801,,sprites/DefineSprite_801/431.png,527,713,6,True,12613,93722e9a60462f15cec6c59ec9815a5bc1f0c3be01653f5cdcaf4b33e84ac039
801,,sprites/DefineSprite_801/432.png,527,713,6,True,14425,f473cf1544aaa156da210b2f4aa1b0d03354a1b3ae63c99b345d593aac034e9e
801,,sprites/DefineSprite_801/433.png,527,713,6,True,12545,9e33ff27e6aef4c5baa2915404eaa8b7a8eb946ea0a40f09db85031cd779fb76
801,,sprites/DefineSprite_801/434.png,527,713,6,True,14353,424e77e114db21005375ad0668692d650bab71bc338f626cf9181edd5288aa99
801,,sprites/DefineSprite_801/435.png,527,713,6,True,12540,0351e280cf91e190dadd03fe55e84b5b06a329883d0318e9ccedf55cf01f086d
801,,sprites/DefineSprite_801/436.png,527,713,6,True,14276,ceae4f3185ac5271189631982b7e06573dfe3f79ae698885a68c6ef727995926
801,,sprites/DefineSprite_801/437.png,527,713,6,True,12476,b510fbf4fd835b5862f50ebd418383943e3d75c7f28701792fbc927ddb3a79e0
801,,sprites/DefineSprite_801/438.png,527,713,6,True,14276,97174c5662c6788f1156d62e3d63641d6b0fcef95fbd8dc6cca020c4bb5c03e8
801,,sprites/DefineSprite_801/439.png,527,713,6,True,12513,b957f5067494615e28fb20008d887ce7bad5fb0491d664be65b1cd1139ca2e78
801,,sprites/DefineSprite_801/44.png,527,713,6,True,12319,dda4a05c461a531c3139fe9f3cb8a4e9a2f234a8623f70d5fe0def3c15544836
801,,sprites/DefineSprite_801/440.png,527,713,6,True,14321,002003cf16b7efcca25206e5aaed623c16e555d1c9c352ef773596049dbd4c49
801,,sprites/DefineSprite_801/441.png,527,713,6,True,12474,edb12108ba47e1ab62bf4c5414c41d1eee7f02e9cb3320bb56c653b348ae37cd
801,,sprites/DefineSprite_801/442.png,527,713,6,True,14345,3735e6cc0e5de38be105195cc77054b082ba90ed1532726493b134aa6b15bac3
801,,sprites/DefineSprite_801/443.png,527,713,6,True,12554,bff7a43ddecf3807210b9410e4496e6cd058f440705217b7e319fb0a9dcc081b
801,,sprites/DefineSprite_801/444.png,527,713,6,True,14364,dbce8dac80595035214a1daf2db01aaf7eb67c79acb6e912e5a7706dab3c164d
801,,sprites/DefineSprite_801/445.png,527,713,6,True,12527,846505d5257e6dc6cfc165adae4317818de0f6399557a2e0f126fe1565acfa41
801,,sprites/DefineSprite_801/446.png,527,713,6,True,14332,03aac45b9c7b43f0a37b9dd92b61c4958f7902c1b341dffafa6221e4210a966b
801,,sprites/DefineSprite_801/447.png,527,713,6,True,12554,d5df8f438ae090e99244b5ffab4d8400af0a3f4a3d1e72ab33b78abe13b1188d
801,,sprites/DefineSprite_801/448.png,527,713,6,True,14292,a7a618e01649f29cc8ae533959c9200559ef9045602b5f9d9d2a532f8942cccd
801,,sprites/DefineSprite_801/449.png,527,713,6,True,12483,4a7d0433115e095db64287e68688109c6bc3fc5053f9abc6eb2d470575373b8e
801,,sprites/DefineSprite_801/45.png,527,713,6,True,13793,5960cbf43b06abad445285c26ddbe8001ef3305409276e4bf3c2827df1823236
801,,sprites/DefineSprite_801/450.png,527,713,6,True,14283,63cd22335eb268489e96207d79be9a28315de952b43027c1e96f7e0b7b3d53f7
801,,sprites/DefineSprite_801/451.png,527,713,6,True,12540,0351e280cf91e190dadd03fe55e84b5b06a329883d0318e9ccedf55cf01f086d
801,,sprites/DefineSprite_801/452.png,527,713,6,True,14346,0b784e299393f65128453843da3e277c9d5b9ccbcb03090b9f38f9f48895dc68
801,,sprites/DefineSprite_801/453.png,527,713,6,True,12539,bbc8652920057c9493f8382289d73c3e7033fda038eb70693039e4a075b72ae2
801,,sprites/DefineSprite_801/454.png,527,713,6,True,14409,3b656c180176189187ef6021742d3acd3b17e661b3ada6490555ecfbeb07d393
801,,sprites/DefineSprite_801/455.png,527,713,6,True,12572,af553b3f1c1da81139ec7a93d0e537d038ffbf1c7337c187d690eae1a5881e30
801,,sprites/DefineSprite_801/456.png,527,713,6,True,14384,75109b32b876548631df8e8d664bd097a3c0c1b11f6857bc19eda75516e02d0c
801,,sprites/DefineSprite_801/457.png,527,713,6,True,12474,edb12108ba47e1ab62bf4c5414c41d1eee7f02e9cb3320bb56c653b348ae37cd
801,,sprites/DefineSprite_801/458.png,527,713,6,True,14281,d4dccef67989c8b9069b0c0fcc39ec95ecb2de80903fe589765dd834ea65befd
801,,sprites/DefineSprite_801/459.png,527,713,6,True,12495,9eaa050eb596668e70431b90b095b61538d09bcf55db22d34568d4a7f8ef9d7e
801,,sprites/DefineSprite_801/46.png,527,713,6,True,12399,d37f8001a257ffe3107b600022dde180664a9326ec8b4c553790d0d08f305ed1
801,,sprites/DefineSprite_801/460.png,527,713,6,True,14231,5ef9746072d4802eb43477255978641417170bc6b0a0b237008f027518f4d657
801,,sprites/DefineSprite_801/461.png,527,713,6,True,12463,68dd05dc7b0faee06c6acb2c330a6afbaf8fc2f1b870569f4498cca44c415953
801,,sprites/DefineSprite_801/462.png,527,713,6,True,14263,f1740ca87146ed837a5b018c246148c815962dcada4bd57d61a3a4908da3d3cf
801,,sprites/DefineSprite_801/463.png,527,713,6,True,12554,d5df8f438ae090e99244b5ffab4d8400af0a3f4a3d1e72ab33b78abe13b1188d
801,,sprites/DefineSprite_801/464.png,527,713,6,True,14361,bebf2a3a8965ad1dd72b36ad77ab2ee40a2cdf3a5906a158b97ca36df1c0b49e
801,,sprites/DefineSprite_801/465.png,527,713,6,True,12545,9e33ff27e6aef4c5baa2915404eaa8b7a8eb946ea0a40f09db85031cd779fb76
801,,sprites/DefineSprite_801/466.png,527,713,6,True,14417,345b1eefaadd9b2160fae31303952101417ab61bb038866c66c659a4f659efcb
801,,sprites/DefineSprite_801/467.png,527,713,6,True,12598,125361ebd1a727461cbdd02db72d4cccd5dc69448f13b083f1d605507d7667a9
801,,sprites/DefineSprite_801/468.png,527,713,6,True,14409,d24298154a552be7a663fe15d5065a47f06f189accd7e7b8005a3e1721edeaf7
801,,sprites/DefineSprite_801/469.png,527,713,6,True,12539,bbc8652920057c9493f8382289d73c3e7033fda038eb70693039e4a075b72ae2
801,,sprites/DefineSprite_801/47.png,527,713,6,True,13860,1a6a7f5ae36fca9958a7626316c9b644c8395db068c5158b89bcb56e9260593c
801,,sprites/DefineSprite_801/470.png,527,713,6,True,14346,5e779ad0a40bf78c8a6db3ef8b29e3a0673a795d8a176e611bf735ee1d002e04
801,,sprites/DefineSprite_801/471.png,527,713,6,True,12513,b957f5067494615e28fb20008d887ce7bad5fb0491d664be65b1cd1139ca2e78
801,,sprites/DefineSprite_801/472.png,527,713,6,True,14251,9a88f63cf14901988dfaebe064e619d523c4205aaa03fe964bf7faa65a613567
801,,sprites/DefineSprite_801/473.png,527,713,6,True,12411,bc6c42626885909fa612b8b4fe62bafe47c301ebe8f19585b7b1d375377562fb
801,,sprites/DefineSprite_801/474.png,527,713,6,True,14211,ce9736f2b057c4ec39dfad9a355497f1d89a49d579282f1fd58d0790b811b3fe
801,,sprites/DefineSprite_801/475.png,527,713,6,True,12495,9eaa050eb596668e70431b90b095b61538d09bcf55db22d34568d4a7f8ef9d7e
801,,sprites/DefineSprite_801/476.png,527,713,6,True,14300,22af556655dd76ebf6278bef257933c343c12dc53dde00446f3b4ddaf344cefb
801,,sprites/DefineSprite_801/477.png,527,713,6,True,12527,846505d5257e6dc6cfc165adae4317818de0f6399557a2e0f126fe1565acfa41
801,,sprites/DefineSprite_801/478.png,527,713,6,True,14396,cf13dc260903c6ac22f8a7b84aa8c7586625651a15a7b8606e0517ea7f70898c
801,,sprites/DefineSprite_801/479.png,527,713,6,True,12613,93722e9a60462f15cec6c59ec9815a5bc1f0c3be01653f5cdcaf4b33e84ac039
801,,sprites/DefineSprite_801/48.png,527,713,6,True,12425,b06092acbec4c348d2eb0f13f3d1f19bd02ac472da8956d354f9690012065783
801,,sprites/DefineSprite_801/480.png,527,713,6,True,14425,f473cf1544aaa156da210b2f4aa1b0d03354a1b3ae63c99b345d593aac034e9e
801,,sprites/DefineSprite_801/481.png,527,713,6,True,12545,9e33ff27e6aef4c5baa2915404eaa8b7a8eb946ea0a40f09db85031cd779fb76
801,,sprites/DefineSprite_801/482.png,527,713,6,True,14353,424e77e114db21005375ad0668692d650bab71bc338f626cf9181edd5288aa99
801,,sprites/DefineSprite_801/483.png,527,713,6,True,12540,0351e280cf91e190dadd03fe55e84b5b06a329883d0318e9ccedf55cf01f086d
801,,sprites/DefineSprite_801/484.png,527,713,6,True,14276,ceae4f3185ac5271189631982b7e06573dfe3f79ae698885a68c6ef727995926
801,,sprites/DefineSprite_801/485.png,527,713,6,True,12476,b510fbf4fd835b5862f50ebd418383943e3d75c7f28701792fbc927ddb3a79e0
801,,sprites/DefineSprite_801/486.png,527,713,6,True,14276,97174c5662c6788f1156d62e3d63641d6b0fcef95fbd8dc6cca020c4bb5c03e8
801,,sprites/DefineSprite_801/487.png,527,713,6,True,12513,b957f5067494615e28fb20008d887ce7bad5fb0491d664be65b1cd1139ca2e78
801,,sprites/DefineSprite_801/488.png,527,713,6,True,14321,002003cf16b7efcca25206e5aaed623c16e555d1c9c352ef773596049dbd4c49
801,,sprites/DefineSprite_801/489.png,527,713,6,True,12474,edb12108ba47e1ab62bf4c5414c41d1eee7f02e9cb3320bb56c653b348ae37cd
801,,sprites/DefineSprite_801/49.png,527,713,6,True,13831,0f8df5e50d6787fda84eb2bf6249aa19e1913ba0cf05206abb76fbdc833865d8
801,,sprites/DefineSprite_801/490.png,527,713,6,True,14345,3735e6cc0e5de38be105195cc77054b082ba90ed1532726493b134aa6b15bac3
801,,sprites/DefineSprite_801/491.png,527,713,6,True,12554,bff7a43ddecf3807210b9410e4496e6cd058f440705217b7e319fb0a9dcc081b
801,,sprites/DefineSprite_801/492.png,527,713,6,True,14364,dbce8dac80595035214a1daf2db01aaf7eb67c79acb6e912e5a7706dab3c164d
801,,sprites/DefineSprite_801/493.png,527,713,6,True,12527,846505d5257e6dc6cfc165adae4317818de0f6399557a2e0f126fe1565acfa41
801,,sprites/DefineSprite_801/494.png,527,713,6,True,14332,03aac45b9c7b43f0a37b9dd92b61c4958f7902c1b341dffafa6221e4210a966b
801,,sprites/DefineSprite_801/495.png,527,713,6,True,12554,d5df8f438ae090e99244b5ffab4d8400af0a3f4a3d1e72ab33b78abe13b1188d
801,,sprites/DefineSprite_801/496.png,527,713,6,True,14292,a7a618e01649f29cc8ae533959c9200559ef9045602b5f9d9d2a532f8942cccd
801,,sprites/DefineSprite_801/497.png,527,713,6,True,12483,4a7d0433115e095db64287e68688109c6bc3fc5053f9abc6eb2d470575373b8e
801,,sprites/DefineSprite_801/498.png,527,713,6,True,14283,63cd22335eb268489e96207d79be9a28315de952b43027c1e96f7e0b7b3d53f7
801,,sprites/DefineSprite_801/499.png,527,713,6,True,12540,0351e280cf91e190dadd03fe55e84b5b06a329883d0318e9ccedf55cf01f086d
801,,sprites/DefineSprite_801/5.png,527,713,6,True,13327,7f0980598c2bf24f20b01f1ad6fe716217d4fba547842d65d335421066ef2818
801,,sprites/DefineSprite_801/50.png,527,713,6,True,12427,a0c4eb0f3447382a51089c0ad9d9a445e89988d9bc3bcdda4122f47bd1ab9ea4
801,,sprites/DefineSprite_801/500.png,527,713,6,True,14346,0b784e299393f65128453843da3e277c9d5b9ccbcb03090b9f38f9f48895dc68
801,,sprites/DefineSprite_801/501.png,527,713,6,True,12539,bbc8652920057c9493f8382289d73c3e7033fda038eb70693039e4a075b72ae2
801,,sprites/DefineSprite_801/502.png,527,713,6,True,14409,3b656c180176189187ef6021742d3acd3b17e661b3ada6490555ecfbeb07d393
801,,sprites/DefineSprite_801/503.png,527,713,6,True,12572,af553b3f1c1da81139ec7a93d0e537d038ffbf1c7337c187d690eae1a5881e30
801,,sprites/DefineSprite_801/504.png,527,713,6,True,14384,75109b32b876548631df8e8d664bd097a3c0c1b11f6857bc19eda75516e02d0c
801,,sprites/DefineSprite_801/505.png,527,713,6,True,12474,edb12108ba47e1ab62bf4c5414c41d1eee7f02e9cb3320bb56c653b348ae37cd
801,,sprites/DefineSprite_801/506.png,527,713,6,True,14281,d4dccef67989c8b9069b0c0fcc39ec95ecb2de80903fe589765dd834ea65befd
801,,sprites/DefineSprite_801/507.png,527,713,6,True,12495,9eaa050eb596668e70431b90b095b61538d09bcf55db22d34568d4a7f8ef9d7e
801,,sprites/DefineSprite_801/508.png,527,713,6,True,14231,5ef9746072d4802eb43477255978641417170bc6b0a0b237008f027518f4d657
801,,sprites/DefineSprite_801/509.png,527,713,6,True,12463,68dd05dc7b0faee06c6acb2c330a6afbaf8fc2f1b870569f4498cca44c415953
801,,sprites/DefineSprite_801/51.png,527,713,6,True,13911,612de759f44d5d02dddb838264cd974d9305175207545b064d9db678bf53f0cb
801,,sprites/DefineSprite_801/510.png,527,713,6,True,14263,f1740ca87146ed837a5b018c246148c815962dcada4bd57d61a3a4908da3d3cf
801,,sprites/DefineSprite_801/511.png,527,713,6,True,12554,d5df8f438ae090e99244b5ffab4d8400af0a3f4a3d1e72ab33b78abe13b1188d
801,,sprites/DefineSprite_801/512.png,527,713,6,True,14361,bebf2a3a8965ad1dd72b36ad77ab2ee40a2cdf3a5906a158b97ca36df1c0b49e
801,,sprites/DefineSprite_801/513.png,527,713,6,True,12545,9e33ff27e6aef4c5baa2915404eaa8b7a8eb946ea0a40f09db85031cd779fb76
801,,sprites/DefineSprite_801/514.png,527,713,6,True,14417,345b1eefaadd9b2160fae31303952101417ab61bb038866c66c659a4f659efcb
801,,sprites/DefineSprite_801/515.png,527,713,6,True,12598,125361ebd1a727461cbdd02db72d4cccd5dc69448f13b083f1d605507d7667a9
801,,sprites/DefineSprite_801/516.png,527,713,6,True,14409,d24298154a552be7a663fe15d5065a47f06f189accd7e7b8005a3e1721edeaf7
801,,sprites/DefineSprite_801/517.png,527,713,6,True,12539,bbc8652920057c9493f8382289d73c3e7033fda038eb70693039e4a075b72ae2
801,,sprites/DefineSprite_801/518.png,527,713,6,True,14346,5e779ad0a40bf78c8a6db3ef8b29e3a0673a795d8a176e611bf735ee1d002e04
801,,sprites/DefineSprite_801/519.png,527,713,6,True,12513,b957f5067494615e28fb20008d887ce7bad5fb0491d664be65b1cd1139ca2e78
801,,sprites/DefineSprite_801/52.png,527,713,6,True,12343,43318523e1d2409fd33ad8941948e1da5d520620743e2e1ba0df1fbf2a291571
801,,sprites/DefineSprite_801/520.png,527,713,6,True,14251,9a88f63cf14901988dfaebe064e619d523c4205aaa03fe964bf7faa65a613567
801,,sprites/DefineSprite_801/521.png,527,713,6,True,12411,bc6c42626885909fa612b8b4fe62bafe47c301ebe8f19585b7b1d375377562fb
801,,sprites/DefineSprite_801/522.png,527,713,6,True,14211,ce9736f2b057c4ec39dfad9a355497f1d89a49d579282f1fd58d0790b811b3fe
801,,sprites/DefineSprite_801/523.png,527,713,6,True,12495,9eaa050eb596668e70431b90b095b61538d09bcf55db22d34568d4a7f8ef9d7e
801,,sprites/DefineSprite_801/524.png,527,713,6,True,14300,22af556655dd76ebf6278bef257933c343c12dc53dde00446f3b4ddaf344cefb
801,,sprites/DefineSprite_801/525.png,527,713,6,True,12527,846505d5257e6dc6cfc165adae4317818de0f6399557a2e0f126fe1565acfa41
801,,sprites/DefineSprite_801/526.png,527,713,6,True,13437,ed13ade16a5efe930978d267c40c7a7bd095b866473f7219030021c035c9716a
801,,sprites/DefineSprite_801/527.png,527,713,6,True,13464,f0129a8bea6d0eee6907106f9ec399b8fb771f5d35489c1cf5a1df29cebd637c
801,,sprites/DefineSprite_801/528.png,527,713,6,True,13464,f0129a8bea6d0eee6907106f9ec399b8fb771f5d35489c1cf5a1df29cebd637c
801,,sprites/DefineSprite_801/529.png,527,713,6,True,13389,29e3f1fb7e38dda646bf2d945262b31d29df32dc9a9d7800de5232c90ccebe31
801,,sprites/DefineSprite_801/53.png,527,713,6,True,13836,65f6953763381231e1d0aeeb8ca003d2d0784895fbdcf77de344104292c6f794
801,,sprites/DefineSprite_801/530.png,527,713,6,True,13389,29e3f1fb7e38dda646bf2d945262b31d29df32dc9a9d7800de5232c90ccebe31
801,,sprites/DefineSprite_801/531.png,527,713,6,True,13385,11f473259ca7845931bedb71631fcefb82659dae6754aff021e85df0575af9cc
801,,sprites/DefineSprite_801/532.png,527,713,6,True,13328,b3b9c9dd0eb5153eb02133114bc192ad90cf5becb50fc68a1340ea65506b8bc6
801,,sprites/DefineSprite_801/533.png,527,713,6,True,13327,7f0980598c2bf24f20b01f1ad6fe716217d4fba547842d65d335421066ef2818
801,,sprites/DefineSprite_801/534.png,527,713,6,True,13327,7f0980598c2bf24f20b01f1ad6fe716217d4fba547842d65d335421066ef2818
801,,sprites/DefineSprite_801/535.png,527,713,6,True,13624,16d9319d6a00609f1b67e20f18d0d073c513077d9121ffc29300aa91dbdaec00
801,,sprites/DefineSprite_801/536.png,527,713,6,True,15202,9d9da3a422171b8824f81ec27c56508ad634d7672e1036f65897a46a204b870e
801,,sprites/DefineSprite_801/537.png,527,713,6,True,13681,59ae81084766f915245588f6c2bd2256d99a03526ef3a52f67a260fb4aa27a11
801,,sprites/DefineSprite_801/538.png,527,713,6,True,15269,7e0a966cb58d599bd55a1878e879b1e7b198cc5116a6bf41ba23f34311ee2d8f
801,,sprites/DefineSprite_801/539.png,527,713,6,True,13770,f2a99f4114f0317037c22d2dcb689d0a63efed72b89141702b66de91e7ff3102
801,,sprites/DefineSprite_801/54.png,527,713,6,True,12343,6c1b9c5f1ce08dba4dde48cac2063eece49b03ad6f348895bacef29e28e8d939
801,,sprites/DefineSprite_801/540.png,527,713,6,True,15254,867de7b0e2c775427e8d67b83f8d49958054c115ad1c6dcef2df01c3d0953df0
801,,sprites/DefineSprite_801/541.png,527,713,6,True,13730,0f129aa1866fce4d3af76b4977f05200413727d706903b4ce4cf8a7b9436ec6a
801,,sprites/DefineSprite_801/542.png,527,713,6,True,15233,6b5bc5e7195aa53810f976c272b162058e0fbe4e5c539283cc6381b81ee44ca6
801,,sprites/DefineSprite_801/543.png,527,713,6,True,13758,362a4c11437b093a536f2e8c949adf3399c3e7c2ca1b9fa610eb42df17402761
801,,sprites/DefineSprite_801/544.png,527,713,6,True,15224,9728fc4d0da902826b129bc6f0505a2e596a7459f1c4b0f4d0c800c1d3821c01
801,,sprites/DefineSprite_801/545.png,527,713,6,True,13752,8538827209a7c382ba78c21e1ae33b23ed48489e18bf683135aadb03642a42e6
801,,sprites/DefineSprite_801/546.png,527,713,6,True,15303,2d70fa6fa8eb06b0dcb38a4b7a8b7712ccc16be539d9910989ce5a8c965dd284
801,,sprites/DefineSprite_801/547.png,527,713,6,True,13796,fde70eb778dfdc1e8fc488d1f833996060d5ccfeebd1b9742da20ecaba226030
801,,sprites/DefineSprite_801/548.png,527,713,6,True,15342,a4ba2fdfd48b9c374cb0c707f99e436019813375685de15404735476b094cb4f
801,,sprites/DefineSprite_801/549.png,527,713,6,True,13798,8da1ce8abacf2e61de26e175e49c163792a91fe0df4ad4cd92d35c3a3bfef895
801,,sprites/DefineSprite_801/55.png,527,713,6,True,13875,77512ac8b657d3f896419937e02d513ea5d656a4250972c3b1cae6d82b3787bd
801,,sprites/DefineSprite_801/550.png,527,713,6,True,15399,b5ad8f52a0671eeb85c0b137157b9007e7615eba33951b10befbe826a7a26c2f
801,,sprites/DefineSprite_801/551.png,527,713,6,True,13838,f5db6edccf8248238ccadc0511a5fa70dd38ed30381b857e7ff252d2e6828b14
801,,sprites/DefineSprite_801/552.png,527,713,6,True,15374,76717e6e1928a8a0dae14ec9491df5716d51093c3bc7269d27ec48522b665732
801,,sprites/DefineSprite_801/553.png,527,713,6,True,13733,4a29c96945e972d340d6754eba3c9451e1181b1cc918cbff13d142a4912aece9
801,,sprites/DefineSprite_801/554.png,527,713,6,True,15281,d2797c2ac31d0a60e2905eb39b5f2003b8225608525926e378a68f9a9a6dceff
801,,sprites/DefineSprite_801/555.png,527,713,6,True,13755,b599ebf323c6d01f42a03ecc72430162508fabda2005af67dd27e4022c7689e4
801,,sprites/DefineSprite_801/556.png,527,713,6,True,15289,fd6a34184c356a4d457533098fde4a68057699ab4a3e3f237b1724603910aab7
801,,sprites/DefineSprite_801/557.png,527,713,6,True,13728,195d45676db1f235f2afd4d2e4ef08a1920d4c3d721467b95dae2e5059110374
801,,sprites/DefineSprite_801/558.png,527,713,6,True,15324,2f6efbcc98c0e18a94c4ec57adcdc382fc41aa22341f4b44585c7f97cdff6650
801,,sprites/DefineSprite_801/559.png,527,713,6,True,13816,1ca80b27c89b67935f574164ff371160e59b076c4b02d0351f0fb356fcbab084
801,,sprites/DefineSprite_801/56.png,527,713,6,True,12390,96db3e4cffc4a60c58cddecf5f24280783639dee1da88804cb39c8a063fcfac1
801,,sprites/DefineSprite_801/560.png,527,713,6,True,15413,ad4dffb3ae6e1795a2fd71b21e107a1aca72476ea5cd7f8e63774d3b20d97d82
801,,sprites/DefineSprite_801/561.png,527,713,6,True,13806,bb338c77f11ac66e1332bc1584fbf9f1baf8e219b371bd302a67efdc25c7eae3
801,,sprites/DefineSprite_801/562.png,527,713,6,True,15458,ef8ea9c208889c5a345c793a4fd6a574938b8635f5a5a554130b3b7f6a48b52d
801,,sprites/DefineSprite_801/563.png,527,713,6,True,13861,5aff825ce6f616559fc4be3aa65da8900141e340594903ca398b48d3d6606156
801,,sprites/DefineSprite_801/564.png,527,713,6,True,15407,daa41bc03486eb19d5f8b83d2d95aac1645630626861123e02b1f71191170171
801,,sprites/DefineSprite_801/565.png,527,713,6,True,13765,fd36d859cb30dbf45f731c43c53d9790111aa7f15378144ee8ca273f82d3fbcf
801,,sprites/DefineSprite_801/566.png,527,713,6,True,15393,17273cc5000a567f174c3d66e96abf7ea8a6f61db2812ba96c5b0ac685c16dee
801,,sprites/DefineSprite_801/567.png,527,713,6,True,13736,aba51f7524965b58933a1723b3201ce6ffdbd0f988aaf63ab823d3cfba7814c7
801,,sprites/DefineSprite_801/568.png,527,713,6,True,15357,6bbd2add850fbefb23a1b872eacdbdc529dc1aba8ef45d6b1cc92cb89da62cac
801,,sprites/DefineSprite_801/569.png,527,713,6,True,13644,5378752efee02dee34ffe8456fe94c0d47f312549d5405a6c1a2950d8a12e022
801,,sprites/DefineSprite_801/57.png,527,713,6,True,13836,e92bd9e74672a972b5f4b6d5df77f9b92d9ef984c4cba7c04031510b5801d0ee
801,,sprites/DefineSprite_801/570.png,527,713,6,True,15321,86f54bc89014d7e610034870a28f50ca689d720ec3732a4f0b7e058f8b4fad89
801,,sprites/DefineSprite_801/571.png,527,713,6,True,13721,d876e314057bb23f7c38f66a53af0eacd7425aec0557a306796a80b346f1630d
801,,sprites/DefineSprite_801/572.png,527,713,6,True,15392,83204f27b020eb70d60a1a542a8d10efa3732bf1cc3c2478424d8ff06e63c86e
801,,sprites/DefineSprite_801/573.png,527,713,6,True,13749,bf1a58a83881c110c648018f84cdad531f53686157f4bbd840e695436655c08f
801,,sprites/DefineSprite_801/574.png,527,713,6,True,15482,30c80f9a0ffea28f4e18fe7813b8adbb8449e375df6c97d3e145b0d11fd3312d
801,,sprites/DefineSprite_801/575.png,527,713,6,True,13852,0f5d6f7c670c4908ef18a705fd01c96befec34b95bd85adeffb8d94152b78e59
801,,sprites/DefineSprite_801/576.png,527,713,6,True,15540,6681c45fce30252b50f957bc406a0d3aa3bcc70681576263da47acc60ab04cb7
801,,sprites/DefineSprite_801/577.png,527,713,6,True,13768,ce7d741289527522a9988c71508b24d11a3bdc8e234c1c19af39430f49298261
801,,sprites/DefineSprite_801/578.png,527,713,6,True,15508,01f67f3852630e03bd8e7dce124b322907af6e8167822c99e80e9d482f00097b
801,,sprites/DefineSprite_801/579.png,527,713,6,True,13765,dbc9ee47e20abb26193daf8f92aa965679cbd683ff52191e785c652e206c2eb8
801,,sprites/DefineSprite_801/58.png,527,713,6,True,12398,2b6ca060d025d08ecd501c98c42fa16eaf6f764157acc2c6805e7c8bd8b19760
801,,sprites/DefineSprite_801/580.png,527,713,6,True,15457,d8b4bbda5623d1f4eda1dcd713005412657c0cfbd7d8ff2613327ef0440963a1
801,,sprites/DefineSprite_801/581.png,527,713,6,True,13708,c22adb0b9b98bb89f2e242f49078af5cdd94751cf01c95c234a651d0e23a5dc9
801,,sprites/DefineSprite_801/582.png,527,713,6,True,15448,bb1dd521283a66f23ded34e7a0731dd40a2dfbbfd59e30d74cfa077f16171343
801,,sprites/DefineSprite_801/583.png,527,713,6,True,13736,aba51f7524965b58933a1723b3201ce6ffdbd0f988aaf63ab823d3cfba7814c7
801,,sprites/DefineSprite_801/584.png,527,713,6,True,15478,ed04a81f1fb4afae86798771de4cf9530c13bb929e9701675062568e7b693f4a
801,,sprites/DefineSprite_801/585.png,527,713,6,True,13701,bde29b0127ed8d9889d414cd53e66fc94df702a524b9900a61dabcd5d90d0138
801,,sprites/DefineSprite_801/586.png,527,713,6,True,15627,71872996e883e93af23df543aa7fdc1d9ddab4a061bd7257e76c19a36ae5a0da
801,,sprites/DefineSprite_801/587.png,527,713,6,True,13788,ffb339b8d8df722a69b2f5059541fcbe2f9ed58831c7d642c30000848dedaee8
801,,sprites/DefineSprite_801/588.png,527,713,6,True,15665,e091c9f373febd147081f114d0e0b602554f97a6824b39e8dece597d76f44a12
801,,sprites/DefineSprite_801/589.png,527,713,6,True,13753,28102a1eb608be488d6dc9c37980573d4418851c44a33a203d4ff88c528e9ca3
801,,sprites/DefineSprite_801/59.png,527,713,6,True,13902,663f925b100f4739b009a2d8c374876972860c34fdffa0b47978df2977c72af9
801,,sprites/DefineSprite_801/590.png,527,713,6,True,15637,ac7359fc6825af2db57384bbbea95b671a78a2d025ef234ae50dc32a7e9a4883
801,,sprites/DefineSprite_801/591.png,527,713,6,True,13781,24500b2af83fd7528254c0cfb8cc16c1ca17481846ffad17611e6e45be2dcacc
801,,sprites/DefineSprite_801/592.png,527,713,6,True,15611,f360a3f9e3d2495608094cd86b846987aba7d50d2db148ba646f02665f20a4b5
801,,sprites/DefineSprite_801/593.png,527,713,6,True,13711,08deb582b5b6d25a44eae9533f15f689e4881b4186e638e87865a0f3681c3dbc
801,,sprites/DefineSprite_801/594.png,527,713,6,True,15603,a8ae695c0ff9f8503f4dc9de06c3fe75432daefe5e36623a30345a4511d04add
801,,sprites/DefineSprite_801/595.png,527,713,6,True,13764,46f69b229b8d64f3b8807b7b2134e3cecc0511e516fbcee6ad80adec421dda8b
801,,sprites/DefineSprite_801/596.png,527,713,6,True,15673,dfdb2c0f203a6ad2157edc99e55205df43a828bc9ab386901a18f961a38e41b5
801,,sprites/DefineSprite_801/597.png,527,713,6,True,13761,ce6bbf720c3ea9bcd69af38dacc92eb59104d4790786575029907c0b3e6656ee
801,,sprites/DefineSprite_801/598.png,527,713,6,True,15793,0e358e9c4803e89254fa4bfac94fe8e15ec18c73910f317c5044110876c0d668
801,,sprites/DefineSprite_801/599.png,527,713,6,True,13805,16c059f7b10a0bbedcc958a5fdef2d56a7fd3375f23c8b3e5938be06b6ecf1da
801,,sprites/DefineSprite_801/6.png,527,713,6,True,13327,7f0980598c2bf24f20b01f1ad6fe716217d4fba547842d65d335421066ef2818
801,,sprites/DefineSprite_801/60.png,527,713,6,True,12421,58fe1fa9771c9f1f2905e51b91594f3b1c2ce2d88db6ae2d3ae0b7534d5b9596
801,,sprites/DefineSprite_801/600.png,527,713,6,True,15776,3966d62be5f09091153adacb8e34172e96f979c7864a8bd48f1d94cef8e8cb3a
801,,sprites/DefineSprite_801/601.png,527,713,6,True,13701,5d4de01ce92b8812742b1ba7f1ad52d0da1db29897028ec03701c4b042ccd203
801,,sprites/DefineSprite_801/602.png,527,713,6,True,15667,481e94cc002323258d6b63116984fca0a61f27776de61e1b89678129ca4627ea
801,,sprites/DefineSprite_801/603.png,527,713,6,True,13717,f505e139ef76ff4727337e28775036b8b7c125cce83b642be12a8a5316f6f361
801,,sprites/DefineSprite_801/604.png,527,713,6,True,15634,7ab0c92d80ebe06b3a24b432fde3422affc6d340d9e09fa37f05f81f295d2b96
801,,sprites/DefineSprite_801/605.png,527,713,6,True,13692,517596227f678c13043670c0e072fb04efcbe9ad3ec41d729769b677e09dbde1
801,,sprites/DefineSprite_801/606.png,527,713,6,True,15665,50ce508a576589ae64da81d7c7efdea09dbb8f94ce4b6a03f2b9ecc029272052
801,,sprites/DefineSprite_801/607.png,527,713,6,True,13777,4a563f52efdaa088a5985bd79be145818db9fc3677aa6085fc9c82aae77bdeae
801,,sprites/DefineSprite_801/608.png,527,713,6,True,15746,01df5dfeed6b373b99d3a2d877ed88a1d5def4d626f973b3b475ce4c2b9f7b82
801,,sprites/DefineSprite_801/609.png,527,713,6,True,13768,ce7d741289527522a9988c71508b24d11a3bdc8e234c1c19af39430f49298261
801,,sprites/DefineSprite_801/61.png,527,713,6,True,13940,f6db9879bb9a3c33e55b09b428a5714723a405afde6861181add23ee44a7d51c
801,,sprites/DefineSprite_801/610.png,527,713,6,True,15795,d7581e2113a6d8a7fb9636e9b53c54b515ca4fde4410d0a53785fe0285035133
801,,sprites/DefineSprite_801/611.png,527,713,6,True,13826,107c1db5cb7da0b0cf87d8a66b772955ae6cd079cc719e499bd637f9bd9ab0e5
801,,sprites/DefineSprite_801/612.png,527,713,6,True,15790,39f0d15b669b0d5d1ae1cbfc9bfa507e525543206c9e9526da0b848e93e89a9d
801,,sprites/DefineSprite_801/613.png,527,713,6,True,13761,ce6bbf720c3ea9bcd69af38dacc92eb59104d4790786575029907c0b3e6656ee
801,,sprites/DefineSprite_801/614.png,527,713,6,True,15729,dd324eb8cb43098970befb2863581f8eb3d477ed5ed50f7cc090c79a551f3102
801,,sprites/DefineSprite_801/615.png,527,713,6,True,13736,aba51f7524965b58933a1723b3201ce6ffdbd0f988aaf63ab823d3cfba7814c7
801,,sprites/DefineSprite_801/616.png,527,713,6,True,15652,6d3a19b51eafc2fcf53ddb60887ef7b8e16cd7a5cbd2cd0e8003c6fd599023d4
801,,sprites/DefineSprite_801/617.png,527,713,6,True,13639,4984b1b8738c4287926d08084dc04af83cf9ad3b22f531b1c2f8223a186bed06
801,,sprites/DefineSprite_801/618.png,527,713,6,True,15614,80f66350394eb448e81649e4b199144c7d1513a9374cd691592ec12d38c60bc9
801,,sprites/DefineSprite_801/619.png,527,713,6,True,13717,f505e139ef76ff4727337e28775036b8b7c125cce83b642be12a8a5316f6f361
801,,sprites/DefineSprite_801/62.png,527,713,6,True,12404,fb36ebd49c27264559cf8c09f4d2faffe0df7734035627fb00a064bf22ce7cf2
801,,sprites/DefineSprite_801/620.png,527,713,6,True,15686,cfd3f690bf788254c0df2a4cb7b9e36301bdfd8d463f8de24fc158924492567c
801,,sprites/DefineSprite_801/621.png,527,713,6,True,13749,bf1a58a83881c110c648018f84cdad531f53686157f4bbd840e695436655c08f
801,,sprites/DefineSprite_801/622.png,527,713,6,True,15775,4824b1745912eb100a0d84405b1e6c98f338bedb1844fe24f0514d77723d02ba
801,,sprites/DefineSprite_801/623.png,527,713,6,True,13848,ec4cb44c2057bdf126744cdea42f363f8f8eb37bed2ea666b99ff352d4bc4cbe
801,,sprites/DefineSprite_801/624.png,527,713,6,True,15804,534fc76658ae938dc9a14298162b5b2df73b846e468657e606264557b767d0f3
801,,sprites/DefineSprite_801/625.png,527,713,6,True,13768,ce7d741289527522a9988c71508b24d11a3bdc8e234c1c19af39430f49298261
801,,sprites/DefineSprite_801/626.png,527,713,6,True,15737,968decd14e5c8a8aa542c758a22fc90991f6ae2966d95fdb9c21114fe9be6a9f
801,,sprites/DefineSprite_801/627.png,527,713,6,True,13760,11cb02f6a6ccd69bd7957ae1acd77ac28a562cd4b3a35db1d47c9cccfc07cb02
801,,sprites/DefineSprite_801/628.png,527,713,6,True,15677,6132864e2aabf847732670228369e4ac0f07291603bbc5d2526d6a99c1dd2624
801,,sprites/DefineSprite_801/629.png,527,713,6,True,13703,8b3e5ead5f82cca3317fff8efb8d6e31f127af74102c01380d5c482bf9f6361c
801,,sprites/DefineSprite_801/63.png,527,713,6,True,13982,57ce940c33be2d63315451d96ca0521423bb75b53c85e0da92b86bbbe33a723f
801,,sprites/DefineSprite_801/630.png,527,713,6,True,15678,85222ffeee3da7d22ceb0061718b7e873a15c5ce35d643c2a94f8acf965ea7dd
801,,sprites/DefineSprite_801/631.png,527,713,6,True,13736,aba51f7524965b58933a1723b3201ce6ffdbd0f988aaf63ab823d3cfba7814c7
801,,sprites/DefineSprite_801/632.png,527,713,6,True,15707,c859d3231e09b7b2d06e949ed3898f5181b9d3f757124e3905c9c353cde71eb4
801,,sprites/DefineSprite_801/633.png,527,713,6,True,13696,2ee9c634f8b2a6fdd0b929901fb4a1f8749a83e16cb71c8d54bc7bd3ed2b1c66
801,,sprites/DefineSprite_801/634.png,527,713,6,True,15725,e349555978150b0a5ffd08286293e5fb5313ab6af16cbf6e43f1a627d35a0974
801,,sprites/DefineSprite_801/635.png,527,713,6,True,13788,ffb339b8d8df722a69b2f5059541fcbe2f9ed58831c7d642c30000848dedaee8
801,,sprites/DefineSprite_801/636.png,527,713,6,True,13406,fabddf3f46e374d9dc88ef40f4d967e9d602788ad5afdc8419b237e3f1ea8ae5
801,,sprites/DefineSprite_801/637.png,527,713,6,True,13371,e16609580c226d7e51aca116f2d0efab05140c74f35a7c5a09b5073e83c8a482
801,,sprites/DefineSprite_801/638.png,527,713,6,True,13371,e16609580c226d7e51aca116f2d0efab05140c74f35a7c5a09b5073e83c8a482
801,,sprites/DefineSprite_801/639.png,527,713,6,True,13398,f4b3942a1c4635d3189f8b6b96776106b4d5e7f6727543d12172d7dd37dc2cdd
801,,sprites/DefineSprite_801/64.png,527,713,6,True,12361,3e2b9aab0a27d2437bd8c206898b286d8d489d5bb1ba6cfdaf4da21eb378fed9
801,,sprites/DefineSprite_801/640.png,527,713,6,True,13342,85189f4c1e06153df279758f37fadaf09712d618cac6507ff110b2b83562f906
801,,sprites/DefineSprite_801/641.png,527,713,6,True,13333,cefa4d68b2d9fbf418a702239444f512fefc5db95f7fb10aa6e3250b650dc587
801,,sprites/DefineSprite_801/642.png,527,713,6,True,13333,cefa4d68b2d9fbf418a702239444f512fefc5db95f7fb10aa6e3250b650dc587
801,,sprites/DefineSprite_801/643.png,527,713,6,True,13385,11f473259ca7845931bedb71631fcefb82659dae6754aff021e85df0575af9cc
801,,sprites/DefineSprite_801/644.png,527,713,6,True,13385,11f473259ca7845931bedb71631fcefb82659dae6754aff021e85df0575af9cc
801,,sprites/DefineSprite_801/645.png,527,713,6,True,12224,ba9aec3efacd2e472a62d5369da8832b04d589719b26e513f71405f6444a4392
801,,sprites/DefineSprite_801/646.png,527,713,6,True,13770,226e5a6f80c33d91d408d89ae53cb705f45037838b868ac3c46a8a964bb36fb1
801,,sprites/DefineSprite_801/647.png,527,713,6,True,12344,8c2f916496e1b3c8d2e7a2fc4eae4e6a70b738ad3a9a068457b50b53b3078a2b
801,,sprites/DefineSprite_801/648.png,527,713,6,True,13794,912163faef989ce726958f7b1459878ebd067858481219619491433a1bb3c9e8
801,,sprites/DefineSprite_801/649.png,527,713,6,True,12255,bf5fae23e84be4da6381668b7a33089cbeb8372d510b83537a07546a4e577b8f
801,,sprites/DefineSprite_801/65.png,527,713,6,True,13905,e9178dba3b7cd8972b10d08552c8fcea22d2ad2a07e1b3091b1efeab550c58a8
801,,sprites/DefineSprite_801/650.png,527,713,6,True,13687,229a16f79f2b9c3449e5c1cdcd85e6cb79af73acd26bb8114660ef182638e4c4
801,,sprites/DefineSprite_801/651.png,527,713,6,True,12276,ce5e3d92793a46d1a02bd84ec7c830e80bcf8d96c1d860ec29da9f1071b24641
801,,sprites/DefineSprite_801/652.png,527,713,6,True,13636,7af032142aa822fdaafd70cbb5286ff9d9079c0a659580fabcb7a3d41cb21fcc
801,,sprites/DefineSprite_801/653.png,527,713,6,True,12232,0278cbbf9c3f5c658a8de75dafc1f1f139a94bae814885199c1993ccc60c14da
801,,sprites/DefineSprite_801/654.png,527,713,6,True,13685,c09e9cab167299d4a41fdb110a2e130baf6c634075c13fe5908ff7f61369afe3
801,,sprites/DefineSprite_801/655.png,527,713,6,True,12393,ed0f024e03c6aa9b8631df4c0ed71bb058211d0b6deebb0a139f6be0f496b076
801,,sprites/DefineSprite_801/656.png,527,713,6,True,13873,f407adc6a3b68708b9c12f060f1c8b5ef6896fb8cd15064d287f0e6a9148225d
801,,sprites/DefineSprite_801/657.png,527,713,6,True,12381,b88ab378e90190fb9d8996cef91b0ce7ce07a5c46dd901c1ec1012c2bdf12e3b
801,,sprites/DefineSprite_801/658.png,527,713,6,True,13895,4214ccdbd3f638bbc150abf6d570ea6eb1865177745c0ae186de0b605d4797a8
801,,sprites/DefineSprite_801/659.png,527,713,6,True,12421,e7cda1559614d39abefc49b8607ba0616ba577a656d283db4239e5217831e959
801,,sprites/DefineSprite_801/66.png,527,713,6,True,12352,5524109fff996aaf7efd16885d87e796237287bec505c8682894a26097359043
801,,sprites/DefineSprite_801/660.png,527,713,6,True,13887,cb437f0dffc82d8af8d2135763ee4bff4d25b0d80176a7e8f92cd9387822cce2
801,,sprites/DefineSprite_801/661.png,527,713,6,True,12374,1ce81ab73f8d0a6bc598d02e1f9a314320a99faae313af0a495db47a4361d4d7
801,,sprites/DefineSprite_801/662.png,527,713,6,True,13848,dbbaa6c29d302318c2cd90ea13647aab72765270cd191cd173d026c2d8c3beae
801,,sprites/DefineSprite_801/663.png,527,713,6,True,12345,5246850dd509f1cbd9c903745adeab1c5547ca7d433f26a96b0d210a29d8f38f
801,,sprites/DefineSprite_801/664.png,527,713,6,True,13765,edf15433a63dbd4c858d5424f26f2d674730c1d5aedf058eae3557ba16884fd7
801,,sprites/DefineSprite_801/665.png,527,713,6,True,12236,a9ff37e3686c88edc615bd5121755be2cb7252399d3e7fcc3f746dec964431a9
801,,sprites/DefineSprite_801/666.png,527,713,6,True,13773,6ee56f2fac468b0fdd996579b726d363b90fcc5d9d4dd851a2e7fc9c6c0b8596
801,,sprites/DefineSprite_801/667.png,527,713,6,True,12328,e3a85f636b7298c41cc88c45b6bddc57661850cb0be5035026a9d0b709438976
801,,sprites/DefineSprite_801/668.png,527,713,6,True,13859,1bcc91a067ce0fb138d73e726b6811d70448481701c095fb8479f1085fbb80f3
801,,sprites/DefineSprite_801/669.png,527,713,6,True,12364,d55879c93d19783abe57074f9bf71927a035eacaba3c08d6222a7e5997ed1e94
801,,sprites/DefineSprite_801/67.png,527,713,6,True,13968,f3dd07712f817df23b9e06f7ac81e733022b5b3d1317c9b3b2b2ad5e18c9830f
801,,sprites/DefineSprite_801/670.png,527,713,6,True,13925,85b45b7c0423513f2068057837ab8165e752d11928eef7d81285eb1bda45a837
801,,sprites/DefineSprite_801/671.png,527,713,6,True,12439,c7d1e7e1e401dc94ac624dae427b833e701b490a975db4693535627f5e1ce170
801,,sprites/DefineSprite_801/672.png,527,713,6,True,13957,4826d412f41bf67376b38788a915bcb07c4676079cb9dd1093093e9e3ea5e358
801,,sprites/DefineSprite_801/673.png,527,713,6,True,12379,a343e59c6d98d10fb0b5677fa674a98867cc320bd2b39af252cd21c0858ece41
801,,sprites/DefineSprite_801/674.png,527,713,6,True,13876,68bc0563480833ce3723d1cbd943e72bc1e68e01f0cf5013921ec69c80931d26
801,,sprites/DefineSprite_801/675.png,527,713,6,True,12339,da28fb01b7a0f680f64e2207244aa084c4cf529037a1fd8bc0e166f641e496f9
801,,sprites/DefineSprite_801/676.png,527,713,6,True,13843,44c1bc8cfcb50e2f04f9550378f700cf7861804fafeac9a5f6e5b7707d6b33c0
801,,sprites/DefineSprite_801/677.png,527,713,6,True,12261,3fb95ef092f1c53eb36e93318ca6cd2c59b27ee8f0935a1a82257fa44b1b3a7e
801,,sprites/DefineSprite_801/678.png,527,713,6,True,13885,3d48be19656b4b9a919e0ef6fa5e1f2a60007f06456c3e1792a5ac76c90fc24b
801,,sprites/DefineSprite_801/679.png,527,713,6,True,12311,eaeebc083878c8e926b2886f52bac9e3891c7f468788a784c0ac5ecc9ac8bc77
801,,sprites/DefineSprite_801/68.png,527,713,6,True,12415,f171d1f2174d4432c02d227ddac141bef6dce4746dd7e3b9a60d050455fff0ad
801,,sprites/DefineSprite_801/680.png,527,713,6,True,13930,a35eb67633cc69ec5346a55d18a43d7f22a7b3ef298b4b153898211395749bf9
801,,sprites/DefineSprite_801/681.png,527,713,6,True,12274,1d055ce06271a984d705e29903295f5e6575a9dc263cb0cca466c8ca2c7d7c88
801,,sprites/DefineSprite_801/682.png,527,713,6,True,13917,0cb52088190e992b9ca3dd7ab3991f9a167bc976b53145bae507ec412bcf657f
801,,sprites/DefineSprite_801/683.png,527,713,6,True,12337,56de6072b7c10bcdb42c082e03e5937df5ef70c3f47985665cea99a2272b0184
801,,sprites/DefineSprite_801/684.png,527,713,6,True,13937,c2f69bcb6097b39d39b3c2d485930e03b80a6c9a6c3daa23529399cbb49da7f6
801,,sprites/DefineSprite_801/685.png,527,713,6,True,12327,b8ce41f155139b58ac4e7971c9bc87b63ed7f1bbe617d548bab096848543fc22
801,,sprites/DefineSprite_801/686.png,527,713,6,True,13980,eb1c7bb710473d05f4658a2b156af1061de5b9b3968158357ff7d80749f37e06
801,,sprites/DefineSprite_801/687.png,527,713,6,True,12350,3cb0dd88e7218048857030bba202001d1ea6f5abefc1f90f24e3f1f65dbbd120
801,,sprites/DefineSprite_801/688.png,527,713,6,True,13965,8a193348b36604528370f5fef42caba3ce66e31abe44ec1bf84b2cc2552a5bce
801,,sprites/DefineSprite_801/689.png,527,713,6,True,12272,17649d0cecfb57471a9e3379b2b1f3d1430de2a8e00e73ebcd5ea583f95366a2
801,,sprites/DefineSprite_801/69.png,527,713,6,True,13921,3fa9a22b3dd00f51ba5bf425fed3df51ed8138f854036226b94ee886226eee4b
801,,sprites/DefineSprite_801/690.png,527,713,6,True,13965,e7eb9882cdb8d52ea2d7b7af3324ba79ebfdd85a5a58db6430033f8d62a92443
801,,sprites/DefineSprite_801/691.png,527,713,6,True,12339,2231c3a973af21b9bfc8a50d127fc5cfea4c5489c0e40c2195edbb1234906068
801,,sprites/DefineSprite_801/692.png,527,713,6,True,14027,f56f3b0e5dcbf01fbc834c5dbcf4a01e1b3b9e66d375bf85f1aa343198e79efc
801,,sprites/DefineSprite_801/693.png,527,713,6,True,12334,2f8f85842f2ba4428624981b7e8c5a78c85990c8037ed016818c06944059d90c
801,,sprites/DefineSprite_801/694.png,527,713,6,True,14053,591dca9f23b35917090e065f708a0a66b363be00947a71d065bd649aa67427ef
801,,sprites/DefineSprite_801/695.png,527,713,6,True,12363,e99a60ed4773dc1e7656df7d5818d4188f9a43fc564ea35b4e5bd1b42bc039e6
801,,sprites/DefineSprite_801/696.png,527,713,6,True,14163,c33fb557b9bca4429ba2ae81462fbf01a426a2c1089c7add4e9e4c8cea7be356
801,,sprites/DefineSprite_801/697.png,527,713,6,True,12270,d7e51ceb2e4f2431a19ea989e8eaea1a95ddcc6494d0385d718793b6094df151
801,,sprites/DefineSprite_801/698.png,527,713,6,True,14112,11322bc732374ebf1e521ea598f3125bd90c5d4372f16e3bfc59b6beaa971147
801,,sprites/DefineSprite_801/699.png,527,713,6,True,12298,1209bd6cbebb29449554cf15e4a06c22d923e2aa6154fcd63e35cfd284ff01fe
801,,sprites/DefineSprite_801/7.png,527,713,6,True,13360,46cd41d3a9a1c5d78c42794b1040f52504701121dcb274b336ea1942ab127067
801,,sprites/DefineSprite_801/70.png,527,713,6,True,12428,39946eb6829e225f3ebe5a1af0cc27c56872a0c38391af85461c7be073ff5d6b
801,,sprites/DefineSprite_801/700.png,527,713,6,True,14054,4ca426927bdbfc72910c22e1df5c0c97810b021e0c176f494122cc471849c8d7
801,,sprites/DefineSprite_801/701.png,527,713,6,True,12257,039877a1e5789b08886770a2799f97e9c29aec3415d0ec240d9a762e300cf649
801,,sprites/DefineSprite_801/702.png,527,713,6,True,14090,66b3e6e161193d19d2934eaeff028440d4813ae95ba719a15611533593ac65d8
801,,sprites/DefineSprite_801/703.png,527,713,6,True,12350,3cb0dd88e7218048857030bba202001d1ea6f5abefc1f90f24e3f1f65dbbd120
801,,sprites/DefineSprite_801/704.png,527,713,6,True,14189,1efedb12f3a9111111cb7d5cbfa5a7d0649ca0a12548a4d42766b4df745d807d
801,,sprites/DefineSprite_801/705.png,527,713,6,True,12345,4e0b989393e7b4c497bbdb66ee616a0ba5db4b0022dacf6eecc7379f5d3ca7f7
801,,sprites/DefineSprite_801/706.png,527,713,6,True,14219,4a0d5b081f1e94c8a7d8f365880be1354b574ead44d49567fc2e9e293279f01d
801,,sprites/DefineSprite_801/707.png,527,713,6,True,12381,d1d7f31dbd0c6051d8dbf8268858c1a1357e50fb0ca7f818f1df66d01a354fd8
801,,sprites/DefineSprite_801/708.png,527,713,6,True,14269,ce7f314fdf1f6f39e9296108e45f7a48c00a38d6a9f8b86346efd4b8ac4f27ed
801,,sprites/DefineSprite_801/709.png,527,713,6,True,12337,9b3f4701e1b3535a5c493a5dee854f3e233085ae6e63872408b914e671514d63
801,,sprites/DefineSprite_801/71.png,527,713,6,True,13970,c58802103316a5b39b1d2ee78ec510459ed818a0f54dbb1916b12e8b3093f044
801,,sprites/DefineSprite_801/710.png,527,713,6,True,14258,5785b5243d169f1ea6faf17a3293a82977a9e2a41cf94dba703ba6625dde0d4d
801,,sprites/DefineSprite_801/711.png,527,713,6,True,12311,5ee358f37a76fd10d10e298d67b9253a31b8a74732a72932fbe77b27b9f191d1
801,,sprites/DefineSprite_801/712.png,527,713,6,True,14152,f7e3ac253ec7419cc8eb4762be4be181fb0590ee603be5fc59f955d55af2636c
801,,sprites/DefineSprite_801/713.png,527,713,6,True,12197,a61558837a7276e3d839f4f5826b01990179120ef4d236ecbb5d3e482dcacf14
801,,sprites/DefineSprite_801/714.png,527,713,6,True,14105,e256a123e7085449f68bbb92e7d11ba310d719776e5c66a967b10a1b128d1192
801,,sprites/DefineSprite_801/715.png,527,713,6,True,12291,834962256c2ed993da3d30e91a7dd7b168a17db039993c949c894fdd4219845d
801,,sprites/DefineSprite_801/716.png,527,713,6,True,14206,a7da2f786755d342339b26bc691a95429db0e69be0500a5e86c5e99bdb948ca3
801,,sprites/DefineSprite_801/717.png,527,713,6,True,12323,847f2e17d0c0df9e69e88b23b1c1eb100310b835f487058f811fdfc85450c649
801,,sprites/DefineSprite_801/718.png,527,713,6,True,14254,956c564acd24c1ae7c6fdf7de452f8ece90d18cc9eace4d7459af47707c96ab4
801,,sprites/DefineSprite_801/719.png,527,713,6,True,12397,6d26ae52c4f8278edec9ebf2bb8d20d8830b7c98d0e8501806f29dbc65c60305
801,,sprites/DefineSprite_801/72.png,527,713,6,True,12399,d99d5287108e7ad5a7e018c716b80c986e2101d42111f43f1067377b3691ded4
801,,sprites/DefineSprite_801/720.png,527,713,6,True,14282,64b128780d04736c8eed3a00103e74855ad0392a29917a7548fd938966e16308
801,,sprites/DefineSprite_801/721.png,527,713,6,True,12341,a7963f56e130a327be782c06a883b09b25a176756df3c27488e6e4223a74a562
801,,sprites/DefineSprite_801/722.png,527,713,6,True,14258,38e979c95ab3896c0d2791d37470dc78aaacf2f12d96687ad05321d39e53bd82
801,,sprites/DefineSprite_801/723.png,527,713,6,True,12335,33dab97024a284efafa2dd3592e7e11da095fc7904be8a9e56a5032e5f1642b5
801,,sprites/DefineSprite_801/724.png,527,713,6,True,14171,14544ab21751e10c9de6e974cad7215e2072db130b8be41fa0fff407764c1e28
801,,sprites/DefineSprite_801/725.png,527,713,6,True,12261,3fb95ef092f1c53eb36e93318ca6cd2c59b27ee8f0935a1a82257fa44b1b3a7e
801,,sprites/DefineSprite_801/726.png,527,713,6,True,14170,33fe3b97f34f80ad65bc524101e5d0240a62e33a485b78f06789d0fa64101cd1
801,,sprites/DefineSprite_801/727.png,527,713,6,True,12307,3adcc5039b992c54d416c6423ac86ca7d780c87bb13b713d20ab3dea4a5d592d
801,,sprites/DefineSprite_801/728.png,527,713,6,True,14225,02477a4fccac3f6dfac450155711f6dbe0a4a544ebc1b2a7f80dbcb2425be8f5
801,,sprites/DefineSprite_801/729.png,527,713,6,True,12270,d7e51ceb2e4f2431a19ea989e8eaea1a95ddcc6494d0385d718793b6094df151
801,,sprites/DefineSprite_801/73.png,527,713,6,True,13942,f5b475b121c93366ccddb0d2a4b467771e198e7dec28c675700b21bf408e81ee
801,,sprites/DefineSprite_801/730.png,527,713,6,True,14202,48291958091645c46b93e4ef2206c1ccd36513aaf34a086613928edc05e9f2a0
801,,sprites/DefineSprite_801/731.png,527,713,6,True,12337,56de6072b7c10bcdb42c082e03e5937df5ef70c3f47985665cea99a2272b0184
801,,sprites/DefineSprite_801/732.png,527,713,6,True,14222,fbe9260f2000ad1602f334077a75d7fa38bb3014efc5e457a92f6b83cd882dc8
801,,sprites/DefineSprite_801/733.png,527,713,6,True,12323,847f2e17d0c0df9e69e88b23b1c1eb100310b835f487058f811fdfc85450c649
801,,sprites/DefineSprite_801/734.png,527,713,6,True,14238,6cc3f4e4642fb26dc870ced52a0b495f4dbb3f003c53120c0f41ff6b68433e73
801,,sprites/DefineSprite_801/735.png,527,713,6,True,12350,3cb0dd88e7218048857030bba202001d1ea6f5abefc1f90f24e3f1f65dbbd120
801,,sprites/DefineSprite_801/736.png,527,713,6,True,14185,199ff66b47e53d22a851ba9eea88a9f57c797fb561789b9706e4cbdd2a03a254
801,,sprites/DefineSprite_801/737.png,527,713,6,True,12268,87922d5b4da3935ed4565e8a97581602ee8d484578ae7ea383217cf1226671c0
801,,sprites/DefineSprite_801/738.png,527,713,6,True,14177,44ff94a7fb7d2d8c14bcd197f642ef7e28ebad506a192d9f797003970468d13c
801,,sprites/DefineSprite_801/739.png,527,713,6,True,12335,33dab97024a284efafa2dd3592e7e11da095fc7904be8a9e56a5032e5f1642b5
801,,sprites/DefineSprite_801/74.png,527,713,6,True,12316,bb1b4f4f6e0b9d914e90edfd0e799b6f1be646b9dc8731cf2640b00ccecbfe09
801,,sprites/DefineSprite_801/740.png,527,713,6,True,14252,d3339bdee96c3f4605f4eb862d66f7c3c2066cedcb1ca0fd3a745a9323844c4d
801,,sprites/DefineSprite_801/741.png,527,713,6,True,12334,2f8f85842f2ba4428624981b7e8c5a78c85990c8037ed016818c06944059d90c
801,,sprites/DefineSprite_801/742.png,527,713,6,True,14267,06b416660957e5e3d307e2fb436982ee66ac2a1f0bfddcade2a608f4586be9cf
801,,sprites/DefineSprite_801/743.png,527,713,6,True,12356,bdaae6423a7364963bc60586a42bd6150fa98cb0df7caa30a06ff49d222bf8f3
801,,sprites/DefineSprite_801/744.png,527,713,6,True,14241,4782d11f0e4b134b42fdb70b10140d17c6dd62b2c4f431ecdaee0245b0415edd
801,,sprites/DefineSprite_801/745.png,527,713,6,True,12270,d7e51ceb2e4f2431a19ea989e8eaea1a95ddcc6494d0385d718793b6094df151
801,,sprites/DefineSprite_801/746.png,527,713,6,True,14186,83e9d5f780dbb69a04368ed64bb069106c50e1d2e8c1e1d88265d98deb343bd6
801,,sprites/DefineSprite_801/747.png,527,713,6,True,13340,bc8af82f50e44d646316a02b6d2c8b5d05c0cf9b412e0721cc634e824e4c2f1c
801,,sprites/DefineSprite_801/748.png,527,713,6,True,13283,1703394cb636cc80efbbabc0d5e12877fcde07fd5d8302608cbe4058dab50c75
801,,sprites/DefineSprite_801/749.png,527,713,6,True,13314,c67c2b1ce2b2d6c132d0776dbc798102e60b2f808c1ee6e7a1df7329543e4928
801,,sprites/DefineSprite_801/75.png,527,713,6,True,13964,ebe7275c6e2fe076c1074662d16e9d32fcea60e2b97488b98b7a9788251bccc9
801,,sprites/DefineSprite_801/750.png,527,713,6,True,13314,c67c2b1ce2b2d6c132d0776dbc798102e60b2f808c1ee6e7a1df7329543e4928
801,,sprites/DefineSprite_801/751.png,527,713,6,True,13398,f4b3942a1c4635d3189f8b6b96776106b4d5e7f6727543d12172d7dd37dc2cdd
801,,sprites/DefineSprite_801/752.png,527,713,6,True,13398,f4b3942a1c4635d3189f8b6b96776106b4d5e7f6727543d12172d7dd37dc2cdd
801,,sprites/DefineSprite_801/753.png,527,713,6,True,13389,29e3f1fb7e38dda646bf2d945262b31d29df32dc9a9d7800de5232c90ccebe31
801,,sprites/DefineSprite_801/754.png,527,713,6,True,17294,0b85d63dd1577160a5a193d713254fe24fd5d62fb6bee7beab2d58e515797835
801,,sprites/DefineSprite_801/755.png,527,713,6,True,32430,aa187bcb6809900456432d1c8b00ebd12b5a44f8c513f631a142dd04d9cbbbf3
801,,sprites/DefineSprite_801/756.png,527,713,6,True,17199,b518f09228018f620d18aa5073162a5de77b529d078ddb6757a9859172525676
801,,sprites/DefineSprite_801/757.png,527,713,6,True,31337,ddaf5cd6891b8356032a1917316cc7fb9c44edcd8e5d443a7e68af61b617fd26
801,,sprites/DefineSprite_801/758.png,527,713,6,True,17378,921acab476841487748298e4f3ac92768cf8110ed492cd03786169ada856c818
801,,sprites/DefineSprite_801/759.png,527,713,6,True,30033,647e1e77611a0c350406df184699bb08b82840823feca316c4236dc8af7079c6
801,,sprites/DefineSprite_801/76.png,527,713,6,True,12264,2bc8cd6b3197e70d3d6c7506fc496404615a7b2ba7fe66147768ac86069692a3
801,,sprites/DefineSprite_801/760.png,527,713,6,True,15720,54262a457f9a023fe43c238fdc714d42903040b1aae7299fc17cc9801bc036c3
801,,sprites/DefineSprite_801/761.png,527,713,6,True,28030,e50f994b6f0b05af3055ab56e945e205a3c0059845b234595dbf4ff84e4f5449
801,,sprites/DefineSprite_801/762.png,527,713,6,True,13720,62afc6541ae28728e853bce0f614e7b44df091045fe289d925ca8155bd98158d
801,,sprites/DefineSprite_801/763.png,527,713,6,True,26905,65123afdc955794c2da74aa2f4bf70829182bb98adb1c2da2650be7bbf86b722
801,,sprites/DefineSprite_801/764.png,527,713,6,True,12787,6f48cc27cd10c5bb65b96c9ce159a91f736d33e3913f1053c0fab5f5c97240ce
801,,sprites/DefineSprite_801/765.png,527,713,6,True,25972,223b82a15952e249f0e52efb400abd27228b235e5827422563d2eaa52e03719d
801,,sprites/DefineSprite_801/766.png,527,713,6,True,11046,cdaeb818be18703cef0c05d5aa4f7c4126c10b7c7409038fada768da084aa0e0
801,,sprites/DefineSprite_801/767.png,527,713,6,True,24478,a0ea5b15f1550c46fc556b1b14689255a7de554682f24a297c559026c3d47e95
801,,sprites/DefineSprite_801/768.png,527,713,6,True,10237,341a734c669215cb4e61c897081900331a2b6666d0ea550dca7c6db1ff43850f
801,,sprites/DefineSprite_801/769.png,527,713,6,True,24275,64e9c4583dcbbbd4250af19b298d1bbdfdec46a40699ffcbb71cad76df111706
801,,sprites/DefineSprite_801/77.png,527,713,6,True,13920,9d27552bddfead43f3c99523a719109bb9d942e6beb1f5a73d54a251aa1dc5ca
801,,sprites/DefineSprite_801/770.png,527,713,6,True,10207,741466bfd28312c31b34b042805b4e65a0c87b8131cb59f48c9dc98be86362b1
801,,sprites/DefineSprite_801/771.png,527,713,6,True,24354,5f1d79ea11c95bb0177f6c85715778e10213a7b5d3f613d34c3ac0aea0c2edd0
801,,sprites/DefineSprite_801/772.png,527,713,6,True,10201,10c5c88901ddc2b8063fef2decc277f997628340162f391c3529040696060a14
801,,sprites/DefineSprite_801/773.png,527,713,6,True,24019,e7ae2f60935c18b4c4900f05a0c0d5213b3a914dbb559e1715e6f21b0712eb2e
801,,sprites/DefineSprite_801/774.png,527,713,6,True,10187,b6e48ccd3683eb69393ae67c75f938ebd82675b03980fa0786b46c23495667c0
801,,sprites/DefineSprite_801/78.png,527,713,6,True,12293,b9eefcd4860a20a5154af506f6399a28ecd5940534866121db2eb0f212ddda9e
801,,sprites/DefineSprite_801/79.png,527,713,6,True,14022,c6e7d58b85eb2df50d7b1243b4d29ededecddecbd804440cf4923d9996e25cfa
801,,sprites/DefineSprite_801/8.png,527,713,6,True,13360,46cd41d3a9a1c5d78c42794b1040f52504701121dcb274b336ea1942ab127067
801,,sprites/DefineSprite_801/80.png,527,713,6,True,12398,5902e894fdb529b2181d9d775d0f90d7c5e362b0c32a2ecc80394771b314ced8
801,,sprites/DefineSprite_801/81.png,527,713,6,True,14045,d0907883546ffac6ca57fa5445826087c3ef2be0e5cb5127fe9e52fd5f2ae799
801,,sprites/DefineSprite_801/82.png,527,713,6,True,12432,8e0646fe11d19131c2875a89d7c05e4bc69aed057f4feb92ddf3984d85454e2d
801,,sprites/DefineSprite_801/83.png,527,713,6,True,14105,2e1e00b44ea3af96c89e9410b1f186edb04731e682d05adae9d3901822d42e14
801,,sprites/DefineSprite_801/84.png,527,713,6,True,12428,43ba4f77e90a7deb059d697b7243c846a9b96f31d82f7a68c569aabb1ea52cad
801,,sprites/DefineSprite_801/85.png,527,713,6,True,14082,455bd2c752652583006e31963dd3351d557a88ef3714d7a96f2fde93c0080d1f
801,,sprites/DefineSprite_801/86.png,527,713,6,True,12382,3b9d6cf4fc042e130acc4a482fb2ce83d8d0b54a4863a70c129d44e094754768
801,,sprites/DefineSprite_801/87.png,527,713,6,True,14048,dc06a91f8f61bcf65ea7f8bb9375cf80c8384feaff8c7ec8795ee63f2c8ef27a
801,,sprites/DefineSprite_801/88.png,527,713,6,True,12279,2a87f9d193fd32f77e5830c6574fa5e74567690fbf77c31d686df3c881b1e026
801,,sprites/DefineSprite_801/89.png,527,713,6,True,13928,416e74a3a81d33dce5bea9acd03bb17b0a9b8fe599bdd4056de1dc4c4f3088ad
801,,sprites/DefineSprite_801/9.png,527,713,6,True,13319,4cb7218f7a7834eaa64f2e82e0abb5b02e11927054d298fe7716ef64d0ec0a06
801,,sprites/DefineSprite_801/90.png,527,713,6,True,12244,5a3c112a9ada1296c5b8f56539aa3177bdba100de98fe7834634789f0ef64817
801,,sprites/DefineSprite_801/91.png,527,713,6,True,14162,1b4dadadb8b83a52ed80886f7fed89cb8f3f2ef161fe019cad46c027a1256cda
801,,sprites/DefineSprite_801/92.png,527,713,6,True,12334,262f745986f4f2cf9b972efc53f0280a4ee20f686b4e09235f32d860610e5a99
801,,sprites/DefineSprite_801/93.png,527,713,6,True,14208,d5a759c235e6fd9e4bd10423d81495b79f1abad4bc16555277951164bbc2fa7e
801,,sprites/DefineSprite_801/94.png,527,713,6,True,12421,2719aaae3fc7fc6a09a456d111b43985314e24f78245a2ab3f8c47ddd4db2b16
801,,sprites/DefineSprite_801/95.png,527,713,6,True,14271,3545e80b56a3259ade2f1f266652f5fd6087f7b66cefb9b357a2ef4c93b241cd
801,,sprites/DefineSprite_801/96.png,527,713,6,True,12448,d929461c51ae0163b18036cdb52e5d6c2cc73759bab8b1f25bd5930fe74de6ce
801,,sprites/DefineSprite_801/97.png,527,713,6,True,14225,e38fe840f8c7631373daf823db5fc20f9fd90717e43436acf2c223462aeaee33
801,,sprites/DefineSprite_801/98.png,527,713,6,True,12385,8ef0f4dc96d47547c100856fbee6647d128631612e6faf7f0bc3c77cba8818c5
801,,sprites/DefineSprite_801/99.png,527,713,6,True,14219,5bbcada5e1f1a0ff69ded8a4e5648aa541d11af5a4bfc73fd7c14e119a1cd7f1
802,congrats_background_anim,sprites/DefineSprite_802_congrats_background_anim/1.png,1918,1079,6,True,74200,ecf1da416f405709c3e15f3f9c144e42432700d24920cf58c02b50b6ed491920
803,,sprites/DefineSprite_803/1.png,341,264,6,True,594,0e1ce2db1b351da13c26ebf5fc3d6bc01a10f702279214add3a067a3ff35561d
804,submit_button2,sprites/DefineSprite_804_submit_button2/1.png,341,264,6,True,896,0a3f6c3c7db60a3e5211d1d8f6c6d18b3bcf72e70d262e567eba50f09bb1bad5
804,submit_button2,sprites/DefineSprite_804_submit_button2/10.png,341,264,6,True,6892,89f6d78563c06eb63396ec4c14e302c4bda7ce6e6dc6700364e592b42e392acf
804,submit_button2,sprites/DefineSprite_804_submit_button2/11.png,341,264,6,True,896,0a3f6c3c7db60a3e5211d1d8f6c6d18b3bcf72e70d262e567eba50f09bb1bad5
804,submit_button2,sprites/DefineSprite_804_submit_button2/12.png,341,264,6,True,6892,89f6d78563c06eb63396ec4c14e302c4bda7ce6e6dc6700364e592b42e392acf
804,submit_button2,sprites/DefineSprite_804_submit_button2/13.png,341,264,6,True,896,0a3f6c3c7db60a3e5211d1d8f6c6d18b3bcf72e70d262e567eba50f09bb1bad5
804,submit_button2,sprites/DefineSprite_804_submit_button2/14.png,341,264,6,True,6892,89f6d78563c06eb63396ec4c14e302c4bda7ce6e6dc6700364e592b42e392acf
804,submit_button2,sprites/DefineSprite_804_submit_button2/15.png,341,264,6,True,896,0a3f6c3c7db60a3e5211d1d8f6c6d18b3bcf72e70d262e567eba50f09bb1bad5
804,submit_button2,sprites/DefineSprite_804_submit_button2/16.png,341,264,6,True,6892,89f6d78563c06eb63396ec4c14e302c4bda7ce6e6dc6700364e592b42e392acf
804,submit_button2,sprites/DefineSprite_804_submit_button2/17.png,341,264,6,True,896,0a3f6c3c7db60a3e5211d1d8f6c6d18b3bcf72e70d262e567eba50f09bb1bad5
804,submit_button2,sprites/DefineSprite_804_submit_button2/18.png,341,264,6,True,6892,89f6d78563c06eb63396ec4c14e302c4bda7ce6e6dc6700364e592b42e392acf
804,submit_button2,sprites/DefineSprite_804_submit_button2/19.png,341,264,6,True,892,89215a249fd2daa04ff5341dcb01676acaa3acb4b6016bb668877bf79b3fba18
804,submit_button2,sprites/DefineSprite_804_submit_button2/2.png,341,264,6,True,6892,89f6d78563c06eb63396ec4c14e302c4bda7ce6e6dc6700364e592b42e392acf
804,submit_button2,sprites/DefineSprite_804_submit_button2/20.png,341,264,6,True,6827,2a40cc19bf8a8aa9aa87ad9b9be8227b2df36ef7b88abefcab8e2d61c09b60b9
804,submit_button2,sprites/DefineSprite_804_submit_button2/21.png,341,264,6,True,892,89215a249fd2daa04ff5341dcb01676acaa3acb4b6016bb668877bf79b3fba18
804,submit_button2,sprites/DefineSprite_804_submit_button2/22.png,341,264,6,True,6827,2a40cc19bf8a8aa9aa87ad9b9be8227b2df36ef7b88abefcab8e2d61c09b60b9
804,submit_button2,sprites/DefineSprite_804_submit_button2/23.png,341,264,6,True,892,89215a249fd2daa04ff5341dcb01676acaa3acb4b6016bb668877bf79b3fba18
804,submit_button2,sprites/DefineSprite_804_submit_button2/24.png,341,264,6,True,6827,2a40cc19bf8a8aa9aa87ad9b9be8227b2df36ef7b88abefcab8e2d61c09b60b9
804,submit_button2,sprites/DefineSprite_804_submit_button2/25.png,341,264,6,True,892,89215a249fd2daa04ff5341dcb01676acaa3acb4b6016bb668877bf79b3fba18
804,submit_button2,sprites/DefineSprite_804_submit_button2/26.png,341,264,6,True,6827,2a40cc19bf8a8aa9aa87ad9b9be8227b2df36ef7b88abefcab8e2d61c09b60b9
804,submit_button2,sprites/DefineSprite_804_submit_button2/27.png,341,264,6,True,892,89215a249fd2daa04ff5341dcb01676acaa3acb4b6016bb668877bf79b3fba18
804,submit_button2,sprites/DefineSprite_804_submit_button2/28.png,341,264,6,True,6827,2a40cc19bf8a8aa9aa87ad9b9be8227b2df36ef7b88abefcab8e2d61c09b60b9
804,submit_button2,sprites/DefineSprite_804_submit_button2/3.png,341,264,6,True,896,0a3f6c3c7db60a3e5211d1d8f6c6d18b3bcf72e70d262e567eba50f09bb1bad5
804,submit_button2,sprites/DefineSprite_804_submit_button2/4.png,341,264,6,True,6892,89f6d78563c06eb63396ec4c14e302c4bda7ce6e6dc6700364e592b42e392acf
804,submit_button2,sprites/DefineSprite_804_submit_button2/5.png,341,264,6,True,896,0a3f6c3c7db60a3e5211d1d8f6c6d18b3bcf72e70d262e567eba50f09bb1bad5
804,submit_button2,sprites/DefineSprite_804_submit_button2/6.png,341,264,6,True,6892,89f6d78563c06eb63396ec4c14e302c4bda7ce6e6dc6700364e592b42e392acf
804,submit_button2,sprites/DefineSprite_804_submit_button2/7.png,341,264,6,True,896,0a3f6c3c7db60a3e5211d1d8f6c6d18b3bcf72e70d262e567eba50f09bb1bad5
804,submit_button2,sprites/DefineSprite_804_submit_button2/8.png,341,264,6,True,6892,89f6d78563c06eb63396ec4c14e302c4bda7ce6e6dc6700364e592b42e392acf
804,submit_button2,sprites/DefineSprite_804_submit_button2/9.png,341,264,6,True,896,0a3f6c3c7db60a3e5211d1d8f6c6d18b3bcf72e70d262e567eba50f09bb1bad5
805,,sprites/DefineSprite_805/1.png,341,264,6,True,594,0e1ce2db1b351da13c26ebf5fc3d6bc01a10f702279214add3a067a3ff35561d
806,clear_button,sprites/DefineSprite_806_clear_button/1.png,341,264,6,True,895,46a2b4befba681d2e63af00030c84f44bbfca8f6a8a867e0634de634cb269bf0
806,clear_button,sprites/DefineSprite_806_clear_button/10.png,341,264,6,True,6815,7f73814d922f2370ba67b233215a91ff3876711b81fab949d985ffa590b8ebe0
806,clear_button,sprites/DefineSprite_806_clear_button/11.png,341,264,6,True,891,219cd43831d0f51454381bbd2e14f7cc6ebfcb1865e01fb44a6a8d2de4460004
806,clear_button,sprites/DefineSprite_806_clear_button/12.png,341,264,6,True,6815,7f73814d922f2370ba67b233215a91ff3876711b81fab949d985ffa590b8ebe0
806,clear_button,sprites/DefineSprite_806_clear_button/13.png,341,264,6,True,891,219cd43831d0f51454381bbd2e14f7cc6ebfcb1865e01fb44a6a8d2de4460004
806,clear_button,sprites/DefineSprite_806_clear_button/14.png,341,264,6,True,6815,7f73814d922f2370ba67b233215a91ff3876711b81fab949d985ffa590b8ebe0
806,clear_button,sprites/DefineSprite_806_clear_button/15.png,341,264,6,True,891,219cd43831d0f51454381bbd2e14f7cc6ebfcb1865e01fb44a6a8d2de4460004
806,clear_button,sprites/DefineSprite_806_clear_button/16.png,341,264,6,True,6815,7f73814d922f2370ba67b233215a91ff3876711b81fab949d985ffa590b8ebe0
806,clear_button,sprites/DefineSprite_806_clear_button/17.png,341,264,6,True,891,219cd43831d0f51454381bbd2e14f7cc6ebfcb1865e01fb44a6a8d2de4460004
806,clear_button,sprites/DefineSprite_806_clear_button/18.png,341,264,6,True,6815,7f73814d922f2370ba67b233215a91ff3876711b81fab949d985ffa590b8ebe0
806,clear_button,sprites/DefineSprite_806_clear_button/19.png,341,264,6,True,891,219cd43831d0f51454381bbd2e14f7cc6ebfcb1865e01fb44a6a8d2de4460004
806,clear_button,sprites/DefineSprite_806_clear_button/2.png,341,264,6,True,6878,ccec90ffe3da9e89f0622a9b376a3d75c3a474af151ad898a6dd7330c476f0c2
806,clear_button,sprites/DefineSprite_806_clear_button/3.png,341,264,6,True,895,46a2b4befba681d2e63af00030c84f44bbfca8f6a8a867e0634de634cb269bf0
806,clear_button,sprites/DefineSprite_806_clear_button/4.png,341,264,6,True,6878,ccec90ffe3da9e89f0622a9b376a3d75c3a474af151ad898a6dd7330c476f0c2
806,clear_button,sprites/DefineSprite_806_clear_button/5.png,341,264,6,True,895,46a2b4befba681d2e63af00030c84f44bbfca8f6a8a867e0634de634cb269bf0
806,clear_button,sprites/DefineSprite_806_clear_button/6.png,341,264,6,True,6878,ccec90ffe3da9e89f0622a9b376a3d75c3a474af151ad898a6dd7330c476f0c2
806,clear_button,sprites/DefineSprite_806_clear_button/7.png,341,264,6,True,895,46a2b4befba681d2e63af00030c84f44bbfca8f6a8a867e0634de634cb269bf0
806,clear_button,sprites/DefineSprite_806_clear_button/8.png,341,264,6,True,6878,ccec90ffe3da9e89f0622a9b376a3d75c3a474af151ad898a6dd7330c476f0c2
806,clear_button,sprites/DefineSprite_806_clear_button/9.png,341,264,6,True,895,46a2b4befba681d2e63af00030c84f44bbfca8f6a8a867e0634de634cb269bf0
808,,sprites/DefineSprite_808/1.png,72,433,6,True,346,8caa4eacac124436a288edf48d436e2e091784e25e577fbb197d86086ad96b30
809,letter_button_a,sprites/DefineSprite_809_letter_button_a/1.png,72,433,6,True,468,a025ad00ecff2596d3c6e559b4d3694fc628ddd759bb930b544c2a16bb3a29b7
809,letter_button_a,sprites/DefineSprite_809_letter_button_a/2.png,72,433,6,True,3280,ad19ad3887277487225b5fc50e6bb2b33b59463c0441ef1090aac4ac6803f8a9
809,letter_button_a,sprites/DefineSprite_809_letter_button_a/3.png,72,433,6,True,468,a025ad00ecff2596d3c6e559b4d3694fc628ddd759bb930b544c2a16bb3a29b7
809,letter_button_a,sprites/DefineSprite_809_letter_button_a/4.png,72,433,6,True,3280,ad19ad3887277487225b5fc50e6bb2b33b59463c0441ef1090aac4ac6803f8a9
809,letter_button_a,sprites/DefineSprite_809_letter_button_a/5.png,72,433,6,True,474,76d17b3028e08399644abfcd32d521721591465e30264567e67d52c2ae4e7590
809,letter_button_a,sprites/DefineSprite_809_letter_button_a/6.png,72,433,6,True,3333,760cb968f6bf299a4b127bd4e156c17b184a6a2bdc5ad8b8186256560730baf6
809,letter_button_a,sprites/DefineSprite_809_letter_button_a/7.png,72,433,6,True,474,76d17b3028e08399644abfcd32d521721591465e30264567e67d52c2ae4e7590
809,letter_button_a,sprites/DefineSprite_809_letter_button_a/8.png,72,433,6,True,3333,760cb968f6bf299a4b127bd4e156c17b184a6a2bdc5ad8b8186256560730baf6
809,letter_button_a,sprites/DefineSprite_809_letter_button_a/9.png,72,433,6,True,474,76d17b3028e08399644abfcd32d521721591465e30264567e67d52c2ae4e7590
812,,sprites/DefineSprite_812/1.png,341,264,6,True,594,0e1ce2db1b351da13c26ebf5fc3d6bc01a10f702279214add3a067a3ff35561d
813,,sprites/DefineSprite_813/1.png,424,324,6,True,613,0ba87c19872832cf16f1c91d751a264d38f610dcefec1c0a98a32f5cdf714754
813,,sprites/DefineSprite_813/10.png,424,324,6,True,1502,dcfd9d9720deeb17c1771a6a39b3b631b6f2e2ab3f16448910aeeae071810b83
813,,sprites/DefineSprite_813/11.png,424,324,6,True,8329,c8035cba1978135616b13ce6c28dda682e3d966665543c29ff8635e320e9ad3f
813,,sprites/DefineSprite_813/12.png,424,324,6,True,1501,1f923020674a4e9ff20e903949f49b2bde061624d58f47bd140e05485ea91a73
813,,sprites/DefineSprite_813/13.png,424,324,6,True,8318,5369246c86b2347f40a744a555825954388c2235c7d081e9c0af99272eeaa772
813,,sprites/DefineSprite_813/14.png,424,324,6,True,1493,a4959fcaf35dee63e4306699d63065525df70f12242fef3ac1577a53561a0078
813,,sprites/DefineSprite_813/15.png,424,324,6,True,7788,bcd865366da46b382fa602f4d37daf635aac6389c8c3ab9b8fd12dc952646c15
813,,sprites/DefineSprite_813/2.png,424,324,6,True,613,0ba87c19872832cf16f1c91d751a264d38f610dcefec1c0a98a32f5cdf714754
813,,sprites/DefineSprite_813/3.png,424,324,6,True,8272,b60b63706ea22aa39b140cbe5697e4a54c68314b8005ca163ce44eca344adcb5
813,,sprites/DefineSprite_813/4.png,424,324,6,True,1503,2cd8c7ed00e52fab733da8c7c5c97a1cf62416e8b47d711ae44d307c737e941e
813,,sprites/DefineSprite_813/5.png,424,324,6,True,8293,87c7d419230a17da754eaede1df4cc88764ba3c0b26fe947f4dc131839c58861
813,,sprites/DefineSprite_813/6.png,424,324,6,True,1504,93380adf0fb930f3ca87dff7056923baad3989900a82c4140e15c5b12aacc77d
813,,sprites/DefineSprite_813/7.png,424,324,6,True,8343,f88bce53b225761238b6c32d374c3284976974aca19093d90e4965da0e7bc13c
813,,sprites/DefineSprite_813/8.png,424,324,6,True,1507,0a005f5f376129906c258964fd16ed014861ec39401d11e3f820e44f27d932ad
813,,sprites/DefineSprite_813/9.png,424,324,6,True,8326,a7671136470816b49c16d6efc333a5acfbd2d94b0f378d24f760351c657f67c9
818,score_submit_panel,sprites/DefineSprite_818_score_submit_panel/1.png,465,537,6,True,4132,1b629120a04c5010b4220279b20506e1d2c99f6dd47b12b92676affd8c306f69
818,score_submit_panel,sprites/DefineSprite_818_score_submit_panel/10.png,465,537,6,True,2588,6e9f91fa906f950aef780af5b36a25a614c2b7e289ca0b7190ed306ab5a7a574
818,score_submit_panel,sprites/DefineSprite_818_score_submit_panel/11.png,465,537,6,True,6282,036d25b6299be9decf39f945363a959417e1e64b0bff87ae4446000f794a7f0b
818,score_submit_panel,sprites/DefineSprite_818_score_submit_panel/12.png,465,537,6,True,2588,6e9f91fa906f950aef780af5b36a25a614c2b7e289ca0b7190ed306ab5a7a574
818,score_submit_panel,sprites/DefineSprite_818_score_submit_panel/13.png,465,537,6,True,6282,036d25b6299be9decf39f945363a959417e1e64b0bff87ae4446000f794a7f0b
818,score_submit_panel,sprites/DefineSprite_818_score_submit_panel/14.png,465,537,6,True,2588,6e9f91fa906f950aef780af5b36a25a614c2b7e289ca0b7190ed306ab5a7a574
818,score_submit_panel,sprites/DefineSprite_818_score_submit_panel/15.png,465,537,6,True,6282,036d25b6299be9decf39f945363a959417e1e64b0bff87ae4446000f794a7f0b
818,score_submit_panel,sprites/DefineSprite_818_score_submit_panel/16.png,465,537,6,True,2588,6e9f91fa906f950aef780af5b36a25a614c2b7e289ca0b7190ed306ab5a7a574
818,score_submit_panel,sprites/DefineSprite_818_score_submit_panel/17.png,465,537,6,True,6282,036d25b6299be9decf39f945363a959417e1e64b0bff87ae4446000f794a7f0b
818,score_submit_panel,sprites/DefineSprite_818_score_submit_panel/2.png,465,537,6,True,30980,9b624145e50f744cb39caa3b61ad8d21bb64ea3db97a29464012fb98363d94c2
818,score_submit_panel,sprites/DefineSprite_818_score_submit_panel/3.png,465,537,6,True,14918,1c4b63d33db9ab995d2b1b01db6535ddf0e18b6080b16878edfa433c92e7aa0f
818,score_submit_panel,sprites/DefineSprite_818_score_submit_panel/4.png,465,537,6,True,31944,c31ff58d9af4ef2be2390624579ea7262caec7d3ddd97370afeeca2d93794f9d
818,score_submit_panel,sprites/DefineSprite_818_score_submit_panel/5.png,465,537,6,True,14937,7fb92822f30d03e47d1c70dc8cdeb4f5b5958cc4448b814534383c25121c4c78
818,score_submit_panel,sprites/DefineSprite_818_score_submit_panel/6.png,465,537,6,True,32044,ff071cdc29c47351492ee0d5531d4ff5956025759f482ce395ac3096cd5e8459
818,score_submit_panel,sprites/DefineSprite_818_score_submit_panel/7.png,465,537,6,True,14973,953b8156241b1651af2c16d3c22e3de3d8d9f4de6dbd495a37e30c651aace7c5
818,score_submit_panel,sprites/DefineSprite_818_score_submit_panel/8.png,465,537,6,True,32133,8f7350337185beedc614cdee201799449a4205768de88a34305e8480b0640e1a
818,score_submit_panel,sprites/DefineSprite_818_score_submit_panel/9.png,465,537,6,True,14840,8c5649e6cd3b016f4372cfd745cfaf648182e3a99ce0875c572f8878dc3e48c1
81,text_m,sprites/DefineSprite_81_text_m/1.png,12,11,6,True,115,7853637357cb1c6d2524a4f108d3c9cf34cee65bf2b1e77474d24d2acfd84bd8
820,,sprites/DefineSprite_820/1.png,341,264,6,True,594,0e1ce2db1b351da13c26ebf5fc3d6bc01a10f702279214add3a067a3ff35561d
821,next_arrow_button,sprites/DefineSprite_821_next_arrow_button/1.png,341,264,6,True,973,6829cab0b518fa78896f9f43f78189b14fcf6ecd01a2972a280d399cdc4c2149
821,next_arrow_button,sprites/DefineSprite_821_next_arrow_button/10.png,341,264,6,True,6904,5b75fe78ca2d58055e1ee1624394106bac1f857e68573427814ac705d6475777
821,next_arrow_button,sprites/DefineSprite_821_next_arrow_button/11.png,341,264,6,True,968,18844765ef92203dc1f0d54001a8ff897a7c6b858a0894e62592dd186129b32c
821,next_arrow_button,sprites/DefineSprite_821_next_arrow_button/12.png,341,264,6,True,6904,5b75fe78ca2d58055e1ee1624394106bac1f857e68573427814ac705d6475777
821,next_arrow_button,sprites/DefineSprite_821_next_arrow_button/13.png,341,264,6,True,968,18844765ef92203dc1f0d54001a8ff897a7c6b858a0894e62592dd186129b32c
821,next_arrow_button,sprites/DefineSprite_821_next_arrow_button/14.png,341,264,6,True,6904,5b75fe78ca2d58055e1ee1624394106bac1f857e68573427814ac705d6475777
821,next_arrow_button,sprites/DefineSprite_821_next_arrow_button/15.png,341,264,6,True,968,18844765ef92203dc1f0d54001a8ff897a7c6b858a0894e62592dd186129b32c
821,next_arrow_button,sprites/DefineSprite_821_next_arrow_button/16.png,341,264,6,True,6904,5b75fe78ca2d58055e1ee1624394106bac1f857e68573427814ac705d6475777
821,next_arrow_button,sprites/DefineSprite_821_next_arrow_button/17.png,341,264,6,True,968,18844765ef92203dc1f0d54001a8ff897a7c6b858a0894e62592dd186129b32c
821,next_arrow_button,sprites/DefineSprite_821_next_arrow_button/18.png,341,264,6,True,6904,5b75fe78ca2d58055e1ee1624394106bac1f857e68573427814ac705d6475777
821,next_arrow_button,sprites/DefineSprite_821_next_arrow_button/19.png,341,264,6,True,968,18844765ef92203dc1f0d54001a8ff897a7c6b858a0894e62592dd186129b32c
821,next_arrow_button,sprites/DefineSprite_821_next_arrow_button/2.png,341,264,6,True,6967,57e304ea47c6ab160ad14da698ef4165ded3fd36f3b4fc141da021fd763a3d79
821,next_arrow_button,sprites/DefineSprite_821_next_arrow_button/3.png,341,264,6,True,973,6829cab0b518fa78896f9f43f78189b14fcf6ecd01a2972a280d399cdc4c2149
821,next_arrow_button,sprites/DefineSprite_821_next_arrow_button/4.png,341,264,6,True,6967,57e304ea47c6ab160ad14da698ef4165ded3fd36f3b4fc141da021fd763a3d79
821,next_arrow_button,sprites/DefineSprite_821_next_arrow_button/5.png,341,264,6,True,973,6829cab0b518fa78896f9f43f78189b14fcf6ecd01a2972a280d399cdc4c2149
821,next_arrow_button,sprites/DefineSprite_821_next_arrow_button/6.png,341,264,6,True,6967,57e304ea47c6ab160ad14da698ef4165ded3fd36f3b4fc141da021fd763a3d79
821,next_arrow_button,sprites/DefineSprite_821_next_arrow_button/7.png,341,264,6,True,973,6829cab0b518fa78896f9f43f78189b14fcf6ecd01a2972a280d399cdc4c2149
821,next_arrow_button,sprites/DefineSprite_821_next_arrow_button/8.png,341,264,6,True,6967,57e304ea47c6ab160ad14da698ef4165ded3fd36f3b4fc141da021fd763a3d79
821,next_arrow_button,sprites/DefineSprite_821_next_arrow_button/9.png,341,264,6,True,973,6829cab0b518fa78896f9f43f78189b14fcf6ecd01a2972a280d399cdc4c2149
822,,sprites/DefineSprite_822/1.png,341,264,6,True,594,0e1ce2db1b351da13c26ebf5fc3d6bc01a10f702279214add3a067a3ff35561d
823,arrow_button,sprites/DefineSprite_823_arrow_button/1.png,341,264,6,True,973,6829cab0b518fa78896f9f43f78189b14fcf6ecd01a2972a280d399cdc4c2149
823,arrow_button,sprites/DefineSprite_823_arrow_button/10.png,341,264,6,True,6904,5b75fe78ca2d58055e1ee1624394106bac1f857e68573427814ac705d6475777
823,arrow_button,sprites/DefineSprite_823_arrow_button/11.png,341,264,6,True,968,18844765ef92203dc1f0d54001a8ff897a7c6b858a0894e62592dd186129b32c
823,arrow_button,sprites/DefineSprite_823_arrow_button/12.png,341,264,6,True,6904,5b75fe78ca2d58055e1ee1624394106bac1f857e68573427814ac705d6475777
823,arrow_button,sprites/DefineSprite_823_arrow_button/13.png,341,264,6,True,968,18844765ef92203dc1f0d54001a8ff897a7c6b858a0894e62592dd186129b32c
823,arrow_button,sprites/DefineSprite_823_arrow_button/14.png,341,264,6,True,6904,5b75fe78ca2d58055e1ee1624394106bac1f857e68573427814ac705d6475777
823,arrow_button,sprites/DefineSprite_823_arrow_button/15.png,341,264,6,True,968,18844765ef92203dc1f0d54001a8ff897a7c6b858a0894e62592dd186129b32c
823,arrow_button,sprites/DefineSprite_823_arrow_button/16.png,341,264,6,True,6904,5b75fe78ca2d58055e1ee1624394106bac1f857e68573427814ac705d6475777
823,arrow_button,sprites/DefineSprite_823_arrow_button/17.png,341,264,6,True,968,18844765ef92203dc1f0d54001a8ff897a7c6b858a0894e62592dd186129b32c
823,arrow_button,sprites/DefineSprite_823_arrow_button/18.png,341,264,6,True,6904,5b75fe78ca2d58055e1ee1624394106bac1f857e68573427814ac705d6475777
823,arrow_button,sprites/DefineSprite_823_arrow_button/19.png,341,264,6,True,968,18844765ef92203dc1f0d54001a8ff897a7c6b858a0894e62592dd186129b32c
823,arrow_button,sprites/DefineSprite_823_arrow_button/2.png,341,264,6,True,6967,57e304ea47c6ab160ad14da698ef4165ded3fd36f3b4fc141da021fd763a3d79
823,arrow_button,sprites/DefineSprite_823_arrow_button/3.png,341,264,6,True,973,6829cab0b518fa78896f9f43f78189b14fcf6ecd01a2972a280d399cdc4c2149
823,arrow_button,sprites/DefineSprite_823_arrow_button/4.png,341,264,6,True,6967,57e304ea47c6ab160ad14da698ef4165ded3fd36f3b4fc141da021fd763a3d79
823,arrow_button,sprites/DefineSprite_823_arrow_button/5.png,341,264,6,True,973,6829cab0b518fa78896f9f43f78189b14fcf6ecd01a2972a280d399cdc4c2149
823,arrow_button,sprites/DefineSprite_823_arrow_button/6.png,341,264,6,True,6967,57e304ea47c6ab160ad14da698ef4165ded3fd36f3b4fc141da021fd763a3d79
823,arrow_button,sprites/DefineSprite_823_arrow_button/7.png,341,264,6,True,973,6829cab0b518fa78896f9f43f78189b14fcf6ecd01a2972a280d399cdc4c2149
823,arrow_button,sprites/DefineSprite_823_arrow_button/8.png,341,264,6,True,6967,57e304ea47c6ab160ad14da698ef4165ded3fd36f3b4fc141da021fd763a3d79
823,arrow_button,sprites/DefineSprite_823_arrow_button/9.png,341,264,6,True,973,6829cab0b518fa78896f9f43f78189b14fcf6ecd01a2972a280d399cdc4c2149
824,score_line,sprites/DefineSprite_824_score_line/1.png,655,158,6,True,740,c88c501c8e8cf0941b82a194ce23760f748b8fa989f15c52d9dfaacd20ba60b3
826,,sprites/DefineSprite_826/1.png,341,264,6,True,594,0e1ce2db1b351da13c26ebf5fc3d6bc01a10f702279214add3a067a3ff35561d
827,,sprites/DefineSprite_827/1.png,424,325,6,True,2036,e75bec4362882067a539bb85e1ffdadc1ed03440002659969563d05227537024
828,hiscore_board,sprites/DefineSprite_828_hiscore_board/1.png,663,413,6,True,3168,7aabb92ba2e1b72296a86b132381603daac778cf3060eb1e591ebd98debcdf54
828,hiscore_board,sprites/DefineSprite_828_hiscore_board/10.png,663,413,6,True,24581,f4921378c4f0a0f03b5d7a1ad663e7338fbcfc8df8177a10b30274aff150e969
828,hiscore_board,sprites/DefineSprite_828_hiscore_board/11.png,663,413,6,True,8063,5ba937d771add920c4cfb0985bf17caf834fe6b60df7c79f0d32d521e1c7f86b
828,hiscore_board,sprites/DefineSprite_828_hiscore_board/12.png,663,413,6,True,45419,d45dea0c92c943bb155f9afcf3d32218d70d14a4b9d3a3fabe780465e687ee6a
828,hiscore_board,sprites/DefineSprite_828_hiscore_board/13.png,663,413,6,True,8157,77a58ad440bd9eeaf18f536032a3855d1b431488cd7c6b1ef5f00889e97554c9
828,hiscore_board,sprites/DefineSprite_828_hiscore_board/14.png,663,413,6,True,45406,644d6ae29c0ea630398145ca0d676e12b6c263b5ec80767c1499845455bbc10f
828,hiscore_board,sprites/DefineSprite_828_hiscore_board/15.png,663,413,6,True,8103,98bb3f215bdab18f7581b2ba3fd21b3016e1f316f3392c61bda91728ddc1068b
828,hiscore_board,sprites/DefineSprite_828_hiscore_board/16.png,663,413,6,True,36334,d39ad4f245680066d8dfbb76ba3275a43ef72a7ba5fd712671cacd589cd12c48
828,hiscore_board,sprites/DefineSprite_828_hiscore_board/17.png,663,413,6,True,7118,614102ec262524e00c7ecae39f5f249fc6c249a5276e490ae30e1f2929a2432d
828,hiscore_board,sprites/DefineSprite_828_hiscore_board/18.png,663,413,6,True,36944,f948f11bb07a3474f8821b65c6fae7b27cb05189f48b53445b130cf77608ba58
828,hiscore_board,sprites/DefineSprite_828_hiscore_board/19.png,663,413,6,True,7255,96b01a1e9b5ccdc20ea053f8b71ebc59f38d0114dd7f47d31682aed570be3ddc
828,hiscore_board,sprites/DefineSprite_828_hiscore_board/2.png,663,413,6,True,24222,c7673187ef8c317c23e309c07aac61f4884fcb32738c953a2c58edb234876d4f
828,hiscore_board,sprites/DefineSprite_828_hiscore_board/20.png,663,413,6,True,37132,6996d28b52743cfc30d1382831302c19d569852d4ce96a11868d03403bbd1842
828,hiscore_board,sprites/DefineSprite_828_hiscore_board/21.png,663,413,6,True,7348,629c2c744a704c8e495ccdc5012397b78691e5e0eaa15ffc85be656b57f659a4
828,hiscore_board,sprites/DefineSprite_828_hiscore_board/22.png,663,413,6,True,38006,82be6dcd2af74ff6f43b45f77bd78f4484138dbf85ced8c9b35bacbf16ac69cd
828,hiscore_board,sprites/DefineSprite_828_hiscore_board/23.png,663,413,6,True,7472,07e1251cfb70cbf76b6288bac1b0fc1b029beee8186572324c5c6deb91716523
828,hiscore_board,sprites/DefineSprite_828_hiscore_board/24.png,663,413,6,True,38861,4ba967241fd8c153a152ef6c46ffdfae749be412f0d688d04ddb8ca7ba704ece
828,hiscore_board,sprites/DefineSprite_828_hiscore_board/25.png,663,413,6,True,7591,4756a853cda1035198cf00ab88bbf1fe39fa165edc18b317a828a082dae1ce2a
828,hiscore_board,sprites/DefineSprite_828_hiscore_board/26.png,663,413,6,True,39725,0ffc71495747bec47bf9c1739f40ff1c55100f37f6eb865480635e19143aa44a
828,hiscore_board,sprites/DefineSprite_828_hiscore_board/27.png,663,413,6,True,7709,27cdef8ed9d3e64f259d89068b6aeac7da82233b129caaf5a6a4835e13a07041
828,hiscore_board,sprites/DefineSprite_828_hiscore_board/28.png,663,413,6,True,40580,e42ebc479f9f58b78570334391596557c8d204d1fcc7c0f149c8f8bb75611762
828,hiscore_board,sprites/DefineSprite_828_hiscore_board/29.png,663,413,6,True,7862,ac1513deb382e6f25e307edb4389880b81d72ad1ca17ec93828c0c6d8d1d4a2c
828,hiscore_board,sprites/DefineSprite_828_hiscore_board/3.png,663,413,6,True,3168,7aabb92ba2e1b72296a86b132381603daac778cf3060eb1e591ebd98debcdf54
828,hiscore_board,sprites/DefineSprite_828_hiscore_board/30.png,663,413,6,True,42151,9c047a9112a2d96fb6879b90d0b72b42e1663d46bddc4de41054fed22d0a4fca
828,hiscore_board,sprites/DefineSprite_828_hiscore_board/31.png,663,413,6,True,7936,06481908b4c2dc8d2fa013613591a73b66c1a8c9d99919d5dccfdb1bd8322550
828,hiscore_board,sprites/DefineSprite_828_hiscore_board/32.png,663,413,6,True,43072,85df5a4ddc004727ad2c8d8e98e13b3bcc9fdac46ed8dac4ff1fabcae2c3b26e
828,hiscore_board,sprites/DefineSprite_828_hiscore_board/33.png,663,413,6,True,8003,f82cfe469f112e4a2c4815b1a0389279e0399ac239f99352ab2f0d281d7b9d85
828,hiscore_board,sprites/DefineSprite_828_hiscore_board/34.png,663,413,6,True,43850,6dce8dd87bc39f0ce2d24ac0eaa12b428f63b166e417e197e63ade988860e567
828,hiscore_board,sprites/DefineSprite_828_hiscore_board/35.png,663,413,6,True,8106,bd66edf26237663adfc8d067a62a60985e3711f531c63c7875eb5b3d864771a9
828,hiscore_board,sprites/DefineSprite_828_hiscore_board/36.png,663,413,6,True,2727,14a37fef84330e00fa6d0aa6e80964a39101c1674b5fa6bf89e3800aea112ccd
828,hiscore_board,sprites/DefineSprite_828_hiscore_board/37.png,663,413,6,True,6069,3cfa17f90c13f793f04dd0376d662c24cb392ea9a5b6ebb1c0ff8f9e07bf5d7d
828,hiscore_board,sprites/DefineSprite_828_hiscore_board/38.png,663,413,6,True,2727,14a37fef84330e00fa6d0aa6e80964a39101c1674b5fa6bf89e3800aea112ccd
828,hiscore_board,sprites/DefineSprite_828_hiscore_board/39.png,663,413,6,True,6069,3cfa17f90c13f793f04dd0376d662c24cb392ea9a5b6ebb1c0ff8f9e07bf5d7d
828,hiscore_board,sprites/DefineSprite_828_hiscore_board/4.png,663,413,6,True,24222,c7673187ef8c317c23e309c07aac61f4884fcb32738c953a2c58edb234876d4f
828,hiscore_board,sprites/DefineSprite_828_hiscore_board/40.png,663,413,6,True,2727,14a37fef84330e00fa6d0aa6e80964a39101c1674b5fa6bf89e3800aea112ccd
828,hiscore_board,sprites/DefineSprite_828_hiscore_board/41.png,663,413,6,True,6069,3cfa17f90c13f793f04dd0376d662c24cb392ea9a5b6ebb1c0ff8f9e07bf5d7d
828,hiscore_board,sprites/DefineSprite_828_hiscore_board/42.png,663,413,6,True,2727,14a37fef84330e00fa6d0aa6e80964a39101c1674b5fa6bf89e3800aea112ccd
828,hiscore_board,sprites/DefineSprite_828_hiscore_board/43.png,663,413,6,True,6069,3cfa17f90c13f793f04dd0376d662c24cb392ea9a5b6ebb1c0ff8f9e07bf5d7d
828,hiscore_board,sprites/DefineSprite_828_hiscore_board/44.png,663,413,6,True,2727,14a37fef84330e00fa6d0aa6e80964a39101c1674b5fa6bf89e3800aea112ccd
828,hiscore_board,sprites/DefineSprite_828_hiscore_board/45.png,663,413,6,True,6069,3cfa17f90c13f793f04dd0376d662c24cb392ea9a5b6ebb1c0ff8f9e07bf5d7d
828,hiscore_board,sprites/DefineSprite_828_hiscore_board/5.png,663,413,6,True,3168,7aabb92ba2e1b72296a86b132381603daac778cf3060eb1e591ebd98debcdf54
828,hiscore_board,sprites/DefineSprite_828_hiscore_board/6.png,663,413,6,True,24222,c7673187ef8c317c23e309c07aac61f4884fcb32738c953a2c58edb234876d4f
828,hiscore_board,sprites/DefineSprite_828_hiscore_board/7.png,663,413,6,True,3168,7aabb92ba2e1b72296a86b132381603daac778cf3060eb1e591ebd98debcdf54
828,hiscore_board,sprites/DefineSprite_828_hiscore_board/8.png,663,413,6,True,24222,c7673187ef8c317c23e309c07aac61f4884fcb32738c953a2c58edb234876d4f
828,hiscore_board,sprites/DefineSprite_828_hiscore_board/9.png,663,413,6,True,3168,7aabb92ba2e1b72296a86b132381603daac778cf3060eb1e591ebd98debcdf54
835,lock,sprites/DefineSprite_835_lock/1.png,550,400,6,True,933,fd1395667c15679e7784d7380d00b7418a39ddec0c2c61b0bd1938ea7f1a05cd
835,lock,sprites/DefineSprite_835_lock/2.png,550,400,6,True,6199,195776f99dc7dd620cce62f98dcfa233bc42587c05d04337e9bf7b5bd62aeaa5
844,cherryBomb,sprites/DefineSprite_844_cherryBomb/1.png,20,32,6,True,454,8ea9f1b453ed410e65ee486fad3ff01e279a5cf0ddc502c54658fee5d17e5715
844,cherryBomb,sprites/DefineSprite_844_cherryBomb/2.png,20,32,6,True,491,902df768635fd94054edcb9f714b051555f958ee6d72944dee38d24242974a0c
844,cherryBomb,sprites/DefineSprite_844_cherryBomb/3.png,20,32,6,True,542,68845e8edb3687bbbb1c1f6ecc094ae9f7a081958336b7000e4def7d1f44004c
844,cherryBomb,sprites/DefineSprite_844_cherryBomb/4.png,20,32,6,True,491,902df768635fd94054edcb9f714b051555f958ee6d72944dee38d24242974a0c
847,,sprites/DefineSprite_847/1.png,35,16,6,True,209,3265c910aabc399e8b868ff8b10f7c98e4a9c13507f2f5b5528506598049bdfc
84,text_n,sprites/DefineSprite_84_text_n/1.png,8,11,6,True,109,29de41fe793c93e6e8f89cd54cffe84fab6ed5da526ad98448123d9cd9401dea
850,cannon,sprites/DefineSprite_850_cannon/1.png,53,38,6,True,613,ab338d4d7bf95072d46a8886594188d65236d08e9f468e1ea149027f920de566
853,cannonball,sprites/DefineSprite_853_cannonball/1.png,20,20,6,True,350,e9fdefa0524499febc3cdfd6578a8c66112dbebb648e1c4c7687f659906c11d3
85,text_o,sprites/DefineSprite_85_text_o/1.png,8,11,6,True,114,c05a42ba633a2a17265617fd971fd11246a51f46e593e3afa1082be3646d6de1
866,cannonSmokeTrail,sprites/DefineSprite_866_cannonSmokeTrail/1.png,17,17,6,True,200,ac31b70d48041e220d1181dd78a5d9a025b02518ac2bc0bcb298823099444ce2
866,cannonSmokeTrail,sprites/DefineSprite_866_cannonSmokeTrail/10.png,17,17,6,True,178,cd855e0833ed76be24bf9a9fc3d777a510123c74e1d7e5139d5faac058f5b2c5
866,cannonSmokeTrail,sprites/DefineSprite_866_cannonSmokeTrail/11.png,17,17,6,True,178,cd855e0833ed76be24bf9a9fc3d777a510123c74e1d7e5139d5faac058f5b2c5
866,cannonSmokeTrail,sprites/DefineSprite_866_cannonSmokeTrail/12.png,17,17,6,True,178,cd855e0833ed76be24bf9a9fc3d777a510123c74e1d7e5139d5faac058f5b2c5
866,cannonSmokeTrail,sprites/DefineSprite_866_cannonSmokeTrail/13.png,17,17,6,True,135,e415993729b6fe048430c8f556eae3119a8a2df6bed39865b1e29f21469ee289
866,cannonSmokeTrail,sprites/DefineSprite_866_cannonSmokeTrail/14.png,17,17,6,True,135,e415993729b6fe048430c8f556eae3119a8a2df6bed39865b1e29f21469ee289
866,cannonSmokeTrail,sprites/DefineSprite_866_cannonSmokeTrail/15.png,17,17,6,True,135,e415993729b6fe048430c8f556eae3119a8a2df6bed39865b1e29f21469ee289
866,cannonSmokeTrail,sprites/DefineSprite_866_cannonSmokeTrail/16.png,17,17,6,True,118,be6faed65cdb0ba7d43332650f7579b412426c234e8332917ce53550ea5e98d1
866,cannonSmokeTrail,sprites/DefineSprite_866_cannonSmokeTrail/17.png,17,17,6,True,118,be6faed65cdb0ba7d43332650f7579b412426c234e8332917ce53550ea5e98d1
866,cannonSmokeTrail,sprites/DefineSprite_866_cannonSmokeTrail/18.png,17,17,6,True,118,be6faed65cdb0ba7d43332650f7579b412426c234e8332917ce53550ea5e98d1
866,cannonSmokeTrail,sprites/DefineSprite_866_cannonSmokeTrail/19.png,17,17,6,True,75,71a79cd48f361c6959e16d57500e8b38aed94db8c41a0e9c4086820225c4e27c
866,cannonSmokeTrail,sprites/DefineSprite_866_cannonSmokeTrail/2.png,17,17,6,True,200,ac31b70d48041e220d1181dd78a5d9a025b02518ac2bc0bcb298823099444ce2
866,cannonSmokeTrail,sprites/DefineSprite_866_cannonSmokeTrail/3.png,17,17,6,True,200,ac31b70d48041e220d1181dd78a5d9a025b02518ac2bc0bcb298823099444ce2
866,cannonSmokeTrail,sprites/DefineSprite_866_cannonSmokeTrail/4.png,17,17,6,True,194,beb4e3403754356acd70ff638f4cabbf4f113071c7b76a5581dd111e68766f48
866,cannonSmokeTrail,sprites/DefineSprite_866_cannonSmokeTrail/5.png,17,17,6,True,194,beb4e3403754356acd70ff638f4cabbf4f113071c7b76a5581dd111e68766f48
866,cannonSmokeTrail,sprites/DefineSprite_866_cannonSmokeTrail/6.png,17,17,6,True,194,beb4e3403754356acd70ff638f4cabbf4f113071c7b76a5581dd111e68766f48
866,cannonSmokeTrail,sprites/DefineSprite_866_cannonSmokeTrail/7.png,17,17,6,True,187,6e8a37145e3a600c235f0f86ff58a5984999ce7c709a0a1bd67cd9c4d4b46280
866,cannonSmokeTrail,sprites/DefineSprite_866_cannonSmokeTrail/8.png,17,17,6,True,187,6e8a37145e3a600c235f0f86ff58a5984999ce7c709a0a1bd67cd9c4d4b46280
866,cannonSmokeTrail,sprites/DefineSprite_866_cannonSmokeTrail/9.png,17,17,6,True,187,6e8a37145e3a600c235f0f86ff58a5984999ce7c709a0a1bd67cd9c4d4b46280
869,,sprites/DefineSprite_869/1.png,64,64,6,True,854,ceaa2d8f2de710d629a41d1dcfacd700a5b93289fc1ea84e22084c374be7a141
872,boulder,sprites/DefineSprite_872_boulder/1.png,64,64,6,True,1138,c7a7f8104fe183d25ac448839ca37f854e8f306ab72411e1f1f168d9011571c1
881,dynamite,sprites/DefineSprite_881_dynamite/1.png,22,27,6,True,406,bfe8b120e11eaa6f1b398bbd663c9b85033b6e87e0380c6b98c3ccae21f060c5
881,dynamite,sprites/DefineSprite_881_dynamite/10.png,22,27,6,True,406,bfe8b120e11eaa6f1b398bbd663c9b85033b6e87e0380c6b98c3ccae21f060c5
881,dynamite,sprites/DefineSprite_881_dynamite/11.png,22,27,6,True,406,bfe8b120e11eaa6f1b398bbd663c9b85033b6e87e0380c6b98c3ccae21f060c5
881,dynamite,sprites/DefineSprite_881_dynamite/12.png,22,27,6,True,406,bfe8b120e11eaa6f1b398bbd663c9b85033b6e87e0380c6b98c3ccae21f060c5
881,dynamite,sprites/DefineSprite_881_dynamite/13.png,22,27,6,True,406,bfe8b120e11eaa6f1b398bbd663c9b85033b6e87e0380c6b98c3ccae21f060c5
881,dynamite,sprites/DefineSprite_881_dynamite/2.png,22,27,6,True,470,4127836cf87dba87937067dc4fe2624be76de9334886c3cbc52fd6b69adf70d9
881,dynamite,sprites/DefineSprite_881_dynamite/3.png,22,27,6,True,528,0c4efe726b442de098b5eb58fce51176a9da216170e11c760837c8927d3c08f4
881,dynamite,sprites/DefineSprite_881_dynamite/4.png,22,27,6,True,523,c9f268a51466943725f8b53b7aa888cd46f3f0d79d84ad747296cfbcd75782d8
881,dynamite,sprites/DefineSprite_881_dynamite/5.png,22,27,6,True,523,c9f268a51466943725f8b53b7aa888cd46f3f0d79d84ad747296cfbcd75782d8
881,dynamite,sprites/DefineSprite_881_dynamite/6.png,22,27,6,True,406,bfe8b120e11eaa6f1b398bbd663c9b85033b6e87e0380c6b98c3ccae21f060c5
881,dynamite,sprites/DefineSprite_881_dynamite/7.png,22,27,6,True,406,bfe8b120e11eaa6f1b398bbd663c9b85033b6e87e0380c6b98c3ccae21f060c5
881,dynamite,sprites/DefineSprite_881_dynamite/8.png,22,27,6,True,406,bfe8b120e11eaa6f1b398bbd663c9b85033b6e87e0380c6b98c3ccae21f060c5
881,dynamite,sprites/DefineSprite_881_dynamite/9.png,22,27,6,True,406,bfe8b120e11eaa6f1b398bbd663c9b85033b6e87e0380c6b98c3ccae21f060c5
884,piecesOfEight,sprites/DefineSprite_884_piecesOfEight/1.png,15,15,6,True,256,464549f1ea37ca5d94b318d6943c5a33a0c26e7b3e3bd54798c873b340a56c3b
88,text_p,sprites/DefineSprite_88_text_p/1.png,8,11,6,True,109,f465242009e6825c2535c5fb6d2b665c6c6d5774d6a681b6064e2f22e90a5ccd
905,sweepingFlame,sprites/DefineSprite_905_sweepingFlame/1.png,19,31,6,True,135,bc254e26ac935542d2dbc3c708303f6cfea14dc8a037ccc8860897c2964d8894
905,sweepingFlame,sprites/DefineSprite_905_sweepingFlame/10.png,19,31,6,True,116,ee329b57918e6dc50de7af939c2b53ba1cae294a6f5f2a8381aa65e026bbe6e9
905,sweepingFlame,sprites/DefineSprite_905_sweepingFlame/11.png,19,31,6,True,82,9485a5dd6ff052bc3006584b15e23e1bddf8b0c94fcbf6120000e3d147080483
905,sweepingFlame,sprites/DefineSprite_905_sweepingFlame/2.png,19,31,6,True,192,1b9cefbafade700629b40e4adcb8e008a7773c578f4f63683ebc2f3683a339aa
905,sweepingFlame,sprites/DefineSprite_905_sweepingFlame/3.png,19,31,6,True,230,2fccfa16f79f6e1f2d6fca9ad2a3952db4aa5e1e98cd8f663c577bc10746f714
905,sweepingFlame,sprites/DefineSprite_905_sweepingFlame/4.png,19,31,6,True,292,f9bbde42cf23f513dfcf68370f8bb222f121ba9903560ee94388aaea0f2edf80
905,sweepingFlame,sprites/DefineSprite_905_sweepingFlame/5.png,19,31,6,True,265,1e8337fed9866bd2ecaa46e15727281e85c2471f6c940823e12b5aaff7fedd39
905,sweepingFlame,sprites/DefineSprite_905_sweepingFlame/6.png,19,31,6,True,261,1ec453125d56077b8d86275454f59b52c5b989b20b3087b1c0296e3351ada852
905,sweepingFlame,sprites/DefineSprite_905_sweepingFlame/7.png,19,31,6,True,237,c4b9de4aa78a52d25c2ba595686d89a5c7d0d70fc92aebd9705db2b6627aab22
905,sweepingFlame,sprites/DefineSprite_905_sweepingFlame/8.png,19,31,6,True,187,e95d78f1ab500d58583a07fc316e4fab92991180cc457730a8f3589a2f6a82ce
905,sweepingFlame,sprites/DefineSprite_905_sweepingFlame/9.png,19,31,6,True,162,beeae72547f4d6ab3fb7df533efa40344dbdcb1aa0150170dde0110c4b6c04aa
91,,sprites/DefineSprite_91/1.png,1,1,6,True,68,c3087446afe87c5da27035fd77db71f3d9911966b3cd33a452f80d731fbf8159
918,rumBottle,sprites/DefineSprite_918_rumBottle/1.png,18,48,6,True,614,47a50b3ecb79bc03024c9822cff92e97db21d922db37329b402cb6c8d6d1017c
918,rumBottle,sprites/DefineSprite_918_rumBottle/10.png,18,48,6,True,600,aafb75bd68a8e459e4c10504567f47b6fa97e506e87b2079410f94f82569cb24
918,rumBottle,sprites/DefineSprite_918_rumBottle/11.png,18,48,6,True,565,c02fb72b2b18540a96bc77f90944c7a1ee55d9e68a7ba1010de89c017a4c6bcc
918,rumBottle,sprites/DefineSprite_918_rumBottle/12.png,18,48,6,True,565,c02fb72b2b18540a96bc77f90944c7a1ee55d9e68a7ba1010de89c017a4c6bcc
918,rumBottle,sprites/DefineSprite_918_rumBottle/2.png,18,48,6,True,614,47a50b3ecb79bc03024c9822cff92e97db21d922db37329b402cb6c8d6d1017c
918,rumBottle,sprites/DefineSprite_918_rumBottle/3.png,18,48,6,True,632,fc6787d8e9a7d9929a87a6706d240989b882b06b6bd7381c71b4a16dc237f2ca
918,rumBottle,sprites/DefineSprite_918_rumBottle/4.png,18,48,6,True,632,fc6787d8e9a7d9929a87a6706d240989b882b06b6bd7381c71b4a16dc237f2ca
918,rumBottle,sprites/DefineSprite_918_rumBottle/5.png,18,48,6,True,621,4c17ffbd9e9faba2676e8b268f79bbce28c44d91f87696a2fca5177fdeedb554
918,rumBottle,sprites/DefineSprite_918_rumBottle/6.png,18,48,6,True,621,4c17ffbd9e9faba2676e8b268f79bbce28c44d91f87696a2fca5177fdeedb554
918,rumBottle,sprites/DefineSprite_918_rumBottle/7.png,18,48,6,True,616,50f9e7056daa70d23db47c24905e349e794ca791c11ae93873a6d0cdfb3d6067
918,rumBottle,sprites/DefineSprite_918_rumBottle/8.png,18,48,6,True,616,50f9e7056daa70d23db47c24905e349e794ca791c11ae93873a6d0cdfb3d6067
918,rumBottle,sprites/DefineSprite_918_rumBottle/9.png,18,48,6,True,600,aafb75bd68a8e459e4c10504567f47b6fa97e506e87b2079410f94f82569cb24
921,banana,sprites/DefineSprite_921_banana/1.png,27,15,6,True,355,5939dcd4a25a1398b787f7fb32af5d33d61dcd93452f697c29b3d5523e1c9a8e
92,text_q,sprites/DefineSprite_92_text_q/1.png,9,11,6,True,106,5899322b01c6a82fd290bb7514cc5ba0746d7e2d6e0567c156a502b5d7fd11d0
930,,sprites/DefineSprite_930/1.png,24,38,6,True,513,59cdb717b56138e0782b26ed4bbbe0286a589d917bd61ea134ced743e7756978
930,,sprites/DefineSprite_930/2.png,24,38,6,True,595,b847a9e26c0426da113efaece592306856d4339f40ebbed3a9f7b78ea87b3607
930,,sprites/DefineSprite_930/3.png,24,38,6,True,627,7100ed1583837c6b027b3fd0a2851bcf352a580ac4d42f8f7789f382e71cffa2
930,,sprites/DefineSprite_930/4.png,24,38,6,True,595,b847a9e26c0426da113efaece592306856d4339f40ebbed3a9f7b78ea87b3607
933,,sprites/DefineSprite_933/1.png,34,39,6,True,479,a32211c44f18e5f0992b350eb75a598aff5a9c0802ee32fc07bf9602315ce5be
934,,sprites/DefineSprite_934/1.png,34,39,6,True,479,a32211c44f18e5f0992b350eb75a598aff5a9c0802ee32fc07bf9602315ce5be
939,parachuteBomb,sprites/DefineSprite_939_parachuteBomb/1.png,36,60,6,True,547,bd9cae167e6a9d73073977ce9a81e318c10634bf3a004a51e3632010544ef7be
939,parachuteBomb,sprites/DefineSprite_939_parachuteBomb/10.png,36,60,6,True,634,a23aa6785abb4ce034e5caf2775d251e0af24ff10d94093494fafb04d348b94b
939,parachuteBomb,sprites/DefineSprite_939_parachuteBomb/11.png,36,60,6,True,667,541764cc15c909e0239eb5f17053817a428a992dde24a9af39e8b421616f1b11
939,parachuteBomb,sprites/DefineSprite_939_parachuteBomb/12.png,36,60,6,True,636,1177caaa08f2eeef723eda8fa36b15cf4e6f0e8d79d9caa6fc5631c81794ad3f
939,parachuteBomb,sprites/DefineSprite_939_parachuteBomb/13.png,36,60,6,True,550,2c937b3545a0568a7372c63b54017670380da50a768042b6206440a84dc183b9
939,parachuteBomb,sprites/DefineSprite_939_parachuteBomb/14.png,36,60,6,True,634,a23aa6785abb4ce034e5caf2775d251e0af24ff10d94093494fafb04d348b94b
939,parachuteBomb,sprites/DefineSprite_939_parachuteBomb/15.png,36,60,6,True,696,78986a9ea371ad63bd72965b23204363860001d67144f65916508ab3c133f7f2
939,parachuteBomb,sprites/DefineSprite_939_parachuteBomb/16.png,36,60,6,True,676,19b1ad653b9500a4045bf498b7d36493b7c56a6089816578d3e63244cfa258b8
939,parachuteBomb,sprites/DefineSprite_939_parachuteBomb/17.png,36,60,6,True,660,d7d7224de958f06a734ef687943d8591510e9cd5fad57b5917dc5f3176c0307a
939,parachuteBomb,sprites/DefineSprite_939_parachuteBomb/18.png,36,60,6,True,789,1b3d6e9204c069b1546955712fa693f1f4626847678056686a8010817b47bbfb
939,parachuteBomb,sprites/DefineSprite_939_parachuteBomb/19.png,36,60,6,True,869,a139f6f87da7c10bec09b5a683c72d1ff7828168fd7e46558ba0f7118c0d447b
939,parachuteBomb,sprites/DefineSprite_939_parachuteBomb/2.png,36,60,6,True,634,a23aa6785abb4ce034e5caf2775d251e0af24ff10d94093494fafb04d348b94b
939,parachuteBomb,sprites/DefineSprite_939_parachuteBomb/20.png,36,60,6,True,879,a9c0964aeb854f9aa8c7e8615b33b7b9a5a8a14c31c27a39292463cb689445ef
939,parachuteBomb,sprites/DefineSprite_939_parachuteBomb/21.png,36,60,6,True,839,0fd363189b8aae50af0c956c0d41a981beeae3b4acc6198a3be8baac8667f627
939,parachuteBomb,sprites/DefineSprite_939_parachuteBomb/22.png,36,60,6,True,944,364edf9625c8d32050f26ad5c6a833a32d1e7589fcd1c53b7c8fdb077451d03e
939,parachuteBomb,sprites/DefineSprite_939_parachuteBomb/23.png,36,60,6,True,991,e5ccfdd1713becf80ea7b2525e84048768766c59a22c920e58f892212efe8f26
939,parachuteBomb,sprites/DefineSprite_939_parachuteBomb/24.png,36,60,6,True,955,30a86a603d0e2a8f9216c5807016186d26ad6f701944105aeab02dcc6ed6e266
939,parachuteBomb,sprites/DefineSprite_939_parachuteBomb/25.png,36,60,6,True,878,06b456a1982c82c4e4a336b0e1916420159e899c59d6c57d234b7521355dfb6a
939,parachuteBomb,sprites/DefineSprite_939_parachuteBomb/26.png,36,60,6,True,950,a11f73a0618195052b2b3d0c323ff8da5af2e4fb24121fbcd59310ee27484612
939,parachuteBomb,sprites/DefineSprite_939_parachuteBomb/27.png,36,60,6,True,961,fe2644cf4c7f7bf4b86e02f22110d9ec90951f66c96010390cbab2432e360966
939,parachuteBomb,sprites/DefineSprite_939_parachuteBomb/28.png,36,60,6,True,950,6655bbf4f099e22b180aba3f076274d5ae72274a71cd913309fbf0142e315052
939,parachuteBomb,sprites/DefineSprite_939_parachuteBomb/29.png,36,60,6,True,883,ffc2c71043a3897075364a7d7cfa204ad14d22c25a9c0b42a4a7f1af0e768d5b
939,parachuteBomb,sprites/DefineSprite_939_parachuteBomb/3.png,36,60,6,True,667,541764cc15c909e0239eb5f17053817a428a992dde24a9af39e8b421616f1b11
939,parachuteBomb,sprites/DefineSprite_939_parachuteBomb/30.png,36,60,6,True,88,3fc956ecc4d5ae5d727dec8bd32b6fe6bb0a96d840d0464bb605503bdb2b319b
939,parachuteBomb,sprites/DefineSprite_939_parachuteBomb/4.png,36,60,6,True,634,a23aa6785abb4ce034e5caf2775d251e0af24ff10d94093494fafb04d348b94b
939,parachuteBomb,sprites/DefineSprite_939_parachuteBomb/5.png,36,60,6,True,547,bd9cae167e6a9d73073977ce9a81e318c10634bf3a004a51e3632010544ef7be
939,parachuteBomb,sprites/DefineSprite_939_parachuteBomb/6.png,36,60,6,True,634,a23aa6785abb4ce034e5caf2775d251e0af24ff10d94093494fafb04d348b94b
939,parachuteBomb,sprites/DefineSprite_939_parachuteBomb/7.png,36,60,6,True,667,541764cc15c909e0239eb5f17053817a428a992dde24a9af39e8b421616f1b11
939,parachuteBomb,sprites/DefineSprite_939_parachuteBomb/8.png,36,60,6,True,634,a23aa6785abb4ce034e5caf2775d251e0af24ff10d94093494fafb04d348b94b
939,parachuteBomb,sprites/DefineSprite_939_parachuteBomb/9.png,36,60,6,True,547,bd9cae167e6a9d73073977ce9a81e318c10634bf3a004a51e3632010544ef7be
958,,sprites/DefineSprite_958/1.png,62,64,6,True,818,1bcb9f4b87d1149fd1d99ebf742381d76107f4595645584af84d2d44c9cb87db
958,,sprites/DefineSprite_958/2.png,62,64,6,True,697,a58ab329777a567a921c16df11690c8f0fe2d22bbafd2e12128f01a1bb87573e
958,,sprites/DefineSprite_958/3.png,62,64,6,True,605,37f6cdf91ab0201b105e04367269f16734fa77aa7c82dc59c165e7a96fc263b1
958,,sprites/DefineSprite_958/4.png,62,64,6,True,467,50faaeb9035944af0e2000c2ac18a27a0a1c3da5fabe78d4be0f69c701167700
958,,sprites/DefineSprite_958/5.png,62,64,6,True,233,be29243c60be4f1ac3695001d341e15205dfce68913d7996ac6f05582ef3dcf8
958,,sprites/DefineSprite_958/6.png,62,64,6,True,205,dab19524880c78333d8daeb5f0a4473438f7e5274e26c57e8bba461a71bb0a80
958,,sprites/DefineSprite_958/7.png,62,64,6,True,167,892a1b59aac0ab821597f20813fbb4d04885777fbd3fe5ca2038cf938ac130e4
958,,sprites/DefineSprite_958/8.png,62,64,6,True,95,1758d7306c4d28d3dd2d483f38f92ab97b2c1bdeb9135235d3da32a5fa1f9fd6
95,text_question,sprites/DefineSprite_95_text_question/1.png,8,11,6,True,114,b806df0eef996b0b29c925fe813f1a2b113f7266e86691f9c7ba53daedaccdda
965,woodenCrate,sprites/DefineSprite_965_woodenCrate/1.png,62,64,6,True,417,3c5c117f43a452b6e561907317d613067b76422a76dcd36cfae88f7a5becf0c3
965,woodenCrate,sprites/DefineSprite_965_woodenCrate/10.png,62,64,6,True,417,3c5c117f43a452b6e561907317d613067b76422a76dcd36cfae88f7a5becf0c3
965,woodenCrate,sprites/DefineSprite_965_woodenCrate/11.png,62,64,6,True,1543,926502fd7c30210a4038fdbca4fb7cf319126d47fde954e0ead66feda8fa3061
965,woodenCrate,sprites/DefineSprite_965_woodenCrate/12.png,62,64,6,True,1181,492517b82c98a228c941b09a4a6478cdaca8472939ff279d35f14889b7dd92a5
965,woodenCrate,sprites/DefineSprite_965_woodenCrate/13.png,62,64,6,True,1001,92122a5ac881f4af11a2b73e089e950e7707dbf8b91699890f941a6f6da411b2
965,woodenCrate,sprites/DefineSprite_965_woodenCrate/14.png,62,64,6,True,717,c03a1003c91ffb535418419b7c6b3ade6d083c457e850044d9fddcc0a74b2faa
965,woodenCrate,sprites/DefineSprite_965_woodenCrate/15.png,62,64,6,True,233,0f7e49edff987353bd0c37e2b4b45a6274fd07e784154c5c60b5ed496567250b
965,woodenCrate,sprites/DefineSprite_965_woodenCrate/16.png,62,64,6,True,208,25ee923cf31db0b5acf353840ecd269398e7e297f7c3c4819ba2235fa3af9920
965,woodenCrate,sprites/DefineSprite_965_woodenCrate/17.png,62,64,6,True,169,9eb3f5419d49ac1c9e47231ba0abf359d3f31d5474eb74df016e089963afdf2a
965,woodenCrate,sprites/DefineSprite_965_woodenCrate/18.png,62,64,6,True,95,1758d7306c4d28d3dd2d483f38f92ab97b2c1bdeb9135235d3da32a5fa1f9fd6
965,woodenCrate,sprites/DefineSprite_965_woodenCrate/2.png,62,64,6,True,417,3c5c117f43a452b6e561907317d613067b76422a76dcd36cfae88f7a5becf0c3
965,woodenCrate,sprites/DefineSprite_965_woodenCrate/3.png,62,64,6,True,417,3c5c117f43a452b6e561907317d613067b76422a76dcd36cfae88f7a5becf0c3
965,woodenCrate,sprites/DefineSprite_965_woodenCrate/4.png,62,64,6,True,417,3c5c117f43a452b6e561907317d613067b76422a76dcd36cfae88f7a5becf0c3
965,woodenCrate,sprites/DefineSprite_965_woodenCrate/5.png,62,64,6,True,417,3c5c117f43a452b6e561907317d613067b76422a76dcd36cfae88f7a5becf0c3
965,woodenCrate,sprites/DefineSprite_965_woodenCrate/6.png,62,64,6,True,417,3c5c117f43a452b6e561907317d613067b76422a76dcd36cfae88f7a5becf0c3
965,woodenCrate,sprites/DefineSprite_965_woodenCrate/7.png,62,64,6,True,417,3c5c117f43a452b6e561907317d613067b76422a76dcd36cfae88f7a5becf0c3
965,woodenCrate,sprites/DefineSprite_965_woodenCrate/8.png,62,64,6,True,417,3c5c117f43a452b6e561907317d613067b76422a76dcd36cfae88f7a5becf0c3
965,woodenCrate,sprites/DefineSprite_965_woodenCrate/9.png,62,64,6,True,417,3c5c117f43a452b6e561907317d613067b76422a76dcd36cfae88f7a5becf0c3
968,gunpowderBarrel,sprites/DefineSprite_968_gunpowderBarrel/1.png,33,32,6,True,623,5fedc36ec0717567538379fe50eb370c939fc05147766fa1fc8bc313b2cfccf8
968,gunpowderBarrel,sprites/DefineSprite_968_gunpowderBarrel/10.png,33,32,6,True,623,5fedc36ec0717567538379fe50eb370c939fc05147766fa1fc8bc313b2cfccf8
968,gunpowderBarrel,sprites/DefineSprite_968_gunpowderBarrel/11.png,33,32,6,True,623,5fedc36ec0717567538379fe50eb370c939fc05147766fa1fc8bc313b2cfccf8
968,gunpowderBarrel,sprites/DefineSprite_968_gunpowderBarrel/12.png,33,32,6,True,84,85471a3cd83b6ce1df94411b0cf3276d425089575c14e4bf0d662bf27b185b71
968,gunpowderBarrel,sprites/DefineSprite_968_gunpowderBarrel/2.png,33,32,6,True,623,5fedc36ec0717567538379fe50eb370c939fc05147766fa1fc8bc313b2cfccf8
968,gunpowderBarrel,sprites/DefineSprite_968_gunpowderBarrel/3.png,33,32,6,True,623,5fedc36ec0717567538379fe50eb370c939fc05147766fa1fc8bc313b2cfccf8
968,gunpowderBarrel,sprites/DefineSprite_968_gunpowderBarrel/4.png,33,32,6,True,623,5fedc36ec0717567538379fe50eb370c939fc05147766fa1fc8bc313b2cfccf8
968,gunpowderBarrel,sprites/DefineSprite_968_gunpowderBarrel/5.png,33,32,6,True,623,5fedc36ec0717567538379fe50eb370c939fc05147766fa1fc8bc313b2cfccf8
968,gunpowderBarrel,sprites/DefineSprite_968_gunpowderBarrel/6.png,33,32,6,True,623,5fedc36ec0717567538379fe50eb370c939fc05147766fa1fc8bc313b2cfccf8
968,gunpowderBarrel,sprites/DefineSprite_968_gunpowderBarrel/7.png,33,32,6,True,623,5fedc36ec0717567538379fe50eb370c939fc05147766fa1fc8bc313b2cfccf8
968,gunpowderBarrel,sprites/DefineSprite_968_gunpowderBarrel/8.png,33,32,6,True,623,5fedc36ec0717567538379fe50eb370c939fc05147766fa1fc8bc313b2cfccf8
968,gunpowderBarrel,sprites/DefineSprite_968_gunpowderBarrel/9.png,33,32,6,True,623,5fedc36ec0717567538379fe50eb370c939fc05147766fa1fc8bc313b2cfccf8
971,seagullFire,sprites/DefineSprite_971_seagullFire/1.png,13,20,6,True,190,08d4e736fdb4f3917651503b097cf9f382e5fc7972a124c99f88e481b4a9a5af
982,seagull,sprites/DefineSprite_982_seagull/1.png,26,20,6,True,346,549f38937571cf1de37d060119c3193a49ed49e6598c1429757c5310f51c647f
982,seagull,sprites/DefineSprite_982_seagull/10.png,26,20,6,True,81,ea5c056793b8c28b69f2a85036ff3861b3803a4384142c624a1209174cd6889a
982,seagull,sprites/DefineSprite_982_seagull/11.png,26,20,6,True,356,42063eb5d50459378733c6dfa0e1e501326931e31605cee372bf25036b87fa18
982,seagull,sprites/DefineSprite_982_seagull/12.png,26,20,6,True,356,42063eb5d50459378733c6dfa0e1e501326931e31605cee372bf25036b87fa18
982,seagull,sprites/DefineSprite_982_seagull/13.png,26,20,6,True,356,42063eb5d50459378733c6dfa0e1e501326931e31605cee372bf25036b87fa18
982,seagull,sprites/DefineSprite_982_seagull/14.png,26,20,6,True,356,42063eb5d50459378733c6dfa0e1e501326931e31605cee372bf25036b87fa18
982,seagull,sprites/DefineSprite_982_seagull/2.png,26,20,6,True,346,549f38937571cf1de37d060119c3193a49ed49e6598c1429757c5310f51c647f
982,seagull,sprites/DefineSprite_982_seagull/3.png,26,20,6,True,343,8b18d8485811063b07cfaf48aee2ac7401cfad0b716447d55a6ef75ea54cc467
982,seagull,sprites/DefineSprite_982_seagull/4.png,26,20,6,True,343,8b18d8485811063b07cfaf48aee2ac7401cfad0b716447d55a6ef75ea54cc467
982,seagull,sprites/DefineSprite_982_seagull/5.png,26,20,6,True,346,549f38937571cf1de37d060119c3193a49ed49e6598c1429757c5310f51c647f
982,seagull,sprites/DefineSprite_982_seagull/6.png,26,20,6,True,346,549f38937571cf1de37d060119c3193a49ed49e6598c1429757c5310f51c647f
982,seagull,sprites/DefineSprite_982_seagull/7.png,26,20,6,True,349,37642d98a2dfe4d31cbbf9c8f6bbed668a873b01251e764a84d3e890c7f2278a
982,seagull,sprites/DefineSprite_982_seagull/8.png,26,20,6,True,349,37642d98a2dfe4d31cbbf9c8f6bbed668a873b01251e764a84d3e890c7f2278a
982,seagull,sprites/DefineSprite_982_seagull/9.png,26,20,6,True,81,ea5c056793b8c28b69f2a85036ff3861b3803a4384142c624a1209174cd6889a
985,,sprites/DefineSprite_985/1.png,98,98,6,True,2204,97296f1de83db661dca51e8a6c768c4afd18e27dc262264438ef883068c3e2d0
98,text_r,sprites/DefineSprite_98_text_r/1.png,8,11,6,True,112,f615dbbebf04c23f803c0bbc562fa4ef90516cc61954bfe00592ce740e9e5569
9,BoundingBox,sprites/DefineSprite_9_BoundingBox/1.png,100,100,6,True,327,29d40f885d641d75673ee276cf8b4cf7effd7dbb5f9da1fcecc093d1b9e99f53
