format,path,bytes,sha256
source,source/scripts/1p_button.as,80,3b0da05a952f4a0ea3cce5b8ac55c31e7b2ab258988c6814343bb678640048ee
source,source/scripts/2p_button.as,80,f5335c47dc716a2af8a012f1cc67cb8aab148cc40b44bda5eaa3fa5957cd4ad3
source,source/scripts/__Packages/com/nitrome/buttons/BackButton.as,7304,26c640807900d400ac6c47ccaec8baf50686a21ba748e5f35f23433b26bad48e
source,source/scripts/__Packages/com/nitrome/buttons/CongratulationsButton.as,37486,4092dd76c033d88d01c3a52e0bbd4609255bc0456827f1937f13d8c7f0522f97
source,source/scripts/__Packages/com/nitrome/buttons/ContinueGameButton.as,4260,df28580a46537f6c9a1840c59580d074e255e64998cc31f78b330c6310d01b48
source,source/scripts/__Packages/com/nitrome/buttons/CreditsButton.as,10674,5f0abddacca224142d972789d4c597b35e3fc2cb7fd99afed49e9b9cd4547dbf
source,source/scripts/__Packages/com/nitrome/buttons/HelpButton.as,29310,b5f97a0bd9b586b4f0f44faf01405839ecca0ecd1d916a6c4dfc1c1ad328ee99
source,source/scripts/__Packages/com/nitrome/buttons/LevelSelect2p.as,26714,6232c8da02e237d414349c8cc7aa95a2c92df62eb90b6aea47e39516a58a5464
source,source/scripts/__Packages/com/nitrome/buttons/LevelSelectButton.as,9355,9915fd5c9d1bb3c5612480e26affb7e737f75497b5b01ef6bf842a9dd98c7fa4
source,source/scripts/__Packages/com/nitrome/buttons/NextLevelButton.as,31353,6c8c884d7e3b1712f4040eaeb55559fbb00693bdf0933c019153936164b461a6
source,source/scripts/__Packages/com/nitrome/buttons/OnePlayerButton.as,30127,9913a78555c95e4d3a0fad2ca193be22b4c2add2fd66de3b298312224b4428af
source,source/scripts/__Packages/com/nitrome/buttons/PlayButton.as,4074,8003fdb1cd253b4f7220d64c1d58790c2a21f81e291874afcd7d184b50784d3c
source,source/scripts/__Packages/com/nitrome/buttons/QuitGameButton.as,5289,62917cf0a0e5c9281b26d487b7917289b7fd271389da1ce4e720dba0c9ca1c25
source,source/scripts/__Packages/com/nitrome/buttons/RestartLevelButton.as,24007,462ff94724e0dcdb30fcd125583a78e3698c6d2952a583ddf6489aa21ae197eb
source,source/scripts/__Packages/com/nitrome/buttons/ScoresButton.as,3821,a583bd83622412595094889b241225178db73c76fc0362ac8b9eab9a3dfbb3ec
source,source/scripts/__Packages/com/nitrome/buttons/SimpleButton.as,19337,278a16d95778cdc1bbd33c0e714e7c55c0712bb90557a20a360edadf4a3b7ca2
source,source/scripts/__Packages/com/nitrome/buttons/SubmitScoreButton.as,6821,9f8e0691ebb87ea7074b25fb2c3470342ce0e30c1761b257c88ee6edf0bcd00d
source,source/scripts/__Packages/com/nitrome/buttons/TwoPlayerButton.as,5984,8bf7f1ab79a7dbb9f3f55b4e47ff86eaea3a84e840dcaa48914892944d8b219b
source,source/scripts/__Packages/com/nitrome/game/CancelPlayerButton.as,7098,bf6bda47ce13c259bec90ee7343ba37ff1e4bb51b436aed44fc1e26ad137911a
source,source/scripts/__Packages/com/nitrome/game/CancelWeaponButton.as,9008,7c900276389452616015c87382ce4476484f0416ff182535efcd116913e6ecb7
source,source/scripts/__Packages/com/nitrome/game/CornerQuitButton.as,17834,38bdd0d8950ddf6b72c0d443725f4352b667c02775e3f4b9dc3e5e18f4380128
source,source/scripts/__Packages/com/nitrome/game/FxToggle.as,6000,f29fb6f7115031e9eaf2999f9791041fe8ce404f459b2647fd288b4988ba9741
source,source/scripts/__Packages/com/nitrome/game/IngamePopup.as,14280,61d2d394b8bbeb75fbe3828b55faa5a80cce8816d4b01774ca915494c1d4aa95
source,source/scripts/__Packages/com/nitrome/game/IngameTextArea.as,5078,87058c312426e397d1f9915c7a8f301a3b8a8f9ec655b74e0555067e6b20dff1
source,source/scripts/__Packages/com/nitrome/game/MusicController.as,6726,5fc785e9b93625d220a5575e3288da69147865f1437fa5bf7eac1aa8ca48fcc6
source,source/scripts/__Packages/com/nitrome/game/MusicToggle.as,5762,eb81132a953d532c6f9157f19f7bee57ae559f26b2ebb2d17cd098af169778cf
source,source/scripts/__Packages/com/nitrome/game/Preloader.as,7410,e466baff7cc25ab529f8904b075045638ca29591411370e053ffd29ad6c34f0a
source,source/scripts/__Packages/com/nitrome/game/SfxManager.as,9744,8b0e391939aef822e15e87fd25b335d7f6357fdb5fd01de9036679c184a615d1
source,source/scripts/__Packages/com/nitrome/game/SimpleButton.as,7673,c6fdda932c18b809b94aa9c454035396a00cef1ef6ad11998e5a20c470e54d01
source,source/scripts/__Packages/com/nitrome/game/TransitionTween.as,21775,0680e72a8d6a871debad9d7a04470e5359506ee14f4c59d71e9fa79e72a5fa46
source,source/scripts/__Packages/com/nitrome/game/WeaponSelectButton.as,30605,cf74b33d68a73502fe6073967d8a51b9078dd43ab2a46d870bfbf9ec0333bc29
source,source/scripts/__Packages/com/nitrome/game/WeaponSelectPanel.as,5326,45b874f82c7bedc4b18fd387c6a43f6f61709c1de3e9fbd3811f61fa8a94248b
source,source/scripts/__Packages/com/nitrome/highscore/ArrowButton.as,26506,420cfb776915abf5423c3a4633d8937ea7eb8782061df8a40e31c3b482e53094
source,source/scripts/__Packages/com/nitrome/highscore/ClearButton.as,3999,9054c5c773aea5bba07cca0ac7d62280d278c19ebddc176f93db05c2731b7fd0
source,source/scripts/__Packages/com/nitrome/highscore/HiscoreBoard.as,19919,923cd3ed026c20ce6f00240f650a4a8cdb0d0c0d499832074ef8e69e62ed214e
source,source/scripts/__Packages/com/nitrome/highscore/HiscoreLine.as,5760,561fcce100222cc47e6319db1c72a3f3c24b2cb2f48fcc8ed5fdffbdb2db94d9
source,source/scripts/__Packages/com/nitrome/highscore/LetterButton.as,5269,ba012e71fd972d77638b59c6cbba16348cda5bd6c413aac2af14bb000ba360d8
source,source/scripts/__Packages/com/nitrome/highscore/ScoreSubmitPanel.as,5682,8e7d0871f0c972b541ab3325a6d923698c68e0781173258e97df229acd3891c3
source,source/scripts/__Packages/com/nitrome/highscore/SubmitButton.as,43861,f50176c3d0075a5b8c3b9bc580bd49606f70f7e2cbe760b684b3811814e241ad
source,source/scripts/__Packages/com/nitrome/pirate/MenuBackgroundAnim.as,4266,3fa7de13f54f6b2e8af14128c4ec2a8e171055e2fa873a0c92a4ed6bcb719017
source,source/scripts/__Packages/com/nitrome/throwgame/Anchor.as,14171,a2c3c903c59c03823977dcbbf714ccdd7fac24511c2642f3f0daed53e9dba293
source,source/scripts/__Packages/com/nitrome/throwgame/Banana.as,105291,e6fdf80be7396aba8173a74b0dd594fec7a26333688ff6d25cd36e3e78e4db5a
source,source/scripts/__Packages/com/nitrome/throwgame/Boulder.as,52037,c5cb2fab54ecc483a07148bc7cf2e036cf3d3c82047fadf8daa3ce7b20a10dd6
source,source/scripts/__Packages/com/nitrome/throwgame/BoxWeapon.as,106711,e7a1bdc884386994dad27f97c0979ed5cd06e2a5e8a931171bbb2d20d96c6ae8
source,source/scripts/__Packages/com/nitrome/throwgame/Cannon.as,19256,07c7fd509a89703d2e31c10fa1a2127ff9c1e8df5a057644220077b9c76d9cbe
source,source/scripts/__Packages/com/nitrome/throwgame/Cannonball.as,21138,48947662149180831e3e766aff67b42e3bd9df03381c487dd90a1fdc3b96b6ca
source,source/scripts/__Packages/com/nitrome/throwgame/Character.as,57070,5053aee64dc946913af0fdf348ba58ee3bd04d4d6af3c60af7906e01235f7f34
source,source/scripts/__Packages/com/nitrome/throwgame/CherryBomb.as,5348,0c6231eb3fe41a831980d5e6ce58f6686b05503d4f07af484fcf9e18bc806f03
source,source/scripts/__Packages/com/nitrome/throwgame/Controller.as,32031,352844d1147f0d254a5b0fb67aba020cb249ba9dec962024e2e2efbe170a8600
source,source/scripts/__Packages/com/nitrome/throwgame/Debris.as,28332,289e856eb6256ab72759cbe952009476e99dea5d939d250b3c1e81295210188f
source,source/scripts/__Packages/com/nitrome/throwgame/Dynamite.as,19234,a31414f235a51511a29c32e087291cd8a16e04b4fd8ff8dbccc27d326f7b6611
source,source/scripts/__Packages/com/nitrome/throwgame/Explosion.as,20277,a5081dc626a000bc57ea0ec95d14c70077afaf41ca47c61b1156c327c2c2da5c
source,source/scripts/__Packages/com/nitrome/throwgame/GunpowderBarrel.as,18241,4dcff8baac9136112258190599dcdd60942c4801ed669e4aeaf1ab6b5be52e11
source,source/scripts/__Packages/com/nitrome/throwgame/Map.as,8623,fb6fd77cecdfd75da568d50f3094d4aa28a2172d54f7589b36cb4b17f1b95f2d
source,source/scripts/__Packages/com/nitrome/throwgame/Mine.as,18963,7c20fd625a3e95fa5ad59774ddd01f40ecc7ff92d1fc19a8c653bae1931a9d88
source,source/scripts/__Packages/com/nitrome/throwgame/ParachuteBomb.as,12791,5071171fd7994ff12f827e03b561dc4beef8d5708f5930f14a14acd92734e0ff
source,source/scripts/__Packages/com/nitrome/throwgame/PiecesOfEight.as,7648,1e3a020a008607c7779429b2041b94d9a90da0048e27a01aa6055a49bcb7eb5f
source,source/scripts/__Packages/com/nitrome/throwgame/RumBottle.as,12478,6a8a188b1606eb4820fd4a120f8faa584f4137de4a836824332cf1306b05c6bb
source,source/scripts/__Packages/com/nitrome/throwgame/Seagull.as,1049210,0154a150cbc217bbe703ae37f40f3197298db1852d2a5bfd217eb21f232f66bd
source,source/scripts/__Packages/com/nitrome/throwgame/Solid.as,35579,4423d31e27c91f678d6f680e5f1f18a48ed03f267789559444ef2d6072d4d93c
source,source/scripts/__Packages/com/nitrome/throwgame/SpeechBubble.as,5381,82a3a372a43b8698ceadba446f1b43acd978fb8f86ff69424a67a4f50b2544b2
source,source/scripts/__Packages/com/nitrome/throwgame/SweepingFlame.as,33705,bb63a1abb0cf472abfa4f726caef9c5fea4b0d562775a115638740ed1151068f
source,source/scripts/__Packages/com/nitrome/throwgame/Team.as,25316,e8503ca748b87554d8257eef4198eb91b27f15042900e1237e1c763b40e41bdc
source,source/scripts/__Packages/com/nitrome/throwgame/TidalWave.as,46406,15c4eefd02f50ae84a7bb56e4c31dfcc421e9d9f5d7d7d218804671c23892552
source,source/scripts/__Packages/com/nitrome/throwgame/Tile.as,4536,8beacf4defcbd29a2140bba078db50a13429da1e0fd224dd8d8d686ba119934f
source,source/scripts/__Packages/com/nitrome/throwgame/TileSystem.as,69845,b4821e91616992eaa6093d586ef9128686400c3cb93153ab17ec0d2dcc0f6053
source,source/scripts/__Packages/com/nitrome/throwgame/TreasureChest.as,23691,a38c20c04ee436cfd9fdd647f351df43451d406bf262f99df3f755441239bcd7
source,source/scripts/__Packages/com/nitrome/throwgame/VoodooDoll.as,31797,3de0e7601c0ba7a5cf400097511a136c2f5aa3a2289a8c2061d51ab6561af1aa
source,source/scripts/__Packages/com/nitrome/throwgame/Water.as,5438,881ca2f1234fe112fa8abad6887a1b61fe7143a85fcd7492242d699c54e39084
source,source/scripts/__Packages/com/nitrome/throwgame/Weapon.as,22524,ee55e3ac0b76d7a52aaae09d7f0d86b74c4f611193c9df629b5d0c8b3fa358d2
source,source/scripts/__Packages/com/nitrome/throwgame/WoodenCrate.as,23098,e0fc6be2fd07131953760149600931600e6069a337e9d52cd3ab19c03bfe8c73
source,source/scripts/__Packages/com/nitrome/util/Clip.as,40980,66e79ba64c5dbf498842a14de98814bd9a9a7d6f800a52776dc08f905aa2a8f3
source,source/scripts/__Packages/com/nitrome/util/CustomCursor.as,20547,27a1234d37a58f1fa1ae6d2c88ab5141eae9284b83054110e1e6c0dabdc90b48
source,source/scripts/__Packages/com/nitrome/util/Global.as,122048,9893c60fe060c2f887645019d841b9f75f91c5b7e71f0b4a6d9a20efc84cabdd
source,source/scripts/__Packages/com/nitrome/util/Lock.as,6853,3b5fd4130814a10af694b68202ca2e2aa66ce4a1d3dd453ad631a463c613b2fb
source,source/scripts/__Packages/com/nitrome/util/MD5.as,19961,e22fff4637359271f12e28248c23cb935ad4236774dfee303807cb9ec29ee469
source,source/scripts/__Packages/com/nitrome/util/Trig.as,36255,06a321ee057ea1541bc4e207d0b0d3580d3597961d781d84f0959fbc9e9ec95f
source,source/scripts/__Packages/com/senocular/drawing/DashedLine.as,38636,cbf11547e7e5308cdadd48bcaa92bf44063b686e1f80df5d41c0aba69e4efa80
source,source/scripts/__Packages/DangleFont.as,40379,2481d5fc062bd284d469c7b1f416ccf3d9361b31efb446b60206ef5c52bb61c7
source,source/scripts/__Packages/mx/controls/SimpleButton.as,74518,8a6822b757967cc6a77d8a343cb13d24e9011e1f981a4bacea3352338130cd79
source,source/scripts/__Packages/mx/core/ext/UIComponentExtensions.as,5029,2457847ac8c4d531a2b51db61e5029383f61dc3cab162f4fa4165ca22cb58233
source,source/scripts/__Packages/mx/core/ext/UIObjectExtensions.as,19242,acbe9b7a868b68cef82699d2b327cb53476cdb162bf4eef0ba9898fcdd5782c1
source,source/scripts/__Packages/mx/core/UIComponent.as,91164,9e48501e9c40b2fc0b30682dc63519cef82fc3795bd93d11da9942340f18fd96
source,source/scripts/__Packages/mx/core/UIObject.as,26234,b7d915ab833d48736750f3672b273211abc7bb4fa8c6d607c41be5555b958909
source,source/scripts/__Packages/mx/events/EventDispatcher.as,7241,1b7ee084e2f108fe1e8e3e7e86d9f5cd78aac1c8db3c3757a8aa319e2a00cf2a
source,source/scripts/__Packages/mx/events/UIEventDispatcher.as,60750,25018ca821deb87d23fed18f6c4a250855e3ea73bc91fde4bdebd9c99678246c
source,source/scripts/__Packages/mx/managers/DepthManager.as,49921,8cd212ccc3ebb12c82feb92d23988dac808dd6a83d682f3e80cbe6c07047c808
source,source/scripts/__Packages/mx/managers/FocusManager.as,34146,e3d9801b2d8a2df2bd6ae6d1087b92883872b03364108fb6dc0d490647286294
source,source/scripts/__Packages/mx/managers/OverlappedWindows.as,23250,4d049e067a92be3af519e509f49d0197d4dfdb8ff29ad793e9055310c507cbd5
source,source/scripts/__Packages/mx/managers/SystemManager.as,36462,61bc9c6016fb00d31610562f0f77ddacfb69241038d761f226ccc456230ebc85
source,source/scripts/__Packages/mx/skins/ColoredSkinElement.as,18959,05738ce9e1f4469879f8dd6db360ee8df9f597662fb8a2294c8ae4a84c4712bc
source,source/scripts/__Packages/mx/skins/halo/Defaults.as,17271,32a299d8f99ab76615f30e04d39e37caacd32fa45b7b8feafead86fca2448944
source,source/scripts/__Packages/mx/skins/halo/FocusRect.as,41293,3bdf251f536d87de2bb79e2ee536b9f5ddda3741c4f7aafc21a8484fa1165f34
source,source/scripts/__Packages/mx/skins/SkinElement.as,7188,37b0ae48572f3389d2993ef45ed1fba0aa1dfdd54cae46528347cac979dcc612
source,source/scripts/__Packages/mx/styles/CSSSetStyle.as,16934,1ea01305a01c3afd2d2a49c436b8cff7a23dc2f415ba25c66e6538d7d1ae6a11
source,source/scripts/__Packages/mx/styles/CSSStyleDeclaration.as,47775,dea805f3fc58b9b0b0ea4d74f39b84737f053f640accc52fac875eb404a0b5d5
source,source/scripts/__Packages/mx/styles/CSSTextStyles.as,9527,009430f9cb5e90b592805e46da45be4da548de162435aecc6b41c5478746d688
source,source/scripts/__Packages/mx/styles/StyleManager.as,8147,359525739f56cda9a3aa66e63942c749098dc0f70ffdfa98356c44aefeca70d8
source,source/scripts/__Packages/mx/utils/Delegate.as,7541,a52ce6a2440f200981590a8153296a679d9283433be8c83c0c3742a628dbe7b2
source,source/scripts/__Packages/NitromeGame.as,33354,81f0acecd78b82fcfee3e85a41f2ac5edefeac1e3e2f3e5157dadb64bd19e179
source,source/scripts/__Packages/PirateFont.as,22155,94b4dd256020382f809bebfb692e62ce6bf46062f41b5c9d3ac8a65d4379c6a6
source,source/scripts/arrow_button.as,81,456c28fb720a47aa483b7495a5a4b9c3cb81fef116f29219fdaf01c38eafc51c
source,source/scripts/back to title (congrats).as,90,565731e4ddd040a8a37d555398ddf7008ed323a48fc1bcbf884854d7fc4c890e
source,source/scripts/back to title.as,83,4b921d4460b20980692c9f68b05afc753df7da673686bf34daf8c92cfef8a62d
source,source/scripts/back_button.as,77,a5b6ddfc2e6b35e9564191bfa8ebf18acf98c510e4f33d051b57cebfff47cfe2
source,source/scripts/cancel player button blue.as,96,0bd772621e98aca331e5f9ace8eeaf096c0e64ecccc3b7f88d7ff0d572517fe6
source,source/scripts/cancel player button red.as,95,f5d9a65cdf30decd9ced7d4ba2afb2a86898b1817e8936fd55b2094648fe410c
source,source/scripts/cancel weapon button blue.as,96,4c774aea5054de574ccfb6ea68ece4f51d4260c9f2a69c2ab5796417d7f47f93
source,source/scripts/cancel weapon button red.as,95,117d785337b8314a3cf4b0b7f578ff00e116bd20114ac2c3bcc58b50111e2a10
source,source/scripts/clear_button.as,81,547282dfd3eb46a5d6fcfe2792c8728fafa7e9a78180aedfd54c65abd0508b38
source,source/scripts/congrats_background_anim.as,97,e4c2c4ecaa9fee36dd5b640636867e33f229a783673cca585ec659b013c9aea4
source,source/scripts/congrats_button.as,92,ef4d2d96d497be1a90bf00004f3539816c3daed03c0146a2d13496eded8746f2
source,source/scripts/continue_game.as,87,b58b6ec00dcb146b885544727514810a920d50bacce67a4db649a4c9ca525705
source,source/scripts/credits_button.as,83,08d9219896b929d5769fb85f0284cdc39ea9ec8c5019eab184f06ea60c43127c
source,source/scripts/cursor.as,71,552ec339214bea48ec4411547d72bbce11d7d173cde30d2e2ccdcbddd857b280
source,source/scripts/DangleFont.as,13582,f8edb3cd0dfa44fadd8dfff4ac041b50ae1a5bb69d3e15adb54b9f221cd0537b
source,source/scripts/Defaults.as,66,c8512064814044698783da389fe9913e1f9b2128c015dee4f26157ce26e80388
source,source/scripts/DefineButton2_134/BUTTONCONDACTION on(keyPress Tab).as,49,4fdbe627718d60f99344e0ba100061116d1689e9128fab3113e429392114702f
source,source/scripts/DefineButton2_1909/BUTTONCONDACTION on(release).as,75,a3afca7ca5646615560c79ca54b6eb2652ca5123fd146804596f7d56cbbfcf33
source,source/scripts/DefineButton2_1914/BUTTONCONDACTION on(release).as,66,accd620a2e6b7882629b47d194fef908b74f158fdd8a45e31f2c4311a219319c
source,source/scripts/DefineButton2_1925/BUTTONCONDACTION on(release).as,66,accd620a2e6b7882629b47d194fef908b74f158fdd8a45e31f2c4311a219319c
source,source/scripts/DefineButton2_1933/BUTTONCONDACTION on(release).as,65,51e1ef39d9ea0bbe28eaf144282cc5ad69c1b4c2b3d4d5bc4e8696a7c730ba4e
source,source/scripts/DefineButton2_817/BUTTONCONDACTION on(release).as,81,df42382b0db45d678a9b18d56419494e43dfd9e942470dac3a92f1178062e865
source,source/scripts/DefineButton2_834/BUTTONCONDACTION on(press).as,63,625ad5ae105780f3bae7d42d60fecf51b8aff18262526ef4f09071107fcfbe86
source,source/scripts/DefineSprite_1002/frame_17/DoAction.as,9,3271a793e3f9600314c6b0facc05023c4f3ed09c116d452966200a5d04735655
source,source/scripts/DefineSprite_1003_anchor/frame_1/DoAction.as,9,3271a793e3f9600314c6b0facc05023c4f3ed09c116d452966200a5d04735655
source,source/scripts/DefineSprite_1003_anchor/frame_12/DoAction.as,9,3271a793e3f9600314c6b0facc05023c4f3ed09c116d452966200a5d04735655
source,source/scripts/DefineSprite_1024_mine/frame_1/DoAction.as,9,3271a793e3f9600314c6b0facc05023c4f3ed09c116d452966200a5d04735655
source,source/scripts/DefineSprite_1024_mine/frame_16/DoAction.as,9,3271a793e3f9600314c6b0facc05023c4f3ed09c116d452966200a5d04735655
source,source/scripts/DefineSprite_1024_mine/frame_30/DoAction.as,27,78ac52baf7355549e2dfc104ae1150061eb7dba5eddd4298e3ccb6998b074459
source,source/scripts/DefineSprite_1058_tidalWave/frame_15/DoAction.as,28,d548f9b53a6e3b876a8ca5a761e690612ec01a076324055c294fa60b77c90fe5
source,source/scripts/DefineSprite_1058_tidalWave/frame_24/DoAction.as,28,51b491fcd05998470ead002fa8531c20531ea47a343bc7ae7f8df2360ddf61b9
source,source/scripts/DefineSprite_1058_tidalWave/frame_6/DoAction.as,28,920eae005abd31c2d932b6410465bd626f8986ce810d4f296f2d22fcb81360dc
source,source/scripts/DefineSprite_1065_deadCharacter/frame_24/DoAction.as,9,3271a793e3f9600314c6b0facc05023c4f3ed09c116d452966200a5d04735655
source,source/scripts/DefineSprite_1077_bluePirate/frame_13/DoAction.as,29,bff74869adc519eac25fe567a8e71403dfe34e54b274d6ed73b851078cba6556
source,source/scripts/DefineSprite_1077_bluePirate/frame_35/DoAction.as,29,bff74869adc519eac25fe567a8e71403dfe34e54b274d6ed73b851078cba6556
source,source/scripts/DefineSprite_1086_tribe/frame_13/DoAction.as,29,bff74869adc519eac25fe567a8e71403dfe34e54b274d6ed73b851078cba6556
source,source/scripts/DefineSprite_1086_tribe/frame_35/DoAction.as,29,bff74869adc519eac25fe567a8e71403dfe34e54b274d6ed73b851078cba6556
source,source/scripts/DefineSprite_1097_cabinBoy/frame_13/DoAction.as,29,bff74869adc519eac25fe567a8e71403dfe34e54b274d6ed73b851078cba6556
source,source/scripts/DefineSprite_1097_cabinBoy/frame_35/DoAction.as,29,bff74869adc519eac25fe567a8e71403dfe34e54b274d6ed73b851078cba6556
source,source/scripts/DefineSprite_1106_oldPirate/frame_13/DoAction.as,29,bff74869adc519eac25fe567a8e71403dfe34e54b274d6ed73b851078cba6556
source,source/scripts/DefineSprite_1106_oldPirate/frame_35/DoAction.as,29,bff74869adc519eac25fe567a8e71403dfe34e54b274d6ed73b851078cba6556
source,source/scripts/DefineSprite_1117_rainbowBeard/frame_13/DoAction.as,29,bff74869adc519eac25fe567a8e71403dfe34e54b274d6ed73b851078cba6556
source,source/scripts/DefineSprite_1117_rainbowBeard/frame_35/DoAction.as,29,bff74869adc519eac25fe567a8e71403dfe34e54b274d6ed73b851078cba6556
source,source/scripts/DefineSprite_1126_femalePirate/frame_13/DoAction.as,29,bff74869adc519eac25fe567a8e71403dfe34e54b274d6ed73b851078cba6556
source,source/scripts/DefineSprite_1126_femalePirate/frame_35/DoAction.as,29,bff74869adc519eac25fe567a8e71403dfe34e54b274d6ed73b851078cba6556
source,source/scripts/DefineSprite_1137_blindPirate/frame_13/DoAction.as,29,bff74869adc519eac25fe567a8e71403dfe34e54b274d6ed73b851078cba6556
source,source/scripts/DefineSprite_1137_blindPirate/frame_35/DoAction.as,29,bff74869adc519eac25fe567a8e71403dfe34e54b274d6ed73b851078cba6556
source,source/scripts/DefineSprite_1148_soldier/frame_13/DoAction.as,29,bff74869adc519eac25fe567a8e71403dfe34e54b274d6ed73b851078cba6556
source,source/scripts/DefineSprite_1148_soldier/frame_35/DoAction.as,29,bff74869adc519eac25fe567a8e71403dfe34e54b274d6ed73b851078cba6556
source,source/scripts/DefineSprite_1157_bossGuy/frame_13/DoAction.as,29,bff74869adc519eac25fe567a8e71403dfe34e54b274d6ed73b851078cba6556
source,source/scripts/DefineSprite_1157_bossGuy/frame_35/DoAction.as,29,bff74869adc519eac25fe567a8e71403dfe34e54b274d6ed73b851078cba6556
source,source/scripts/DefineSprite_1166_bossGuyZombie/frame_13/DoAction.as,29,bff74869adc519eac25fe567a8e71403dfe34e54b274d6ed73b851078cba6556
source,source/scripts/DefineSprite_1166_bossGuyZombie/frame_35/DoAction.as,29,bff74869adc519eac25fe567a8e71403dfe34e54b274d6ed73b851078cba6556
source,source/scripts/DefineSprite_1175_soldierCaptain/frame_13/DoAction.as,29,bff74869adc519eac25fe567a8e71403dfe34e54b274d6ed73b851078cba6556
source,source/scripts/DefineSprite_1175_soldierCaptain/frame_35/DoAction.as,29,bff74869adc519eac25fe567a8e71403dfe34e54b274d6ed73b851078cba6556
source,source/scripts/DefineSprite_1186_blindPirateCaptain/frame_13/DoAction.as,29,bff74869adc519eac25fe567a8e71403dfe34e54b274d6ed73b851078cba6556
source,source/scripts/DefineSprite_1186_blindPirateCaptain/frame_35/DoAction.as,29,bff74869adc519eac25fe567a8e71403dfe34e54b274d6ed73b851078cba6556
source,source/scripts/DefineSprite_1197_femalePirateCaptain/frame_13/DoAction.as,29,bff74869adc519eac25fe567a8e71403dfe34e54b274d6ed73b851078cba6556
source,source/scripts/DefineSprite_1197_femalePirateCaptain/frame_35/DoAction.as,29,bff74869adc519eac25fe567a8e71403dfe34e54b274d6ed73b851078cba6556
source,source/scripts/DefineSprite_1206_rainbowBeardCaptain/frame_13/DoAction.as,29,bff74869adc519eac25fe567a8e71403dfe34e54b274d6ed73b851078cba6556
source,source/scripts/DefineSprite_1206_rainbowBeardCaptain/frame_35/DoAction.as,29,bff74869adc519eac25fe567a8e71403dfe34e54b274d6ed73b851078cba6556
source,source/scripts/DefineSprite_1217_oldPirateCaptain/frame_13/DoAction.as,29,bff74869adc519eac25fe567a8e71403dfe34e54b274d6ed73b851078cba6556
source,source/scripts/DefineSprite_1217_oldPirateCaptain/frame_35/DoAction.as,29,bff74869adc519eac25fe567a8e71403dfe34e54b274d6ed73b851078cba6556
source,source/scripts/DefineSprite_1228_cabinBoyCaptain/frame_13/DoAction.as,29,bff74869adc519eac25fe567a8e71403dfe34e54b274d6ed73b851078cba6556
source,source/scripts/DefineSprite_1228_cabinBoyCaptain/frame_35/DoAction.as,29,bff74869adc519eac25fe567a8e71403dfe34e54b274d6ed73b851078cba6556
source,source/scripts/DefineSprite_1237_tribeChief/frame_13/DoAction.as,29,bff74869adc519eac25fe567a8e71403dfe34e54b274d6ed73b851078cba6556
source,source/scripts/DefineSprite_1237_tribeChief/frame_35/DoAction.as,29,bff74869adc519eac25fe567a8e71403dfe34e54b274d6ed73b851078cba6556
source,source/scripts/DefineSprite_1248_skeletonPirate/frame_13/DoAction.as,29,bff74869adc519eac25fe567a8e71403dfe34e54b274d6ed73b851078cba6556
source,source/scripts/DefineSprite_1248_skeletonPirate/frame_35/DoAction.as,29,bff74869adc519eac25fe567a8e71403dfe34e54b274d6ed73b851078cba6556
source,source/scripts/DefineSprite_1259_skeletonPirateCaptain/frame_13/DoAction.as,29,bff74869adc519eac25fe567a8e71403dfe34e54b274d6ed73b851078cba6556
source,source/scripts/DefineSprite_1259_skeletonPirateCaptain/frame_35/DoAction.as,29,bff74869adc519eac25fe567a8e71403dfe34e54b274d6ed73b851078cba6556
source,source/scripts/DefineSprite_1270_monkey/frame_13/DoAction.as,29,bff74869adc519eac25fe567a8e71403dfe34e54b274d6ed73b851078cba6556
source,source/scripts/DefineSprite_1270_monkey/frame_35/DoAction.as,29,bff74869adc519eac25fe567a8e71403dfe34e54b274d6ed73b851078cba6556
source,source/scripts/DefineSprite_1281_crab/frame_13/DoAction.as,29,bff74869adc519eac25fe567a8e71403dfe34e54b274d6ed73b851078cba6556
source,source/scripts/DefineSprite_1281_crab/frame_35/DoAction.as,29,bff74869adc519eac25fe567a8e71403dfe34e54b274d6ed73b851078cba6556
source,source/scripts/DefineSprite_1290_shark/frame_13/DoAction.as,29,bff74869adc519eac25fe567a8e71403dfe34e54b274d6ed73b851078cba6556
source,source/scripts/DefineSprite_1290_shark/frame_35/DoAction.as,29,bff74869adc519eac25fe567a8e71403dfe34e54b274d6ed73b851078cba6556
source,source/scripts/DefineSprite_1299_squid/frame_13/DoAction.as,29,bff74869adc519eac25fe567a8e71403dfe34e54b274d6ed73b851078cba6556
source,source/scripts/DefineSprite_1299_squid/frame_35/DoAction.as,29,bff74869adc519eac25fe567a8e71403dfe34e54b274d6ed73b851078cba6556
source,source/scripts/DefineSprite_1310_parrot/frame_13/DoAction.as,29,bff74869adc519eac25fe567a8e71403dfe34e54b274d6ed73b851078cba6556
source,source/scripts/DefineSprite_1310_parrot/frame_35/DoAction.as,29,bff74869adc519eac25fe567a8e71403dfe34e54b274d6ed73b851078cba6556
source,source/scripts/DefineSprite_131_UIObject/frame_1/DoAction.as,9,3271a793e3f9600314c6b0facc05023c4f3ed09c116d452966200a5d04735655
source,source/scripts/DefineSprite_1321_bluePirateCaptain/frame_13/DoAction.as,29,bff74869adc519eac25fe567a8e71403dfe34e54b274d6ed73b851078cba6556
source,source/scripts/DefineSprite_1321_bluePirateCaptain/frame_35/DoAction.as,29,bff74869adc519eac25fe567a8e71403dfe34e54b274d6ed73b851078cba6556
source,source/scripts/DefineSprite_1324_redPirate/frame_13/DoAction.as,29,bff74869adc519eac25fe567a8e71403dfe34e54b274d6ed73b851078cba6556
source,source/scripts/DefineSprite_1324_redPirate/frame_35/DoAction.as,29,bff74869adc519eac25fe567a8e71403dfe34e54b274d6ed73b851078cba6556
source,source/scripts/DefineSprite_1331_redPirateCaptain/frame_13/DoAction.as,29,bff74869adc519eac25fe567a8e71403dfe34e54b274d6ed73b851078cba6556
source,source/scripts/DefineSprite_1331_redPirateCaptain/frame_35/DoAction.as,29,bff74869adc519eac25fe567a8e71403dfe34e54b274d6ed73b851078cba6556
source,source/scripts/DefineSprite_135/frame_1/DoAction.as,0,e3b0c44298fc1c149afbf4c8996fb92427ae41e4649b934ca495991b7852b855
source,source/scripts/DefineSprite_137_FocusManager/frame_1/DoAction.as,9,3271a793e3f9600314c6b0facc05023c4f3ed09c116d452966200a5d04735655
source,source/scripts/DefineSprite_139_UIComponent/frame_1/DoAction.as,9,3271a793e3f9600314c6b0facc05023c4f3ed09c116d452966200a5d04735655
source,source/scripts/DefineSprite_149_DangleFont/frame_1/DoAction.as,9,3271a793e3f9600314c6b0facc05023c4f3ed09c116d452966200a5d04735655
source,source/scripts/DefineSprite_1676/frame_17/DoAction.as,9,3271a793e3f9600314c6b0facc05023c4f3ed09c116d452966200a5d04735655
source,source/scripts/DefineSprite_167_preloader/frame_1/PlaceObject2_149_DangleFont_4/CLIPACTIONRECORD on(construct).as,175,a3d38cdc2605413b7bd762f6a377817ae4e6d9af5742978ee86c44b5951220f3
source,source/scripts/DefineSprite_1725_treasureChest/frame_1/DoAction.as,9,3271a793e3f9600314c6b0facc05023c4f3ed09c116d452966200a5d04735655
source,source/scripts/DefineSprite_1725_treasureChest/frame_34/DoAction.as,24,28801104ddb16375106a355bc3cd52ad8069c8d420a3110577bebc21a8d70213
source,source/scripts/DefineSprite_1725_treasureChest/frame_43/DoAction.as,9,3271a793e3f9600314c6b0facc05023c4f3ed09c116d452966200a5d04735655
source,source/scripts/DefineSprite_1725_treasureChest/frame_80/DoAction.as,9,3271a793e3f9600314c6b0facc05023c4f3ed09c116d452966200a5d04735655
source,source/scripts/DefineSprite_1725_treasureChest/frame_90/DoAction.as,15,b980f3b447d6f23ef6d66c81cc8e6c7181bb6b522a859f1d5134d982331af07a
source,source/scripts/DefineSprite_1780_splash/frame_19/DoAction.as,15,b980f3b447d6f23ef6d66c81cc8e6c7181bb6b522a859f1d5134d982331af07a
source,source/scripts/DefineSprite_1780_splash/frame_43/DoAction.as,15,b980f3b447d6f23ef6d66c81cc8e6c7181bb6b522a859f1d5134d982331af07a
source,source/scripts/DefineSprite_1780_splash/frame_67/DoAction.as,15,b980f3b447d6f23ef6d66c81cc8e6c7181bb6b522a859f1d5134d982331af07a
source,source/scripts/DefineSprite_1785_explosion/frame_3/DoAction.as,11,2171dab0f86f381b53833b82075b4700a16d95e33eb349e62465e44dd960de13
source,source/scripts/DefineSprite_1785_explosion/frame_8/DoAction.as,24,8371dc64007ebc5b20074c63110ffcacd932b781d82080c92a6268e0e8204b74
source,source/scripts/DefineSprite_1831_weapons icon/frame_11/PlaceObject2_149_DangleFont_4/CLIPACTIONRECORD on(construct).as,176,54855c9973a35a93b5247e53573b4199aee88bd39e6cbfec39e7185d91de6d2f
source,source/scripts/DefineSprite_1855_weapon select/frame_1/PlaceObject2_149_DangleFont_131/CLIPACTIONRECORD on(construct).as,172,09b4ea3daca4901e14504b83c9049381243b38f5e7f75e04b406213ef7707b76
source,source/scripts/DefineSprite_1855_weapon select/frame_1/PlaceObject2_149_DangleFont_132/CLIPACTIONRECORD on(construct).as,216,42a6c634dde5dee23eadea5ebbfff22a6dcaa93a49a7db393dca4c8f4f712f4a
source,source/scripts/DefineSprite_1896_ingame text area/frame_1/PlaceObject2_149_DangleFont_1/CLIPACTIONRECORD on(construct).as,174,cc9c20a040ecf0ee61512beee10d958e17f28b5f00fe90087abe8d45905c290a
source,source/scripts/DefineSprite_1910/frame_1/DoAction.as,9,def945151f8ef0b76625ef9e76fdb08c9ca249c12f1068d4090861a554bfa155
source,source/scripts/DefineSprite_1910/frame_89/DoAction.as,39,0e80e4cd6abdda896d9f2e7b964241a9c254533218df948708e6ca9e2d1dc1a3
source,source/scripts/DefineSprite_1922/frame_89/DoAction.as,92,46081974d8e4253ce4d1f10aba63ef23e451c5d74d7a74b9bcebd8e9d64e8e68
source,source/scripts/DefineSprite_1952/frame_1/PlaceObject2_149_DangleFont_1/CLIPACTIONRECORD on(construct).as,261,d77fde83b0186844b667efe26bc5bfc93a2bc0884286445c3b6db1761acb800c
source,source/scripts/DefineSprite_1952/frame_65/PlaceObject2_149_DangleFont_1/CLIPACTIONRECORD on(construct).as,220,ec14da0383724706e7ca6b6f9810dc1050db7157135e9552cd6b629ef1435749
source,source/scripts/DefineSprite_2009/frame_1/DoAction.as,9,3271a793e3f9600314c6b0facc05023c4f3ed09c116d452966200a5d04735655
source,source/scripts/DefineSprite_319_PirateFont/frame_1/DoAction.as,9,3271a793e3f9600314c6b0facc05023c4f3ed09c116d452966200a5d04735655
source,source/scripts/DefineSprite_321_transition_tween/frame_1/DoAction.as,9,3271a793e3f9600314c6b0facc05023c4f3ed09c116d452966200a5d04735655
source,source/scripts/DefineSprite_321_transition_tween/frame_10/DoAction.as,16,568846d0f9b7314c048cc63b3a77e7d1ee7c1b4b41da4c4fc1cc9a0b0c1c76cf
source,source/scripts/DefineSprite_329/frame_1/PlaceObject2_319_PirateFont_1/CLIPACTIONRECORD on(construct).as,183,37ad0296b5a00edac1fd47b2373f98cccc9ae5582ece3c4d37b6a655f4b6f16b
source,source/scripts/DefineSprite_330_next_level/frame_1/DoAction.as,9,3271a793e3f9600314c6b0facc05023c4f3ed09c116d452966200a5d04735655
source,source/scripts/DefineSprite_330_next_level/frame_10/DoAction.as,9,3271a793e3f9600314c6b0facc05023c4f3ed09c116d452966200a5d04735655
source,source/scripts/DefineSprite_332/frame_1/PlaceObject2_319_PirateFont_1/CLIPACTIONRECORD on(construct).as,186,5cce164751b065fafb81f70e2c890c6aec9ec451262cb99acecf309154179f03
source,source/scripts/DefineSprite_333_back to title/frame_1/DoAction.as,9,3271a793e3f9600314c6b0facc05023c4f3ed09c116d452966200a5d04735655
source,source/scripts/DefineSprite_333_back to title/frame_10/DoAction.as,9,3271a793e3f9600314c6b0facc05023c4f3ed09c116d452966200a5d04735655
source,source/scripts/DefineSprite_334/frame_1/PlaceObject2_319_PirateFont_1/CLIPACTIONRECORD on(construct).as,181,372f5b03b555fa3a6dbc310e13f5e0ecfe45f1dd2fc2e14f5301a619fa6600ff
source,source/scripts/DefineSprite_335_congrats_button/frame_1/DoAction.as,9,3271a793e3f9600314c6b0facc05023c4f3ed09c116d452966200a5d04735655
source,source/scripts/DefineSprite_335_congrats_button/frame_10/DoAction.as,9,3271a793e3f9600314c6b0facc05023c4f3ed09c116d452966200a5d04735655
source,source/scripts/DefineSprite_336/frame_1/PlaceObject2_319_PirateFont_1/CLIPACTIONRECORD on(construct).as,186,872f7abf2311db215f2e0b50aa523bec8b3b5a8d1fa3ffd895f83a40d7602c62
source,source/scripts/DefineSprite_337_submit_score/frame_1/DoAction.as,9,3271a793e3f9600314c6b0facc05023c4f3ed09c116d452966200a5d04735655
source,source/scripts/DefineSprite_337_submit_score/frame_10/DoAction.as,9,3271a793e3f9600314c6b0facc05023c4f3ed09c116d452966200a5d04735655
source,source/scripts/DefineSprite_338/frame_1/PlaceObject2_319_PirateFont_1/CLIPACTIONRECORD on(construct).as,186,5fa7abee104bfd611e63a52107a9744186d1dde77280c0bdd82f73c887899a0b
source,source/scripts/DefineSprite_339_restart_level/frame_1/DoAction.as,9,3271a793e3f9600314c6b0facc05023c4f3ed09c116d452966200a5d04735655
source,source/scripts/DefineSprite_339_restart_level/frame_10/DoAction.as,9,3271a793e3f9600314c6b0facc05023c4f3ed09c116d452966200a5d04735655
source,source/scripts/DefineSprite_340/frame_1/PlaceObject2_319_PirateFont_1/CLIPACTIONRECORD on(construct).as,181,372f5b03b555fa3a6dbc310e13f5e0ecfe45f1dd2fc2e14f5301a619fa6600ff
source,source/scripts/DefineSprite_341_continue_game/frame_1/DoAction.as,9,3271a793e3f9600314c6b0facc05023c4f3ed09c116d452966200a5d04735655
source,source/scripts/DefineSprite_341_continue_game/frame_10/DoAction.as,9,3271a793e3f9600314c6b0facc05023c4f3ed09c116d452966200a5d04735655
source,source/scripts/DefineSprite_342_popup/frame_1/PlaceObject2_149_DangleFont_10/CLIPACTIONRECORD on(construct).as,173,cf0082bec4ee95cee0330c3b6b6767fb206daef83b45ce86ab46a44d9095ae1c
source,source/scripts/DefineSprite_342_popup/frame_1/PlaceObject2_149_DangleFont_11/CLIPACTIONRECORD on(construct).as,173,cf0082bec4ee95cee0330c3b6b6767fb206daef83b45ce86ab46a44d9095ae1c
source,source/scripts/DefineSprite_342_popup/frame_1/PlaceObject2_149_DangleFont_8/CLIPACTIONRECORD on(construct).as,183,e57f7bbaeb61e326b8656a2708fb348f8339f6581ab70b58d29ddfe2d57d28be
source,source/scripts/DefineSprite_342_popup/frame_1/PlaceObject2_149_DangleFont_9/CLIPACTIONRECORD on(construct).as,183,280783821a34934fb31f30dd87650db1f5554c6b325b3b60bd61b3ab7d55c2b5
source,source/scripts/DefineSprite_342_popup/frame_1/PlaceObject2_319_PirateFont_12/CLIPACTIONRECORD on(construct).as,187,3cc63ff9996196e8b72c1293ffe48965aca3fc6807ae16b5bb854e6e8593a1d4
source,source/scripts/DefineSprite_342_popup/frame_11/PlaceObject2_149_DangleFont_9/CLIPACTIONRECORD on(construct).as,183,482f6a0803be5e3fff1c5b94f4c42e087c5f683e1e0d0999f5b022f010c059c6
source,source/scripts/DefineSprite_342_popup/frame_21/PlaceObject2_149_DangleFont_11/CLIPACTIONRECORD on(construct).as,183,482f6a0803be5e3fff1c5b94f4c42e087c5f683e1e0d0999f5b022f010c059c6
source,source/scripts/DefineSprite_342_popup/frame_21/PlaceObject2_149_DangleFont_12/CLIPACTIONRECORD on(construct).as,173,cf0082bec4ee95cee0330c3b6b6767fb206daef83b45ce86ab46a44d9095ae1c
source,source/scripts/DefineSprite_342_popup/frame_21/PlaceObject2_319_PirateFont_13/CLIPACTIONRECORD on(construct).as,185,fe2f391fc625d6cb953937b37cab383165a266f7a270f0a48c67dd764a35da9e
source,source/scripts/DefineSprite_342_popup/frame_31/PlaceObject2_319_PirateFont_8/CLIPACTIONRECORD on(construct).as,183,9ea86c4976d42bffca2881ca9ef3e4b42a544afe35c27c7645613bccfc2d2ac2
source,source/scripts/DefineSprite_342_popup/frame_41/PlaceObject2_319_PirateFont_8/CLIPACTIONRECORD on(construct).as,186,913a0885434547e7b7d25636b1c631cc3cb1ac9d5512f85c8f3acb333b1b5736
source,source/scripts/DefineSprite_342_popup/frame_51/PlaceObject2_319_PirateFont_8/CLIPACTIONRECORD on(construct).as,186,c8186daff5f9d3678595f1b02cc22a56c752c904a338763461c16edf76f5d3d5
source,source/scripts/DefineSprite_342_popup/frame_61/PlaceObject2_319_PirateFont_8/CLIPACTIONRECORD on(construct).as,177,4ccbe7875e5955df3d09456647e520a7228e812f435f9ad11130d3729f86a3b1
source,source/scripts/DefineSprite_361/frame_1/DoAction.as,9,3271a793e3f9600314c6b0facc05023c4f3ed09c116d452966200a5d04735655
source,source/scripts/DefineSprite_363/frame_1/DoAction.as,9,3271a793e3f9600314c6b0facc05023c4f3ed09c116d452966200a5d04735655
source,source/scripts/DefineSprite_365/frame_1/DoAction.as,9,3271a793e3f9600314c6b0facc05023c4f3ed09c116d452966200a5d04735655
source,source/scripts/DefineSprite_367/frame_1/DoAction.as,9,3271a793e3f9600314c6b0facc05023c4f3ed09c116d452966200a5d04735655
source,source/scripts/DefineSprite_369/frame_1/DoAction.as,9,3271a793e3f9600314c6b0facc05023c4f3ed09c116d452966200a5d04735655
source,source/scripts/DefineSprite_371/frame_1/DoAction.as,9,3271a793e3f9600314c6b0facc05023c4f3ed09c116d452966200a5d04735655
source,source/scripts/DefineSprite_373/frame_1/DoAction.as,9,3271a793e3f9600314c6b0facc05023c4f3ed09c116d452966200a5d04735655
source,source/scripts/DefineSprite_375/frame_1/DoAction.as,9,3271a793e3f9600314c6b0facc05023c4f3ed09c116d452966200a5d04735655
source,source/scripts/DefineSprite_377/frame_1/DoAction.as,9,3271a793e3f9600314c6b0facc05023c4f3ed09c116d452966200a5d04735655
source,source/scripts/DefineSprite_379/frame_1/DoAction.as,9,3271a793e3f9600314c6b0facc05023c4f3ed09c116d452966200a5d04735655
source,source/scripts/DefineSprite_381/frame_1/DoAction.as,9,3271a793e3f9600314c6b0facc05023c4f3ed09c116d452966200a5d04735655
source,source/scripts/DefineSprite_383/frame_1/DoAction.as,9,3271a793e3f9600314c6b0facc05023c4f3ed09c116d452966200a5d04735655
source,source/scripts/DefineSprite_385/frame_1/DoAction.as,9,3271a793e3f9600314c6b0facc05023c4f3ed09c116d452966200a5d04735655
source,source/scripts/DefineSprite_387/frame_1/DoAction.as,9,3271a793e3f9600314c6b0facc05023c4f3ed09c116d452966200a5d04735655
source,source/scripts/DefineSprite_389/frame_1/DoAction.as,9,3271a793e3f9600314c6b0facc05023c4f3ed09c116d452966200a5d04735655
source,source/scripts/DefineSprite_391/frame_1/DoAction.as,9,3271a793e3f9600314c6b0facc05023c4f3ed09c116d452966200a5d04735655
source,source/scripts/DefineSprite_393/frame_1/DoAction.as,9,3271a793e3f9600314c6b0facc05023c4f3ed09c116d452966200a5d04735655
source,source/scripts/DefineSprite_395/frame_1/DoAction.as,9,3271a793e3f9600314c6b0facc05023c4f3ed09c116d452966200a5d04735655
source,source/scripts/DefineSprite_397/frame_1/DoAction.as,9,3271a793e3f9600314c6b0facc05023c4f3ed09c116d452966200a5d04735655
source,source/scripts/DefineSprite_399/frame_1/DoAction.as,9,3271a793e3f9600314c6b0facc05023c4f3ed09c116d452966200a5d04735655
source,source/scripts/DefineSprite_401/frame_1/DoAction.as,9,3271a793e3f9600314c6b0facc05023c4f3ed09c116d452966200a5d04735655
source,source/scripts/DefineSprite_403/frame_1/DoAction.as,9,3271a793e3f9600314c6b0facc05023c4f3ed09c116d452966200a5d04735655
source,source/scripts/DefineSprite_405/frame_1/DoAction.as,9,3271a793e3f9600314c6b0facc05023c4f3ed09c116d452966200a5d04735655
source,source/scripts/DefineSprite_407/frame_1/DoAction.as,9,3271a793e3f9600314c6b0facc05023c4f3ed09c116d452966200a5d04735655
source,source/scripts/DefineSprite_409/frame_1/DoAction.as,9,3271a793e3f9600314c6b0facc05023c4f3ed09c116d452966200a5d04735655
source,source/scripts/DefineSprite_411/frame_1/DoAction.as,9,3271a793e3f9600314c6b0facc05023c4f3ed09c116d452966200a5d04735655
source,source/scripts/DefineSprite_413/frame_1/DoAction.as,9,3271a793e3f9600314c6b0facc05023c4f3ed09c116d452966200a5d04735655
source,source/scripts/DefineSprite_415/frame_1/DoAction.as,9,3271a793e3f9600314c6b0facc05023c4f3ed09c116d452966200a5d04735655
source,source/scripts/DefineSprite_417/frame_1/DoAction.as,9,3271a793e3f9600314c6b0facc05023c4f3ed09c116d452966200a5d04735655
source,source/scripts/DefineSprite_419/frame_1/DoAction.as,9,3271a793e3f9600314c6b0facc05023c4f3ed09c116d452966200a5d04735655
source,source/scripts/DefineSprite_421/frame_1/DoAction.as,9,3271a793e3f9600314c6b0facc05023c4f3ed09c116d452966200a5d04735655
source,source/scripts/DefineSprite_423/frame_1/DoAction.as,9,3271a793e3f9600314c6b0facc05023c4f3ed09c116d452966200a5d04735655
source,source/scripts/DefineSprite_425/frame_1/DoAction.as,9,3271a793e3f9600314c6b0facc05023c4f3ed09c116d452966200a5d04735655
source,source/scripts/DefineSprite_427/frame_1/DoAction.as,9,3271a793e3f9600314c6b0facc05023c4f3ed09c116d452966200a5d04735655
source,source/scripts/DefineSprite_429/frame_1/DoAction.as,9,3271a793e3f9600314c6b0facc05023c4f3ed09c116d452966200a5d04735655
source,source/scripts/DefineSprite_431/frame_1/DoAction.as,9,3271a793e3f9600314c6b0facc05023c4f3ed09c116d452966200a5d04735655
source,source/scripts/DefineSprite_433/frame_1/DoAction.as,9,3271a793e3f9600314c6b0facc05023c4f3ed09c116d452966200a5d04735655
source,source/scripts/DefineSprite_437/frame_1/DoAction.as,9,3271a793e3f9600314c6b0facc05023c4f3ed09c116d452966200a5d04735655
source,source/scripts/DefineSprite_439/frame_1/DoAction.as,9,3271a793e3f9600314c6b0facc05023c4f3ed09c116d452966200a5d04735655
source,source/scripts/DefineSprite_464/frame_1/PlaceObject2_149_DangleFont_1/CLIPACTIONRECORD on(construct).as,172,09b4ea3daca4901e14504b83c9049381243b38f5e7f75e04b406213ef7707b76
source,source/scripts/DefineSprite_582/frame_1/DoAction.as,9,3271a793e3f9600314c6b0facc05023c4f3ed09c116d452966200a5d04735655
source,source/scripts/DefineSprite_582/frame_10/DoAction.as,9,3271a793e3f9600314c6b0facc05023c4f3ed09c116d452966200a5d04735655
source,source/scripts/DefineSprite_586/frame_1/DoAction.as,9,3271a793e3f9600314c6b0facc05023c4f3ed09c116d452966200a5d04735655
source,source/scripts/DefineSprite_586/frame_10/DoAction.as,9,3271a793e3f9600314c6b0facc05023c4f3ed09c116d452966200a5d04735655
source,source/scripts/DefineSprite_588/frame_1/PlaceObject2_319_PirateFont_1/CLIPACTIONRECORD on(construct).as,177,98e0fc07fa7cd4c8e4c737775fa7584b2accf550a746c78dcd19514dd4d3e5ac
source,source/scripts/DefineSprite_589/frame_1/DoAction.as,9,3271a793e3f9600314c6b0facc05023c4f3ed09c116d452966200a5d04735655
source,source/scripts/DefineSprite_589/frame_10/DoAction.as,9,3271a793e3f9600314c6b0facc05023c4f3ed09c116d452966200a5d04735655
source,source/scripts/DefineSprite_628/frame_1/PlaceObject2_149_DangleFont_6/CLIPACTIONRECORD on(construct).as,183,02597b6ddaecb5440bce04cfe85e6785eedc5439b2146c51cf03052529e916d2
source,source/scripts/DefineSprite_628/frame_10/PlaceObject2_149_DangleFont_6/CLIPACTIONRECORD on(construct).as,185,9fece3183c5f2191c1795c8493a584625cd84c0e02a67871a09e7dc302d1f7af
source,source/scripts/DefineSprite_628/frame_11/PlaceObject2_149_DangleFont_6/CLIPACTIONRECORD on(construct).as,190,9d22d9ccaff8d6348602fc772edd2c9900c63e2a73c982a78a9cd1ed1ba4b348
source,source/scripts/DefineSprite_628/frame_12/PlaceObject2_149_DangleFont_6/CLIPACTIONRECORD on(construct).as,184,07ca5aacf633987c77180a64f1476041a04d499aa9c10d9a29b3a2e6d81f4e82
source,source/scripts/DefineSprite_628/frame_13/PlaceObject2_149_DangleFont_6/CLIPACTIONRECORD on(construct).as,183,b3ee917478fc6b2bb67388154077a794df2127de2b52456720f34718abe46886
source,source/scripts/DefineSprite_628/frame_14/PlaceObject2_149_DangleFont_6/CLIPACTIONRECORD on(construct).as,186,d2b6dc9135e5651c5b5b0c1ad311cb90d22b192cce98e4521106451abef54eec
source,source/scripts/DefineSprite_628/frame_15/PlaceObject2_149_DangleFont_6/CLIPACTIONRECORD on(construct).as,189,55a68cbe473c95d12e8f8bd05f90ccee5574efce9a3a071e6963c8ec5930b60d
source,source/scripts/DefineSprite_628/frame_16/PlaceObject2_149_DangleFont_6/CLIPACTIONRECORD on(construct).as,184,13abc6636ff4856d21b7e5875405f12174b4a6efd68b2a3703561a0088c067f6
source,source/scripts/DefineSprite_628/frame_17/PlaceObject2_149_DangleFont_6/CLIPACTIONRECORD on(construct).as,184,4779d97dc03990212748c81f2412311963bda2b1d36eee8fce05f2bfe71cb981
source,source/scripts/DefineSprite_628/frame_18/PlaceObject2_149_DangleFont_6/CLIPACTIONRECORD on(construct).as,187,01c8115b7aa9dfb2fa5a41dee9478e1ea2f134c604c8b776ce65ed4ef893b08e
source,source/scripts/DefineSprite_628/frame_2/PlaceObject2_149_DangleFont_6/CLIPACTIONRECORD on(construct).as,188,3f28195b4d7d3e68c2f3765ed87d4fed66e3bc744854788a02cab903b9ffaf5f
source,source/scripts/DefineSprite_628/frame_3/PlaceObject2_149_DangleFont_6/CLIPACTIONRECORD on(construct).as,184,cab96b3bad297d4f930f5cb000d48bf7537a62671a61e4741ec017f922796539
source,source/scripts/DefineSprite_628/frame_4/PlaceObject2_149_DangleFont_6/CLIPACTIONRECORD on(construct).as,185,ded99140be2ae0296fbc0d505a1ee484087733755947e116f7dd2dd57984c2af
source,source/scripts/DefineSprite_628/frame_5/PlaceObject2_149_DangleFont_6/CLIPACTIONRECORD on(construct).as,189,ddf1c86e6a164d3093d069010526c07ea02de70a215af64c5d00f4723a2b1b17
source,source/scripts/DefineSprite_628/frame_6/PlaceObject2_149_DangleFont_6/CLIPACTIONRECORD on(construct).as,190,a2ddd48ca59a0cad49f58963261f01219a9f214dc3382fdf57a9a8c6104536d6
source,source/scripts/DefineSprite_628/frame_7/PlaceObject2_149_DangleFont_6/CLIPACTIONRECORD on(construct).as,186,6e2980a74cc03b480a5db212b1b82eaa6dfe6d76c1d8818c784de70b715ffc27
source,source/scripts/DefineSprite_628/frame_8/PlaceObject2_149_DangleFont_6/CLIPACTIONRECORD on(construct).as,182,5b8ccedc2003a5569d81ba93b1e95e2dd614283eb3e3cdeb7ab813613b2bd1a6
source,source/scripts/DefineSprite_628/frame_9/PlaceObject2_149_DangleFont_6/CLIPACTIONRECORD on(construct).as,189,b7a13dfff502b6e9f5116bec66574d3cda3474d1728110dcc55d3152db0fdbe9
source,source/scripts/DefineSprite_630/frame_1/PlaceObject2_319_PirateFont_1/CLIPACTIONRECORD on(construct).as,177,017e90ae1d3797e71675f40d7b14caa95cb0c39d2a2ff43aed079c4ec61cc007
source,source/scripts/DefineSprite_631_back_button/frame_1/DoAction.as,9,3271a793e3f9600314c6b0facc05023c4f3ed09c116d452966200a5d04735655
source,source/scripts/DefineSprite_631_back_button/frame_10/DoAction.as,9,3271a793e3f9600314c6b0facc05023c4f3ed09c116d452966200a5d04735655
source,source/scripts/DefineSprite_664/frame_1/DoAction.as,9,3271a793e3f9600314c6b0facc05023c4f3ed09c116d452966200a5d04735655
source,source/scripts/DefineSprite_664/frame_10/DoAction.as,9,3271a793e3f9600314c6b0facc05023c4f3ed09c116d452966200a5d04735655
source,source/scripts/DefineSprite_664/frame_11/DoAction.as,9,3271a793e3f9600314c6b0facc05023c4f3ed09c116d452966200a5d04735655
source,source/scripts/DefineSprite_664/frame_12/DoAction.as,9,3271a793e3f9600314c6b0facc05023c4f3ed09c116d452966200a5d04735655
source,source/scripts/DefineSprite_664/frame_13/DoAction.as,9,3271a793e3f9600314c6b0facc05023c4f3ed09c116d452966200a5d04735655
source,source/scripts/DefineSprite_664/frame_14/DoAction.as,9,3271a793e3f9600314c6b0facc05023c4f3ed09c116d452966200a5d04735655
source,source/scripts/DefineSprite_664/frame_15/DoAction.as,9,3271a793e3f9600314c6b0facc05023c4f3ed09c116d452966200a5d04735655
source,source/scripts/DefineSprite_664/frame_2/DoAction.as,9,3271a793e3f9600314c6b0facc05023c4f3ed09c116d452966200a5d04735655
source,source/scripts/DefineSprite_664/frame_3/DoAction.as,9,3271a793e3f9600314c6b0facc05023c4f3ed09c116d452966200a5d04735655
source,source/scripts/DefineSprite_664/frame_4/DoAction.as,9,3271a793e3f9600314c6b0facc05023c4f3ed09c116d452966200a5d04735655
source,source/scripts/DefineSprite_664/frame_5/DoAction.as,9,3271a793e3f9600314c6b0facc05023c4f3ed09c116d452966200a5d04735655
source,source/scripts/DefineSprite_664/frame_6/DoAction.as,9,3271a793e3f9600314c6b0facc05023c4f3ed09c116d452966200a5d04735655
source,source/scripts/DefineSprite_664/frame_7/DoAction.as,9,3271a793e3f9600314c6b0facc05023c4f3ed09c116d452966200a5d04735655
source,source/scripts/DefineSprite_664/frame_8/DoAction.as,9,3271a793e3f9600314c6b0facc05023c4f3ed09c116d452966200a5d04735655
source,source/scripts/DefineSprite_664/frame_9/DoAction.as,9,3271a793e3f9600314c6b0facc05023c4f3ed09c116d452966200a5d04735655
source,source/scripts/DefineSprite_665/frame_1/PlaceObject2_149_DangleFont_1/CLIPACTIONRECORD on(construct).as,175,28009938637b2e648a8534cc8a7e81596353046c713ee58e3a438fe78c0bc57f
source,source/scripts/DefineSprite_669_level_select_button/frame_1/DoAction.as,9,3271a793e3f9600314c6b0facc05023c4f3ed09c116d452966200a5d04735655
source,source/scripts/DefineSprite_669_level_select_button/frame_1/PlaceObject2_149_DangleFont_6/CLIPACTIONRECORD on(construct).as,176,cc03aaba86f3a2dcc8bf917ab0bdaabbd656c2ea7368579032aaa58c928cc8ff
source,source/scripts/DefineSprite_669_level_select_button/frame_10/DoAction.as,9,3271a793e3f9600314c6b0facc05023c4f3ed09c116d452966200a5d04735655
source,source/scripts/DefineSprite_671/frame_1/PlaceObject2_319_PirateFont_1/CLIPACTIONRECORD on(construct).as,181,7587ee4b593051762dfcdda9b40d8c767695a3a932c00c39f76e8106c74d1e2f
source,source/scripts/DefineSprite_672_1p_button/frame_1/DoAction.as,9,3271a793e3f9600314c6b0facc05023c4f3ed09c116d452966200a5d04735655
source,source/scripts/DefineSprite_672_1p_button/frame_10/DoAction.as,9,3271a793e3f9600314c6b0facc05023c4f3ed09c116d452966200a5d04735655
source,source/scripts/DefineSprite_673/frame_1/PlaceObject2_319_PirateFont_1/CLIPACTIONRECORD on(construct).as,182,bffe79179d56cfa41977323e98a74c3da6bbd54a93b804939205864b1a023a6b
source,source/scripts/DefineSprite_674_2p_button/frame_1/DoAction.as,9,3271a793e3f9600314c6b0facc05023c4f3ed09c116d452966200a5d04735655
source,source/scripts/DefineSprite_674_2p_button/frame_10/DoAction.as,9,3271a793e3f9600314c6b0facc05023c4f3ed09c116d452966200a5d04735655
source,source/scripts/DefineSprite_676_play_button/frame_1/DoAction.as,9,3271a793e3f9600314c6b0facc05023c4f3ed09c116d452966200a5d04735655
source,source/scripts/DefineSprite_676_play_button/frame_10/DoAction.as,9,3271a793e3f9600314c6b0facc05023c4f3ed09c116d452966200a5d04735655
source,source/scripts/DefineSprite_677/frame_1/PlaceObject2_319_PirateFont_1/CLIPACTIONRECORD on(construct).as,179,c2f2dbd40f2a2c9ffb97b2115cbe0345c0be37081329a94e193baafb4a44ac2a
source,source/scripts/DefineSprite_678_scores_button/frame_1/DoAction.as,9,3271a793e3f9600314c6b0facc05023c4f3ed09c116d452966200a5d04735655
source,source/scripts/DefineSprite_678_scores_button/frame_10/DoAction.as,9,3271a793e3f9600314c6b0facc05023c4f3ed09c116d452966200a5d04735655
source,source/scripts/DefineSprite_679/frame_1/PlaceObject2_319_PirateFont_1/CLIPACTIONRECORD on(construct).as,177,f7b4d1171b9ba487e69f28afaf116f2833b124f3eda053465f57c3dbb395c72e
source,source/scripts/DefineSprite_680_help_button/frame_1/DoAction.as,9,3271a793e3f9600314c6b0facc05023c4f3ed09c116d452966200a5d04735655
source,source/scripts/DefineSprite_680_help_button/frame_10/DoAction.as,9,3271a793e3f9600314c6b0facc05023c4f3ed09c116d452966200a5d04735655
source,source/scripts/DefineSprite_681/frame_1/PlaceObject2_319_PirateFont_1/CLIPACTIONRECORD on(construct).as,180,fd7ab83a2f088b157b2fa9a0c0d59f6683684458c2bdb6a190fdc3222301453d
source,source/scripts/DefineSprite_682_credits_button/frame_1/DoAction.as,9,3271a793e3f9600314c6b0facc05023c4f3ed09c116d452966200a5d04735655
source,source/scripts/DefineSprite_682_credits_button/frame_10/DoAction.as,9,3271a793e3f9600314c6b0facc05023c4f3ed09c116d452966200a5d04735655
source,source/scripts/DefineSprite_784/frame_1/PlaceObject2_149_DangleFont_1/CLIPACTIONRECORD on(construct).as,349,7b0e838a22eb484b88cb710e5646bd5af50b33202b3cfdbaf3928446a2937527
source,source/scripts/DefineSprite_787/frame_200/DoAction.as,9,3271a793e3f9600314c6b0facc05023c4f3ed09c116d452966200a5d04735655
source,source/scripts/DefineSprite_788/frame_1/PlaceObject2_149_DangleFont_1/CLIPACTIONRECORD on(construct).as,238,14834856bbee6c6e02dad29ae65905175068cc8f6be3b0229dd17eb5cf808a94
source,source/scripts/DefineSprite_789/frame_120/DoAction.as,9,3271a793e3f9600314c6b0facc05023c4f3ed09c116d452966200a5d04735655
source,source/scripts/DefineSprite_791/frame_1/PlaceObject2_149_DangleFont_1/CLIPACTIONRECORD on(construct).as,194,8587f4726802a3c8057343030d21bd470f874ab06c6879742dceada709294903
source,source/scripts/DefineSprite_792/frame_200/DoAction.as,9,3271a793e3f9600314c6b0facc05023c4f3ed09c116d452966200a5d04735655
source,source/scripts/DefineSprite_792/frame_200/PlaceObject2_149_DangleFont_2/CLIPACTIONRECORD on(construct).as,194,8587f4726802a3c8057343030d21bd470f874ab06c6879742dceada709294903
source,source/scripts/DefineSprite_793/frame_1/PlaceObject2_149_DangleFont_1/CLIPACTIONRECORD on(construct).as,226,4a6f0bd523b9976a8abd67a1c807a2d5891067b3f213a160d557e90dc6d04dd7
source,source/scripts/DefineSprite_794/frame_200/DoAction.as,9,3271a793e3f9600314c6b0facc05023c4f3ed09c116d452966200a5d04735655
source,source/scripts/DefineSprite_795/frame_1/PlaceObject2_149_DangleFont_1/CLIPACTIONRECORD on(construct).as,197,65c3bf7e101ac3659ef131e6c084e5f3c0580d216f53432bae015a795f3b09e8
source,source/scripts/DefineSprite_796/frame_200/DoAction.as,9,3271a793e3f9600314c6b0facc05023c4f3ed09c116d452966200a5d04735655
source,source/scripts/DefineSprite_798/frame_1/PlaceObject2_319_PirateFont_1/CLIPACTIONRECORD on(construct).as,187,22da4aa87ff895c43e519c8fd4bd25ad8ce15e1c44416885d4b88b65fbea6af3
source,source/scripts/DefineSprite_799_back to title (congrats)/frame_1/DoAction.as,9,3271a793e3f9600314c6b0facc05023c4f3ed09c116d452966200a5d04735655
source,source/scripts/DefineSprite_799_back to title (congrats)/frame_10/DoAction.as,9,3271a793e3f9600314c6b0facc05023c4f3ed09c116d452966200a5d04735655
source,source/scripts/DefineSprite_800/frame_1/DoAction.as,43,81989b5be165836150586add0df883ab34b0ee2614bedbf40cfa82d7cc5ebc3d
source,source/scripts/DefineSprite_800/frame_1/PlaceObject2_149_DangleFont_8/CLIPACTIONRECORD on(construct).as,183,482f6a0803be5e3fff1c5b94f4c42e087c5f683e1e0d0999f5b022f010c059c6
source,source/scripts/DefineSprite_800/frame_1/PlaceObject2_149_DangleFont_9/CLIPACTIONRECORD on(construct).as,173,cf0082bec4ee95cee0330c3b6b6767fb206daef83b45ce86ab46a44d9095ae1c
source,source/scripts/DefineSprite_800/frame_1/PlaceObject2_319_PirateFont_10/CLIPACTIONRECORD on(construct).as,188,a2d0ec458c093e672b2b8aab250caee9ba05127fd0d47a4780f58cb39075ca7b
source,source/scripts/DefineSprite_801/frame_774/DoAction.as,9,3271a793e3f9600314c6b0facc05023c4f3ed09c116d452966200a5d04735655
source,source/scripts/DefineSprite_803/frame_1/PlaceObject2_319_PirateFont_1/CLIPACTIONRECORD on(construct).as,179,9157f68fc0188e659820e6fbd1cb756eb75ac506e09b31937679c138d479286a
source,source/scripts/DefineSprite_804_submit_button2/frame_1/DoAction.as,9,3271a793e3f9600314c6b0facc05023c4f3ed09c116d452966200a5d04735655
source,source/scripts/DefineSprite_804_submit_button2/frame_10/DoAction.as,9,3271a793e3f9600314c6b0facc05023c4f3ed09c116d452966200a5d04735655
source,source/scripts/DefineSprite_804_submit_button2/frame_19/DoAction.as,9,3271a793e3f9600314c6b0facc05023c4f3ed09c116d452966200a5d04735655
source,source/scripts/DefineSprite_805/frame_1/PlaceObject2_319_PirateFont_1/CLIPACTIONRECORD on(construct).as,178,3566e79ef566f3e6e93d8e72495b1c487011e81dd78a04a205a7403389ae9538
source,source/scripts/DefineSprite_806_clear_button/frame_1/DoAction.as,9,3271a793e3f9600314c6b0facc05023c4f3ed09c116d452966200a5d04735655
source,source/scripts/DefineSprite_806_clear_button/frame_10/DoAction.as,9,3271a793e3f9600314c6b0facc05023c4f3ed09c116d452966200a5d04735655
source,source/scripts/DefineSprite_808/frame_1/PlaceObject2_319_PirateFont_1/CLIPACTIONRECORD on(construct).as,173,b6bde122bc8d8a98e3f21a4f37607c14c5e203e194dd2354d0af7e6cd6cdafa9
source,source/scripts/DefineSprite_809_letter_button_a/frame_1/DoAction.as,9,3271a793e3f9600314c6b0facc05023c4f3ed09c116d452966200a5d04735655
source,source/scripts/DefineSprite_809_letter_button_a/frame_5/DoAction.as,9,3271a793e3f9600314c6b0facc05023c4f3ed09c116d452966200a5d04735655
source,source/scripts/DefineSprite_812/frame_1/PlaceObject2_319_PirateFont_1/CLIPACTIONRECORD on(construct).as,189,47d69e5ec3982170659895fd1c0b271fdc93049179795776660c0294d18f1e83
source,source/scripts/DefineSprite_813/frame_1/DoAction.as,9,3271a793e3f9600314c6b0facc05023c4f3ed09c116d452966200a5d04735655
source,source/scripts/DefineSprite_813/frame_15/DoAction.as,47,23c95a32f95bf45608ba70aa7e7f35492eec8a50f1f2d4cad3f6fc73520bc84c
source,source/scripts/DefineSprite_818_score_submit_panel/frame_1/DoAction.as,9,3271a793e3f9600314c6b0facc05023c4f3ed09c116d452966200a5d04735655
source,source/scripts/DefineSprite_818_score_submit_panel/frame_1/PlaceObject2_149_DangleFont_8/CLIPACTIONRECORD on(construct).as,189,0fad7d36099caa4b66b585d23fc54288c2cb8efca56b0a4857ce7a972fa5e4e3
source,source/scripts/DefineSprite_818_score_submit_panel/frame_1/PlaceObject2_149_DangleFont_9/CLIPACTIONRECORD on(construct).as,174,cc9c20a040ecf0ee61512beee10d958e17f28b5f00fe90087abe8d45905c290a
source,source/scripts/DefineSprite_818_score_submit_panel/frame_10/DoAction.as,9,3271a793e3f9600314c6b0facc05023c4f3ed09c116d452966200a5d04735655
source,source/scripts/DefineSprite_818_score_submit_panel/frame_10/PlaceObject2_149_DangleFont_2/CLIPACTIONRECORD on(construct).as,214,fd453659f88f48dc696e1a1568a74358c88a53d1ce6962635e3ce6e40e2b7398
source,source/scripts/DefineSprite_818_score_submit_panel/frame_10/PlaceObject2_149_DangleFont_3/CLIPACTIONRECORD on(construct).as,202,587a6971597ecf4236cf040eefe5169667d265ec96bb77cf027d063b3af395d8
source,source/scripts/DefineSprite_820/frame_1/PlaceObject2_319_PirateFont_1/CLIPACTIONRECORD on(construct).as,177,b5748a0f47f0c923f29774223dff95ee8d993c9f999d197e7e718cb099c508ae
source,source/scripts/DefineSprite_821_next_arrow_button/frame_1/DoAction.as,9,3271a793e3f9600314c6b0facc05023c4f3ed09c116d452966200a5d04735655
source,source/scripts/DefineSprite_821_next_arrow_button/frame_10/DoAction.as,9,3271a793e3f9600314c6b0facc05023c4f3ed09c116d452966200a5d04735655
source,source/scripts/DefineSprite_822/frame_1/PlaceObject2_319_PirateFont_1/CLIPACTIONRECORD on(construct).as,177,edabb9e52c5b4d880ab90933fdc9676fec74d3e74a1c5803aead2118e817c4fb
source,source/scripts/DefineSprite_823_arrow_button/frame_1/DoAction.as,9,3271a793e3f9600314c6b0facc05023c4f3ed09c116d452966200a5d04735655
source,source/scripts/DefineSprite_823_arrow_button/frame_10/DoAction.as,9,3271a793e3f9600314c6b0facc05023c4f3ed09c116d452966200a5d04735655
source,source/scripts/DefineSprite_824_score_line/frame_1/PlaceObject2_149_DangleFont_1/CLIPACTIONRECORD on(construct).as,176,bda827d8e3e87accc7dc6bca758054542da00fd5bea515a5979db145523ce92e
source,source/scripts/DefineSprite_824_score_line/frame_1/PlaceObject2_149_DangleFont_2/CLIPACTIONRECORD on(construct).as,177,8f717c65dcb27e1f9dfba0bdb77188c29e0f9360b28ca335e5fbd4b7bae376cf
source,source/scripts/DefineSprite_824_score_line/frame_1/PlaceObject2_149_DangleFont_3/CLIPACTIONRECORD on(construct).as,179,74b8241662ea53304ba0bc213b9f3ab7a53f107830d86b03ed2cde3df9cfd17d
source,source/scripts/DefineSprite_826/frame_1/PlaceObject2_319_PirateFont_1/CLIPACTIONRECORD on(construct).as,180,506a0945ad1b2ac9df4f5e4de5617b2344c64ef27c94870209a4054795cb837f
source,source/scripts/DefineSprite_828_hiscore_board/frame_1/DoAction.as,9,3271a793e3f9600314c6b0facc05023c4f3ed09c116d452966200a5d04735655
source,source/scripts/DefineSprite_828_hiscore_board/frame_10/DoAction.as,9,def945151f8ef0b76625ef9e76fdb08c9ca249c12f1068d4090861a554bfa155
source,source/scripts/DefineSprite_828_hiscore_board/frame_35/DoAction.as,9,3271a793e3f9600314c6b0facc05023c4f3ed09c116d452966200a5d04735655
source,source/scripts/DefineSprite_828_hiscore_board/frame_36/DoAction.as,9,3271a793e3f9600314c6b0facc05023c4f3ed09c116d452966200a5d04735655
source,source/scripts/DefineSprite_828_hiscore_board/frame_36/PlaceObject2_149_DangleFont_1/CLIPACTIONRECORD on(construct).as,214,fd453659f88f48dc696e1a1568a74358c88a53d1ce6962635e3ce6e40e2b7398
source,source/scripts/DefineSprite_828_hiscore_board/frame_36/PlaceObject2_149_DangleFont_2/CLIPACTIONRECORD on(construct).as,202,587a6971597ecf4236cf040eefe5169667d265ec96bb77cf027d063b3af395d8
source,source/scripts/DefineSprite_835_lock/frame_2/DoAction.as,9,3271a793e3f9600314c6b0facc05023c4f3ed09c116d452966200a5d04735655
source,source/scripts/DefineSprite_866_cannonSmokeTrail/frame_19/DoAction.as,15,b980f3b447d6f23ef6d66c81cc8e6c7181bb6b522a859f1d5134d982331af07a
source,source/scripts/DefineSprite_881_dynamite/frame_5/DoAction.as,26,c98ef828d5e231bc9e8e1aad17c0422b4e53462b4b748aada1f8d3736c797ea8
source,source/scripts/DefineSprite_881_dynamite/frame_6/DoAction.as,14,c9bb4838d79a92f91edcb5c331dbda815d2dd0c0936105691e1d0d57e9a02843
source,source/scripts/DefineSprite_905_sweepingFlame/frame_11/DoAction.as,15,b980f3b447d6f23ef6d66c81cc8e6c7181bb6b522a859f1d5134d982331af07a
source,source/scripts/DefineSprite_905_sweepingFlame/frame_4/DoAction.as,18,9f5cb534266704334e3947450bf21a32e7c020902d29e52f6145226aabae9094
source,source/scripts/DefineSprite_939_parachuteBomb/frame_1/DoAction.as,9,3271a793e3f9600314c6b0facc05023c4f3ed09c116d452966200a5d04735655
source,source/scripts/DefineSprite_939_parachuteBomb/frame_11/DoAction.as,9,def945151f8ef0b76625ef9e76fdb08c9ca249c12f1068d4090861a554bfa155
source,source/scripts/DefineSprite_939_parachuteBomb/frame_30/DoAction.as,27,d1ecad6a595822480822ba4eadcebe8c5c2d09ac5adff6fdebaefba88a89ea2d
source,source/scripts/DefineSprite_958/frame_8/DoAction.as,9,3271a793e3f9600314c6b0facc05023c4f3ed09c116d452966200a5d04735655
source,source/scripts/DefineSprite_965_woodenCrate/frame_1/DoAction.as,9,3271a793e3f9600314c6b0facc05023c4f3ed09c116d452966200a5d04735655
source,source/scripts/DefineSprite_965_woodenCrate/frame_18/DoAction.as,24,8371dc64007ebc5b20074c63110ffcacd932b781d82080c92a6268e0e8204b74
source,source/scripts/DefineSprite_968_gunpowderBarrel/frame_1/DoAction.as,9,3271a793e3f9600314c6b0facc05023c4f3ed09c116d452966200a5d04735655
source,source/scripts/DefineSprite_968_gunpowderBarrel/frame_12/DoAction.as,24,8371dc64007ebc5b20074c63110ffcacd932b781d82080c92a6268e0e8204b74
source,source/scripts/DefineSprite_982_seagull/frame_9/DoAction.as,29,5be28d2e4d023d598b222afe96b7f6b67fbb7671394e88828fd093e8e5189d76
source,source/scripts/DoInitAction.as,37204,b9dcdda0cadff158945ec53e93a20e673d711386aad5d7881bc52ba854378b07
source,source/scripts/finish turn button.as,89,35bb087384382ae53e7690f42e98c48bd065eea5e303fbb27ae357fe9374b8d2
source,source/scripts/FocusManager.as,72,bfe206371a96a42b14b09ba9acb3fa9693ea25154488898a16aca218182e3c6e
source,source/scripts/FocusRect.as,68,78a9fd533bc4922b24e3752410889a044ae132d095031742af0938636a47ef33
source,source/scripts/frame_101/DoAction.as,37,c2db399cd2233e1364ed2160ad23e0b78a59d1465db5b93b171aea9cc14871b1
source,source/scripts/frame_101/PlaceObject2_319_PirateFont_36/CLIPACTIONRECORD on(construct).as,185,8e001971529bb0920511c37b00b7da891ffe8a299976fe607402d164786e4f6f
source,source/scripts/frame_111/DoAction.as,1787,5e0acc0c9aa37856d633bb1a7318d6d49c5967581a21d00f3b1b3c2a45837111
source,source/scripts/frame_111/PlaceObject2_149_DangleFont_40/CLIPACTIONRECORD on(construct).as,176,d4e3ee1d57f120c36c2ca8718b3aa71227082e824df3843a1b355e787a179a42
source,source/scripts/frame_111/PlaceObject2_149_DangleFont_43/CLIPACTIONRECORD on(construct).as,175,a3d38cdc2605413b7bd762f6a377817ae4e6d9af5742978ee86c44b5951220f3
source,source/scripts/frame_111/PlaceObject2_149_DangleFont_44/CLIPACTIONRECORD on(construct).as,175,a3d38cdc2605413b7bd762f6a377817ae4e6d9af5742978ee86c44b5951220f3
source,source/scripts/frame_121/DoAction.as,102,9b70322127cf82b7c8fd6e4b38a6b2a556843ff8de029546589ee5111693dc93
source,source/scripts/frame_121/PlaceObject2_319_PirateFont_211/CLIPACTIONRECORD on(construct).as,180,506a0945ad1b2ac9df4f5e4de5617b2344c64ef27c94870209a4054795cb837f
source,source/scripts/frame_131/DoAction.as,9,3271a793e3f9600314c6b0facc05023c4f3ed09c116d452966200a5d04735655
source,source/scripts/frame_2/DoAction.as,12915,f9addefab3d62532188b3c5e7a37f5f5b068f35a5224dd9c6609ee41ebbd5e30
source,source/scripts/frame_21/DoAction.as,9,3271a793e3f9600314c6b0facc05023c4f3ed09c116d452966200a5d04735655
source,source/scripts/frame_3/DoAction.as,9,3271a793e3f9600314c6b0facc05023c4f3ed09c116d452966200a5d04735655
source,source/scripts/frame_31/DoAction.as,9,3271a793e3f9600314c6b0facc05023c4f3ed09c116d452966200a5d04735655
source,source/scripts/frame_40/DoAction.as,63,d05e658aed2ca4a7a3ffeca432cdc415c34d17fc342515043ce342e4e38afdba
source,source/scripts/frame_41/DoAction.as,37,c2db399cd2233e1364ed2160ad23e0b78a59d1465db5b93b171aea9cc14871b1
source,source/scripts/frame_51/DoAction.as,9,3271a793e3f9600314c6b0facc05023c4f3ed09c116d452966200a5d04735655
source,source/scripts/frame_51/PlaceObject2_149_DangleFont_129/CLIPACTIONRECORD on(construct).as,184,b501f3dcfc375aac69f3a44606909c929de2ca6c5a013b565c1a3a042eeeab27
source,source/scripts/frame_51/PlaceObject2_149_DangleFont_131/CLIPACTIONRECORD on(construct).as,183,63a3e8e345c9523a1ed0f42eeb930ac82ff3f748c1a3f6bd198c6487647c808c
source,source/scripts/frame_51/PlaceObject2_149_DangleFont_133/CLIPACTIONRECORD on(construct).as,183,00bc0201248d1843190613b696bab325753dab597765dd1c869feae8e7210877
source,source/scripts/frame_51/PlaceObject2_149_DangleFont_134/CLIPACTIONRECORD on(construct).as,191,32e377c84b7a43d12d437cbf60e7f6592049a95d66665e5f7fd41fec52b8f13f
source,source/scripts/frame_51/PlaceObject2_149_DangleFont_136/CLIPACTIONRECORD on(construct).as,192,f690a8ae2818c51d883e9cf48c0cdf4c1850a1e90e692655e8b93fe0872666d3
source,source/scripts/frame_51/PlaceObject2_149_DangleFont_140/CLIPACTIONRECORD on(construct).as,205,2190803402667eafbc35b3861a973ac74f9368eccab3ba6665ace908a07145da
source,source/scripts/frame_51/PlaceObject2_319_PirateFont_130/CLIPACTIONRECORD on(construct).as,178,4696bce197ce8335661e57faedc30a87f4563ecd61f808e256503f08008e348a
source,source/scripts/frame_51/PlaceObject2_319_PirateFont_132/CLIPACTIONRECORD on(construct).as,180,b323e58fa8b5866967cdbc06409f2a7a3ef60f9f6a18e81c35f538896afc43f0
source,source/scripts/frame_51/PlaceObject2_319_PirateFont_135/CLIPACTIONRECORD on(construct).as,184,3b6e29e2f1cfff3c112c0371f49e8c8edfebcc2c68c21fe0f373cb7379ebb213
source,source/scripts/frame_51/PlaceObject2_319_PirateFont_36/CLIPACTIONRECORD on(construct).as,180,fd7ab83a2f088b157b2fa9a0c0d59f6683684458c2bdb6a190fdc3222301453d
source,source/scripts/frame_61/DoAction.as,9,3271a793e3f9600314c6b0facc05023c4f3ed09c116d452966200a5d04735655
source,source/scripts/frame_61/PlaceObject2_319_PirateFont_36/CLIPACTIONRECORD on(construct).as,177,f7b4d1171b9ba487e69f28afaf116f2833b124f3eda053465f57c3dbb395c72e
source,source/scripts/frame_71/DoAction.as,9,3271a793e3f9600314c6b0facc05023c4f3ed09c116d452966200a5d04735655
source,source/scripts/frame_71/PlaceObject2_319_PirateFont_36/CLIPACTIONRECORD on(construct).as,179,c2f2dbd40f2a2c9ffb97b2115cbe0345c0be37081329a94e193baafb4a44ac2a
source,source/scripts/frame_81/DoAction.as,9,3271a793e3f9600314c6b0facc05023c4f3ed09c116d452966200a5d04735655
source,source/scripts/frame_81/PlaceObject2_319_PirateFont_36/CLIPACTIONRECORD on(construct).as,188,f8222a5f2af3ea2fe3d9c444b2f9ef43e6ec201b28bbc2f942ab57ee70146953
source,source/scripts/frame_91/DoAction.as,37,c2db399cd2233e1364ed2160ad23e0b78a59d1465db5b93b171aea9cc14871b1
source,source/scripts/frame_91/PlaceObject2_149_DangleFont_49/CLIPACTIONRECORD on(construct).as,251,d12301983ff2e8f70ac5f2bea825f6b1c19ca070c8d70f418db9d6601909f9c4
source,source/scripts/frame_91/PlaceObject2_319_PirateFont_36/CLIPACTIONRECORD on(construct).as,184,0df4db7c522c920905ca77299c698ce36e05058f109d09fd896fca4acef4561f
source,source/scripts/help_button.as,77,f37bd2db329b7f9ce463046228b2f8f283202397182ebbd150f620066b916a6c
source,source/scripts/hiscore_board.as,83,0a364087ef3af8202fc3d56e68374822e2dc309142a6243f085e0a918fa30d84
source,source/scripts/ingame text area.as,83,4536eef98ae489509539038e137624bbcff9af999268d2ced006c77224d65a2c
source,source/scripts/letter_button_a.as,85,4d1f5853ccc0f2900b1f797f1fd554f00fde7f8f58f1311887b25a19197d643f
source,source/scripts/level_select_2p.as,84,e1751cc91b347816bb952c194d32a7ac42b0ac3b546f8c828f6adbae41fdcc04
source,source/scripts/level_select_button.as,92,e512d8f77ac6e7f8c7a5dd7d8d54fbed6744bf449709b009c7f0d9235042dddf
source,source/scripts/lock.as,61,1a50f70296f92531dcfb3b9d0ab182ea035eb241571964b72e37e207e899dadb
source,source/scripts/menu_background_anim.as,93,154d0cca0ffd9562e7b1ba8afc747fe013b10de422ea6ea1fa83a7bf3ee5d018
source,source/scripts/music controller.as,84,253d8416a1181122d8475ef142024dfae148307d665115b373cbf6eafc3feab1
source,source/scripts/music toggle button.as,83,bec1da84632fa6e3349f191c47ef4fceb21713a6ca84e5720c91b2bde22d54e6
source,source/scripts/next_arrow_button.as,86,4774fc1ec78364882fd5f4a115b81123afa16aff30eb028e4fe64eb8e7ae2db7
source,source/scripts/next_level.as,81,ccfbd451a7e20badc60b89735ba3b6dfbed3eefb24471920597fb29980c975a8
source,source/scripts/PirateFont.as,33555,650f4d3c1af6d13910c84a3d5bd50f87c583d5f9e028c58a569991c35bf71d78
source,source/scripts/play_button.as,77,3ccc1ca1707055a6d3163898748ef56e0fe9a8291fe865b725af927f2072ee27
source,source/scripts/popup.as,69,8d6f024cb33918b7413a0b26e27bd07019abd5fd332c39be748f12da939cf0f5
source,source/scripts/preloader.as,71,050ba023b8c1c5172ce194595648572ed82f5b7bdec3f53d11e9ab341138b779
source,source/scripts/quit level button.as,86,444187bb7f7c30a012673ab5d580ec5bfef6c2f27bd6f09942adf95efeb91575
source,source/scripts/restart_level.as,87,4fb17df9b9dd5f947baefb1200f41222aa7ceebf4efdb857a8931eece08899d3
source,source/scripts/score_line.as,79,a468b22f8dbe8e15f28259262273fe53b751cb63772c9eb7ac53ffe1f4beb563
source,source/scripts/score_submit_panel.as,92,540c19913b58b12278e4849158f1674d269958a203d77c76ea8d04df0ddc8ff5
source,source/scripts/scores_button.as,81,e09cff2baaa8512b3b435d3916baa24d454052c7ec62074f82d4c9938ee6fd16
source,source/scripts/sfx toggle button.as,78,2388e15505b07351b11ac33210a6404d2329132988ac4b0bd5da3500d6879333
source,source/scripts/sfx_manager.as,74,5188700977b852021aef700896797e1d635a2c6bd7dc562140ca1b9b84356aab
source,source/scripts/submit_button2.as,84,d0d62d2276f27d4f18d39cdb2fca7e08bd9801c9755cd845d122075f16fc856e
source,source/scripts/submit_score.as,85,bca38091538347b1a1a08df2f03455b6fa8d439b5b9a36cbb475d71ce8df5e9b
source,source/scripts/transition_tween.as,84,d0a92533bf42feb020fabf73755f9d136f5deeff0b1aaefee4fd2c0c941fc854
source,source/scripts/UIComponent.as,66,223624ac045d45cca0bca5a9a3d24843f24cba2ae37e75eaac05a3b2662d191f
source,source/scripts/UIComponentExtensions.as,90,b08eab905dfca5e107ab0eaa3714a817227644e3a58081a12a8a4186cb083c13
source,source/scripts/UIObject.as,60,504803da8e67f5f8b1598d36312498156108b952db88020391861a0aaccf0ff0
source,source/scripts/UIObjectExtensions.as,84,8d167bbbdbcde4f769aa2df0a747fde6c3f9862167b14e55b1c204a9db506db3
source,source/scripts/weapon select.as,83,9a8a58b236f4601578fc5fb7c29d885a028bb44e50191e2218b8244592cc4d01
source,source/scripts/weapons button copy.as,90,eb8e0aeb079750512224bf30e05b8b1add5ff96c34ca254966dc0f92cbab378a
source,source/scripts/weapons icon.as,83,b657181bb140d6733caa7899264769a8eca1757a8c4c6922298faa2922eb81bc
deobfuscated,deobfuscated/scripts/1p_button.as,80,3b0da05a952f4a0ea3cce5b8ac55c31e7b2ab258988c6814343bb678640048ee
deobfuscated,deobfuscated/scripts/2p_button.as,80,f5335c47dc716a2af8a012f1cc67cb8aab148cc40b44bda5eaa3fa5957cd4ad3
deobfuscated,deobfuscated/scripts/__Packages/com/nitrome/buttons/BackButton.as,408,1c5dc0153e84614b1de1959d79e158c18a8af54efe1c047a11e55bbc04c2de4e
deobfuscated,deobfuscated/scripts/__Packages/com/nitrome/buttons/CongratulationsButton.as,509,f65278fed8317b570ffccddd8f3811163e1587a5a3aa217c2ec14fcf462c895f
deobfuscated,deobfuscated/scripts/__Packages/com/nitrome/buttons/ContinueGameButton.as,292,110fa016654ab2f9ee8b7f7fc96545e9c237122c3fe05f7effd4c2dd0ee70626
deobfuscated,deobfuscated/scripts/__Packages/com/nitrome/buttons/CreditsButton.as,258,8d2aecc5c6fd360ea106025041a3cb9e6dbe11d979f093da2e52a9f15b0cc0ca
deobfuscated,deobfuscated/scripts/__Packages/com/nitrome/buttons/HelpButton.as,249,2477e0e9e8691d14b1128d46e1927960365214d997b4424e4bde0aa9b05fea6e
deobfuscated,deobfuscated/scripts/__Packages/com/nitrome/buttons/LevelSelect2p.as,2286,a540783dda529d9b438da3ef83937b0ae6e6536e5942f17444cd16bd0df53a45
deobfuscated,deobfuscated/scripts/__Packages/com/nitrome/buttons/LevelSelectButton.as,1526,36ebf9d9abd4c0154b801e15a20267471386fdfee74bb71fd2fe01c79ed766b7
deobfuscated,deobfuscated/scripts/__Packages/com/nitrome/buttons/NextLevelButton.as,507,94f542b9263c8aa54bdcaea131c4f7e703b4608391ee120ec633a9f6417c7946
deobfuscated,deobfuscated/scripts/__Packages/com/nitrome/buttons/OnePlayerButton.as,296,f4bbfa9233b3bd848ba673ad6ebca2420996dacd9a3d1ac25dfef78fc780c45e
deobfuscated,deobfuscated/scripts/__Packages/com/nitrome/buttons/PlayButton.as,256,fb54aad5c5cb9fb0ceddf8cee9eff5184864c8f9ab0b9d1b9a9c0272f6b1fa73
deobfuscated,deobfuscated/scripts/__Packages/com/nitrome/buttons/QuitGameButton.as,587,34e5194b525edfc1e7a6fed597650c4f397b4f8014104ef4bc4a2a79056e3f10
deobfuscated,deobfuscated/scripts/__Packages/com/nitrome/buttons/RestartLevelButton.as,506,3d486662fc3ffe10f723801aa75479fa879f19580f8fa124da51f4ddb77353d6
deobfuscated,deobfuscated/scripts/__Packages/com/nitrome/buttons/ScoresButton.as,260,a9945c30bfa40cb79973ffd2939c30e2a22fbf90f2a31af1885c984c527d79a7
deobfuscated,deobfuscated/scripts/__Packages/com/nitrome/buttons/SimpleButton.as,438,09d59b904eab7fbd940dc56172a43797f140be682ae8b24b75cd91d8462c70a9
deobfuscated,deobfuscated/scripts/__Packages/com/nitrome/buttons/SubmitScoreButton.as,602,4f2c0fff85a58c3890a211933f6f39665725aec3c6dbe5ee5bf6b786223f4d47
deobfuscated,deobfuscated/scripts/__Packages/com/nitrome/buttons/TwoPlayerButton.as,346,1f694b3c76b6ac6e33b9ae490df8f185cf29eb637ec822354fabe4c46b57123d
deobfuscated,deobfuscated/scripts/__Packages/com/nitrome/game/CancelPlayerButton.as,1246,cf75e4cc0509d601d99729a98f3cb558d44be19b43a40b74cd0f540d37c3159d
deobfuscated,deobfuscated/scripts/__Packages/com/nitrome/game/CancelWeaponButton.as,399,cac4a92d034764f03f4640d905bb74ef2edda259c38f1555fc561317b3f8a22f
deobfuscated,deobfuscated/scripts/__Packages/com/nitrome/game/CornerQuitButton.as,459,0c6e7ba3287cf76ab1d14abe04801ba27fff840709d617444f4459388421a685
deobfuscated,deobfuscated/scripts/__Packages/com/nitrome/game/FxToggle.as,1209,afb9500aa4a059ec4ca9b26ebe8ed0e01c4445171d5f71fd3cae2612170f598b
deobfuscated,deobfuscated/scripts/__Packages/com/nitrome/game/IngamePopup.as,2327,e1538ace8188c9ef419f751b2f6d5d5c8ce9dfb4a1be41964d30b787f7efff82
deobfuscated,deobfuscated/scripts/__Packages/com/nitrome/game/IngameTextArea.as,1119,09fae3541e4c306943b6fe080f3498931072302c22c02d9ad83cc6a0e803a196
deobfuscated,deobfuscated/scripts/__Packages/com/nitrome/game/MusicController.as,2797,c0f032add07d1476182afbb7cef3f2ed445ddec1b514951cf54d91d65156cc35
deobfuscated,deobfuscated/scripts/__Packages/com/nitrome/game/MusicToggle.as,1227,d503f70f09ea8de5e701cc0459ffef9c9905a96a6ec05007101d6b4aacc7c616
deobfuscated,deobfuscated/scripts/__Packages/com/nitrome/game/Preloader.as,1285,810dd73b2bd9e7d6c5c3c8edad62554cf3bf3b9ff25364e18796ed63f6c34d44
deobfuscated,deobfuscated/scripts/__Packages/com/nitrome/game/SfxManager.as,284,4753a2407c9ef4d948696dab17d7d3d2aea0aadd693341cc153b3dafee570ab7
deobfuscated,deobfuscated/scripts/__Packages/com/nitrome/game/SimpleButton.as,364,928d831087317e5314b285481abee48ae3664d016f4f235d89e4714c37bfc839
deobfuscated,deobfuscated/scripts/__Packages/com/nitrome/game/TransitionTween.as,784,59f9011fde58b01077062050ac2cf8f71b10bcdeabb6e813d4ad209db0993876
deobfuscated,deobfuscated/scripts/__Packages/com/nitrome/game/WeaponSelectButton.as,7276,d0c068d65d1a2f0cfb7250da47b52dfda28123dbf72ae7789955e9b6997b71c4
deobfuscated,deobfuscated/scripts/__Packages/com/nitrome/game/WeaponSelectPanel.as,944,50b91a37ca710224c70a0daa0a8273d8e6506c4fdd01684b8abf26a8b1d99895
deobfuscated,deobfuscated/scripts/__Packages/com/nitrome/highscore/ArrowButton.as,742,41eee3b9a4806810dc1612ce87a93cef01b05448169ec054f0ecd1b7b590972e
deobfuscated,deobfuscated/scripts/__Packages/com/nitrome/highscore/ClearButton.as,268,b2aaadb790a91fa95c8048720a836cf1d0794f9a2cd5ec7ddb8ea45ed82a351d
deobfuscated,deobfuscated/scripts/__Packages/com/nitrome/highscore/HiscoreBoard.as,3625,157d9b85858497e437292b2618c09d9d65b30f4a70b411bc0f635746db415e26
deobfuscated,deobfuscated/scripts/__Packages/com/nitrome/highscore/HiscoreLine.as,1292,964659d457e5fd43926ba58717e7640d5372ed0bd1864ba9c06685b151cfceda
deobfuscated,deobfuscated/scripts/__Packages/com/nitrome/highscore/LetterButton.as,657,a3439df7da423c53d9738308b6cb0440668d47bd5da7449d68895304f3edb0bb
deobfuscated,deobfuscated/scripts/__Packages/com/nitrome/highscore/ScoreSubmitPanel.as,964,1fdeb2b9b58afe33cd0090d21c90dd572c0e0d26fd51cbeb2716572d935cba8c
deobfuscated,deobfuscated/scripts/__Packages/com/nitrome/highscore/SubmitButton.as,1592,9ba53dc366cdc4400714b930ca109e0154e18f761b402fd352db5457d149dee0
deobfuscated,deobfuscated/scripts/__Packages/com/nitrome/pirate/MenuBackgroundAnim.as,854,4c62816b5ea84ed39b308e7fe1c28de4b1fe84076db04dbd38731b2f1bd94f73
deobfuscated,deobfuscated/scripts/__Packages/com/nitrome/throwgame/Anchor.as,4200,cf1578b110848d239ef5c87d4bea9494764a13af7eb9450a8fa899bd59203cc3
deobfuscated,deobfuscated/scripts/__Packages/com/nitrome/throwgame/Banana.as,3196,e5ff8cd57f268ec2b93e1bdf22d5a1e9c75a9ff0157e9907f1be0a526de13f03
deobfuscated,deobfuscated/scripts/__Packages/com/nitrome/throwgame/Boulder.as,3521,51395a2b3e08539b68d4df9e22cb7dbbff8173e3a371856f2ffdbef3d810f380
deobfuscated,deobfuscated/scripts/__Packages/com/nitrome/throwgame/BoxWeapon.as,10133,162181c220d52398fcd9a04d1d1f6780fcb90366eeb67b2edcc46327fa1b3f82
deobfuscated,deobfuscated/scripts/__Packages/com/nitrome/throwgame/Cannon.as,6888,0fe0a77b18921177cbcb19f3223c9a81a1ebe1ab8729cbe09cdce9afc6b5d0a2
deobfuscated,deobfuscated/scripts/__Packages/com/nitrome/throwgame/Cannonball.as,3672,bade761ca963238bfded2ce7fb67895a386fa39bc25c5da5d450a4d0faeac453
deobfuscated,deobfuscated/scripts/__Packages/com/nitrome/throwgame/Character.as,29012,ea09ca09f4e947c1d6a153b18bb5187a54b25a5b7a3cb026da1dc6c4bef3a701
deobfuscated,deobfuscated/scripts/__Packages/com/nitrome/throwgame/CherryBomb.as,1337,3eb91d20d081e9516ae48fdb04366dfe8e2390c9477fbd2a7b407feb1f8ee9da
deobfuscated,deobfuscated/scripts/__Packages/com/nitrome/throwgame/Controller.as,12995,1c2dce11611c0e13bbdacf441a996519a40c84e59f4113bee82ad7d6613f6bcd
deobfuscated,deobfuscated/scripts/__Packages/com/nitrome/throwgame/Debris.as,199,d3f35f4594b996b441161dd9fc76cd08c4e949d0435b602834b50f202b94b27e
deobfuscated,deobfuscated/scripts/__Packages/com/nitrome/throwgame/Dynamite.as,1805,8738858479d8809732cbc818c5ad866892f526a8c0133e53dd7c054fb8d944f0
deobfuscated,deobfuscated/scripts/__Packages/com/nitrome/throwgame/Explosion.as,3088,34c854e44ff309b252f7e31fd9bc5c66b4cdc25d30d2ea5603c558c9a0e13616
deobfuscated,deobfuscated/scripts/__Packages/com/nitrome/throwgame/GunpowderBarrel.as,407,b4e42cd3695a3704cf2ee2be7d6d0d24323bf9f2f47a44b877928a3425f8cd1e
deobfuscated,deobfuscated/scripts/__Packages/com/nitrome/throwgame/Map.as,4250,25f0ed0085b33c23ead6d32447fbf715517b1fe7a82974cb4dcad34870b2dc7c
deobfuscated,deobfuscated/scripts/__Packages/com/nitrome/throwgame/Mine.as,4449,fa80086f40a66969c65ea153fbc3f4d9d692a1ef7321d64ca1de52635982a46a
deobfuscated,deobfuscated/scripts/__Packages/com/nitrome/throwgame/ParachuteBomb.as,3493,d556d6d2063e7ee07a3956354eb0680280979c56df7f242a0841464718fca719
deobfuscated,deobfuscated/scripts/__Packages/com/nitrome/throwgame/PiecesOfEight.as,4230,1cc20ab7d04cd7e800bd28175f34d462be309c8555c135410c6f2165fff3c458
deobfuscated,deobfuscated/scripts/__Packages/com/nitrome/throwgame/RumBottle.as,2400,f8fd7db4037958113316178ce4a515e64b8def752967a4be5a3215b89859aef6
deobfuscated,deobfuscated/scripts/__Packages/com/nitrome/throwgame/Seagull.as,7317,01f08edfefc8a5af597e3547a5759de6a894d7cef5e3fa9009db5cfbbce9514c
deobfuscated,deobfuscated/scripts/__Packages/com/nitrome/throwgame/Solid.as,13603,57d034492224a1d42b30c6f0fab8e71b8e1a03eee86bad8ef8c13f15c5069b3c
deobfuscated,deobfuscated/scripts/__Packages/com/nitrome/throwgame/SpeechBubble.as,1154,2455a1fc71b7a5d38727bdfdd5f79aa7a73a1a8a11122003ab5f54b5c3eface6
deobfuscated,deobfuscated/scripts/__Packages/com/nitrome/throwgame/SweepingFlame.as,1876,750ddd3e81d32bba1663b40994e7b2ce5cbcb4eea9f66e3c10f46860a57211a7
deobfuscated,deobfuscated/scripts/__Packages/com/nitrome/throwgame/Team.as,15505,4ac52b237ffac8741e94af433dbc7da243d8fc7b80098d6588402135e22f14c6
deobfuscated,deobfuscated/scripts/__Packages/com/nitrome/throwgame/TidalWave.as,2324,c88b065e11aecc46ceea19c18be3da343659c9552822ed598bed349a1a843ee3
deobfuscated,deobfuscated/scripts/__Packages/com/nitrome/throwgame/Tile.as,699,af6d5c130d591f5539b9d47c1477aa6b9c61e84714361ad297838f0fa293566f
deobfuscated,deobfuscated/scripts/__Packages/com/nitrome/throwgame/TileSystem.as,28758,43c8e384afc1abb9cc6d17b5392468d7553174dfaec4f2777869e2e170bcda85
deobfuscated,deobfuscated/scripts/__Packages/com/nitrome/throwgame/TreasureChest.as,7779,5f131caac61ab9ce2664da48121fb4ddf8abfdb3fd4e25612b60e97cbcf44148
deobfuscated,deobfuscated/scripts/__Packages/com/nitrome/throwgame/VoodooDoll.as,2677,e474f71f72d5d310c12db01df966c4fe822403b4d84799ea9406e339c4c97432
deobfuscated,deobfuscated/scripts/__Packages/com/nitrome/throwgame/Water.as,1867,a43e2756a5930f8f91f6a4dacbd903a95c77ab21bd956ca7dec67dee2aeb8006
deobfuscated,deobfuscated/scripts/__Packages/com/nitrome/throwgame/Weapon.as,3886,ddabcefd91eacd56d1233df25b68743e619d5246a1923ff970f28ba8585538cb
deobfuscated,deobfuscated/scripts/__Packages/com/nitrome/throwgame/WoodenCrate.as,195,188db67a1132ebf9c55046e48414bcc6e9431dc7ae40f0958ad3cf36d029d283
deobfuscated,deobfuscated/scripts/__Packages/com/nitrome/util/Clip.as,2369,205047792e960f59d1eafdd6e33773d78e3740b8a9621a817c514ecafeadf6dd
deobfuscated,deobfuscated/scripts/__Packages/com/nitrome/util/CustomCursor.as,1397,1b3da46cdaece24a7287c44a5bfc46685f9669cae690029cd49676083f2accb6
deobfuscated,deobfuscated/scripts/__Packages/com/nitrome/util/Global.as,1780,5c2cfbbf8090307a930f6d799041ea92c86188f1aaec6690398fdf749f5c43a5
deobfuscated,deobfuscated/scripts/__Packages/com/nitrome/util/Lock.as,171,cea33e83151bb9644be402df14f1434efca27b83327b45b1dd9956fcd7be374d
deobfuscated,deobfuscated/scripts/__Packages/com/nitrome/util/MD5.as,11146,df7105e2934e06e12b2294b63925545efe747bd0edf98fe83278a5d38a4f5f80
deobfuscated,deobfuscated/scripts/__Packages/com/nitrome/util/Trig.as,567,350e596555dc11729f59b91a5a908b86e421aadffba1d25619294f33a1cdf280
deobfuscated,deobfuscated/scripts/__Packages/com/senocular/drawing/DashedLine.as,11867,959f3d00581c9f3bb5e5ad2b3969386796c6304b5b6081b2e2545bbd97761dbb
deobfuscated,deobfuscated/scripts/__Packages/DangleFont.as,4778,36fa605da870eb23a865326000d50ca0ea9d46ed37b7b290a3d6a5e21a98a8bf
deobfuscated,deobfuscated/scripts/__Packages/mx/controls/SimpleButton.as,14995,fd86d088940ae29b0ed45e170fe486f3a07c28e16ae9d5803f2a1fe84bedea49
deobfuscated,deobfuscated/scripts/__Packages/mx/core/ext/UIComponentExtensions.as,1613,f95a7a46a79b8e3b6a33286e5ddaa5794a0ef1071fbc449c1fc63d019c401387
deobfuscated,deobfuscated/scripts/__Packages/mx/core/ext/UIObjectExtensions.as,7374,e50eb8e482774bb998dc741e53564b2964f9f4260cc34dd3656af9e32e379000
deobfuscated,deobfuscated/scripts/__Packages/mx/core/UIComponent.as,4252,64ad3a983d363bee1124573d213dbeb366d56468661fd97813b3e79a15a1257d
deobfuscated,deobfuscated/scripts/__Packages/mx/core/UIObject.as,16149,0565202f6195100ca9453e26a4de445a87ff3f4bb1f0616da42a29383abfbe25
deobfuscated,deobfuscated/scripts/__Packages/mx/events/EventDispatcher.as,3068,2f39560e5d57b776912dad4eefabd280ce6f2e9657cef0f1f51e6669aa848694
deobfuscated,deobfuscated/scripts/__Packages/mx/events/UIEventDispatcher.as,4198,958e2ed7ae8799748be9e952720f499c0a5b95a7750789f92d0b27d7fda22274
deobfuscated,deobfuscated/scripts/__Packages/mx/managers/DepthManager.as,14715,9f553aaf10bf1d0a2af615beac6ddcdf4a069704d168741eed2e5f080307dd20
deobfuscated,deobfuscated/scripts/__Packages/mx/managers/FocusManager.as,22932,ba46f733dd30d5baac95e08dca468660e6b7018ae841442494f4376eee08568c
deobfuscated,deobfuscated/scripts/__Packages/mx/managers/OverlappedWindows.as,6733,87db3025e2f3f08817ab66f888ee982d26e653ce4c31663766641e3f68916f5d
deobfuscated,deobfuscated/scripts/__Packages/mx/managers/SystemManager.as,3585,deba9773bbc3d05cacf7473fd6326e8f4c7f35895b78a6ebbc44d00bc4914c55
deobfuscated,deobfuscated/scripts/__Packages/mx/skins/ColoredSkinElement.as,1003,29db6975189f9a283368006c78322246c18bb86ce180275872093fb14b3e1bee
deobfuscated,deobfuscated/scripts/__Packages/mx/skins/halo/Defaults.as,8407,95c812dc1e26310092b6db004053b0eb46add961d5e5571da351163cc2c7fbee
deobfuscated,deobfuscated/scripts/__Packages/mx/skins/halo/FocusRect.as,4672,83b5e14f1d59307ab1f2c1cbe965c1dc48ab248b59bdccb3f609eac56c371efa
deobfuscated,deobfuscated/scripts/__Packages/mx/skins/SkinElement.as,592,fc7a465209456af39dc2019fbabbe697174ab436d375bf19337e37bb9dbc3630
deobfuscated,deobfuscated/scripts/__Packages/mx/styles/CSSSetStyle.as,10651,49c0840b0a9b56001887278cf3ca99c13452f0efe397e82915d5f1ce08695c25
deobfuscated,deobfuscated/scripts/__Packages/mx/styles/CSSStyleDeclaration.as,1453,3134a1c9a3a77b3e8be580f629ec48d1bba944def456e3b4c9ab5753ee985acb
deobfuscated,deobfuscated/scripts/__Packages/mx/styles/CSSTextStyles.as,3570,82c725be9fa83f69ad5ba7f467332c7b9e84e71d98c60a0d737f927e1612b40f
deobfuscated,deobfuscated/scripts/__Packages/mx/styles/StyleManager.as,2282,ed877afd95d57561ad1acf5da5606fe858969965842126c13d3a5e7f5c84f98d
deobfuscated,deobfuscated/scripts/__Packages/mx/utils/Delegate.as,595,eb604c1ec48b7a0424af29b41cee39dde2cf9ce5ff0df6dac481eee83c69be7f
deobfuscated,deobfuscated/scripts/__Packages/NitromeGame.as,15628,5808c4a8093a0a68b2124cd0df265a286b92a7b1c7f4aad445eaa235724ce9bb
deobfuscated,deobfuscated/scripts/__Packages/PirateFont.as,4395,29c65ea0c02e7dda9ede2b9c7e88f9c53295ba50946f8663f0505d612c63eeaf
deobfuscated,deobfuscated/scripts/arrow_button.as,81,456c28fb720a47aa483b7495a5a4b9c3cb81fef116f29219fdaf01c38eafc51c
deobfuscated,deobfuscated/scripts/back to title (congrats).as,90,565731e4ddd040a8a37d555398ddf7008ed323a48fc1bcbf884854d7fc4c890e
deobfuscated,deobfuscated/scripts/back to title.as,83,4b921d4460b20980692c9f68b05afc753df7da673686bf34daf8c92cfef8a62d
deobfuscated,deobfuscated/scripts/back_button.as,77,a5b6ddfc2e6b35e9564191bfa8ebf18acf98c510e4f33d051b57cebfff47cfe2
deobfuscated,deobfuscated/scripts/cancel player button blue.as,96,0bd772621e98aca331e5f9ace8eeaf096c0e64ecccc3b7f88d7ff0d572517fe6
deobfuscated,deobfuscated/scripts/cancel player button red.as,95,f5d9a65cdf30decd9ced7d4ba2afb2a86898b1817e8936fd55b2094648fe410c
deobfuscated,deobfuscated/scripts/cancel weapon button blue.as,96,4c774aea5054de574ccfb6ea68ece4f51d4260c9f2a69c2ab5796417d7f47f93
deobfuscated,deobfuscated/scripts/cancel weapon button red.as,95,117d785337b8314a3cf4b0b7f578ff00e116bd20114ac2c3bcc58b50111e2a10
deobfuscated,deobfuscated/scripts/clear_button.as,81,547282dfd3eb46a5d6fcfe2792c8728fafa7e9a78180aedfd54c65abd0508b38
deobfuscated,deobfuscated/scripts/congrats_background_anim.as,97,e4c2c4ecaa9fee36dd5b640636867e33f229a783673cca585ec659b013c9aea4
deobfuscated,deobfuscated/scripts/congrats_button.as,92,ef4d2d96d497be1a90bf00004f3539816c3daed03c0146a2d13496eded8746f2
deobfuscated,deobfuscated/scripts/continue_game.as,87,b58b6ec00dcb146b885544727514810a920d50bacce67a4db649a4c9ca525705
deobfuscated,deobfuscated/scripts/credits_button.as,83,08d9219896b929d5769fb85f0284cdc39ea9ec8c5019eab184f06ea60c43127c
deobfuscated,deobfuscated/scripts/cursor.as,71,552ec339214bea48ec4411547d72bbce11d7d173cde30d2e2ccdcbddd857b280
deobfuscated,deobfuscated/scripts/DangleFont.as,88,2ae6e413b7672f6f1b9a6ee999016b315a9e846499f6302e7eda0ba45d3aa178
deobfuscated,deobfuscated/scripts/Defaults.as,66,c8512064814044698783da389fe9913e1f9b2128c015dee4f26157ce26e80388
deobfuscated,deobfuscated/scripts/DefineButton2_134/BUTTONCONDACTION on(keyPress Tab).as,49,4fdbe627718d60f99344e0ba100061116d1689e9128fab3113e429392114702f
deobfuscated,deobfuscated/scripts/DefineButton2_1909/BUTTONCONDACTION on(release).as,75,a3afca7ca5646615560c79ca54b6eb2652ca5123fd146804596f7d56cbbfcf33
deobfuscated,deobfuscated/scripts/DefineButton2_1914/BUTTONCONDACTION on(release).as,66,accd620a2e6b7882629b47d194fef908b74f158fdd8a45e31f2c4311a219319c
deobfuscated,deobfuscated/scripts/DefineButton2_1925/BUTTONCONDACTION on(release).as,66,accd620a2e6b7882629b47d194fef908b74f158fdd8a45e31f2c4311a219319c
deobfuscated,deobfuscated/scripts/DefineButton2_1933/BUTTONCONDACTION on(release).as,65,51e1ef39d9ea0bbe28eaf144282cc5ad69c1b4c2b3d4d5bc4e8696a7c730ba4e
deobfuscated,deobfuscated/scripts/DefineButton2_817/BUTTONCONDACTION on(release).as,81,df42382b0db45d678a9b18d56419494e43dfd9e942470dac3a92f1178062e865
deobfuscated,deobfuscated/scripts/DefineButton2_834/BUTTONCONDACTION on(press).as,63,625ad5ae105780f3bae7d42d60fecf51b8aff18262526ef4f09071107fcfbe86
deobfuscated,deobfuscated/scripts/DefineSprite_1002/frame_17/DoAction.as,9,3271a793e3f9600314c6b0facc05023c4f3ed09c116d452966200a5d04735655
deobfuscated,deobfuscated/scripts/DefineSprite_1003_anchor/frame_1/DoAction.as,9,3271a793e3f9600314c6b0facc05023c4f3ed09c116d452966200a5d04735655
deobfuscated,deobfuscated/scripts/DefineSprite_1003_anchor/frame_12/DoAction.as,9,3271a793e3f9600314c6b0facc05023c4f3ed09c116d452966200a5d04735655
deobfuscated,deobfuscated/scripts/DefineSprite_1024_mine/frame_1/DoAction.as,9,3271a793e3f9600314c6b0facc05023c4f3ed09c116d452966200a5d04735655
deobfuscated,deobfuscated/scripts/DefineSprite_1024_mine/frame_16/DoAction.as,9,3271a793e3f9600314c6b0facc05023c4f3ed09c116d452966200a5d04735655
deobfuscated,deobfuscated/scripts/DefineSprite_1024_mine/frame_30/DoAction.as,27,78ac52baf7355549e2dfc104ae1150061eb7dba5eddd4298e3ccb6998b074459
deobfuscated,deobfuscated/scripts/DefineSprite_1058_tidalWave/frame_15/DoAction.as,28,d548f9b53a6e3b876a8ca5a761e690612ec01a076324055c294fa60b77c90fe5
deobfuscated,deobfuscated/scripts/DefineSprite_1058_tidalWave/frame_24/DoAction.as,28,51b491fcd05998470ead002fa8531c20531ea47a343bc7ae7f8df2360ddf61b9
deobfuscated,deobfuscated/scripts/DefineSprite_1058_tidalWave/frame_6/DoAction.as,28,920eae005abd31c2d932b6410465bd626f8986ce810d4f296f2d22fcb81360dc
deobfuscated,deobfuscated/scripts/DefineSprite_1065_deadCharacter/frame_24/DoAction.as,9,3271a793e3f9600314c6b0facc05023c4f3ed09c116d452966200a5d04735655
deobfuscated,deobfuscated/scripts/DefineSprite_1077_bluePirate/frame_13/DoAction.as,29,bff74869adc519eac25fe567a8e71403dfe34e54b274d6ed73b851078cba6556
deobfuscated,deobfuscated/scripts/DefineSprite_1077_bluePirate/frame_35/DoAction.as,29,bff74869adc519eac25fe567a8e71403dfe34e54b274d6ed73b851078cba6556
deobfuscated,deobfuscated/scripts/DefineSprite_1086_tribe/frame_13/DoAction.as,29,bff74869adc519eac25fe567a8e71403dfe34e54b274d6ed73b851078cba6556
deobfuscated,deobfuscated/scripts/DefineSprite_1086_tribe/frame_35/DoAction.as,29,bff74869adc519eac25fe567a8e71403dfe34e54b274d6ed73b851078cba6556
deobfuscated,deobfuscated/scripts/DefineSprite_1097_cabinBoy/frame_13/DoAction.as,29,bff74869adc519eac25fe567a8e71403dfe34e54b274d6ed73b851078cba6556
deobfuscated,deobfuscated/scripts/DefineSprite_1097_cabinBoy/frame_35/DoAction.as,29,bff74869adc519eac25fe567a8e71403dfe34e54b274d6ed73b851078cba6556
deobfuscated,deobfuscated/scripts/DefineSprite_1106_oldPirate/frame_13/DoAction.as,29,bff74869adc519eac25fe567a8e71403dfe34e54b274d6ed73b851078cba6556
deobfuscated,deobfuscated/scripts/DefineSprite_1106_oldPirate/frame_35/DoAction.as,29,bff74869adc519eac25fe567a8e71403dfe34e54b274d6ed73b851078cba6556
deobfuscated,deobfuscated/scripts/DefineSprite_1117_rainbowBeard/frame_13/DoAction.as,29,bff74869adc519eac25fe567a8e71403dfe34e54b274d6ed73b851078cba6556
deobfuscated,deobfuscated/scripts/DefineSprite_1117_rainbowBeard/frame_35/DoAction.as,29,bff74869adc519eac25fe567a8e71403dfe34e54b274d6ed73b851078cba6556
deobfuscated,deobfuscated/scripts/DefineSprite_1126_femalePirate/frame_13/DoAction.as,29,bff74869adc519eac25fe567a8e71403dfe34e54b274d6ed73b851078cba6556
deobfuscated,deobfuscated/scripts/DefineSprite_1126_femalePirate/frame_35/DoAction.as,29,bff74869adc519eac25fe567a8e71403dfe34e54b274d6ed73b851078cba6556
deobfuscated,deobfuscated/scripts/DefineSprite_1137_blindPirate/frame_13/DoAction.as,29,bff74869adc519eac25fe567a8e71403dfe34e54b274d6ed73b851078cba6556
deobfuscated,deobfuscated/scripts/DefineSprite_1137_blindPirate/frame_35/DoAction.as,29,bff74869adc519eac25fe567a8e71403dfe34e54b274d6ed73b851078cba6556
deobfuscated,deobfuscated/scripts/DefineSprite_1148_soldier/frame_13/DoAction.as,29,bff74869adc519eac25fe567a8e71403dfe34e54b274d6ed73b851078cba6556
deobfuscated,deobfuscated/scripts/DefineSprite_1148_soldier/frame_35/DoAction.as,29,bff74869adc519eac25fe567a8e71403dfe34e54b274d6ed73b851078cba6556
deobfuscated,deobfuscated/scripts/DefineSprite_1157_bossGuy/frame_13/DoAction.as,29,bff74869adc519eac25fe567a8e71403dfe34e54b274d6ed73b851078cba6556
deobfuscated,deobfuscated/scripts/DefineSprite_1157_bossGuy/frame_35/DoAction.as,29,bff74869adc519eac25fe567a8e71403dfe34e54b274d6ed73b851078cba6556
deobfuscated,deobfuscated/scripts/DefineSprite_1166_bossGuyZombie/frame_13/DoAction.as,29,bff74869adc519eac25fe567a8e71403dfe34e54b274d6ed73b851078cba6556
deobfuscated,deobfuscated/scripts/DefineSprite_1166_bossGuyZombie/frame_35/DoAction.as,29,bff74869adc519eac25fe567a8e71403dfe34e54b274d6ed73b851078cba6556
deobfuscated,deobfuscated/scripts/DefineSprite_1175_soldierCaptain/frame_13/DoAction.as,29,bff74869adc519eac25fe567a8e71403dfe34e54b274d6ed73b851078cba6556
deobfuscated,deobfuscated/scripts/DefineSprite_1175_soldierCaptain/frame_35/DoAction.as,29,bff74869adc519eac25fe567a8e71403dfe34e54b274d6ed73b851078cba6556
deobfuscated,deobfuscated/scripts/DefineSprite_1186_blindPirateCaptain/frame_13/DoAction.as,29,bff74869adc519eac25fe567a8e71403dfe34e54b274d6ed73b851078cba6556
deobfuscated,deobfuscated/scripts/DefineSprite_1186_blindPirateCaptain/frame_35/DoAction.as,29,bff74869adc519eac25fe567a8e71403dfe34e54b274d6ed73b851078cba6556
deobfuscated,deobfuscated/scripts/DefineSprite_1197_femalePirateCaptain/frame_13/DoAction.as,29,bff74869adc519eac25fe567a8e71403dfe34e54b274d6ed73b851078cba6556
deobfuscated,deobfuscated/scripts/DefineSprite_1197_femalePirateCaptain/frame_35/DoAction.as,29,bff74869adc519eac25fe567a8e71403dfe34e54b274d6ed73b851078cba6556
deobfuscated,deobfuscated/scripts/DefineSprite_1206_rainbowBeardCaptain/frame_13/DoAction.as,29,bff74869adc519eac25fe567a8e71403dfe34e54b274d6ed73b851078cba6556
deobfuscated,deobfuscated/scripts/DefineSprite_1206_rainbowBeardCaptain/frame_35/DoAction.as,29,bff74869adc519eac25fe567a8e71403dfe34e54b274d6ed73b851078cba6556
deobfuscated,deobfuscated/scripts/DefineSprite_1217_oldPirateCaptain/frame_13/DoAction.as,29,bff74869adc519eac25fe567a8e71403dfe34e54b274d6ed73b851078cba6556
deobfuscated,deobfuscated/scripts/DefineSprite_1217_oldPirateCaptain/frame_35/DoAction.as,29,bff74869adc519eac25fe567a8e71403dfe34e54b274d6ed73b851078cba6556
deobfuscated,deobfuscated/scripts/DefineSprite_1228_cabinBoyCaptain/frame_13/DoAction.as,29,bff74869adc519eac25fe567a8e71403dfe34e54b274d6ed73b851078cba6556
deobfuscated,deobfuscated/scripts/DefineSprite_1228_cabinBoyCaptain/frame_35/DoAction.as,29,bff74869adc519eac25fe567a8e71403dfe34e54b274d6ed73b851078cba6556
deobfuscated,deobfuscated/scripts/DefineSprite_1237_tribeChief/frame_13/DoAction.as,29,bff74869adc519eac25fe567a8e71403dfe34e54b274d6ed73b851078cba6556
deobfuscated,deobfuscated/scripts/DefineSprite_1237_tribeChief/frame_35/DoAction.as,29,bff74869adc519eac25fe567a8e71403dfe34e54b274d6ed73b851078cba6556
deobfuscated,deobfuscated/scripts/DefineSprite_1248_skeletonPirate/frame_13/DoAction.as,29,bff74869adc519eac25fe567a8e71403dfe34e54b274d6ed73b851078cba6556
deobfuscated,deobfuscated/scripts/DefineSprite_1248_skeletonPirate/frame_35/DoAction.as,29,bff74869adc519eac25fe567a8e71403dfe34e54b274d6ed73b851078cba6556
deobfuscated,deobfuscated/scripts/DefineSprite_1259_skeletonPirateCaptain/frame_13/DoAction.as,29,bff74869adc519eac25fe567a8e71403dfe34e54b274d6ed73b851078cba6556
deobfuscated,deobfuscated/scripts/DefineSprite_1259_skeletonPirateCaptain/frame_35/DoAction.as,29,bff74869adc519eac25fe567a8e71403dfe34e54b274d6ed73b851078cba6556
deobfuscated,deobfuscated/scripts/DefineSprite_1270_monkey/frame_13/DoAction.as,29,bff74869adc519eac25fe567a8e71403dfe34e54b274d6ed73b851078cba6556
deobfuscated,deobfuscated/scripts/DefineSprite_1270_monkey/frame_35/DoAction.as,29,bff74869adc519eac25fe567a8e71403dfe34e54b274d6ed73b851078cba6556
deobfuscated,deobfuscated/scripts/DefineSprite_1281_crab/frame_13/DoAction.as,29,bff74869adc519eac25fe567a8e71403dfe34e54b274d6ed73b851078cba6556
deobfuscated,deobfuscated/scripts/DefineSprite_1281_crab/frame_35/DoAction.as,29,bff74869adc519eac25fe567a8e71403dfe34e54b274d6ed73b851078cba6556
deobfuscated,deobfuscated/scripts/DefineSprite_1290_shark/frame_13/DoAction.as,29,bff74869adc519eac25fe567a8e71403dfe34e54b274d6ed73b851078cba6556
deobfuscated,deobfuscated/scripts/DefineSprite_1290_shark/frame_35/DoAction.as,29,bff74869adc519eac25fe567a8e71403dfe34e54b274d6ed73b851078cba6556
deobfuscated,deobfuscated/scripts/DefineSprite_1299_squid/frame_13/DoAction.as,29,bff74869adc519eac25fe567a8e71403dfe34e54b274d6ed73b851078cba6556
deobfuscated,deobfuscated/scripts/DefineSprite_1299_squid/frame_35/DoAction.as,29,bff74869adc519eac25fe567a8e71403dfe34e54b274d6ed73b851078cba6556
deobfuscated,deobfuscated/scripts/DefineSprite_1310_parrot/frame_13/DoAction.as,29,bff74869adc519eac25fe567a8e71403dfe34e54b274d6ed73b851078cba6556
deobfuscated,deobfuscated/scripts/DefineSprite_1310_parrot/frame_35/DoAction.as,29,bff74869adc519eac25fe567a8e71403dfe34e54b274d6ed73b851078cba6556
deobfuscated,deobfuscated/scripts/DefineSprite_131_UIObject/frame_1/DoAction.as,9,3271a793e3f9600314c6b0facc05023c4f3ed09c116d452966200a5d04735655
deobfuscated,deobfuscated/scripts/DefineSprite_1321_bluePirateCaptain/frame_13/DoAction.as,29,bff74869adc519eac25fe567a8e71403dfe34e54b274d6ed73b851078cba6556
deobfuscated,deobfuscated/scripts/DefineSprite_1321_bluePirateCaptain/frame_35/DoAction.as,29,bff74869adc519eac25fe567a8e71403dfe34e54b274d6ed73b851078cba6556
deobfuscated,deobfuscated/scripts/DefineSprite_1324_redPirate/frame_13/DoAction.as,29,bff74869adc519eac25fe567a8e71403dfe34e54b274d6ed73b851078cba6556
deobfuscated,deobfuscated/scripts/DefineSprite_1324_redPirate/frame_35/DoAction.as,29,bff74869adc519eac25fe567a8e71403dfe34e54b274d6ed73b851078cba6556
deobfuscated,deobfuscated/scripts/DefineSprite_1331_redPirateCaptain/frame_13/DoAction.as,29,bff74869adc519eac25fe567a8e71403dfe34e54b274d6ed73b851078cba6556
deobfuscated,deobfuscated/scripts/DefineSprite_1331_redPirateCaptain/frame_35/DoAction.as,29,bff74869adc519eac25fe567a8e71403dfe34e54b274d6ed73b851078cba6556
deobfuscated,deobfuscated/scripts/DefineSprite_135/frame_1/DoAction.as,0,e3b0c44298fc1c149afbf4c8996fb92427ae41e4649b934ca495991b7852b855
deobfuscated,deobfuscated/scripts/DefineSprite_137_FocusManager/frame_1/DoAction.as,9,3271a793e3f9600314c6b0facc05023c4f3ed09c116d452966200a5d04735655
deobfuscated,deobfuscated/scripts/DefineSprite_139_UIComponent/frame_1/DoAction.as,9,3271a793e3f9600314c6b0facc05023c4f3ed09c116d452966200a5d04735655
deobfuscated,deobfuscated/scripts/DefineSprite_149_DangleFont/frame_1/DoAction.as,9,3271a793e3f9600314c6b0facc05023c4f3ed09c116d452966200a5d04735655
deobfuscated,deobfuscated/scripts/DefineSprite_1676/frame_17/DoAction.as,9,3271a793e3f9600314c6b0facc05023c4f3ed09c116d452966200a5d04735655
deobfuscated,deobfuscated/scripts/DefineSprite_167_preloader/frame_1/PlaceObject2_149_DangleFont_4/CLIPACTIONRECORD on(construct).as,175,a3d38cdc2605413b7bd762f6a377817ae4e6d9af5742978ee86c44b5951220f3
deobfuscated,deobfuscated/scripts/DefineSprite_1725_treasureChest/frame_1/DoAction.as,9,3271a793e3f9600314c6b0facc05023c4f3ed09c116d452966200a5d04735655
deobfuscated,deobfuscated/scripts/DefineSprite_1725_treasureChest/frame_34/DoAction.as,24,28801104ddb16375106a355bc3cd52ad8069c8d420a3110577bebc21a8d70213
deobfuscated,deobfuscated/scripts/DefineSprite_1725_treasureChest/frame_43/DoAction.as,9,3271a793e3f9600314c6b0facc05023c4f3ed09c116d452966200a5d04735655
deobfuscated,deobfuscated/scripts/DefineSprite_1725_treasureChest/frame_80/DoAction.as,9,3271a793e3f9600314c6b0facc05023c4f3ed09c116d452966200a5d04735655
deobfuscated,deobfuscated/scripts/DefineSprite_1725_treasureChest/frame_90/DoAction.as,15,b980f3b447d6f23ef6d66c81cc8e6c7181bb6b522a859f1d5134d982331af07a
deobfuscated,deobfuscated/scripts/DefineSprite_1780_splash/frame_19/DoAction.as,15,b980f3b447d6f23ef6d66c81cc8e6c7181bb6b522a859f1d5134d982331af07a
deobfuscated,deobfuscated/scripts/DefineSprite_1780_splash/frame_43/DoAction.as,15,b980f3b447d6f23ef6d66c81cc8e6c7181bb6b522a859f1d5134d982331af07a
deobfuscated,deobfuscated/scripts/DefineSprite_1780_splash/frame_67/DoAction.as,15,b980f3b447d6f23ef6d66c81cc8e6c7181bb6b522a859f1d5134d982331af07a
deobfuscated,deobfuscated/scripts/DefineSprite_1785_explosion/frame_3/DoAction.as,11,2171dab0f86f381b53833b82075b4700a16d95e33eb349e62465e44dd960de13
deobfuscated,deobfuscated/scripts/DefineSprite_1785_explosion/frame_8/DoAction.as,24,8371dc64007ebc5b20074c63110ffcacd932b781d82080c92a6268e0e8204b74
deobfuscated,deobfuscated/scripts/DefineSprite_1831_weapons icon/frame_11/PlaceObject2_149_DangleFont_4/CLIPACTIONRECORD on(construct).as,176,54855c9973a35a93b5247e53573b4199aee88bd39e6cbfec39e7185d91de6d2f
deobfuscated,deobfuscated/scripts/DefineSprite_1855_weapon select/frame_1/PlaceObject2_149_DangleFont_131/CLIPACTIONRECORD on(construct).as,172,09b4ea3daca4901e14504b83c9049381243b38f5e7f75e04b406213ef7707b76
deobfuscated,deobfuscated/scripts/DefineSprite_1855_weapon select/frame_1/PlaceObject2_149_DangleFont_132/CLIPACTIONRECORD on(construct).as,216,42a6c634dde5dee23eadea5ebbfff22a6dcaa93a49a7db393dca4c8f4f712f4a
deobfuscated,deobfuscated/scripts/DefineSprite_1896_ingame text area/frame_1/PlaceObject2_149_DangleFont_1/CLIPACTIONRECORD on(construct).as,174,cc9c20a040ecf0ee61512beee10d958e17f28b5f00fe90087abe8d45905c290a
deobfuscated,deobfuscated/scripts/DefineSprite_1910/frame_1/DoAction.as,9,def945151f8ef0b76625ef9e76fdb08c9ca249c12f1068d4090861a554bfa155
deobfuscated,deobfuscated/scripts/DefineSprite_1910/frame_89/DoAction.as,39,0e80e4cd6abdda896d9f2e7b964241a9c254533218df948708e6ca9e2d1dc1a3
deobfuscated,deobfuscated/scripts/DefineSprite_1922/frame_89/DoAction.as,92,46081974d8e4253ce4d1f10aba63ef23e451c5d74d7a74b9bcebd8e9d64e8e68
deobfuscated,deobfuscated/scripts/DefineSprite_1952/frame_1/PlaceObject2_149_DangleFont_1/CLIPACTIONRECORD on(construct).as,261,d77fde83b0186844b667efe26bc5bfc93a2bc0884286445c3b6db1761acb800c
deobfuscated,deobfuscated/scripts/DefineSprite_1952/frame_65/PlaceObject2_149_DangleFont_1/CLIPACTIONRECORD on(construct).as,220,ec14da0383724706e7ca6b6f9810dc1050db7157135e9552cd6b629ef1435749
deobfuscated,deobfuscated/scripts/DefineSprite_2009/frame_1/DoAction.as,9,3271a793e3f9600314c6b0facc05023c4f3ed09c116d452966200a5d04735655
deobfuscated,deobfuscated/scripts/DefineSprite_319_PirateFont/frame_1/DoAction.as,9,3271a793e3f9600314c6b0facc05023c4f3ed09c116d452966200a5d04735655
deobfuscated,deobfuscated/scripts/DefineSprite_321_transition_tween/frame_1/DoAction.as,9,3271a793e3f9600314c6b0facc05023c4f3ed09c116d452966200a5d04735655
deobfuscated,deobfuscated/scripts/DefineSprite_321_transition_tween/frame_10/DoAction.as,16,568846d0f9b7314c048cc63b3a77e7d1ee7c1b4b41da4c4fc1cc9a0b0c1c76cf
deobfuscated,deobfuscated/scripts/DefineSprite_329/frame_1/PlaceObject2_319_PirateFont_1/CLIPACTIONRECORD on(construct).as,183,37ad0296b5a00edac1fd47b2373f98cccc9ae5582ece3c4d37b6a655f4b6f16b
deobfuscated,deobfuscated/scripts/DefineSprite_330_next_level/frame_1/DoAction.as,9,3271a793e3f9600314c6b0facc05023c4f3ed09c116d452966200a5d04735655
deobfuscated,deobfuscated/scripts/DefineSprite_330_next_level/frame_10/DoAction.as,9,3271a793e3f9600314c6b0facc05023c4f3ed09c116d452966200a5d04735655
deobfuscated,deobfuscated/scripts/DefineSprite_332/frame_1/PlaceObject2_319_PirateFont_1/CLIPACTIONRECORD on(construct).as,186,5cce164751b065fafb81f70e2c890c6aec9ec451262cb99acecf309154179f03
deobfuscated,deobfuscated/scripts/DefineSprite_333_back to title/frame_1/DoAction.as,9,3271a793e3f9600314c6b0facc05023c4f3ed09c116d452966200a5d04735655
deobfuscated,deobfuscated/scripts/DefineSprite_333_back to title/frame_10/DoAction.as,9,3271a793e3f9600314c6b0facc05023c4f3ed09c116d452966200a5d04735655
deobfuscated,deobfuscated/scripts/DefineSprite_334/frame_1/PlaceObject2_319_PirateFont_1/CLIPACTIONRECORD on(construct).as,181,372f5b03b555fa3a6dbc310e13f5e0ecfe45f1dd2fc2e14f5301a619fa6600ff
deobfuscated,deobfuscated/scripts/DefineSprite_335_congrats_button/frame_1/DoAction.as,9,3271a793e3f9600314c6b0facc05023c4f3ed09c116d452966200a5d04735655
deobfuscated,deobfuscated/scripts/DefineSprite_335_congrats_button/frame_10/DoAction.as,9,3271a793e3f9600314c6b0facc05023c4f3ed09c116d452966200a5d04735655
deobfuscated,deobfuscated/scripts/DefineSprite_336/frame_1/PlaceObject2_319_PirateFont_1/CLIPACTIONRECORD on(construct).as,186,872f7abf2311db215f2e0b50aa523bec8b3b5a8d1fa3ffd895f83a40d7602c62
deobfuscated,deobfuscated/scripts/DefineSprite_337_submit_score/frame_1/DoAction.as,9,3271a793e3f9600314c6b0facc05023c4f3ed09c116d452966200a5d04735655
deobfuscated,deobfuscated/scripts/DefineSprite_337_submit_score/frame_10/DoAction.as,9,3271a793e3f9600314c6b0facc05023c4f3ed09c116d452966200a5d04735655
deobfuscated,deobfuscated/scripts/DefineSprite_338/frame_1/PlaceObject2_319_PirateFont_1/CLIPACTIONRECORD on(construct).as,186,5fa7abee104bfd611e63a52107a9744186d1dde77280c0bdd82f73c887899a0b
deobfuscated,deobfuscated/scripts/DefineSprite_339_restart_level/frame_1/DoAction.as,9,3271a793e3f9600314c6b0facc05023c4f3ed09c116d452966200a5d04735655
deobfuscated,deobfuscated/scripts/DefineSprite_339_restart_level/frame_10/DoAction.as,9,3271a793e3f9600314c6b0facc05023c4f3ed09c116d452966200a5d04735655
deobfuscated,deobfuscated/scripts/DefineSprite_340/frame_1/PlaceObject2_319_PirateFont_1/CLIPACTIONRECORD on(construct).as,181,372f5b03b555fa3a6dbc310e13f5e0ecfe45f1dd2fc2e14f5301a619fa6600ff
deobfuscated,deobfuscated/scripts/DefineSprite_341_continue_game/frame_1/DoAction.as,9,3271a793e3f9600314c6b0facc05023c4f3ed09c116d452966200a5d04735655
deobfuscated,deobfuscated/scripts/DefineSprite_341_continue_game/frame_10/DoAction.as,9,3271a793e3f9600314c6b0facc05023c4f3ed09c116d452966200a5d04735655
deobfuscated,deobfuscated/scripts/DefineSprite_342_popup/frame_1/PlaceObject2_149_DangleFont_10/CLIPACTIONRECORD on(construct).as,173,cf0082bec4ee95cee0330c3b6b6767fb206daef83b45ce86ab46a44d9095ae1c
deobfuscated,deobfuscated/scripts/DefineSprite_342_popup/frame_1/PlaceObject2_149_DangleFont_11/CLIPACTIONRECORD on(construct).as,173,cf0082bec4ee95cee0330c3b6b6767fb206daef83b45ce86ab46a44d9095ae1c
deobfuscated,deobfuscated/scripts/DefineSprite_342_popup/frame_1/PlaceObject2_149_DangleFont_8/CLIPACTIONRECORD on(construct).as,183,e57f7bbaeb61e326b8656a2708fb348f8339f6581ab70b58d29ddfe2d57d28be
deobfuscated,deobfuscated/scripts/DefineSprite_342_popup/frame_1/PlaceObject2_149_DangleFont_9/CLIPACTIONRECORD on(construct).as,183,280783821a34934fb31f30dd87650db1f5554c6b325b3b60bd61b3ab7d55c2b5
deobfuscated,deobfuscated/scripts/DefineSprite_342_popup/frame_1/PlaceObject2_319_PirateFont_12/CLIPACTIONRECORD on(construct).as,187,3cc63ff9996196e8b72c1293ffe48965aca3fc6807ae16b5bb854e6e8593a1d4
deobfuscated,deobfuscated/scripts/DefineSprite_342_popup/frame_11/PlaceObject2_149_DangleFont_9/CLIPACTIONRECORD on(construct).as,183,482f6a0803be5e3fff1c5b94f4c42e087c5f683e1e0d0999f5b022f010c059c6
deobfuscated,deobfuscated/scripts/DefineSprite_342_popup/frame_21/PlaceObject2_149_DangleFont_11/CLIPACTIONRECORD on(construct).as,183,482f6a0803be5e3fff1c5b94f4c42e087c5f683e1e0d0999f5b022f010c059c6
deobfuscated,deobfuscated/scripts/DefineSprite_342_popup/frame_21/PlaceObject2_149_DangleFont_12/CLIPACTIONRECORD on(construct).as,173,cf0082bec4ee95cee0330c3b6b6767fb206daef83b45ce86ab46a44d9095ae1c
deobfuscated,deobfuscated/scripts/DefineSprite_342_popup/frame_21/PlaceObject2_319_PirateFont_13/CLIPACTIONRECORD on(construct).as,185,fe2f391fc625d6cb953937b37cab383165a266f7a270f0a48c67dd764a35da9e
deobfuscated,deobfuscated/scripts/DefineSprite_342_popup/frame_31/PlaceObject2_319_PirateFont_8/CLIPACTIONRECORD on(construct).as,183,9ea86c4976d42bffca2881ca9ef3e4b42a544afe35c27c7645613bccfc2d2ac2
deobfuscated,deobfuscated/scripts/DefineSprite_342_popup/frame_41/PlaceObject2_319_PirateFont_8/CLIPACTIONRECORD on(construct).as,186,913a0885434547e7b7d25636b1c631cc3cb1ac9d5512f85c8f3acb333b1b5736
deobfuscated,deobfuscated/scripts/DefineSprite_342_popup/frame_51/PlaceObject2_319_PirateFont_8/CLIPACTIONRECORD on(construct).as,186,c8186daff5f9d3678595f1b02cc22a56c752c904a338763461c16edf76f5d3d5
deobfuscated,deobfuscated/scripts/DefineSprite_342_popup/frame_61/PlaceObject2_319_PirateFont_8/CLIPACTIONRECORD on(construct).as,177,4ccbe7875e5955df3d09456647e520a7228e812f435f9ad11130d3729f86a3b1
deobfuscated,deobfuscated/scripts/DefineSprite_361/frame_1/DoAction.as,9,3271a793e3f9600314c6b0facc05023c4f3ed09c116d452966200a5d04735655
deobfuscated,deobfuscated/scripts/DefineSprite_363/frame_1/DoAction.as,9,3271a793e3f9600314c6b0facc05023c4f3ed09c116d452966200a5d04735655
deobfuscated,deobfuscated/scripts/DefineSprite_365/frame_1/DoAction.as,9,3271a793e3f9600314c6b0facc05023c4f3ed09c116d452966200a5d04735655
deobfuscated,deobfuscated/scripts/DefineSprite_367/frame_1/DoAction.as,9,3271a793e3f9600314c6b0facc05023c4f3ed09c116d452966200a5d04735655
deobfuscated,deobfuscated/scripts/DefineSprite_369/frame_1/DoAction.as,9,3271a793e3f9600314c6b0facc05023c4f3ed09c116d452966200a5d04735655
deobfuscated,deobfuscated/scripts/DefineSprite_371/frame_1/DoAction.as,9,3271a793e3f9600314c6b0facc05023c4f3ed09c116d452966200a5d04735655
deobfuscated,deobfuscated/scripts/DefineSprite_373/frame_1/DoAction.as,9,3271a793e3f9600314c6b0facc05023c4f3ed09c116d452966200a5d04735655
deobfuscated,deobfuscated/scripts/DefineSprite_375/frame_1/DoAction.as,9,3271a793e3f9600314c6b0facc05023c4f3ed09c116d452966200a5d04735655
deobfuscated,deobfuscated/scripts/DefineSprite_377/frame_1/DoAction.as,9,3271a793e3f9600314c6b0facc05023c4f3ed09c116d452966200a5d04735655
deobfuscated,deobfuscated/scripts/DefineSprite_379/frame_1/DoAction.as,9,3271a793e3f9600314c6b0facc05023c4f3ed09c116d452966200a5d04735655
deobfuscated,deobfuscated/scripts/DefineSprite_381/frame_1/DoAction.as,9,3271a793e3f9600314c6b0facc05023c4f3ed09c116d452966200a5d04735655
deobfuscated,deobfuscated/scripts/DefineSprite_383/frame_1/DoAction.as,9,3271a793e3f9600314c6b0facc05023c4f3ed09c116d452966200a5d04735655
deobfuscated,deobfuscated/scripts/DefineSprite_385/frame_1/DoAction.as,9,3271a793e3f9600314c6b0facc05023c4f3ed09c116d452966200a5d04735655
deobfuscated,deobfuscated/scripts/DefineSprite_387/frame_1/DoAction.as,9,3271a793e3f9600314c6b0facc05023c4f3ed09c116d452966200a5d04735655
deobfuscated,deobfuscated/scripts/DefineSprite_389/frame_1/DoAction.as,9,3271a793e3f9600314c6b0facc05023c4f3ed09c116d452966200a5d04735655
deobfuscated,deobfuscated/scripts/DefineSprite_391/frame_1/DoAction.as,9,3271a793e3f9600314c6b0facc05023c4f3ed09c116d452966200a5d04735655
deobfuscated,deobfuscated/scripts/DefineSprite_393/frame_1/DoAction.as,9,3271a793e3f9600314c6b0facc05023c4f3ed09c116d452966200a5d04735655
deobfuscated,deobfuscated/scripts/DefineSprite_395/frame_1/DoAction.as,9,3271a793e3f9600314c6b0facc05023c4f3ed09c116d452966200a5d04735655
deobfuscated,deobfuscated/scripts/DefineSprite_397/frame_1/DoAction.as,9,3271a793e3f9600314c6b0facc05023c4f3ed09c116d452966200a5d04735655
deobfuscated,deobfuscated/scripts/DefineSprite_399/frame_1/DoAction.as,9,3271a793e3f9600314c6b0facc05023c4f3ed09c116d452966200a5d04735655
deobfuscated,deobfuscated/scripts/DefineSprite_401/frame_1/DoAction.as,9,3271a793e3f9600314c6b0facc05023c4f3ed09c116d452966200a5d04735655
deobfuscated,deobfuscated/scripts/DefineSprite_403/frame_1/DoAction.as,9,3271a793e3f9600314c6b0facc05023c4f3ed09c116d452966200a5d04735655
deobfuscated,deobfuscated/scripts/DefineSprite_405/frame_1/DoAction.as,9,3271a793e3f9600314c6b0facc05023c4f3ed09c116d452966200a5d04735655
deobfuscated,deobfuscated/scripts/DefineSprite_407/frame_1/DoAction.as,9,3271a793e3f9600314c6b0facc05023c4f3ed09c116d452966200a5d04735655
deobfuscated,deobfuscated/scripts/DefineSprite_409/frame_1/DoAction.as,9,3271a793e3f9600314c6b0facc05023c4f3ed09c116d452966200a5d04735655
deobfuscated,deobfuscated/scripts/DefineSprite_411/frame_1/DoAction.as,9,3271a793e3f9600314c6b0facc05023c4f3ed09c116d452966200a5d04735655
deobfuscated,deobfuscated/scripts/DefineSprite_413/frame_1/DoAction.as,9,3271a793e3f9600314c6b0facc05023c4f3ed09c116d452966200a5d04735655
deobfuscated,deobfuscated/scripts/DefineSprite_415/frame_1/DoAction.as,9,3271a793e3f9600314c6b0facc05023c4f3ed09c116d452966200a5d04735655
deobfuscated,deobfuscated/scripts/DefineSprite_417/frame_1/DoAction.as,9,3271a793e3f9600314c6b0facc05023c4f3ed09c116d452966200a5d04735655
deobfuscated,deobfuscated/scripts/DefineSprite_419/frame_1/DoAction.as,9,3271a793e3f9600314c6b0facc05023c4f3ed09c116d452966200a5d04735655
deobfuscated,deobfuscated/scripts/DefineSprite_421/frame_1/DoAction.as,9,3271a793e3f9600314c6b0facc05023c4f3ed09c116d452966200a5d04735655
deobfuscated,deobfuscated/scripts/DefineSprite_423/frame_1/DoAction.as,9,3271a793e3f9600314c6b0facc05023c4f3ed09c116d452966200a5d04735655
deobfuscated,deobfuscated/scripts/DefineSprite_425/frame_1/DoAction.as,9,3271a793e3f9600314c6b0facc05023c4f3ed09c116d452966200a5d04735655
deobfuscated,deobfuscated/scripts/DefineSprite_427/frame_1/DoAction.as,9,3271a793e3f9600314c6b0facc05023c4f3ed09c116d452966200a5d04735655
deobfuscated,deobfuscated/scripts/DefineSprite_429/frame_1/DoAction.as,9,3271a793e3f9600314c6b0facc05023c4f3ed09c116d452966200a5d04735655
deobfuscated,deobfuscated/scripts/DefineSprite_431/frame_1/DoAction.as,9,3271a793e3f9600314c6b0facc05023c4f3ed09c116d452966200a5d04735655
deobfuscated,deobfuscated/scripts/DefineSprite_433/frame_1/DoAction.as,9,3271a793e3f9600314c6b0facc05023c4f3ed09c116d452966200a5d04735655
deobfuscated,deobfuscated/scripts/DefineSprite_437/frame_1/DoAction.as,9,3271a793e3f9600314c6b0facc05023c4f3ed09c116d452966200a5d04735655
deobfuscated,deobfuscated/scripts/DefineSprite_439/frame_1/DoAction.as,9,3271a793e3f9600314c6b0facc05023c4f3ed09c116d452966200a5d04735655
deobfuscated,deobfuscated/scripts/DefineSprite_464/frame_1/PlaceObject2_149_DangleFont_1/CLIPACTIONRECORD on(construct).as,172,09b4ea3daca4901e14504b83c9049381243b38f5e7f75e04b406213ef7707b76
deobfuscated,deobfuscated/scripts/DefineSprite_582/frame_1/DoAction.as,9,3271a793e3f9600314c6b0facc05023c4f3ed09c116d452966200a5d04735655
deobfuscated,deobfuscated/scripts/DefineSprite_582/frame_10/DoAction.as,9,3271a793e3f9600314c6b0facc05023c4f3ed09c116d452966200a5d04735655
deobfuscated,deobfuscated/scripts/DefineSprite_586/frame_1/DoAction.as,9,3271a793e3f9600314c6b0facc05023c4f3ed09c116d452966200a5d04735655
deobfuscated,deobfuscated/scripts/DefineSprite_586/frame_10/DoAction.as,9,3271a793e3f9600314c6b0facc05023c4f3ed09c116d452966200a5d04735655
deobfuscated,deobfuscated/scripts/DefineSprite_588/frame_1/PlaceObject2_319_PirateFont_1/CLIPACTIONRECORD on(construct).as,177,98e0fc07fa7cd4c8e4c737775fa7584b2accf550a746c78dcd19514dd4d3e5ac
deobfuscated,deobfuscated/scripts/DefineSprite_589/frame_1/DoAction.as,9,3271a793e3f9600314c6b0facc05023c4f3ed09c116d452966200a5d04735655
deobfuscated,deobfuscated/scripts/DefineSprite_589/frame_10/DoAction.as,9,3271a793e3f9600314c6b0facc05023c4f3ed09c116d452966200a5d04735655
deobfuscated,deobfuscated/scripts/DefineSprite_628/frame_1/PlaceObject2_149_DangleFont_6/CLIPACTIONRECORD on(construct).as,183,02597b6ddaecb5440bce04cfe85e6785eedc5439b2146c51cf03052529e916d2
deobfuscated,deobfuscated/scripts/DefineSprite_628/frame_10/PlaceObject2_149_DangleFont_6/CLIPACTIONRECORD on(construct).as,185,9fece3183c5f2191c1795c8493a584625cd84c0e02a67871a09e7dc302d1f7af
deobfuscated,deobfuscated/scripts/DefineSprite_628/frame_11/PlaceObject2_149_DangleFont_6/CLIPACTIONRECORD on(construct).as,190,9d22d9ccaff8d6348602fc772edd2c9900c63e2a73c982a78a9cd1ed1ba4b348
deobfuscated,deobfuscated/scripts/DefineSprite_628/frame_12/PlaceObject2_149_DangleFont_6/CLIPACTIONRECORD on(construct).as,184,07ca5aacf633987c77180a64f1476041a04d499aa9c10d9a29b3a2e6d81f4e82
deobfuscated,deobfuscated/scripts/DefineSprite_628/frame_13/PlaceObject2_149_DangleFont_6/CLIPACTIONRECORD on(construct).as,183,b3ee917478fc6b2bb67388154077a794df2127de2b52456720f34718abe46886
deobfuscated,deobfuscated/scripts/DefineSprite_628/frame_14/PlaceObject2_149_DangleFont_6/CLIPACTIONRECORD on(construct).as,186,d2b6dc9135e5651c5b5b0c1ad311cb90d22b192cce98e4521106451abef54eec
deobfuscated,deobfuscated/scripts/DefineSprite_628/frame_15/PlaceObject2_149_DangleFont_6/CLIPACTIONRECORD on(construct).as,189,55a68cbe473c95d12e8f8bd05f90ccee5574efce9a3a071e6963c8ec5930b60d
deobfuscated,deobfuscated/scripts/DefineSprite_628/frame_16/PlaceObject2_149_DangleFont_6/CLIPACTIONRECORD on(construct).as,184,13abc6636ff4856d21b7e5875405f12174b4a6efd68b2a3703561a0088c067f6
deobfuscated,deobfuscated/scripts/DefineSprite_628/frame_17/PlaceObject2_149_DangleFont_6/CLIPACTIONRECORD on(construct).as,184,4779d97dc03990212748c81f2412311963bda2b1d36eee8fce05f2bfe71cb981
deobfuscated,deobfuscated/scripts/DefineSprite_628/frame_18/PlaceObject2_149_DangleFont_6/CLIPACTIONRECORD on(construct).as,187,01c8115b7aa9dfb2fa5a41dee9478e1ea2f134c604c8b776ce65ed4ef893b08e
deobfuscated,deobfuscated/scripts/DefineSprite_628/frame_2/PlaceObject2_149_DangleFont_6/CLIPACTIONRECORD on(construct).as,188,3f28195b4d7d3e68c2f3765ed87d4fed66e3bc744854788a02cab903b9ffaf5f
deobfuscated,deobfuscated/scripts/DefineSprite_628/frame_3/PlaceObject2_149_DangleFont_6/CLIPACTIONRECORD on(construct).as,184,cab96b3bad297d4f930f5cb000d48bf7537a62671a61e4741ec017f922796539
deobfuscated,deobfuscated/scripts/DefineSprite_628/frame_4/PlaceObject2_149_DangleFont_6/CLIPACTIONRECORD on(construct).as,185,ded99140be2ae0296fbc0d505a1ee484087733755947e116f7dd2dd57984c2af
deobfuscated,deobfuscated/scripts/DefineSprite_628/frame_5/PlaceObject2_149_DangleFont_6/CLIPACTIONRECORD on(construct).as,189,ddf1c86e6a164d3093d069010526c07ea02de70a215af64c5d00f4723a2b1b17
deobfuscated,deobfuscated/scripts/DefineSprite_628/frame_6/PlaceObject2_149_DangleFont_6/CLIPACTIONRECORD on(construct).as,190,a2ddd48ca59a0cad49f58963261f01219a9f214dc3382fdf57a9a8c6104536d6
deobfuscated,deobfuscated/scripts/DefineSprite_628/frame_7/PlaceObject2_149_DangleFont_6/CLIPACTIONRECORD on(construct).as,186,6e2980a74cc03b480a5db212b1b82eaa6dfe6d76c1d8818c784de70b715ffc27
deobfuscated,deobfuscated/scripts/DefineSprite_628/frame_8/PlaceObject2_149_DangleFont_6/CLIPACTIONRECORD on(construct).as,182,5b8ccedc2003a5569d81ba93b1e95e2dd614283eb3e3cdeb7ab813613b2bd1a6
deobfuscated,deobfuscated/scripts/DefineSprite_628/frame_9/PlaceObject2_149_DangleFont_6/CLIPACTIONRECORD on(construct).as,189,b7a13dfff502b6e9f5116bec66574d3cda3474d1728110dcc55d3152db0fdbe9
deobfuscated,deobfuscated/scripts/DefineSprite_630/frame_1/PlaceObject2_319_PirateFont_1/CLIPACTIONRECORD on(construct).as,177,017e90ae1d3797e71675f40d7b14caa95cb0c39d2a2ff43aed079c4ec61cc007
deobfuscated,deobfuscated/scripts/DefineSprite_631_back_button/frame_1/DoAction.as,9,3271a793e3f9600314c6b0facc05023c4f3ed09c116d452966200a5d04735655
deobfuscated,deobfuscated/scripts/DefineSprite_631_back_button/frame_10/DoAction.as,9,3271a793e3f9600314c6b0facc05023c4f3ed09c116d452966200a5d04735655
deobfuscated,deobfuscated/scripts/DefineSprite_664/frame_1/DoAction.as,9,3271a793e3f9600314c6b0facc05023c4f3ed09c116d452966200a5d04735655
deobfuscated,deobfuscated/scripts/DefineSprite_664/frame_10/DoAction.as,9,3271a793e3f9600314c6b0facc05023c4f3ed09c116d452966200a5d04735655
deobfuscated,deobfuscated/scripts/DefineSprite_664/frame_11/DoAction.as,9,3271a793e3f9600314c6b0facc05023c4f3ed09c116d452966200a5d04735655
deobfuscated,deobfuscated/scripts/DefineSprite_664/frame_12/DoAction.as,9,3271a793e3f9600314c6b0facc05023c4f3ed09c116d452966200a5d04735655
deobfuscated,deobfuscated/scripts/DefineSprite_664/frame_13/DoAction.as,9,3271a793e3f9600314c6b0facc05023c4f3ed09c116d452966200a5d04735655
deobfuscated,deobfuscated/scripts/DefineSprite_664/frame_14/DoAction.as,9,3271a793e3f9600314c6b0facc05023c4f3ed09c116d452966200a5d04735655
deobfuscated,deobfuscated/scripts/DefineSprite_664/frame_15/DoAction.as,9,3271a793e3f9600314c6b0facc05023c4f3ed09c116d452966200a5d04735655
deobfuscated,deobfuscated/scripts/DefineSprite_664/frame_2/DoAction.as,9,3271a793e3f9600314c6b0facc05023c4f3ed09c116d452966200a5d04735655
deobfuscated,deobfuscated/scripts/DefineSprite_664/frame_3/DoAction.as,9,3271a793e3f9600314c6b0facc05023c4f3ed09c116d452966200a5d04735655
deobfuscated,deobfuscated/scripts/DefineSprite_664/frame_4/DoAction.as,9,3271a793e3f9600314c6b0facc05023c4f3ed09c116d452966200a5d04735655
deobfuscated,deobfuscated/scripts/DefineSprite_664/frame_5/DoAction.as,9,3271a793e3f9600314c6b0facc05023c4f3ed09c116d452966200a5d04735655
deobfuscated,deobfuscated/scripts/DefineSprite_664/frame_6/DoAction.as,9,3271a793e3f9600314c6b0facc05023c4f3ed09c116d452966200a5d04735655
deobfuscated,deobfuscated/scripts/DefineSprite_664/frame_7/DoAction.as,9,3271a793e3f9600314c6b0facc05023c4f3ed09c116d452966200a5d04735655
deobfuscated,deobfuscated/scripts/DefineSprite_664/frame_8/DoAction.as,9,3271a793e3f9600314c6b0facc05023c4f3ed09c116d452966200a5d04735655
deobfuscated,deobfuscated/scripts/DefineSprite_664/frame_9/DoAction.as,9,3271a793e3f9600314c6b0facc05023c4f3ed09c116d452966200a5d04735655
deobfuscated,deobfuscated/scripts/DefineSprite_665/frame_1/PlaceObject2_149_DangleFont_1/CLIPACTIONRECORD on(construct).as,175,28009938637b2e648a8534cc8a7e81596353046c713ee58e3a438fe78c0bc57f
deobfuscated,deobfuscated/scripts/DefineSprite_669_level_select_button/frame_1/DoAction.as,9,3271a793e3f9600314c6b0facc05023c4f3ed09c116d452966200a5d04735655
deobfuscated,deobfuscated/scripts/DefineSprite_669_level_select_button/frame_1/PlaceObject2_149_DangleFont_6/CLIPACTIONRECORD on(construct).as,176,cc03aaba86f3a2dcc8bf917ab0bdaabbd656c2ea7368579032aaa58c928cc8ff
deobfuscated,deobfuscated/scripts/DefineSprite_669_level_select_button/frame_10/DoAction.as,9,3271a793e3f9600314c6b0facc05023c4f3ed09c116d452966200a5d04735655
deobfuscated,deobfuscated/scripts/DefineSprite_671/frame_1/PlaceObject2_319_PirateFont_1/CLIPACTIONRECORD on(construct).as,181,7587ee4b593051762dfcdda9b40d8c767695a3a932c00c39f76e8106c74d1e2f
deobfuscated,deobfuscated/scripts/DefineSprite_672_1p_button/frame_1/DoAction.as,9,3271a793e3f9600314c6b0facc05023c4f3ed09c116d452966200a5d04735655
deobfuscated,deobfuscated/scripts/DefineSprite_672_1p_button/frame_10/DoAction.as,9,3271a793e3f9600314c6b0facc05023c4f3ed09c116d452966200a5d04735655
deobfuscated,deobfuscated/scripts/DefineSprite_673/frame_1/PlaceObject2_319_PirateFont_1/CLIPACTIONRECORD on(construct).as,182,bffe79179d56cfa41977323e98a74c3da6bbd54a93b804939205864b1a023a6b
deobfuscated,deobfuscated/scripts/DefineSprite_674_2p_button/frame_1/DoAction.as,9,3271a793e3f9600314c6b0facc05023c4f3ed09c116d452966200a5d04735655
deobfuscated,deobfuscated/scripts/DefineSprite_674_2p_button/frame_10/DoAction.as,9,3271a793e3f9600314c6b0facc05023c4f3ed09c116d452966200a5d04735655
deobfuscated,deobfuscated/scripts/DefineSprite_676_play_button/frame_1/DoAction.as,9,3271a793e3f9600314c6b0facc05023c4f3ed09c116d452966200a5d04735655
deobfuscated,deobfuscated/scripts/DefineSprite_676_play_button/frame_10/DoAction.as,9,3271a793e3f9600314c6b0facc05023c4f3ed09c116d452966200a5d04735655
deobfuscated,deobfuscated/scripts/DefineSprite_677/frame_1/PlaceObject2_319_PirateFont_1/CLIPACTIONRECORD on(construct).as,179,c2f2dbd40f2a2c9ffb97b2115cbe0345c0be37081329a94e193baafb4a44ac2a
deobfuscated,deobfuscated/scripts/DefineSprite_678_scores_button/frame_1/DoAction.as,9,3271a793e3f9600314c6b0facc05023c4f3ed09c116d452966200a5d04735655
deobfuscated,deobfuscated/scripts/DefineSprite_678_scores_button/frame_10/DoAction.as,9,3271a793e3f9600314c6b0facc05023c4f3ed09c116d452966200a5d04735655
deobfuscated,deobfuscated/scripts/DefineSprite_679/frame_1/PlaceObject2_319_PirateFont_1/CLIPACTIONRECORD on(construct).as,177,f7b4d1171b9ba487e69f28afaf116f2833b124f3eda053465f57c3dbb395c72e
deobfuscated,deobfuscated/scripts/DefineSprite_680_help_button/frame_1/DoAction.as,9,3271a793e3f9600314c6b0facc05023c4f3ed09c116d452966200a5d04735655
deobfuscated,deobfuscated/scripts/DefineSprite_680_help_button/frame_10/DoAction.as,9,3271a793e3f9600314c6b0facc05023c4f3ed09c116d452966200a5d04735655
deobfuscated,deobfuscated/scripts/DefineSprite_681/frame_1/PlaceObject2_319_PirateFont_1/CLIPACTIONRECORD on(construct).as,180,fd7ab83a2f088b157b2fa9a0c0d59f6683684458c2bdb6a190fdc3222301453d
deobfuscated,deobfuscated/scripts/DefineSprite_682_credits_button/frame_1/DoAction.as,9,3271a793e3f9600314c6b0facc05023c4f3ed09c116d452966200a5d04735655
deobfuscated,deobfuscated/scripts/DefineSprite_682_credits_button/frame_10/DoAction.as,9,3271a793e3f9600314c6b0facc05023c4f3ed09c116d452966200a5d04735655
deobfuscated,deobfuscated/scripts/DefineSprite_784/frame_1/PlaceObject2_149_DangleFont_1/CLIPACTIONRECORD on(construct).as,349,7b0e838a22eb484b88cb710e5646bd5af50b33202b3cfdbaf3928446a2937527
deobfuscated,deobfuscated/scripts/DefineSprite_787/frame_200/DoAction.as,9,3271a793e3f9600314c6b0facc05023c4f3ed09c116d452966200a5d04735655
deobfuscated,deobfuscated/scripts/DefineSprite_788/frame_1/PlaceObject2_149_DangleFont_1/CLIPACTIONRECORD on(construct).as,238,14834856bbee6c6e02dad29ae65905175068cc8f6be3b0229dd17eb5cf808a94
deobfuscated,deobfuscated/scripts/DefineSprite_789/frame_120/DoAction.as,9,3271a793e3f9600314c6b0facc05023c4f3ed09c116d452966200a5d04735655
deobfuscated,deobfuscated/scripts/DefineSprite_791/frame_1/PlaceObject2_149_DangleFont_1/CLIPACTIONRECORD on(construct).as,194,8587f4726802a3c8057343030d21bd470f874ab06c6879742dceada709294903
deobfuscated,deobfuscated/scripts/DefineSprite_792/frame_200/DoAction.as,9,3271a793e3f9600314c6b0facc05023c4f3ed09c116d452966200a5d04735655
deobfuscated,deobfuscated/scripts/DefineSprite_792/frame_200/PlaceObject2_149_DangleFont_2/CLIPACTIONRECORD on(construct).as,194,8587f4726802a3c8057343030d21bd470f874ab06c6879742dceada709294903
deobfuscated,deobfuscated/scripts/DefineSprite_793/frame_1/PlaceObject2_149_DangleFont_1/CLIPACTIONRECORD on(construct).as,226,4a6f0bd523b9976a8abd67a1c807a2d5891067b3f213a160d557e90dc6d04dd7
deobfuscated,deobfuscated/scripts/DefineSprite_794/frame_200/DoAction.as,9,3271a793e3f9600314c6b0facc05023c4f3ed09c116d452966200a5d04735655
deobfuscated,deobfuscated/scripts/DefineSprite_795/frame_1/PlaceObject2_149_DangleFont_1/CLIPACTIONRECORD on(construct).as,197,65c3bf7e101ac3659ef131e6c084e5f3c0580d216f53432bae015a795f3b09e8
deobfuscated,deobfuscated/scripts/DefineSprite_796/frame_200/DoAction.as,9,3271a793e3f9600314c6b0facc05023c4f3ed09c116d452966200a5d04735655
deobfuscated,deobfuscated/scripts/DefineSprite_798/frame_1/PlaceObject2_319_PirateFont_1/CLIPACTIONRECORD on(construct).as,187,22da4aa87ff895c43e519c8fd4bd25ad8ce15e1c44416885d4b88b65fbea6af3
deobfuscated,deobfuscated/scripts/DefineSprite_799_back to title (congrats)/frame_1/DoAction.as,9,3271a793e3f9600314c6b0facc05023c4f3ed09c116d452966200a5d04735655
deobfuscated,deobfuscated/scripts/DefineSprite_799_back to title (congrats)/frame_10/DoAction.as,9,3271a793e3f9600314c6b0facc05023c4f3ed09c116d452966200a5d04735655
deobfuscated,deobfuscated/scripts/DefineSprite_800/frame_1/DoAction.as,43,81989b5be165836150586add0df883ab34b0ee2614bedbf40cfa82d7cc5ebc3d
deobfuscated,deobfuscated/scripts/DefineSprite_800/frame_1/PlaceObject2_149_DangleFont_8/CLIPACTIONRECORD on(construct).as,183,482f6a0803be5e3fff1c5b94f4c42e087c5f683e1e0d0999f5b022f010c059c6
deobfuscated,deobfuscated/scripts/DefineSprite_800/frame_1/PlaceObject2_149_DangleFont_9/CLIPACTIONRECORD on(construct).as,173,cf0082bec4ee95cee0330c3b6b6767fb206daef83b45ce86ab46a44d9095ae1c
deobfuscated,deobfuscated/scripts/DefineSprite_800/frame_1/PlaceObject2_319_PirateFont_10/CLIPACTIONRECORD on(construct).as,188,a2d0ec458c093e672b2b8aab250caee9ba05127fd0d47a4780f58cb39075ca7b
deobfuscated,deobfuscated/scripts/DefineSprite_801/frame_774/DoAction.as,9,3271a793e3f9600314c6b0facc05023c4f3ed09c116d452966200a5d04735655
deobfuscated,deobfuscated/scripts/DefineSprite_803/frame_1/PlaceObject2_319_PirateFont_1/CLIPACTIONRECORD on(construct).as,179,9157f68fc0188e659820e6fbd1cb756eb75ac506e09b31937679c138d479286a
deobfuscated,deobfuscated/scripts/DefineSprite_804_submit_button2/frame_1/DoAction.as,9,3271a793e3f9600314c6b0facc05023c4f3ed09c116d452966200a5d04735655
deobfuscated,deobfuscated/scripts/DefineSprite_804_submit_button2/frame_10/DoAction.as,9,3271a793e3f9600314c6b0facc05023c4f3ed09c116d452966200a5d04735655
deobfuscated,deobfuscated/scripts/DefineSprite_804_submit_button2/frame_19/DoAction.as,9,3271a793e3f9600314c6b0facc05023c4f3ed09c116d452966200a5d04735655
deobfuscated,deobfuscated/scripts/DefineSprite_805/frame_1/PlaceObject2_319_PirateFont_1/CLIPACTIONRECORD on(construct).as,178,3566e79ef566f3e6e93d8e72495b1c487011e81dd78a04a205a7403389ae9538
deobfuscated,deobfuscated/scripts/DefineSprite_806_clear_button/frame_1/DoAction.as,9,3271a793e3f9600314c6b0facc05023c4f3ed09c116d452966200a5d04735655
deobfuscated,deobfuscated/scripts/DefineSprite_806_clear_button/frame_10/DoAction.as,9,3271a793e3f9600314c6b0facc05023c4f3ed09c116d452966200a5d04735655
deobfuscated,deobfuscated/scripts/DefineSprite_808/frame_1/PlaceObject2_319_PirateFont_1/CLIPACTIONRECORD on(construct).as,173,b6bde122bc8d8a98e3f21a4f37607c14c5e203e194dd2354d0af7e6cd6cdafa9
deobfuscated,deobfuscated/scripts/DefineSprite_809_letter_button_a/frame_1/DoAction.as,9,3271a793e3f9600314c6b0facc05023c4f3ed09c116d452966200a5d04735655
deobfuscated,deobfuscated/scripts/DefineSprite_809_letter_button_a/frame_5/DoAction.as,9,3271a793e3f9600314c6b0facc05023c4f3ed09c116d452966200a5d04735655
deobfuscated,deobfuscated/scripts/DefineSprite_812/frame_1/PlaceObject2_319_PirateFont_1/CLIPACTIONRECORD on(construct).as,189,47d69e5ec3982170659895fd1c0b271fdc93049179795776660c0294d18f1e83
deobfuscated,deobfuscated/scripts/DefineSprite_813/frame_1/DoAction.as,9,3271a793e3f9600314c6b0facc05023c4f3ed09c116d452966200a5d04735655
deobfuscated,deobfuscated/scripts/DefineSprite_813/frame_15/DoAction.as,47,23c95a32f95bf45608ba70aa7e7f35492eec8a50f1f2d4cad3f6fc73520bc84c
deobfuscated,deobfuscated/scripts/DefineSprite_818_score_submit_panel/frame_1/DoAction.as,9,3271a793e3f9600314c6b0facc05023c4f3ed09c116d452966200a5d04735655
deobfuscated,deobfuscated/scripts/DefineSprite_818_score_submit_panel/frame_1/PlaceObject2_149_DangleFont_8/CLIPACTIONRECORD on(construct).as,189,0fad7d36099caa4b66b585d23fc54288c2cb8efca56b0a4857ce7a972fa5e4e3
deobfuscated,deobfuscated/scripts/DefineSprite_818_score_submit_panel/frame_1/PlaceObject2_149_DangleFont_9/CLIPACTIONRECORD on(construct).as,174,cc9c20a040ecf0ee61512beee10d958e17f28b5f00fe90087abe8d45905c290a
deobfuscated,deobfuscated/scripts/DefineSprite_818_score_submit_panel/frame_10/DoAction.as,9,3271a793e3f9600314c6b0facc05023c4f3ed09c116d452966200a5d04735655
deobfuscated,deobfuscated/scripts/DefineSprite_818_score_submit_panel/frame_10/PlaceObject2_149_DangleFont_2/CLIPACTIONRECORD on(construct).as,214,fd453659f88f48dc696e1a1568a74358c88a53d1ce6962635e3ce6e40e2b7398
deobfuscated,deobfuscated/scripts/DefineSprite_818_score_submit_panel/frame_10/PlaceObject2_149_DangleFont_3/CLIPACTIONRECORD on(construct).as,202,587a6971597ecf4236cf040eefe5169667d265ec96bb77cf027d063b3af395d8
deobfuscated,deobfuscated/scripts/DefineSprite_820/frame_1/PlaceObject2_319_PirateFont_1/CLIPACTIONRECORD on(construct).as,177,b5748a0f47f0c923f29774223dff95ee8d993c9f999d197e7e718cb099c508ae
deobfuscated,deobfuscated/scripts/DefineSprite_821_next_arrow_button/frame_1/DoAction.as,9,3271a793e3f9600314c6b0facc05023c4f3ed09c116d452966200a5d04735655
deobfuscated,deobfuscated/scripts/DefineSprite_821_next_arrow_button/frame_10/DoAction.as,9,3271a793e3f9600314c6b0facc05023c4f3ed09c116d452966200a5d04735655
deobfuscated,deobfuscated/scripts/DefineSprite_822/frame_1/PlaceObject2_319_PirateFont_1/CLIPACTIONRECORD on(construct).as,177,edabb9e52c5b4d880ab90933fdc9676fec74d3e74a1c5803aead2118e817c4fb
deobfuscated,deobfuscated/scripts/DefineSprite_823_arrow_button/frame_1/DoAction.as,9,3271a793e3f9600314c6b0facc05023c4f3ed09c116d452966200a5d04735655
deobfuscated,deobfuscated/scripts/DefineSprite_823_arrow_button/frame_10/DoAction.as,9,3271a793e3f9600314c6b0facc05023c4f3ed09c116d452966200a5d04735655
deobfuscated,deobfuscated/scripts/DefineSprite_824_score_line/frame_1/PlaceObject2_149_DangleFont_1/CLIPACTIONRECORD on(construct).as,176,bda827d8e3e87accc7dc6bca758054542da00fd5bea515a5979db145523ce92e
deobfuscated,deobfuscated/scripts/DefineSprite_824_score_line/frame_1/PlaceObject2_149_DangleFont_2/CLIPACTIONRECORD on(construct).as,177,8f717c65dcb27e1f9dfba0bdb77188c29e0f9360b28ca335e5fbd4b7bae376cf
deobfuscated,deobfuscated/scripts/DefineSprite_824_score_line/frame_1/PlaceObject2_149_DangleFont_3/CLIPACTIONRECORD on(construct).as,179,74b8241662ea53304ba0bc213b9f3ab7a53f107830d86b03ed2cde3df9cfd17d
deobfuscated,deobfuscated/scripts/DefineSprite_826/frame_1/PlaceObject2_319_PirateFont_1/CLIPACTIONRECORD on(construct).as,180,506a0945ad1b2ac9df4f5e4de5617b2344c64ef27c94870209a4054795cb837f
deobfuscated,deobfuscated/scripts/DefineSprite_828_hiscore_board/frame_1/DoAction.as,9,3271a793e3f9600314c6b0facc05023c4f3ed09c116d452966200a5d04735655
deobfuscated,deobfuscated/scripts/DefineSprite_828_hiscore_board/frame_10/DoAction.as,9,def945151f8ef0b76625ef9e76fdb08c9ca249c12f1068d4090861a554bfa155
deobfuscated,deobfuscated/scripts/DefineSprite_828_hiscore_board/frame_35/DoAction.as,9,3271a793e3f9600314c6b0facc05023c4f3ed09c116d452966200a5d04735655
deobfuscated,deobfuscated/scripts/DefineSprite_828_hiscore_board/frame_36/DoAction.as,9,3271a793e3f9600314c6b0facc05023c4f3ed09c116d452966200a5d04735655
deobfuscated,deobfuscated/scripts/DefineSprite_828_hiscore_board/frame_36/PlaceObject2_149_DangleFont_1/CLIPACTIONRECORD on(construct).as,214,fd453659f88f48dc696e1a1568a74358c88a53d1ce6962635e3ce6e40e2b7398
deobfuscated,deobfuscated/scripts/DefineSprite_828_hiscore_board/frame_36/PlaceObject2_149_DangleFont_2/CLIPACTIONRECORD on(construct).as,202,587a6971597ecf4236cf040eefe5169667d265ec96bb77cf027d063b3af395d8
deobfuscated,deobfuscated/scripts/DefineSprite_835_lock/frame_2/DoAction.as,9,3271a793e3f9600314c6b0facc05023c4f3ed09c116d452966200a5d04735655
deobfuscated,deobfuscated/scripts/DefineSprite_866_cannonSmokeTrail/frame_19/DoAction.as,15,b980f3b447d6f23ef6d66c81cc8e6c7181bb6b522a859f1d5134d982331af07a
deobfuscated,deobfuscated/scripts/DefineSprite_881_dynamite/frame_5/DoAction.as,26,c98ef828d5e231bc9e8e1aad17c0422b4e53462b4b748aada1f8d3736c797ea8
deobfuscated,deobfuscated/scripts/DefineSprite_881_dynamite/frame_6/DoAction.as,14,c9bb4838d79a92f91edcb5c331dbda815d2dd0c0936105691e1d0d57e9a02843
deobfuscated,deobfuscated/scripts/DefineSprite_905_sweepingFlame/frame_11/DoAction.as,15,b980f3b447d6f23ef6d66c81cc8e6c7181bb6b522a859f1d5134d982331af07a
deobfuscated,deobfuscated/scripts/DefineSprite_905_sweepingFlame/frame_4/DoAction.as,18,9f5cb534266704334e3947450bf21a32e7c020902d29e52f6145226aabae9094
deobfuscated,deobfuscated/scripts/DefineSprite_939_parachuteBomb/frame_1/DoAction.as,9,3271a793e3f9600314c6b0facc05023c4f3ed09c116d452966200a5d04735655
deobfuscated,deobfuscated/scripts/DefineSprite_939_parachuteBomb/frame_11/DoAction.as,9,def945151f8ef0b76625ef9e76fdb08c9ca249c12f1068d4090861a554bfa155
deobfuscated,deobfuscated/scripts/DefineSprite_939_parachuteBomb/frame_30/DoAction.as,27,d1ecad6a595822480822ba4eadcebe8c5c2d09ac5adff6fdebaefba88a89ea2d
deobfuscated,deobfuscated/scripts/DefineSprite_958/frame_8/DoAction.as,9,3271a793e3f9600314c6b0facc05023c4f3ed09c116d452966200a5d04735655
deobfuscated,deobfuscated/scripts/DefineSprite_965_woodenCrate/frame_1/DoAction.as,9,3271a793e3f9600314c6b0facc05023c4f3ed09c116d452966200a5d04735655
deobfuscated,deobfuscated/scripts/DefineSprite_965_woodenCrate/frame_18/DoAction.as,24,8371dc64007ebc5b20074c63110ffcacd932b781d82080c92a6268e0e8204b74
deobfuscated,deobfuscated/scripts/DefineSprite_968_gunpowderBarrel/frame_1/DoAction.as,9,3271a793e3f9600314c6b0facc05023c4f3ed09c116d452966200a5d04735655
deobfuscated,deobfuscated/scripts/DefineSprite_968_gunpowderBarrel/frame_12/DoAction.as,24,8371dc64007ebc5b20074c63110ffcacd932b781d82080c92a6268e0e8204b74
deobfuscated,deobfuscated/scripts/DefineSprite_982_seagull/frame_9/DoAction.as,29,5be28d2e4d023d598b222afe96b7f6b67fbb7671394e88828fd093e8e5189d76
deobfuscated,deobfuscated/scripts/DoInitAction.as,257,ae58c6d89000d4c6eacf9f47cfb8e37908c97024ab811be5683e2974ae9f0420
deobfuscated,deobfuscated/scripts/finish turn button.as,89,35bb087384382ae53e7690f42e98c48bd065eea5e303fbb27ae357fe9374b8d2
deobfuscated,deobfuscated/scripts/FocusManager.as,72,bfe206371a96a42b14b09ba9acb3fa9693ea25154488898a16aca218182e3c6e
deobfuscated,deobfuscated/scripts/FocusRect.as,68,78a9fd533bc4922b24e3752410889a044ae132d095031742af0938636a47ef33
deobfuscated,deobfuscated/scripts/frame_101/DoAction.as,37,c2db399cd2233e1364ed2160ad23e0b78a59d1465db5b93b171aea9cc14871b1
deobfuscated,deobfuscated/scripts/frame_101/PlaceObject2_319_PirateFont_36/CLIPACTIONRECORD on(construct).as,185,8e001971529bb0920511c37b00b7da891ffe8a299976fe607402d164786e4f6f
deobfuscated,deobfuscated/scripts/frame_111/DoAction.as,149,25491bd92d07685916ab6a35fe4b1b6120c64f4c34877cb7a0305f2545a4c789
deobfuscated,deobfuscated/scripts/frame_111/PlaceObject2_149_DangleFont_40/CLIPACTIONRECORD on(construct).as,176,d4e3ee1d57f120c36c2ca8718b3aa71227082e824df3843a1b355e787a179a42
deobfuscated,deobfuscated/scripts/frame_111/PlaceObject2_149_DangleFont_43/CLIPACTIONRECORD on(construct).as,175,a3d38cdc2605413b7bd762f6a377817ae4e6d9af5742978ee86c44b5951220f3
deobfuscated,deobfuscated/scripts/frame_111/PlaceObject2_149_DangleFont_44/CLIPACTIONRECORD on(construct).as,175,a3d38cdc2605413b7bd762f6a377817ae4e6d9af5742978ee86c44b5951220f3
deobfuscated,deobfuscated/scripts/frame_121/DoAction.as,102,9b70322127cf82b7c8fd6e4b38a6b2a556843ff8de029546589ee5111693dc93
deobfuscated,deobfuscated/scripts/frame_121/PlaceObject2_319_PirateFont_211/CLIPACTIONRECORD on(construct).as,180,506a0945ad1b2ac9df4f5e4de5617b2344c64ef27c94870209a4054795cb837f
deobfuscated,deobfuscated/scripts/frame_131/DoAction.as,9,3271a793e3f9600314c6b0facc05023c4f3ed09c116d452966200a5d04735655
deobfuscated,deobfuscated/scripts/frame_2/DoAction.as,4945,a993b84aa8c59db7db033081acc033362082a4e20d7fc469da43de8c1688c9db
deobfuscated,deobfuscated/scripts/frame_21/DoAction.as,9,3271a793e3f9600314c6b0facc05023c4f3ed09c116d452966200a5d04735655
deobfuscated,deobfuscated/scripts/frame_3/DoAction.as,9,3271a793e3f9600314c6b0facc05023c4f3ed09c116d452966200a5d04735655
deobfuscated,deobfuscated/scripts/frame_31/DoAction.as,9,3271a793e3f9600314c6b0facc05023c4f3ed09c116d452966200a5d04735655
deobfuscated,deobfuscated/scripts/frame_40/DoAction.as,63,d05e658aed2ca4a7a3ffeca432cdc415c34d17fc342515043ce342e4e38afdba
deobfuscated,deobfuscated/scripts/frame_41/DoAction.as,37,c2db399cd2233e1364ed2160ad23e0b78a59d1465db5b93b171aea9cc14871b1
deobfuscated,deobfuscated/scripts/frame_51/DoAction.as,9,3271a793e3f9600314c6b0facc05023c4f3ed09c116d452966200a5d04735655
deobfuscated,deobfuscated/scripts/frame_51/PlaceObject2_149_DangleFont_129/CLIPACTIONRECORD on(construct).as,184,b501f3dcfc375aac69f3a44606909c929de2ca6c5a013b565c1a3a042eeeab27
deobfuscated,deobfuscated/scripts/frame_51/PlaceObject2_149_DangleFont_131/CLIPACTIONRECORD on(construct).as,183,63a3e8e345c9523a1ed0f42eeb930ac82ff3f748c1a3f6bd198c6487647c808c
deobfuscated,deobfuscated/scripts/frame_51/PlaceObject2_149_DangleFont_133/CLIPACTIONRECORD on(construct).as,183,00bc0201248d1843190613b696bab325753dab597765dd1c869feae8e7210877
deobfuscated,deobfuscated/scripts/frame_51/PlaceObject2_149_DangleFont_134/CLIPACTIONRECORD on(construct).as,191,32e377c84b7a43d12d437cbf60e7f6592049a95d66665e5f7fd41fec52b8f13f
deobfuscated,deobfuscated/scripts/frame_51/PlaceObject2_149_DangleFont_136/CLIPACTIONRECORD on(construct).as,192,f690a8ae2818c51d883e9cf48c0cdf4c1850a1e90e692655e8b93fe0872666d3
deobfuscated,deobfuscated/scripts/frame_51/PlaceObject2_149_DangleFont_140/CLIPACTIONRECORD on(construct).as,205,2190803402667eafbc35b3861a973ac74f9368eccab3ba6665ace908a07145da
deobfuscated,deobfuscated/scripts/frame_51/PlaceObject2_319_PirateFont_130/CLIPACTIONRECORD on(construct).as,178,4696bce197ce8335661e57faedc30a87f4563ecd61f808e256503f08008e348a
deobfuscated,deobfuscated/scripts/frame_51/PlaceObject2_319_PirateFont_132/CLIPACTIONRECORD on(construct).as,180,b323e58fa8b5866967cdbc06409f2a7a3ef60f9f6a18e81c35f538896afc43f0
deobfuscated,deobfuscated/scripts/frame_51/PlaceObject2_319_PirateFont_135/CLIPACTIONRECORD on(construct).as,184,3b6e29e2f1cfff3c112c0371f49e8c8edfebcc2c68c21fe0f373cb7379ebb213
deobfuscated,deobfuscated/scripts/frame_51/PlaceObject2_319_PirateFont_36/CLIPACTIONRECORD on(construct).as,180,fd7ab83a2f088b157b2fa9a0c0d59f6683684458c2bdb6a190fdc3222301453d
deobfuscated,deobfuscated/scripts/frame_61/DoAction.as,9,3271a793e3f9600314c6b0facc05023c4f3ed09c116d452966200a5d04735655
deobfuscated,deobfuscated/scripts/frame_61/PlaceObject2_319_PirateFont_36/CLIPACTIONRECORD on(construct).as,177,f7b4d1171b9ba487e69f28afaf116f2833b124f3eda053465f57c3dbb395c72e
deobfuscated,deobfuscated/scripts/frame_71/DoAction.as,9,3271a793e3f9600314c6b0facc05023c4f3ed09c116d452966200a5d04735655
deobfuscated,deobfuscated/scripts/frame_71/PlaceObject2_319_PirateFont_36/CLIPACTIONRECORD on(construct).as,179,c2f2dbd40f2a2c9ffb97b2115cbe0345c0be37081329a94e193baafb4a44ac2a
deobfuscated,deobfuscated/scripts/frame_81/DoAction.as,9,3271a793e3f9600314c6b0facc05023c4f3ed09c116d452966200a5d04735655
deobfuscated,deobfuscated/scripts/frame_81/PlaceObject2_319_PirateFont_36/CLIPACTIONRECORD on(construct).as,188,f8222a5f2af3ea2fe3d9c444b2f9ef43e6ec201b28bbc2f942ab57ee70146953
deobfuscated,deobfuscated/scripts/frame_91/DoAction.as,37,c2db399cd2233e1364ed2160ad23e0b78a59d1465db5b93b171aea9cc14871b1
deobfuscated,deobfuscated/scripts/frame_91/PlaceObject2_149_DangleFont_49/CLIPACTIONRECORD on(construct).as,251,d12301983ff2e8f70ac5f2bea825f6b1c19ca070c8d70f418db9d6601909f9c4
deobfuscated,deobfuscated/scripts/frame_91/PlaceObject2_319_PirateFont_36/CLIPACTIONRECORD on(construct).as,184,0df4db7c522c920905ca77299c698ce36e05058f109d09fd896fca4acef4561f
deobfuscated,deobfuscated/scripts/help_button.as,77,f37bd2db329b7f9ce463046228b2f8f283202397182ebbd150f620066b916a6c
deobfuscated,deobfuscated/scripts/hiscore_board.as,83,0a364087ef3af8202fc3d56e68374822e2dc309142a6243f085e0a918fa30d84
deobfuscated,deobfuscated/scripts/ingame text area.as,83,4536eef98ae489509539038e137624bbcff9af999268d2ced006c77224d65a2c
deobfuscated,deobfuscated/scripts/letter_button_a.as,85,4d1f5853ccc0f2900b1f797f1fd554f00fde7f8f58f1311887b25a19197d643f
deobfuscated,deobfuscated/scripts/level_select_2p.as,84,e1751cc91b347816bb952c194d32a7ac42b0ac3b546f8c828f6adbae41fdcc04
deobfuscated,deobfuscated/scripts/level_select_button.as,92,e512d8f77ac6e7f8c7a5dd7d8d54fbed6744bf449709b009c7f0d9235042dddf
deobfuscated,deobfuscated/scripts/lock.as,61,1a50f70296f92531dcfb3b9d0ab182ea035eb241571964b72e37e207e899dadb
deobfuscated,deobfuscated/scripts/menu_background_anim.as,93,154d0cca0ffd9562e7b1ba8afc747fe013b10de422ea6ea1fa83a7bf3ee5d018
deobfuscated,deobfuscated/scripts/music controller.as,84,253d8416a1181122d8475ef142024dfae148307d665115b373cbf6eafc3feab1
deobfuscated,deobfuscated/scripts/music toggle button.as,83,bec1da84632fa6e3349f191c47ef4fceb21713a6ca84e5720c91b2bde22d54e6
deobfuscated,deobfuscated/scripts/next_arrow_button.as,86,4774fc1ec78364882fd5f4a115b81123afa16aff30eb028e4fe64eb8e7ae2db7
deobfuscated,deobfuscated/scripts/next_level.as,81,ccfbd451a7e20badc60b89735ba3b6dfbed3eefb24471920597fb29980c975a8
deobfuscated,deobfuscated/scripts/PirateFont.as,88,8922dd21032e175aedd79634b33eeff7712cada075bce2f12d3c4c898409b444
deobfuscated,deobfuscated/scripts/play_button.as,77,3ccc1ca1707055a6d3163898748ef56e0fe9a8291fe865b725af927f2072ee27
deobfuscated,deobfuscated/scripts/popup.as,69,8d6f024cb33918b7413a0b26e27bd07019abd5fd332c39be748f12da939cf0f5
deobfuscated,deobfuscated/scripts/preloader.as,71,050ba023b8c1c5172ce194595648572ed82f5b7bdec3f53d11e9ab341138b779
deobfuscated,deobfuscated/scripts/quit level button.as,86,444187bb7f7c30a012673ab5d580ec5bfef6c2f27bd6f09942adf95efeb91575
deobfuscated,deobfuscated/scripts/restart_level.as,87,4fb17df9b9dd5f947baefb1200f41222aa7ceebf4efdb857a8931eece08899d3
deobfuscated,deobfuscated/scripts/score_line.as,79,a468b22f8dbe8e15f28259262273fe53b751cb63772c9eb7ac53ffe1f4beb563
deobfuscated,deobfuscated/scripts/score_submit_panel.as,92,540c19913b58b12278e4849158f1674d269958a203d77c76ea8d04df0ddc8ff5
deobfuscated,deobfuscated/scripts/scores_button.as,81,e09cff2baaa8512b3b435d3916baa24d454052c7ec62074f82d4c9938ee6fd16
deobfuscated,deobfuscated/scripts/sfx toggle button.as,78,2388e15505b07351b11ac33210a6404d2329132988ac4b0bd5da3500d6879333
deobfuscated,deobfuscated/scripts/sfx_manager.as,74,5188700977b852021aef700896797e1d635a2c6bd7dc562140ca1b9b84356aab
deobfuscated,deobfuscated/scripts/submit_button2.as,84,d0d62d2276f27d4f18d39cdb2fca7e08bd9801c9755cd845d122075f16fc856e
deobfuscated,deobfuscated/scripts/submit_score.as,85,bca38091538347b1a1a08df2f03455b6fa8d439b5b9a36cbb475d71ce8df5e9b
deobfuscated,deobfuscated/scripts/transition_tween.as,84,d0a92533bf42feb020fabf73755f9d136f5deeff0b1aaefee4fd2c0c941fc854
deobfuscated,deobfuscated/scripts/UIComponent.as,66,223624ac045d45cca0bca5a9a3d24843f24cba2ae37e75eaac05a3b2662d191f
deobfuscated,deobfuscated/scripts/UIComponentExtensions.as,90,b08eab905dfca5e107ab0eaa3714a817227644e3a58081a12a8a4186cb083c13
deobfuscated,deobfuscated/scripts/UIObject.as,60,504803da8e67f5f8b1598d36312498156108b952db88020391861a0aaccf0ff0
deobfuscated,deobfuscated/scripts/UIObjectExtensions.as,84,8d167bbbdbcde4f769aa2df0a747fde6c3f9862167b14e55b1c204a9db506db3
deobfuscated,deobfuscated/scripts/weapon select.as,83,9a8a58b236f4601578fc5fb7c29d885a028bb44e50191e2218b8244592cc4d01
deobfuscated,deobfuscated/scripts/weapons button copy.as,90,eb8e0aeb079750512224bf30e05b8b1add5ff96c34ca254966dc0f92cbab378a
deobfuscated,deobfuscated/scripts/weapons icon.as,83,b657181bb140d6733caa7899264769a8eca1757a8c4c6922298faa2922eb81bc
pcode,pcode/scripts/1p_button.pcode,434,ecb7d3e5e9575f81e19b6d7acccf283651e6353ce4acb87ae79c9ea422de4b29
pcode,pcode/scripts/2p_button.pcode,434,7f8860f23a86dffa0f6e226701ff416119c5cb2b61fca19960886d913697b194
pcode,pcode/scripts/__Packages/com/nitrome/buttons/BackButton.pcode,19559,60105190498a44fee8b87251c842b0f8af57a37fa478521ebfbeed4ba55cc54a
pcode,pcode/scripts/__Packages/com/nitrome/buttons/CongratulationsButton.pcode,69064,4bac36ea42cfce378659066fa164f2ac7cd321ab8065cf887758c2af0e3a6756
pcode,pcode/scripts/__Packages/com/nitrome/buttons/ContinueGameButton.pcode,11489,e927c010a87f0b23b9657091223835b5203058a2389b2ca882073ad4d07e7b84
pcode,pcode/scripts/__Packages/com/nitrome/buttons/CreditsButton.pcode,25533,afa9f89f4a546def986c4a96898cf13310c5a86e6162b2b22146b8810a3392b7
pcode,pcode/scripts/__Packages/com/nitrome/buttons/HelpButton.pcode,57985,758bc45ba1dd444fe9401b899636ff7016388e4323ba1936091dbe61cbdfad1e
pcode,pcode/scripts/__Packages/com/nitrome/buttons/LevelSelect2p.pcode,55120,5006cc51cc54729bc0173fa63a8dae9b2e0ebbfac70349dd53062b5769cbec25
pcode,pcode/scripts/__Packages/com/nitrome/buttons/LevelSelectButton.pcode,24673,7c5d3fc11f08e1806905c6021f5db26472d321577667d300ff9d4d1d85b1b585
pcode,pcode/scripts/__Packages/com/nitrome/buttons/NextLevelButton.pcode,59770,e318bfa4ef18b9307fb23785507b6bd6cc51457c94f6a6b42c8fab1d02c155fe
pcode,pcode/scripts/__Packages/com/nitrome/buttons/OnePlayerButton.pcode,62396,d7e93dfb4819e8636250408ca9753bf0a782a7c32a71c39aba259c95909a3430
pcode,pcode/scripts/__Packages/com/nitrome/buttons/PlayButton.pcode,11267,15a0e43244325ea14138bc4c0ffab7067634b55205a7907a816f7d5d695faec9
pcode,pcode/scripts/__Packages/com/nitrome/buttons/QuitGameButton.pcode,16651,3fa007544bb0e97ae8836cf246e3c34d715986dd2a1bcae7a9d34d2a77f394fe
pcode,pcode/scripts/__Packages/com/nitrome/buttons/RestartLevelButton.pcode,47569,e5e3f8fe3d7a5e9e5256082706e2e8185978a72ee67125d6476f16eeed31d061
pcode,pcode/scripts/__Packages/com/nitrome/buttons/ScoresButton.pcode,12901,d86967f8aa49064c827bce6b5c3a2dcc3a808868cd0d1014d85c865090325e79
pcode,pcode/scripts/__Packages/com/nitrome/buttons/SimpleButton.pcode,39257,8c479a7ab7f43f3827815d312020b8c2e1542e7007a18179736b9c72c0aa32e8
pcode,pcode/scripts/__Packages/com/nitrome/buttons/SubmitScoreButton.pcode,16819,70f7c06de81c00a29adb692c80ddf0062f2d611f355a2fd422516b7a90470c40
pcode,pcode/scripts/__Packages/com/nitrome/buttons/TwoPlayerButton.pcode,15487,f5983a434fa13cd9851a83860465c8b8dffddf70f5da519fabe406fa604e1a18
pcode,pcode/scripts/__Packages/com/nitrome/game/CancelPlayerButton.pcode,22140,8f6719886663a223136b3922dd368403ab024d144b20652224475a1fe32da759
pcode,pcode/scripts/__Packages/com/nitrome/game/CancelWeaponButton.pcode,23493,5d17660b671f9ebfb429fbe7cbfcb2942f3665057c170303831d05c544690a2c
pcode,pcode/scripts/__Packages/com/nitrome/game/CornerQuitButton.pcode,40223,8ea038a78bd07141b5a4cfd979ef40bd630b1b90c0d48722c1556efd694fbf36
pcode,pcode/scripts/__Packages/com/nitrome/game/FxToggle.pcode,15068,fa936f6c57225fb961acb8b4b58415f0b0ce92e0c96e8edfaf66f14ae2bbd684
pcode,pcode/scripts/__Packages/com/nitrome/game/IngamePopup.pcode,32626,6ff1a93175d9cce34f648ce44076d1eb114f0f75fbe5fd97c6bb4b7b099a0ae1
pcode,pcode/scripts/__Packages/com/nitrome/game/IngameTextArea.pcode,14015,9f2f86d6b01d27366bb87f785f6964ea39105542807cf8f2efc9a58fe18860ba
pcode,pcode/scripts/__Packages/com/nitrome/game/MusicController.pcode,20580,bde68fef7d1d5543cf25a28e4a890f826c9fdc2b8a1fab455170484edd370c46
pcode,pcode/scripts/__Packages/com/nitrome/game/MusicToggle.pcode,16877,4c21bf774316d192fad473df2b60fd5599f018b8870c401e5d9e7cc07e2ae17c
pcode,pcode/scripts/__Packages/com/nitrome/game/Preloader.pcode,20234,6382ba40541450de56015c91c4f51c28ed5e171f89afb80ab06fe2784b7b474f
pcode,pcode/scripts/__Packages/com/nitrome/game/SfxManager.pcode,27608,4a70aee9ca2c3f7124bbdab1d45e30a37ab41ce8244973c1db925ad5eb048661
pcode,pcode/scripts/__Packages/com/nitrome/game/SimpleButton.pcode,20130,f36df42112632b807011e4adc88d181a2124feafda485ccd92415d1117c7145b
pcode,pcode/scripts/__Packages/com/nitrome/game/TransitionTween.pcode,40694,994eaff43cb93039f16c0e6e67230935bb1a4ec9ecdd0d8a657474855006349e
pcode,pcode/scripts/__Packages/com/nitrome/game/WeaponSelectButton.pcode,80988,135822faefd9bdca63a9c9a97ee7a0d34c5f8a813aba7a68e9775c4644fa217a
pcode,pcode/scripts/__Packages/com/nitrome/game/WeaponSelectPanel.pcode,14209,8f270d35da321196472fbf951c05e64b07220346cd50501a8be810627656623f
pcode,pcode/scripts/__Packages/com/nitrome/highscore/ArrowButton.pcode,50671,2dc43f6388c1e9ce6b7f4159abda8a210e741e19fcbcc8c7999dfebe57b89b09
pcode,pcode/scripts/__Packages/com/nitrome/highscore/ClearButton.pcode,11444,9cb2209e471176ea9802b257747e4894a635301967e8e1b295136fd85f06b506
pcode,pcode/scripts/__Packages/com/nitrome/highscore/HiscoreBoard.pcode,46646,b30af43b601b23385fdd8c6b61b4544f8b14546da54cf954b64f80d64ad76bb0
pcode,pcode/scripts/__Packages/com/nitrome/highscore/HiscoreLine.pcode,14479,df85c2f68b71c6d8a9f27a765b6562227dfd3af36e11873dcb31658dbf3e1769
pcode,pcode/scripts/__Packages/com/nitrome/highscore/LetterButton.pcode,16971,30dc7cffcaea5495b59d4f012a2d45ce4a2690c16749e92dded3ff81f10a25a0
pcode,pcode/scripts/__Packages/com/nitrome/highscore/ScoreSubmitPanel.pcode,15646,637eb11735d57179cf6ef2f00ceab899db32969915ec317d806309e0fed065c0
pcode,pcode/scripts/__Packages/com/nitrome/highscore/SubmitButton.pcode,85344,360866ffe933510c8e4a8304cff92eb0d2180a8ffb240fb095dff479d300a481
pcode,pcode/scripts/__Packages/com/nitrome/pirate/MenuBackgroundAnim.pcode,14470,84378cadbd50e47d3caad7a8629a37e34ac8281d08be7aa08eb0f23a1afab80a
pcode,pcode/scripts/__Packages/com/nitrome/throwgame/Anchor.pcode,34710,d5356225f8874cbf78b6f9551e53f8ee5bdf384281eee3259f227dd36effa39b
pcode,pcode/scripts/__Packages/com/nitrome/throwgame/Banana.pcode,140744,f45b014452a085cd9e0046a96c7b047a30ba6f7a02d604f1e1bf6118faf7e91e
pcode,pcode/scripts/__Packages/com/nitrome/throwgame/Boulder.pcode,58577,29eade5bf8e1bc7cc03854333a94504662d208111175ba60a92ccb3e01db9824
pcode,pcode/scripts/__Packages/com/nitrome/throwgame/BoxWeapon.pcode,123522,0b8268a2e6fd24fc27231d4c2a2ef28078592fa6d65fc74e988f76530b4299ed
pcode,pcode/scripts/__Packages/com/nitrome/throwgame/Cannon.pcode,45677,891486f5d3c3ff193f3406c08dc15970153f7e5f99428ee452cd589dd624a571
pcode,pcode/scripts/__Packages/com/nitrome/throwgame/Cannonball.pcode,49243,2e30f814f57b9cecd2f7d44b355d3e19424b1ec4aae794c84aa36277f3ddf7be
pcode,pcode/scripts/__Packages/com/nitrome/throwgame/Character.pcode,124123,5a18463bc78d3fdfccc3738f43db4ed608f4c74877dfba25d485b0e8c08962a1
pcode,pcode/scripts/__Packages/com/nitrome/throwgame/CherryBomb.pcode,15273,0247749dbb174545eef7876cfd92489356322c32395d982ae2dc0124ea17b4c7
pcode,pcode/scripts/__Packages/com/nitrome/throwgame/Controller.pcode,81880,be46cd4d8dc8a00b2d1d732ec27130c1e889886a11476c3163681c83ad885dd2
pcode,pcode/scripts/__Packages/com/nitrome/throwgame/Debris.pcode,50395,dfa2ceb42078a6100bdf0359c7c403f7990c73d25f47df7ed0c03bb9f78878fb
pcode,pcode/scripts/__Packages/com/nitrome/throwgame/Dynamite.pcode,45729,7a33627c4fc22074c241512423b543364e36140fdbbeac21700e9c5fb40c439c
pcode,pcode/scripts/__Packages/com/nitrome/throwgame/Explosion.pcode,44125,ce0790f8f4a15a9d80f19f77def2a5eaf9ac3776d0eb05fd6a8bb8d76ebba4dd
pcode,pcode/scripts/__Packages/com/nitrome/throwgame/GunpowderBarrel.pcode,38556,95090d0a04cfcdc6741e41d322e40c384119ac1f5cfeb0e42237ce482973b947
pcode,pcode/scripts/__Packages/com/nitrome/throwgame/Map.pcode,29038,51d407e245be5b7575a0fcc9e3816e10ee415d06d66b8a073057fa7574b53bf2
pcode,pcode/scripts/__Packages/com/nitrome/throwgame/Mine.pcode,43900,48c07b0bfe035c7d0322122c9a7db945b92018bb1e826fa17ac965947aaec266
pcode,pcode/scripts/__Packages/com/nitrome/throwgame/ParachuteBomb.pcode,34161,2104a3842504100adbfa2fb648167a25575ec3b9b93c4dfcc82fa298df672cb2
pcode,pcode/scripts/__Packages/com/nitrome/throwgame/PiecesOfEight.pcode,25568,bacbd1cdf79ed64cfc10b7589a90b2d125b28a0c757009f0a36780adca81b203
pcode,pcode/scripts/__Packages/com/nitrome/throwgame/RumBottle.pcode,30882,7dbfe75535bbb456b7d8f74d8cab0ff59ec41761565eb44ac31fde405003b67f
pcode,pcode/scripts/__Packages/com/nitrome/throwgame/Seagull.pcode,1145781,0f438b1a4b93afe2c91fe8f5afccd4ee5268f28bebbbc77b72db014ea293b556
pcode,pcode/scripts/__Packages/com/nitrome/throwgame/Solid.pcode,66697,ea4a4622e54e5b8b71dde421a7504cf580ea1d4278cd797571996e6f9d7b53f0
pcode,pcode/scripts/__Packages/com/nitrome/throwgame/SpeechBubble.pcode,14930,94e7be6a8c2e3570d0354a235d6dc0c6a64be6b9599669ec635534619e8c8eb7
pcode,pcode/scripts/__Packages/com/nitrome/throwgame/SweepingFlame.pcode,70364,b40fede67d6e9ded117ac1c0362111631d8e4ddf22564a58b1d5c96fc8ea9365
pcode,pcode/scripts/__Packages/com/nitrome/throwgame/Team.pcode,79156,64e339dc9394adb073306940dd9602c6c010500da873242689c9e703508399cd
pcode,pcode/scripts/__Packages/com/nitrome/throwgame/TidalWave.pcode,93827,d08cf65edecae6436002f7ef93ed17290624db4aa352e6eed5f25a438d6d3d0d
pcode,pcode/scripts/__Packages/com/nitrome/throwgame/Tile.pcode,15250,594162876eaedb57f77a8eaeee0e06a1f23e2fe81980a8c639e6004946a37eb1
pcode,pcode/scripts/__Packages/com/nitrome/throwgame/TileSystem.pcode,139487,6b873219df04cb2e49493adef5390480bc08301e8bf397b1ce8333433da8c172
pcode,pcode/scripts/__Packages/com/nitrome/throwgame/TreasureChest.pcode,43871,bfd85cc61a990459f9d3108a7da90bf23595c384a527b52d4b1d35f7ca2795b3
pcode,pcode/scripts/__Packages/com/nitrome/throwgame/VoodooDoll.pcode,58486,bce501110f46a2397dce494ad12770868e981e0a198037eac7adc4d0d95a758b
pcode,pcode/scripts/__Packages/com/nitrome/throwgame/Water.pcode,23438,c7648c920872bdb07f790630841c17c7b9679ee9a05a205a5088787f373f7139
pcode,pcode/scripts/__Packages/com/nitrome/throwgame/Weapon.pcode,61783,1bef57531f89d7d05bd11fef660dff0c43f65475d33e05a20e7bc196e87b69ee
pcode,pcode/scripts/__Packages/com/nitrome/throwgame/WoodenCrate.pcode,52384,cb058a39bf2a5f44f83477b2693282314ed7548d4c4aa823e498d721706d177a
pcode,pcode/scripts/__Packages/com/nitrome/util/Clip.pcode,85769,3026ad26c95bcbf23895d24e6c38ed121c85d054224f2dcdcf03a6b3cd4a6f5b
pcode,pcode/scripts/__Packages/com/nitrome/util/CustomCursor.pcode,38215,ee465cb4d9243f0ac9bad9e25838d410789e0ab48b665f5b0f476b77961960c2
pcode,pcode/scripts/__Packages/com/nitrome/util/Global.pcode,149838,9aad4030391428f4f43ed15f03e9437a00f89a7e4c689efe361e8d0af8301907
pcode,pcode/scripts/__Packages/com/nitrome/util/Lock.pcode,18111,9bc19d35ecfffd89292a3f9811bb6213fafb3f2b15c27574b5480b0c102fa2c2
pcode,pcode/scripts/__Packages/com/nitrome/util/MD5.pcode,57464,146ab8965bc75f487ec1d44438b2a84b46b7a988b52b210f8c645f55114f3820
pcode,pcode/scripts/__Packages/com/nitrome/util/Trig.pcode,92208,71abeaeb69d9aa2d5b740f044a8d771e79dd5a0dcc546b43672686ead3f48b80
pcode,pcode/scripts/__Packages/com/senocular/drawing/DashedLine.pcode,93964,79661120339d1d04a0a31dc242ea9c3c831f3ddef8ad2c1c6a0bc315eca3d6f4
pcode,pcode/scripts/__Packages/DangleFont.pcode,85951,5aad25f712db88fd755685e2ca9046543e0dcc4c5c15ac22f55b0194cfd45afe
pcode,pcode/scripts/__Packages/mx/controls/SimpleButton.pcode,144242,58d1506b12b0c6bb9e7b7e62edfda4cea1e2622e9b1aa9d06e3a8e130e42c0c7
pcode,pcode/scripts/__Packages/mx/core/ext/UIComponentExtensions.pcode,16080,d32ff536825e76df057c7b1aaf26dd66e024a280fee8806eb8f60cf5b64c2f8b
pcode,pcode/scripts/__Packages/mx/core/ext/UIObjectExtensions.pcode,39916,ee83830b0c4e450d96645d8c85cfa955d8984c31d03f18c721b4b0bf5b6e5288
pcode,pcode/scripts/__Packages/mx/core/UIComponent.pcode,127848,5cf38df5bc8afa31d275f01bf80a4bb75b2bab9ad3399d5f27407a96450b2c03
pcode,pcode/scripts/__Packages/mx/core/UIObject.pcode,73451,3ce08de159fae1690a65b783692591ecd9ee2fe66c1fc5933edb1ed502306e46
pcode,pcode/scripts/__Packages/mx/events/EventDispatcher.pcode,19118,aca7f02545f778e8c181e27ab29cef66e0072f64d490edf21359176344f2b02e
pcode,pcode/scripts/__Packages/mx/events/UIEventDispatcher.pcode,102658,281238f04523829957c90cf07768d19f8e6f3c06092727c5af2f9d4facaa0502
pcode,pcode/scripts/__Packages/mx/managers/DepthManager.pcode,60482,98ce5bffbe0650840ea1960d2f007731fabe97ad5e60e7876816b94d67ee068f
pcode,pcode/scripts/__Packages/mx/managers/FocusManager.pcode,91398,cc50cf6535e1c9f8ac95d9b30ca30057b6f248cdd4101ddaa0eaa66dffeb969e
pcode,pcode/scripts/__Packages/mx/managers/OverlappedWindows.pcode,46351,c42cb389f5b23c0602cfcfa0fa706e68ebdb6a9861cb14ec5a54d5105d034c9e
pcode,pcode/scripts/__Packages/mx/managers/SystemManager.pcode,82337,2aee2e392a4006db66f712783757b602c92ecf3fd2ee053e51c0059a4933a359
pcode,pcode/scripts/__Packages/mx/skins/ColoredSkinElement.pcode,36738,d1409efde4422185bbc413a52fe2504e711664b877e415898473ec34f1dfafc2
pcode,pcode/scripts/__Packages/mx/skins/halo/Defaults.pcode,54809,fceadc615e0d5139a793797b72f0988c4494299bc1f3e743e9c6a6aa370f975e
pcode,pcode/scripts/__Packages/mx/skins/halo/FocusRect.pcode,90527,a0f01af2a1a746faf286917151cbbdf8f0c2d64f63cf5cad88cb402e0ecbd956
pcode,pcode/scripts/__Packages/mx/skins/SkinElement.pcode,19520,b5b1f2bd27767992abcc6fbb300ede7d432a65a5fa711f591226bede59f7937a
pcode,pcode/scripts/__Packages/mx/styles/CSSSetStyle.pcode,38413,c75a4c3b1aa5123c63c1d5b5bbccc435c076cf190746b486975ac4149203ce15
pcode,pcode/scripts/__Packages/mx/styles/CSSStyleDeclaration.pcode,91397,9527b87bf80c321fa7abeac12ca4fcfb99ee695ff6416f4a645bf55bbd7203ef
pcode,pcode/scripts/__Packages/mx/styles/CSSTextStyles.pcode,21789,8038e7e085fc5f8958922004949abf0a7741a898e44ed4a3e04fe43f9adc43fa
pcode,pcode/scripts/__Packages/mx/styles/StyleManager.pcode,20963,1d68352774565ed0037aa6faa0c418dcd84cd7ed429d3d901abf0ae25ea6384e
pcode,pcode/scripts/__Packages/mx/utils/Delegate.pcode,18263,930d855d5a2a4000f87a8ba15741d1c4c5ff141b711df916cbff8699d68b7ee6
pcode,pcode/scripts/__Packages/NitromeGame.pcode,73627,fccce9459dc2a63e7c2470d181378ef7b3c46f99810a9383de400795e4bfb36b
pcode,pcode/scripts/__Packages/PirateFont.pcode,54894,529a0df576915a4014d6e85b3e37ac13fb02d063e8f3920f50a22d7f2123c678
pcode,pcode/scripts/arrow_button.pcode,438,1052e7019a76a28b40ff990abbb6360c2723397cb721a5bcdbf508aeb7163180
pcode,pcode/scripts/back to title (congrats).pcode,474,30cccf5e313260afc98b43db22ab845ece621ad4279979f4fb4a9b2e661e4e6b
pcode,pcode/scripts/back to title.pcode,446,822d56d277d1f6ba84b135b5fb3f733b3c4eb3aab6db0b80d0092a877eae55a3
pcode,pcode/scripts/back_button.pcode,422,8e83c9db203a93e0ad1d9fbbaebd0b6caf4e4a115bd499435443c5c508ec4987
pcode,pcode/scripts/cancel player button blue.pcode,498,66355f7aae140c300a3dfb197c71872c5c2159a3a002737a96642ed2fa3fcd98
pcode,pcode/scripts/cancel player button red.pcode,494,ebfbf65e058c912e969232586ac689b8d43f5f6b0fcbd8cdb36cdf21213afa02
pcode,pcode/scripts/cancel weapon button blue.pcode,498,f61a6798ebc119d84032bc17cf33483e64574cff24b7d7ea01eff1f940dff55e
pcode,pcode/scripts/cancel weapon button red.pcode,494,816caba8a6f910cdabb1e4f6949d1edeb895dcc43f1336d85e071249ef001bd9
pcode,pcode/scripts/clear_button.pcode,438,3a46973f041151a627cb5c195736a0bdc533a581c24a3ec80aa51aa1ae16ce48
pcode,pcode/scripts/congrats_background_anim.pcode,502,f5fef242146a3553b60101d29b05a3e3cee8d963b3c8f7e70dd34d41b522d842
pcode,pcode/scripts/congrats_button.pcode,482,bdc7fb0864761c8bb35e5b6727e0c6433c970f1566ea72f6683a53a29297af1e
pcode,pcode/scripts/continue_game.pcode,462,692fe3c0861ce80f434edcf5070dd176b6da0fc8348dac5f77145eeb69c8d222
pcode,pcode/scripts/credits_button.pcode,446,c389c540725e900feea47ae040cb6a9fad909d6a876ec1ebc8c5d18a5ffdfcba
pcode,pcode/scripts/cursor.pcode,398,515f84ddb37683a17b013c42d50d7b3ca1de1d9741230edbe8ec7c3d0bae66f8
pcode,pcode/scripts/DangleFont.pcode,31386,f3d3cff7a2250a6aa503edc89b08cc2e2df64e77fd5a613f2fd6c702db5b2f03
pcode,pcode/scripts/Defaults.pcode,378,032305cdc404b2a892f30316b4ee1e19171f348e7ee05ca37f0152a3f6f184b6
pcode,pcode/scripts/DefineButton2_134/BUTTONCONDACTION on(keyPress Tab).pcode,196,cc2956b306453fb8be6f1e3930d81a2d376fee89cbe893ba7ac8af27b815adda
pcode,pcode/scripts/DefineButton2_1909/BUTTONCONDACTION on(release).pcode,191,22f5eb9d82655c8592a017b9a78fcb22b4629763ceb6e575b6f8260347a77d72
pcode,pcode/scripts/DefineButton2_1914/BUTTONCONDACTION on(release).pcode,155,fd4afdfa1fca28f0001e5106bc42ad5df007c20303a6cfe3fc9dc3bb9f528c97
pcode,pcode/scripts/DefineButton2_1925/BUTTONCONDACTION on(release).pcode,155,fd4afdfa1fca28f0001e5106bc42ad5df007c20303a6cfe3fc9dc3bb9f528c97
pcode,pcode/scripts/DefineButton2_1933/BUTTONCONDACTION on(release).pcode,151,25e256cdec8ae6389d26b9820bbe799d532de5e8fae5ce3aa52bada93f93c9a3
pcode,pcode/scripts/DefineButton2_817/BUTTONCONDACTION on(release).pcode,215,a282e7da6af5269f7904776c8b2348f22bbc29249d31721d94bb15fea8b5cfdb
pcode,pcode/scripts/DefineButton2_834/BUTTONCONDACTION on(press).pcode,151,25e256cdec8ae6389d26b9820bbe799d532de5e8fae5ce3aa52bada93f93c9a3
pcode,pcode/scripts/DefineSprite_1002/frame_17/DoAction.pcode,18,64a3dad99b0082b923b2225848f8eafa5e8270ee0ea71931b5cc641c50593238
pcode,pcode/scripts/DefineSprite_1003_anchor/frame_1/DoAction.pcode,18,64a3dad99b0082b923b2225848f8eafa5e8270ee0ea71931b5cc641c50593238
pcode,pcode/scripts/DefineSprite_1003_anchor/frame_12/DoAction.pcode,18,64a3dad99b0082b923b2225848f8eafa5e8270ee0ea71931b5cc641c50593238
pcode,pcode/scripts/DefineSprite_1024_mine/frame_1/DoAction.pcode,18,64a3dad99b0082b923b2225848f8eafa5e8270ee0ea71931b5cc641c50593238
pcode,pcode/scripts/DefineSprite_1024_mine/frame_16/DoAction.pcode,18,64a3dad99b0082b923b2225848f8eafa5e8270ee0ea71931b5cc641c50593238
pcode,pcode/scripts/DefineSprite_1024_mine/frame_30/DoAction.pcode,212,0e3775823468d4fa8af8a52bb64ec0e77ed3a9b30754bc1d7f1760240503c350
pcode,pcode/scripts/DefineSprite_1058_tidalWave/frame_15/DoAction.pcode,216,53ba6ca9eb2e46acd24856ccc53e359beba9de0d81b3117cf94ff48e895cd9b8
pcode,pcode/scripts/DefineSprite_1058_tidalWave/frame_24/DoAction.pcode,216,ee1a4e8572c9bc2266a7bc90b8e22cf4840ec43d5e0403f9436f8d9363962e9b
pcode,pcode/scripts/DefineSprite_1058_tidalWave/frame_6/DoAction.pcode,216,d56cc25a3aa3746abd10939cc44fdb280ac650b0f0aefe8c7934de32eeec1c26
pcode,pcode/scripts/DefineSprite_1065_deadCharacter/frame_24/DoAction.pcode,18,64a3dad99b0082b923b2225848f8eafa5e8270ee0ea71931b5cc641c50593238
pcode,pcode/scripts/DefineSprite_1077_bluePirate/frame_13/DoAction.pcode,220,c6adf43071b0ca864532345a0e09ca89eacff86a2e5eca71e812d0c8ac1bd5a7
pcode,pcode/scripts/DefineSprite_1077_bluePirate/frame_35/DoAction.pcode,220,c6adf43071b0ca864532345a0e09ca89eacff86a2e5eca71e812d0c8ac1bd5a7
pcode,pcode/scripts/DefineSprite_1086_tribe/frame_13/DoAction.pcode,220,c6adf43071b0ca864532345a0e09ca89eacff86a2e5eca71e812d0c8ac1bd5a7
pcode,pcode/scripts/DefineSprite_1086_tribe/frame_35/DoAction.pcode,220,c6adf43071b0ca864532345a0e09ca89eacff86a2e5eca71e812d0c8ac1bd5a7
pcode,pcode/scripts/DefineSprite_1097_cabinBoy/frame_13/DoAction.pcode,220,c6adf43071b0ca864532345a0e09ca89eacff86a2e5eca71e812d0c8ac1bd5a7
pcode,pcode/scripts/DefineSprite_1097_cabinBoy/frame_35/DoAction.pcode,220,c6adf43071b0ca864532345a0e09ca89eacff86a2e5eca71e812d0c8ac1bd5a7
pcode,pcode/scripts/DefineSprite_1106_oldPirate/frame_13/DoAction.pcode,220,c6adf43071b0ca864532345a0e09ca89eacff86a2e5eca71e812d0c8ac1bd5a7
pcode,pcode/scripts/DefineSprite_1106_oldPirate/frame_35/DoAction.pcode,220,c6adf43071b0ca864532345a0e09ca89eacff86a2e5eca71e812d0c8ac1bd5a7
pcode,pcode/scripts/DefineSprite_1117_rainbowBeard/frame_13/DoAction.pcode,220,c6adf43071b0ca864532345a0e09ca89eacff86a2e5eca71e812d0c8ac1bd5a7
pcode,pcode/scripts/DefineSprite_1117_rainbowBeard/frame_35/DoAction.pcode,220,c6adf43071b0ca864532345a0e09ca89eacff86a2e5eca71e812d0c8ac1bd5a7
pcode,pcode/scripts/DefineSprite_1126_femalePirate/frame_13/DoAction.pcode,220,c6adf43071b0ca864532345a0e09ca89eacff86a2e5eca71e812d0c8ac1bd5a7
pcode,pcode/scripts/DefineSprite_1126_femalePirate/frame_35/DoAction.pcode,220,c6adf43071b0ca864532345a0e09ca89eacff86a2e5eca71e812d0c8ac1bd5a7
pcode,pcode/scripts/DefineSprite_1137_blindPirate/frame_13/DoAction.pcode,220,c6adf43071b0ca864532345a0e09ca89eacff86a2e5eca71e812d0c8ac1bd5a7
pcode,pcode/scripts/DefineSprite_1137_blindPirate/frame_35/DoAction.pcode,220,c6adf43071b0ca864532345a0e09ca89eacff86a2e5eca71e812d0c8ac1bd5a7
pcode,pcode/scripts/DefineSprite_1148_soldier/frame_13/DoAction.pcode,220,c6adf43071b0ca864532345a0e09ca89eacff86a2e5eca71e812d0c8ac1bd5a7
pcode,pcode/scripts/DefineSprite_1148_soldier/frame_35/DoAction.pcode,220,c6adf43071b0ca864532345a0e09ca89eacff86a2e5eca71e812d0c8ac1bd5a7
pcode,pcode/scripts/DefineSprite_1157_bossGuy/frame_13/DoAction.pcode,220,c6adf43071b0ca864532345a0e09ca89eacff86a2e5eca71e812d0c8ac1bd5a7
pcode,pcode/scripts/DefineSprite_1157_bossGuy/frame_35/DoAction.pcode,220,c6adf43071b0ca864532345a0e09ca89eacff86a2e5eca71e812d0c8ac1bd5a7
pcode,pcode/scripts/DefineSprite_1166_bossGuyZombie/frame_13/DoAction.pcode,220,c6adf43071b0ca864532345a0e09ca89eacff86a2e5eca71e812d0c8ac1bd5a7
pcode,pcode/scripts/DefineSprite_1166_bossGuyZombie/frame_35/DoAction.pcode,220,c6adf43071b0ca864532345a0e09ca89eacff86a2e5eca71e812d0c8ac1bd5a7
pcode,pcode/scripts/DefineSprite_1175_soldierCaptain/frame_13/DoAction.pcode,220,c6adf43071b0ca864532345a0e09ca89eacff86a2e5eca71e812d0c8ac1bd5a7
pcode,pcode/scripts/DefineSprite_1175_soldierCaptain/frame_35/DoAction.pcode,220,c6adf43071b0ca864532345a0e09ca89eacff86a2e5eca71e812d0c8ac1bd5a7
pcode,pcode/scripts/DefineSprite_1186_blindPirateCaptain/frame_13/DoAction.pcode,220,c6adf43071b0ca864532345a0e09ca89eacff86a2e5eca71e812d0c8ac1bd5a7
pcode,pcode/scripts/DefineSprite_1186_blindPirateCaptain/frame_35/DoAction.pcode,220,c6adf43071b0ca864532345a0e09ca89eacff86a2e5eca71e812d0c8ac1bd5a7
pcode,pcode/scripts/DefineSprite_1197_femalePirateCaptain/frame_13/DoAction.pcode,220,c6adf43071b0ca864532345a0e09ca89eacff86a2e5eca71e812d0c8ac1bd5a7
pcode,pcode/scripts/DefineSprite_1197_femalePirateCaptain/frame_35/DoAction.pcode,220,c6adf43071b0ca864532345a0e09ca89eacff86a2e5eca71e812d0c8ac1bd5a7
pcode,pcode/scripts/DefineSprite_1206_rainbowBeardCaptain/frame_13/DoAction.pcode,220,c6adf43071b0ca864532345a0e09ca89eacff86a2e5eca71e812d0c8ac1bd5a7
pcode,pcode/scripts/DefineSprite_1206_rainbowBeardCaptain/frame_35/DoAction.pcode,220,c6adf43071b0ca864532345a0e09ca89eacff86a2e5eca71e812d0c8ac1bd5a7
pcode,pcode/scripts/DefineSprite_1217_oldPirateCaptain/frame_13/DoAction.pcode,220,c6adf43071b0ca864532345a0e09ca89eacff86a2e5eca71e812d0c8ac1bd5a7
pcode,pcode/scripts/DefineSprite_1217_oldPirateCaptain/frame_35/DoAction.pcode,220,c6adf43071b0ca864532345a0e09ca89eacff86a2e5eca71e812d0c8ac1bd5a7
pcode,pcode/scripts/DefineSprite_1228_cabinBoyCaptain/frame_13/DoAction.pcode,220,c6adf43071b0ca864532345a0e09ca89eacff86a2e5eca71e812d0c8ac1bd5a7
pcode,pcode/scripts/DefineSprite_1228_cabinBoyCaptain/frame_35/DoAction.pcode,220,c6adf43071b0ca864532345a0e09ca89eacff86a2e5eca71e812d0c8ac1bd5a7
pcode,pcode/scripts/DefineSprite_1237_tribeChief/frame_13/DoAction.pcode,220,c6adf43071b0ca864532345a0e09ca89eacff86a2e5eca71e812d0c8ac1bd5a7
pcode,pcode/scripts/DefineSprite_1237_tribeChief/frame_35/DoAction.pcode,220,c6adf43071b0ca864532345a0e09ca89eacff86a2e5eca71e812d0c8ac1bd5a7
pcode,pcode/scripts/DefineSprite_1248_skeletonPirate/frame_13/DoAction.pcode,220,c6adf43071b0ca864532345a0e09ca89eacff86a2e5eca71e812d0c8ac1bd5a7
pcode,pcode/scripts/DefineSprite_1248_skeletonPirate/frame_35/DoAction.pcode,220,c6adf43071b0ca864532345a0e09ca89eacff86a2e5eca71e812d0c8ac1bd5a7
pcode,pcode/scripts/DefineSprite_1259_skeletonPirateCaptain/frame_13/DoAction.pcode,220,c6adf43071b0ca864532345a0e09ca89eacff86a2e5eca71e812d0c8ac1bd5a7
pcode,pcode/scripts/DefineSprite_1259_skeletonPirateCaptain/frame_35/DoAction.pcode,220,c6adf43071b0ca864532345a0e09ca89eacff86a2e5eca71e812d0c8ac1bd5a7
pcode,pcode/scripts/DefineSprite_1270_monkey/frame_13/DoAction.pcode,220,c6adf43071b0ca864532345a0e09ca89eacff86a2e5eca71e812d0c8ac1bd5a7
pcode,pcode/scripts/DefineSprite_1270_monkey/frame_35/DoAction.pcode,220,c6adf43071b0ca864532345a0e09ca89eacff86a2e5eca71e812d0c8ac1bd5a7
pcode,pcode/scripts/DefineSprite_1281_crab/frame_13/DoAction.pcode,220,c6adf43071b0ca864532345a0e09ca89eacff86a2e5eca71e812d0c8ac1bd5a7
pcode,pcode/scripts/DefineSprite_1281_crab/frame_35/DoAction.pcode,220,c6adf43071b0ca864532345a0e09ca89eacff86a2e5eca71e812d0c8ac1bd5a7
pcode,pcode/scripts/DefineSprite_1290_shark/frame_13/DoAction.pcode,220,c6adf43071b0ca864532345a0e09ca89eacff86a2e5eca71e812d0c8ac1bd5a7
pcode,pcode/scripts/DefineSprite_1290_shark/frame_35/DoAction.pcode,220,c6adf43071b0ca864532345a0e09ca89eacff86a2e5eca71e812d0c8ac1bd5a7
pcode,pcode/scripts/DefineSprite_1299_squid/frame_13/DoAction.pcode,220,c6adf43071b0ca864532345a0e09ca89eacff86a2e5eca71e812d0c8ac1bd5a7
pcode,pcode/scripts/DefineSprite_1299_squid/frame_35/DoAction.pcode,220,c6adf43071b0ca864532345a0e09ca89eacff86a2e5eca71e812d0c8ac1bd5a7
pcode,pcode/scripts/DefineSprite_1310_parrot/frame_13/DoAction.pcode,220,c6adf43071b0ca864532345a0e09ca89eacff86a2e5eca71e812d0c8ac1bd5a7
pcode,pcode/scripts/DefineSprite_1310_parrot/frame_35/DoAction.pcode,220,c6adf43071b0ca864532345a0e09ca89eacff86a2e5eca71e812d0c8ac1bd5a7
pcode,pcode/scripts/DefineSprite_131_UIObject/frame_1/DoAction.pcode,18,64a3dad99b0082b923b2225848f8eafa5e8270ee0ea71931b5cc641c50593238
pcode,pcode/scripts/DefineSprite_1321_bluePirateCaptain/frame_13/DoAction.pcode,220,c6adf43071b0ca864532345a0e09ca89eacff86a2e5eca71e812d0c8ac1bd5a7
pcode,pcode/scripts/DefineSprite_1321_bluePirateCaptain/frame_35/DoAction.pcode,220,c6adf43071b0ca864532345a0e09ca89eacff86a2e5eca71e812d0c8ac1bd5a7
pcode,pcode/scripts/DefineSprite_1324_redPirate/frame_13/DoAction.pcode,220,c6adf43071b0ca864532345a0e09ca89eacff86a2e5eca71e812d0c8ac1bd5a7
pcode,pcode/scripts/DefineSprite_1324_redPirate/frame_35/DoAction.pcode,220,c6adf43071b0ca864532345a0e09ca89eacff86a2e5eca71e812d0c8ac1bd5a7
pcode,pcode/scripts/DefineSprite_1331_redPirateCaptain/frame_13/DoAction.pcode,220,c6adf43071b0ca864532345a0e09ca89eacff86a2e5eca71e812d0c8ac1bd5a7
pcode,pcode/scripts/DefineSprite_1331_redPirateCaptain/frame_35/DoAction.pcode,220,c6adf43071b0ca864532345a0e09ca89eacff86a2e5eca71e812d0c8ac1bd5a7
pcode,pcode/scripts/DefineSprite_135/frame_1/DoAction.pcode,6,fc10de16bb4138835a4903f1eda89728ba130526b9d7bc5712122b3562d51834
pcode,pcode/scripts/DefineSprite_137_FocusManager/frame_1/DoAction.pcode,18,64a3dad99b0082b923b2225848f8eafa5e8270ee0ea71931b5cc641c50593238
pcode,pcode/scripts/DefineSprite_139_UIComponent/frame_1/DoAction.pcode,18,64a3dad99b0082b923b2225848f8eafa5e8270ee0ea71931b5cc641c50593238
pcode,pcode/scripts/DefineSprite_149_DangleFont/frame_1/DoAction.pcode,18,64a3dad99b0082b923b2225848f8eafa5e8270ee0ea71931b5cc641c50593238
pcode,pcode/scripts/DefineSprite_1676/frame_17/DoAction.pcode,18,64a3dad99b0082b923b2225848f8eafa5e8270ee0ea71931b5cc641c50593238
pcode,pcode/scripts/DefineSprite_167_preloader/frame_1/PlaceObject2_149_DangleFont_4/CLIPACTIONRECORD on(construct).pcode,801,d2afa9df88d56f14f6282822337a5d6a48c949c0d17e9c30bd0af98582735389
pcode,pcode/scripts/DefineSprite_1725_treasureChest/frame_1/DoAction.pcode,18,64a3dad99b0082b923b2225848f8eafa5e8270ee0ea71931b5cc641c50593238
pcode,pcode/scripts/DefineSprite_1725_treasureChest/frame_34/DoAction.pcode,59,5c9d0d50cf4457ebb8902b19aeb518c9c325cf5299993da6d18ad85da4ba52a5
pcode,pcode/scripts/DefineSprite_1725_treasureChest/frame_43/DoAction.pcode,18,64a3dad99b0082b923b2225848f8eafa5e8270ee0ea71931b5cc641c50593238
pcode,pcode/scripts/DefineSprite_1725_treasureChest/frame_80/DoAction.pcode,18,64a3dad99b0082b923b2225848f8eafa5e8270ee0ea71931b5cc641c50593238
pcode,pcode/scripts/DefineSprite_1725_treasureChest/frame_90/DoAction.pcode,176,5fa3876405a652062cfe2da106eb9988f9d483a4765ab33b0c47d55edf1245e8
pcode,pcode/scripts/DefineSprite_1780_splash/frame_19/DoAction.pcode,176,5fa3876405a652062cfe2da106eb9988f9d483a4765ab33b0c47d55edf1245e8
pcode,pcode/scripts/DefineSprite_1780_splash/frame_43/DoAction.pcode,176,5fa3876405a652062cfe2da106eb9988f9d483a4765ab33b0c47d55edf1245e8
pcode,pcode/scripts/DefineSprite_1780_splash/frame_67/DoAction.pcode,176,5fa3876405a652062cfe2da106eb9988f9d483a4765ab33b0c47d55edf1245e8
pcode,pcode/scripts/DefineSprite_1785_explosion/frame_3/DoAction.pcode,160,fdf93da0148e8414639413fc645b4f9475334462aeb99618e63dc79cf6da052d
pcode,pcode/scripts/DefineSprite_1785_explosion/frame_8/DoAction.pcode,188,46588e47c840ff9758d443ef6cdeba7b3f0808c5556df9bf1d6aaf787ab16f96
pcode,pcode/scripts/DefineSprite_1831_weapons icon/frame_11/PlaceObject2_149_DangleFont_4/CLIPACTIONRECORD on(construct).pcode,805,8c2d4b68768d7b10f100dc33053fa6b434ac5e20546e8e33939aa17489fe3f56
pcode,pcode/scripts/DefineSprite_1855_weapon select/frame_1/PlaceObject2_149_DangleFont_131/CLIPACTIONRECORD on(construct).pcode,789,4bc3710324edc5fcb86e7017941007a7f028eb3d910a3e91febab03000340e62
pcode,pcode/scripts/DefineSprite_1855_weapon select/frame_1/PlaceObject2_149_DangleFont_132/CLIPACTIONRECORD on(construct).pcode,965,3fb7521fda2782ac73632f2bc4cb4b6372558973486428983245223b0322de8d
pcode,pcode/scripts/DefineSprite_1896_ingame text area/frame_1/PlaceObject2_149_DangleFont_1/CLIPACTIONRECORD on(construct).pcode,797,e882db1a1e38fe0a949f5e77858e76fc310ae976a6f8f8c4fcf69e15756af33a
pcode,pcode/scripts/DefineSprite_1910/frame_1/DoAction.pcode,18,ff6012d3ecaa72ebc78098b7a2383c104e2faf56e96f3d6ae0a11196b88e8610
pcode,pcode/scripts/DefineSprite_1910/frame_89/DoAction.pcode,276,21c4c0eaca76bd22e2eed929662f1acd974a2501dce8c2b2b40e255016b90f6e
pcode,pcode/scripts/DefineSprite_1922/frame_89/DoAction.pcode,670,5945336b9a6270f2e3fec3e6344ed29420f789236c50e51769060605ff43bdbc
pcode,pcode/scripts/DefineSprite_1952/frame_1/PlaceObject2_149_DangleFont_1/CLIPACTIONRECORD on(construct).pcode,1145,585c172c424799b0c07369dacdcd3da235153526fa963f93b7f53f1d7712710d
pcode,pcode/scripts/DefineSprite_1952/frame_65/PlaceObject2_149_DangleFont_1/CLIPACTIONRECORD on(construct).pcode,981,914a75183b7645a7fbc6955a1c6bf11faf72d71cb366da60cf15dd4b6ea757f3
pcode,pcode/scripts/DefineSprite_2009/frame_1/DoAction.pcode,18,64a3dad99b0082b923b2225848f8eafa5e8270ee0ea71931b5cc641c50593238
pcode,pcode/scripts/DefineSprite_319_PirateFont/frame_1/DoAction.pcode,18,64a3dad99b0082b923b2225848f8eafa5e8270ee0ea71931b5cc641c50593238
pcode,pcode/scripts/DefineSprite_321_transition_tween/frame_1/DoAction.pcode,18,64a3dad99b0082b923b2225848f8eafa5e8270ee0ea71931b5cc641c50593238
pcode,pcode/scripts/DefineSprite_321_transition_tween/frame_10/DoAction.pcode,140,7bd54358255373067dbb9a28edcd4bc9b4e2b500afed3aefe3e0d96d3895a976
pcode,pcode/scripts/DefineSprite_329/frame_1/PlaceObject2_319_PirateFont_1/CLIPACTIONRECORD on(construct).pcode,813,8295385f33e2bac54c384e66dd48f0ab557712d61703bf85aa095ab308b6cd86
pcode,pcode/scripts/DefineSprite_330_next_level/frame_1/DoAction.pcode,18,64a3dad99b0082b923b2225848f8eafa5e8270ee0ea71931b5cc641c50593238
pcode,pcode/scripts/DefineSprite_330_next_level/frame_10/DoAction.pcode,18,64a3dad99b0082b923b2225848f8eafa5e8270ee0ea71931b5cc641c50593238
pcode,pcode/scripts/DefineSprite_332/frame_1/PlaceObject2_319_PirateFont_1/CLIPACTIONRECORD on(construct).pcode,822,f5cf551a93fb7ae17d2fbe039cf34d30af925753cb561325bce4ff5293514f9d
pcode,pcode/scripts/DefineSprite_333_back to title/frame_1/DoAction.pcode,18,64a3dad99b0082b923b2225848f8eafa5e8270ee0ea71931b5cc641c50593238
pcode,pcode/scripts/DefineSprite_333_back to title/frame_10/DoAction.pcode,18,64a3dad99b0082b923b2225848f8eafa5e8270ee0ea71931b5cc641c50593238
pcode,pcode/scripts/DefineSprite_334/frame_1/PlaceObject2_319_PirateFont_1/CLIPACTIONRECORD on(construct).pcode,805,dd5d372f13547878dbdfb9db25085f74997f16bee7999629835b4e5e51887253
pcode,pcode/scripts/DefineSprite_335_congrats_button/frame_1/DoAction.pcode,18,64a3dad99b0082b923b2225848f8eafa5e8270ee0ea71931b5cc641c50593238
pcode,pcode/scripts/DefineSprite_335_congrats_button/frame_10/DoAction.pcode,18,64a3dad99b0082b923b2225848f8eafa5e8270ee0ea71931b5cc641c50593238
pcode,pcode/scripts/DefineSprite_336/frame_1/PlaceObject2_319_PirateFont_1/CLIPACTIONRECORD on(construct).pcode,822,cbe56e73857044db3b78d13344d0b155553cc025f4b77015531c1010784660c5
pcode,pcode/scripts/DefineSprite_337_submit_score/frame_1/DoAction.pcode,18,64a3dad99b0082b923b2225848f8eafa5e8270ee0ea71931b5cc641c50593238
pcode,pcode/scripts/DefineSprite_337_submit_score/frame_10/DoAction.pcode,18,64a3dad99b0082b923b2225848f8eafa5e8270ee0ea71931b5cc641c50593238
pcode,pcode/scripts/DefineSprite_338/frame_1/PlaceObject2_319_PirateFont_1/CLIPACTIONRECORD on(construct).pcode,825,7c43615adb3cb17a8079e1d6ef15ac348325e47974f6df387d7aa4e298f629ba
pcode,pcode/scripts/DefineSprite_339_restart_level/frame_1/DoAction.pcode,18,64a3dad99b0082b923b2225848f8eafa5e8270ee0ea71931b5cc641c50593238
pcode,pcode/scripts/DefineSprite_339_restart_level/frame_10/DoAction.pcode,18,64a3dad99b0082b923b2225848f8eafa5e8270ee0ea71931b5cc641c50593238
pcode,pcode/scripts/DefineSprite_340/frame_1/PlaceObject2_319_PirateFont_1/CLIPACTIONRECORD on(construct).pcode,805,dd5d372f13547878dbdfb9db25085f74997f16bee7999629835b4e5e51887253
pcode,pcode/scripts/DefineSprite_341_continue_game/frame_1/DoAction.pcode,18,64a3dad99b0082b923b2225848f8eafa5e8270ee0ea71931b5cc641c50593238
pcode,pcode/scripts/DefineSprite_341_continue_game/frame_10/DoAction.pcode,18,64a3dad99b0082b923b2225848f8eafa5e8270ee0ea71931b5cc641c50593238
pcode,pcode/scripts/DefineSprite_342_popup/frame_1/PlaceObject2_149_DangleFont_10/CLIPACTIONRECORD on(construct).pcode,793,a71f0a816bebf0ce6ce6de444b26c5e3a881433862975970b94fa881d6df86a2
pcode,pcode/scripts/DefineSprite_342_popup/frame_1/PlaceObject2_149_DangleFont_11/CLIPACTIONRECORD on(construct).pcode,793,a71f0a816bebf0ce6ce6de444b26c5e3a881433862975970b94fa881d6df86a2
pcode,pcode/scripts/DefineSprite_342_popup/frame_1/PlaceObject2_149_DangleFont_8/CLIPACTIONRECORD on(construct).pcode,833,e175a77e942f07e67617d53e1cd275a935ad863aadd3bc4939fa56b42f4295ca
pcode,pcode/scripts/DefineSprite_342_popup/frame_1/PlaceObject2_149_DangleFont_9/CLIPACTIONRECORD on(construct).pcode,833,c2af985fec5468fd6c4cf013ad8eb0b271cc97133257c066046d19fd81def455
pcode,pcode/scripts/DefineSprite_342_popup/frame_1/PlaceObject2_319_PirateFont_12/CLIPACTIONRECORD on(construct).pcode,829,00d2b6aa60c13ba2254498c81254f0799654240dce9346edbc272a9b4bdf48da
pcode,pcode/scripts/DefineSprite_342_popup/frame_11/PlaceObject2_149_DangleFont_9/CLIPACTIONRECORD on(construct).pcode,833,6eab9956b5f14cfcb3aa22472a9d2d77f6ee3cb03ff164255f1516195cff351a
pcode,pcode/scripts/DefineSprite_342_popup/frame_21/PlaceObject2_149_DangleFont_11/CLIPACTIONRECORD on(construct).pcode,833,6eab9956b5f14cfcb3aa22472a9d2d77f6ee3cb03ff164255f1516195cff351a
pcode,pcode/scripts/DefineSprite_342_popup/frame_21/PlaceObject2_149_DangleFont_12/CLIPACTIONRECORD on(construct).pcode,793,a71f0a816bebf0ce6ce6de444b26c5e3a881433862975970b94fa881d6df86a2
pcode,pcode/scripts/DefineSprite_342_popup/frame_21/PlaceObject2_319_PirateFont_13/CLIPACTIONRECORD on(construct).pcode,821,1191ab72e9e3f86fc5ff3819036def7d126feafbe6002a52b18980da55f16ce1
pcode,pcode/scripts/DefineSprite_342_popup/frame_31/PlaceObject2_319_PirateFont_8/CLIPACTIONRECORD on(construct).pcode,813,1a224017d7413dad389cf5175c6e3f0563b5f735c321b3284adbfafc27136902
pcode,pcode/scripts/DefineSprite_342_popup/frame_41/PlaceObject2_319_PirateFont_8/CLIPACTIONRECORD on(construct).pcode,825,b265b338bdb9433df1316b94ab5a8d239fa6636d273aa11f4b48de2a8019696f
pcode,pcode/scripts/DefineSprite_342_popup/frame_51/PlaceObject2_319_PirateFont_8/CLIPACTIONRECORD on(construct).pcode,825,1847a782aad7db5b3edb39d861cd198f9455aa3fcda5b497822148f958d03989
pcode,pcode/scripts/DefineSprite_342_popup/frame_61/PlaceObject2_319_PirateFont_8/CLIPACTIONRECORD on(construct).pcode,789,6bcf874c1f47bb9aa1962fd48363c15d1e8dd3c250aade149e9d2d9dfd627309
pcode,pcode/scripts/DefineSprite_361/frame_1/DoAction.pcode,18,64a3dad99b0082b923b2225848f8eafa5e8270ee0ea71931b5cc641c50593238
pcode,pcode/scripts/DefineSprite_363/frame_1/DoAction.pcode,18,64a3dad99b0082b923b2225848f8eafa5e8270ee0ea71931b5cc641c50593238
pcode,pcode/scripts/DefineSprite_365/frame_1/DoAction.pcode,18,64a3dad99b0082b923b2225848f8eafa5e8270ee0ea71931b5cc641c50593238
pcode,pcode/scripts/DefineSprite_367/frame_1/DoAction.pcode,18,64a3dad99b0082b923b2225848f8eafa5e8270ee0ea71931b5cc641c50593238
pcode,pcode/scripts/DefineSprite_369/frame_1/DoAction.pcode,18,64a3dad99b0082b923b2225848f8eafa5e8270ee0ea71931b5cc641c50593238
pcode,pcode/scripts/DefineSprite_371/frame_1/DoAction.pcode,18,64a3dad99b0082b923b2225848f8eafa5e8270ee0ea71931b5cc641c50593238
pcode,pcode/scripts/DefineSprite_373/frame_1/DoAction.pcode,18,64a3dad99b0082b923b2225848f8eafa5e8270ee0ea71931b5cc641c50593238
pcode,pcode/scripts/DefineSprite_375/frame_1/DoAction.pcode,18,64a3dad99b0082b923b2225848f8eafa5e8270ee0ea71931b5cc641c50593238
pcode,pcode/scripts/DefineSprite_377/frame_1/DoAction.pcode,18,64a3dad99b0082b923b2225848f8eafa5e8270ee0ea71931b5cc641c50593238
pcode,pcode/scripts/DefineSprite_379/frame_1/DoAction.pcode,18,64a3dad99b0082b923b2225848f8eafa5e8270ee0ea71931b5cc641c50593238
pcode,pcode/scripts/DefineSprite_381/frame_1/DoAction.pcode,18,64a3dad99b0082b923b2225848f8eafa5e8270ee0ea71931b5cc641c50593238
pcode,pcode/scripts/DefineSprite_383/frame_1/DoAction.pcode,18,64a3dad99b0082b923b2225848f8eafa5e8270ee0ea71931b5cc641c50593238
pcode,pcode/scripts/DefineSprite_385/frame_1/DoAction.pcode,18,64a3dad99b0082b923b2225848f8eafa5e8270ee0ea71931b5cc641c50593238
pcode,pcode/scripts/DefineSprite_387/frame_1/DoAction.pcode,18,64a3dad99b0082b923b2225848f8eafa5e8270ee0ea71931b5cc641c50593238
pcode,pcode/scripts/DefineSprite_389/frame_1/DoAction.pcode,18,64a3dad99b0082b923b2225848f8eafa5e8270ee0ea71931b5cc641c50593238
pcode,pcode/scripts/DefineSprite_391/frame_1/DoAction.pcode,18,64a3dad99b0082b923b2225848f8eafa5e8270ee0ea71931b5cc641c50593238
pcode,pcode/scripts/DefineSprite_393/frame_1/DoAction.pcode,18,64a3dad99b0082b923b2225848f8eafa5e8270ee0ea71931b5cc641c50593238
pcode,pcode/scripts/DefineSprite_395/frame_1/DoAction.pcode,18,64a3dad99b0082b923b2225848f8eafa5e8270ee0ea71931b5cc641c50593238
pcode,pcode/scripts/DefineSprite_397/frame_1/DoAction.pcode,18,64a3dad99b0082b923b2225848f8eafa5e8270ee0ea71931b5cc641c50593238
pcode,pcode/scripts/DefineSprite_399/frame_1/DoAction.pcode,18,64a3dad99b0082b923b2225848f8eafa5e8270ee0ea71931b5cc641c50593238
pcode,pcode/scripts/DefineSprite_401/frame_1/DoAction.pcode,18,64a3dad99b0082b923b2225848f8eafa5e8270ee0ea71931b5cc641c50593238
pcode,pcode/scripts/DefineSprite_403/frame_1/DoAction.pcode,18,64a3dad99b0082b923b2225848f8eafa5e8270ee0ea71931b5cc641c50593238
pcode,pcode/scripts/DefineSprite_405/frame_1/DoAction.pcode,18,64a3dad99b0082b923b2225848f8eafa5e8270ee0ea71931b5cc641c50593238
pcode,pcode/scripts/DefineSprite_407/frame_1/DoAction.pcode,18,64a3dad99b0082b923b2225848f8eafa5e8270ee0ea71931b5cc641c50593238
pcode,pcode/scripts/DefineSprite_409/frame_1/DoAction.pcode,18,64a3dad99b0082b923b2225848f8eafa5e8270ee0ea71931b5cc641c50593238
pcode,pcode/scripts/DefineSprite_411/frame_1/DoAction.pcode,18,64a3dad99b0082b923b2225848f8eafa5e8270ee0ea71931b5cc641c50593238
pcode,pcode/scripts/DefineSprite_413/frame_1/DoAction.pcode,18,64a3dad99b0082b923b2225848f8eafa5e8270ee0ea71931b5cc641c50593238
pcode,pcode/scripts/DefineSprite_415/frame_1/DoAction.pcode,18,64a3dad99b0082b923b2225848f8eafa5e8270ee0ea71931b5cc641c50593238
pcode,pcode/scripts/DefineSprite_417/frame_1/DoAction.pcode,18,64a3dad99b0082b923b2225848f8eafa5e8270ee0ea71931b5cc641c50593238
pcode,pcode/scripts/DefineSprite_419/frame_1/DoAction.pcode,18,64a3dad99b0082b923b2225848f8eafa5e8270ee0ea71931b5cc641c50593238
pcode,pcode/scripts/DefineSprite_421/frame_1/DoAction.pcode,18,64a3dad99b0082b923b2225848f8eafa5e8270ee0ea71931b5cc641c50593238
pcode,pcode/scripts/DefineSprite_423/frame_1/DoAction.pcode,18,64a3dad99b0082b923b2225848f8eafa5e8270ee0ea71931b5cc641c50593238
pcode,pcode/scripts/DefineSprite_425/frame_1/DoAction.pcode,18,64a3dad99b0082b923b2225848f8eafa5e8270ee0ea71931b5cc641c50593238
pcode,pcode/scripts/DefineSprite_427/frame_1/DoAction.pcode,18,64a3dad99b0082b923b2225848f8eafa5e8270ee0ea71931b5cc641c50593238
pcode,pcode/scripts/DefineSprite_429/frame_1/DoAction.pcode,18,64a3dad99b0082b923b2225848f8eafa5e8270ee0ea71931b5cc641c50593238
pcode,pcode/scripts/DefineSprite_431/frame_1/DoAction.pcode,18,64a3dad99b0082b923b2225848f8eafa5e8270ee0ea71931b5cc641c50593238
pcode,pcode/scripts/DefineSprite_433/frame_1/DoAction.pcode,18,64a3dad99b0082b923b2225848f8eafa5e8270ee0ea71931b5cc641c50593238
pcode,pcode/scripts/DefineSprite_437/frame_1/DoAction.pcode,18,64a3dad99b0082b923b2225848f8eafa5e8270ee0ea71931b5cc641c50593238
pcode,pcode/scripts/DefineSprite_439/frame_1/DoAction.pcode,18,64a3dad99b0082b923b2225848f8eafa5e8270ee0ea71931b5cc641c50593238
pcode,pcode/scripts/DefineSprite_464/frame_1/PlaceObject2_149_DangleFont_1/CLIPACTIONRECORD on(construct).pcode,789,4bc3710324edc5fcb86e7017941007a7f028eb3d910a3e91febab03000340e62
pcode,pcode/scripts/DefineSprite_582/frame_1/DoAction.pcode,18,64a3dad99b0082b923b2225848f8eafa5e8270ee0ea71931b5cc641c50593238
pcode,pcode/scripts/DefineSprite_582/frame_10/DoAction.pcode,18,64a3dad99b0082b923b2225848f8eafa5e8270ee0ea71931b5cc641c50593238
pcode,pcode/scripts/DefineSprite_586/frame_1/DoAction.pcode,18,64a3dad99b0082b923b2225848f8eafa5e8270ee0ea71931b5cc641c50593238
pcode,pcode/scripts/DefineSprite_586/frame_10/DoAction.pcode,18,64a3dad99b0082b923b2225848f8eafa5e8270ee0ea71931b5cc641c50593238
pcode,pcode/scripts/DefineSprite_588/frame_1/PlaceObject2_319_PirateFont_1/CLIPACTIONRECORD on(construct).pcode,789,7febf237ada60ed127b6decb6c1e30454fb9da04d87de07a3c9f09527ae5f216
pcode,pcode/scripts/DefineSprite_589/frame_1/DoAction.pcode,18,64a3dad99b0082b923b2225848f8eafa5e8270ee0ea71931b5cc641c50593238
pcode,pcode/scripts/DefineSprite_589/frame_10/DoAction.pcode,18,64a3dad99b0082b923b2225848f8eafa5e8270ee0ea71931b5cc641c50593238
pcode,pcode/scripts/DefineSprite_628/frame_1/PlaceObject2_149_DangleFont_6/CLIPACTIONRECORD on(construct).pcode,833,46a398b2817e5ccf37613016a08801c2933af14eb548f87372cbb85557ff68db
pcode,pcode/scripts/DefineSprite_628/frame_10/PlaceObject2_149_DangleFont_6/CLIPACTIONRECORD on(construct).pcode,841,cb7423743c8a3bd34b69544b5a14a8bc3c6e1e8fbad3df4719e2f74b8704f9f1
pcode,pcode/scripts/DefineSprite_628/frame_11/PlaceObject2_149_DangleFont_6/CLIPACTIONRECORD on(construct).pcode,861,0c05928a91c1216ac73222be6aa0e532ccb977da07a96ef0ecd4fb4ae8cc2483
pcode,pcode/scripts/DefineSprite_628/frame_12/PlaceObject2_149_DangleFont_6/CLIPACTIONRECORD on(construct).pcode,837,1b5268bdbfd9ccb6aa0f764ff9b4bb87a9b3ad4fcfbdd8fa92440534d7effed0
pcode,pcode/scripts/DefineSprite_628/frame_13/PlaceObject2_149_DangleFont_6/CLIPACTIONRECORD on(construct).pcode,833,5fe9c201a93d8b44810cc8782c83605a84703b89ea6065bc0f4c7c4fb333bd46
pcode,pcode/scripts/DefineSprite_628/frame_14/PlaceObject2_149_DangleFont_6/CLIPACTIONRECORD on(construct).pcode,845,ad29be36a76d08b9c6ac27ef8154d8f3c06da52fe71a08c27745be26f1dc92a1
pcode,pcode/scripts/DefineSprite_628/frame_15/PlaceObject2_149_DangleFont_6/CLIPACTIONRECORD on(construct).pcode,857,e3c9727264f3d4f978815ef06af54d0d93d02e70c1919a7cbe6f7c24c356aee9
pcode,pcode/scripts/DefineSprite_628/frame_16/PlaceObject2_149_DangleFont_6/CLIPACTIONRECORD on(construct).pcode,837,f796a4c10e6299f6d4ddb9bcd5d7ea78c935bab809778c951797a97d52018816
pcode,pcode/scripts/DefineSprite_628/frame_17/PlaceObject2_149_DangleFont_6/CLIPACTIONRECORD on(construct).pcode,837,462d7ae87541d6cfed820eb8f9e5584145c4a8788f0bfcb89cc6fa535b6d3d40
pcode,pcode/scripts/DefineSprite_628/frame_18/PlaceObject2_149_DangleFont_6/CLIPACTIONRECORD on(construct).pcode,849,e06c5fe6999356d6467427e2a5e3357544674354a330fc53af57f78812853a2b
pcode,pcode/scripts/DefineSprite_628/frame_2/PlaceObject2_149_DangleFont_6/CLIPACTIONRECORD on(construct).pcode,853,97311a37c3079d575a69f4b7d863d4c02931fd2a2dcb7cd1f39ca01856b53b45
pcode,pcode/scripts/DefineSprite_628/frame_3/PlaceObject2_149_DangleFont_6/CLIPACTIONRECORD on(construct).pcode,837,e12cdf60576a271b1e7305e58325df0b78065dd80263ea22a95e11b02a3e7310
pcode,pcode/scripts/DefineSprite_628/frame_4/PlaceObject2_149_DangleFont_6/CLIPACTIONRECORD on(construct).pcode,841,97dfd1e8c709bb94a95abe68a4c67571324fb960792794bc847724bfd22d4c3b
pcode,pcode/scripts/DefineSprite_628/frame_5/PlaceObject2_149_DangleFont_6/CLIPACTIONRECORD on(construct).pcode,857,74515a8385da927cc6a27fd2c28951e463aeef7e468ae8fbe1af31d926855f4b
pcode,pcode/scripts/DefineSprite_628/frame_6/PlaceObject2_149_DangleFont_6/CLIPACTIONRECORD on(construct).pcode,861,63eaa9526705bae68307e98fa4f3434dea7411251e7c3369ccd3c2e82000b8d0
pcode,pcode/scripts/DefineSprite_628/frame_7/PlaceObject2_149_DangleFont_6/CLIPACTIONRECORD on(construct).pcode,845,cce7f9c1f68735662f5569828f3f6de26840e31fb90fe0024794915db35df309
pcode,pcode/scripts/DefineSprite_628/frame_8/PlaceObject2_149_DangleFont_6/CLIPACTIONRECORD on(construct).pcode,829,dd4feb9b6fe97bce0cf3584d28a92121b65019db25e8b7ee483bcd98bcc90603
pcode,pcode/scripts/DefineSprite_628/frame_9/PlaceObject2_149_DangleFont_6/CLIPACTIONRECORD on(construct).pcode,857,7b7e50f4a5ca0f4804a9fa7f11cc12960b6540cd01bd16b1b9548b63ac0c77eb
pcode,pcode/scripts/DefineSprite_630/frame_1/PlaceObject2_319_PirateFont_1/CLIPACTIONRECORD on(construct).pcode,789,0fa60301fa1e4b44492330cb99db9f5feeeaadd396bbd10d8a9cbf5d866d4636
pcode,pcode/scripts/DefineSprite_631_back_button/frame_1/DoAction.pcode,18,64a3dad99b0082b923b2225848f8eafa5e8270ee0ea71931b5cc641c50593238
pcode,pcode/scripts/DefineSprite_631_back_button/frame_10/DoAction.pcode,18,64a3dad99b0082b923b2225848f8eafa5e8270ee0ea71931b5cc641c50593238
pcode,pcode/scripts/DefineSprite_664/frame_1/DoAction.pcode,18,64a3dad99b0082b923b2225848f8eafa5e8270ee0ea71931b5cc641c50593238
pcode,pcode/scripts/DefineSprite_664/frame_10/DoAction.pcode,18,64a3dad99b0082b923b2225848f8eafa5e8270ee0ea71931b5cc641c50593238
pcode,pcode/scripts/DefineSprite_664/frame_11/DoAction.pcode,18,64a3dad99b0082b923b2225848f8eafa5e8270ee0ea71931b5cc641c50593238
pcode,pcode/scripts/DefineSprite_664/frame_12/DoAction.pcode,18,64a3dad99b0082b923b2225848f8eafa5e8270ee0ea71931b5cc641c50593238
pcode,pcode/scripts/DefineSprite_664/frame_13/DoAction.pcode,18,64a3dad99b0082b923b2225848f8eafa5e8270ee0ea71931b5cc641c50593238
pcode,pcode/scripts/DefineSprite_664/frame_14/DoAction.pcode,18,64a3dad99b0082b923b2225848f8eafa5e8270ee0ea71931b5cc641c50593238
pcode,pcode/scripts/DefineSprite_664/frame_15/DoAction.pcode,18,64a3dad99b0082b923b2225848f8eafa5e8270ee0ea71931b5cc641c50593238
pcode,pcode/scripts/DefineSprite_664/frame_2/DoAction.pcode,18,64a3dad99b0082b923b2225848f8eafa5e8270ee0ea71931b5cc641c50593238
pcode,pcode/scripts/DefineSprite_664/frame_3/DoAction.pcode,18,64a3dad99b0082b923b2225848f8eafa5e8270ee0ea71931b5cc641c50593238
pcode,pcode/scripts/DefineSprite_664/frame_4/DoAction.pcode,18,64a3dad99b0082b923b2225848f8eafa5e8270ee0ea71931b5cc641c50593238
pcode,pcode/scripts/DefineSprite_664/frame_5/DoAction.pcode,18,64a3dad99b0082b923b2225848f8eafa5e8270ee0ea71931b5cc641c50593238
pcode,pcode/scripts/DefineSprite_664/frame_6/DoAction.pcode,18,64a3dad99b0082b923b2225848f8eafa5e8270ee0ea71931b5cc641c50593238
pcode,pcode/scripts/DefineSprite_664/frame_7/DoAction.pcode,18,64a3dad99b0082b923b2225848f8eafa5e8270ee0ea71931b5cc641c50593238
pcode,pcode/scripts/DefineSprite_664/frame_8/DoAction.pcode,18,64a3dad99b0082b923b2225848f8eafa5e8270ee0ea71931b5cc641c50593238
pcode,pcode/scripts/DefineSprite_664/frame_9/DoAction.pcode,18,64a3dad99b0082b923b2225848f8eafa5e8270ee0ea71931b5cc641c50593238
pcode,pcode/scripts/DefineSprite_665/frame_1/PlaceObject2_149_DangleFont_1/CLIPACTIONRECORD on(construct).pcode,801,c9bff260b2f169241b92244e06aa58bd0ba1f0b723a9730cdfa08dc6c3f91cbb
pcode,pcode/scripts/DefineSprite_669_level_select_button/frame_1/DoAction.pcode,18,64a3dad99b0082b923b2225848f8eafa5e8270ee0ea71931b5cc641c50593238
pcode,pcode/scripts/DefineSprite_669_level_select_button/frame_1/PlaceObject2_149_DangleFont_6/CLIPACTIONRECORD on(construct).pcode,805,8fc20f292f10e3835a3ed05089ee838eab563da341c8b2f150cd906d4c5f315d
pcode,pcode/scripts/DefineSprite_669_level_select_button/frame_10/DoAction.pcode,18,64a3dad99b0082b923b2225848f8eafa5e8270ee0ea71931b5cc641c50593238
pcode,pcode/scripts/DefineSprite_671/frame_1/PlaceObject2_319_PirateFont_1/CLIPACTIONRECORD on(construct).pcode,805,f9f0482f70014fe33aaeb23970cbd7a7b781aa0dd79bb8e0c47eb9c9bb7f3d17
pcode,pcode/scripts/DefineSprite_672_1p_button/frame_1/DoAction.pcode,18,64a3dad99b0082b923b2225848f8eafa5e8270ee0ea71931b5cc641c50593238
pcode,pcode/scripts/DefineSprite_672_1p_button/frame_10/DoAction.pcode,18,64a3dad99b0082b923b2225848f8eafa5e8270ee0ea71931b5cc641c50593238
pcode,pcode/scripts/DefineSprite_673/frame_1/PlaceObject2_319_PirateFont_1/CLIPACTIONRECORD on(construct).pcode,809,519153d4915f32f019ce0d07a1ab0f93d02975f3d116a31974cb1b383f8e7801
pcode,pcode/scripts/DefineSprite_674_2p_button/frame_1/DoAction.pcode,18,64a3dad99b0082b923b2225848f8eafa5e8270ee0ea71931b5cc641c50593238
pcode,pcode/scripts/DefineSprite_674_2p_button/frame_10/DoAction.pcode,18,64a3dad99b0082b923b2225848f8eafa5e8270ee0ea71931b5cc641c50593238
pcode,pcode/scripts/DefineSprite_676_play_button/frame_1/DoAction.pcode,18,64a3dad99b0082b923b2225848f8eafa5e8270ee0ea71931b5cc641c50593238
pcode,pcode/scripts/DefineSprite_676_play_button/frame_10/DoAction.pcode,18,64a3dad99b0082b923b2225848f8eafa5e8270ee0ea71931b5cc641c50593238
pcode,pcode/scripts/DefineSprite_677/frame_1/PlaceObject2_319_PirateFont_1/CLIPACTIONRECORD on(construct).pcode,797,851165bd9e20c2e71b0abcac8e87d4a78509731b9692133a1436b2588898544c
pcode,pcode/scripts/DefineSprite_678_scores_button/frame_1/DoAction.pcode,18,64a3dad99b0082b923b2225848f8eafa5e8270ee0ea71931b5cc641c50593238
pcode,pcode/scripts/DefineSprite_678_scores_button/frame_10/DoAction.pcode,18,64a3dad99b0082b923b2225848f8eafa5e8270ee0ea71931b5cc641c50593238
pcode,pcode/scripts/DefineSprite_679/frame_1/PlaceObject2_319_PirateFont_1/CLIPACTIONRECORD on(construct).pcode,789,ebe4cdf263759ced9d74e5dbc570d1735ecb5a8b5e7440fae253df495edca767
pcode,pcode/scripts/DefineSprite_680_help_button/frame_1/DoAction.pcode,18,64a3dad99b0082b923b2225848f8eafa5e8270ee0ea71931b5cc641c50593238
pcode,pcode/scripts/DefineSprite_680_help_button/frame_10/DoAction.pcode,18,64a3dad99b0082b923b2225848f8eafa5e8270ee0ea71931b5cc641c50593238
pcode,pcode/scripts/DefineSprite_681/frame_1/PlaceObject2_319_PirateFont_1/CLIPACTIONRECORD on(construct).pcode,801,4faff71102da7c946b5076f5a6ad85f451db1a644eba29263763c8e0edec2947
pcode,pcode/scripts/DefineSprite_682_credits_button/frame_1/DoAction.pcode,18,64a3dad99b0082b923b2225848f8eafa5e8270ee0ea71931b5cc641c50593238
pcode,pcode/scripts/DefineSprite_682_credits_button/frame_10/DoAction.pcode,18,64a3dad99b0082b923b2225848f8eafa5e8270ee0ea71931b5cc641c50593238
pcode,pcode/scripts/DefineSprite_784/frame_1/PlaceObject2_149_DangleFont_1/CLIPACTIONRECORD on(construct).pcode,1497,ed511ebd9db4eb4932ebb010cd806b4de285f1972b25597cf8b778616f6932ea
pcode,pcode/scripts/DefineSprite_787/frame_200/DoAction.pcode,18,64a3dad99b0082b923b2225848f8eafa5e8270ee0ea71931b5cc641c50593238
pcode,pcode/scripts/DefineSprite_788/frame_1/PlaceObject2_149_DangleFont_1/CLIPACTIONRECORD on(construct).pcode,1053,dbb20dee06dd91f3dddc22f74b386231fe14f4e958f2614eefcad263839a8c2a
pcode,pcode/scripts/DefineSprite_789/frame_120/DoAction.pcode,18,64a3dad99b0082b923b2225848f8eafa5e8270ee0ea71931b5cc641c50593238
pcode,pcode/scripts/DefineSprite_791/frame_1/PlaceObject2_149_DangleFont_1/CLIPACTIONRECORD on(construct).pcode,877,001ea5477d9133b7131058e0a11d57f0a3cb3dd964f2f70aa6f6f484ae21b7c7
pcode,pcode/scripts/DefineSprite_792/frame_200/DoAction.pcode,18,64a3dad99b0082b923b2225848f8eafa5e8270ee0ea71931b5cc641c50593238
pcode,pcode/scripts/DefineSprite_792/frame_200/PlaceObject2_149_DangleFont_2/CLIPACTIONRECORD on(construct).pcode,877,001ea5477d9133b7131058e0a11d57f0a3cb3dd964f2f70aa6f6f484ae21b7c7
pcode,pcode/scripts/DefineSprite_793/frame_1/PlaceObject2_149_DangleFont_1/CLIPACTIONRECORD on(construct).pcode,1005,025a004adcb9f256c56798888cb6875ce34403fcc0b639e3a6fe95ad13397c8b
pcode,pcode/scripts/DefineSprite_794/frame_200/DoAction.pcode,18,64a3dad99b0082b923b2225848f8eafa5e8270ee0ea71931b5cc641c50593238
pcode,pcode/scripts/DefineSprite_795/frame_1/PlaceObject2_149_DangleFont_1/CLIPACTIONRECORD on(construct).pcode,889,99ef0d905529d3322fdef55f0369f921e1b0cd4f541136268f518cfea28c9c2a
pcode,pcode/scripts/DefineSprite_796/frame_200/DoAction.pcode,18,64a3dad99b0082b923b2225848f8eafa5e8270ee0ea71931b5cc641c50593238
pcode,pcode/scripts/DefineSprite_798/frame_1/PlaceObject2_319_PirateFont_1/CLIPACTIONRECORD on(construct).pcode,826,0d95927c112d2aa79c208ac03b02b1a1f4e7000a000df25eaa6e291e5887fcc7
pcode,pcode/scripts/DefineSprite_799_back to title (congrats)/frame_1/DoAction.pcode,18,64a3dad99b0082b923b2225848f8eafa5e8270ee0ea71931b5cc641c50593238
pcode,pcode/scripts/DefineSprite_799_back to title (congrats)/frame_10/DoAction.pcode,18,64a3dad99b0082b923b2225848f8eafa5e8270ee0ea71931b5cc641c50593238
pcode,pcode/scripts/DefineSprite_800/frame_1/DoAction.pcode,374,074101f6956a76d9e87c886825fde58e5004ee5563c463cba34e661745ef4dfe
pcode,pcode/scripts/DefineSprite_800/frame_1/PlaceObject2_149_DangleFont_8/CLIPACTIONRECORD on(construct).pcode,833,6eab9956b5f14cfcb3aa22472a9d2d77f6ee3cb03ff164255f1516195cff351a
pcode,pcode/scripts/DefineSprite_800/frame_1/PlaceObject2_149_DangleFont_9/CLIPACTIONRECORD on(construct).pcode,793,a71f0a816bebf0ce6ce6de444b26c5e3a881433862975970b94fa881d6df86a2
pcode,pcode/scripts/DefineSprite_800/frame_1/PlaceObject2_319_PirateFont_10/CLIPACTIONRECORD on(construct).pcode,833,b3cf761fdfbcf65273878c3796564c2e3ed5611d2929f51ee0afc51a9362edb0
pcode,pcode/scripts/DefineSprite_801/frame_774/DoAction.pcode,18,64a3dad99b0082b923b2225848f8eafa5e8270ee0ea71931b5cc641c50593238
pcode,pcode/scripts/DefineSprite_803/frame_1/PlaceObject2_319_PirateFont_1/CLIPACTIONRECORD on(construct).pcode,797,7ff0b2d61a8e9b9981a54f7ab2ac9868dc6de6f37e78b3603778ed4e4598123b
pcode,pcode/scripts/DefineSprite_804_submit_button2/frame_1/DoAction.pcode,18,64a3dad99b0082b923b2225848f8eafa5e8270ee0ea71931b5cc641c50593238
pcode,pcode/scripts/DefineSprite_804_submit_button2/frame_10/DoAction.pcode,18,64a3dad99b0082b923b2225848f8eafa5e8270ee0ea71931b5cc641c50593238
pcode,pcode/scripts/DefineSprite_804_submit_button2/frame_19/DoAction.pcode,18,64a3dad99b0082b923b2225848f8eafa5e8270ee0ea71931b5cc641c50593238
pcode,pcode/scripts/DefineSprite_805/frame_1/PlaceObject2_319_PirateFont_1/CLIPACTIONRECORD on(construct).pcode,793,41c84dab5ceec5c6b318f08b0ebe3d21c51f79b0f713d7cabe5233c78d197f3d
pcode,pcode/scripts/DefineSprite_806_clear_button/frame_1/DoAction.pcode,18,64a3dad99b0082b923b2225848f8eafa5e8270ee0ea71931b5cc641c50593238
pcode,pcode/scripts/DefineSprite_806_clear_button/frame_10/DoAction.pcode,18,64a3dad99b0082b923b2225848f8eafa5e8270ee0ea71931b5cc641c50593238
pcode,pcode/scripts/DefineSprite_808/frame_1/PlaceObject2_319_PirateFont_1/CLIPACTIONRECORD on(construct).pcode,776,f173dc63c335f292ef26d2b97ae4223e43c823360953e9fd4b3e40c3954ee466
pcode,pcode/scripts/DefineSprite_809_letter_button_a/frame_1/DoAction.pcode,18,64a3dad99b0082b923b2225848f8eafa5e8270ee0ea71931b5cc641c50593238
pcode,pcode/scripts/DefineSprite_809_letter_button_a/frame_5/DoAction.pcode,18,64a3dad99b0082b923b2225848f8eafa5e8270ee0ea71931b5cc641c50593238
pcode,pcode/scripts/DefineSprite_812/frame_1/PlaceObject2_319_PirateFont_1/CLIPACTIONRECORD on(construct).pcode,837,0caec6cb9e5ad73a98fe3377c1352a1bbec31a7ebec1419f3c5a7130c20b8378
pcode,pcode/scripts/DefineSprite_813/frame_1/DoAction.pcode,18,64a3dad99b0082b923b2225848f8eafa5e8270ee0ea71931b5cc641c50593238
pcode,pcode/scripts/DefineSprite_813/frame_15/DoAction.pcode,320,39c7467731f5fae38589a4b60201b4cafc5109b40352961b5488f1886f37efe7
pcode,pcode/scripts/DefineSprite_818_score_submit_panel/frame_1/DoAction.pcode,18,64a3dad99b0082b923b2225848f8eafa5e8270ee0ea71931b5cc641c50593238
pcode,pcode/scripts/DefineSprite_818_score_submit_panel/frame_1/PlaceObject2_149_DangleFont_8/CLIPACTIONRECORD on(construct).pcode,857,d68dfac03e6889927578227b5e38951ab4dc7a4b6123e45556f2ff0a5b440886
pcode,pcode/scripts/DefineSprite_818_score_submit_panel/frame_1/PlaceObject2_149_DangleFont_9/CLIPACTIONRECORD on(construct).pcode,797,e882db1a1e38fe0a949f5e77858e76fc310ae976a6f8f8c4fcf69e15756af33a
pcode,pcode/scripts/DefineSprite_818_score_submit_panel/frame_10/DoAction.pcode,18,64a3dad99b0082b923b2225848f8eafa5e8270ee0ea71931b5cc641c50593238
pcode,pcode/scripts/DefineSprite_818_score_submit_panel/frame_10/PlaceObject2_149_DangleFont_2/CLIPACTIONRECORD on(construct).pcode,957,affaeb4ea2bb4cd812bff4be389eced8a5cf25cd7b2f932b9ad237c2253b3b5b
pcode,pcode/scripts/DefineSprite_818_score_submit_panel/frame_10/PlaceObject2_149_DangleFont_3/CLIPACTIONRECORD on(construct).pcode,909,a3cc382d9eafe170d0306ba61142d65060ded8917bff460ae5b845059f7fedd4
pcode,pcode/scripts/DefineSprite_820/frame_1/PlaceObject2_319_PirateFont_1/CLIPACTIONRECORD on(construct).pcode,789,561a810ffeb6c18bf3e5f3339f81d73eda70cd31575655d62933cab3cabe2154
pcode,pcode/scripts/DefineSprite_821_next_arrow_button/frame_1/DoAction.pcode,18,64a3dad99b0082b923b2225848f8eafa5e8270ee0ea71931b5cc641c50593238
pcode,pcode/scripts/DefineSprite_821_next_arrow_button/frame_10/DoAction.pcode,18,64a3dad99b0082b923b2225848f8eafa5e8270ee0ea71931b5cc641c50593238
pcode,pcode/scripts/DefineSprite_822/frame_1/PlaceObject2_319_PirateFont_1/CLIPACTIONRECORD on(construct).pcode,789,1fa377483c14cad35bd5b8f6e2db611ec40756bb5f4ba3422abae533999fed38
pcode,pcode/scripts/DefineSprite_823_arrow_button/frame_1/DoAction.pcode,18,64a3dad99b0082b923b2225848f8eafa5e8270ee0ea71931b5cc641c50593238
pcode,pcode/scripts/DefineSprite_823_arrow_button/frame_10/DoAction.pcode,18,64a3dad99b0082b923b2225848f8eafa5e8270ee0ea71931b5cc641c50593238
pcode,pcode/scripts/DefineSprite_824_score_line/frame_1/PlaceObject2_149_DangleFont_1/CLIPACTIONRECORD on(construct).pcode,805,229ded2b95cd0a5b2adba9009819d585707a93edef54e9381c5bb134c4186f12
pcode,pcode/scripts/DefineSprite_824_score_line/frame_1/PlaceObject2_149_DangleFont_2/CLIPACTIONRECORD on(construct).pcode,809,d61981802a5c8fe80e4df3251f8b1a4502cea0bfc10d8c0cf7f4fae5edfdeb5b
pcode,pcode/scripts/DefineSprite_824_score_line/frame_1/PlaceObject2_149_DangleFont_3/CLIPACTIONRECORD on(construct).pcode,817,ee2f67f1c6d4e4315f21b8ba8d6650b40472c62bab677f5f69c254b30f0e0944
pcode,pcode/scripts/DefineSprite_826/frame_1/PlaceObject2_319_PirateFont_1/CLIPACTIONRECORD on(construct).pcode,801,c8d40b503be6acef3c93d5e92de6a1b031f80712cd7f4956bbc218ab7ceeb9ce
pcode,pcode/scripts/DefineSprite_828_hiscore_board/frame_1/DoAction.pcode,18,64a3dad99b0082b923b2225848f8eafa5e8270ee0ea71931b5cc641c50593238
pcode,pcode/scripts/DefineSprite_828_hiscore_board/frame_10/DoAction.pcode,18,ff6012d3ecaa72ebc78098b7a2383c104e2faf56e96f3d6ae0a11196b88e8610
pcode,pcode/scripts/DefineSprite_828_hiscore_board/frame_35/DoAction.pcode,18,64a3dad99b0082b923b2225848f8eafa5e8270ee0ea71931b5cc641c50593238
pcode,pcode/scripts/DefineSprite_828_hiscore_board/frame_36/DoAction.pcode,18,64a3dad99b0082b923b2225848f8eafa5e8270ee0ea71931b5cc641c50593238
pcode,pcode/scripts/DefineSprite_828_hiscore_board/frame_36/PlaceObject2_149_DangleFont_1/CLIPACTIONRECORD on(construct).pcode,957,affaeb4ea2bb4cd812bff4be389eced8a5cf25cd7b2f932b9ad237c2253b3b5b
pcode,pcode/scripts/DefineSprite_828_hiscore_board/frame_36/PlaceObject2_149_DangleFont_2/CLIPACTIONRECORD on(construct).pcode,909,a3cc382d9eafe170d0306ba61142d65060ded8917bff460ae5b845059f7fedd4
pcode,pcode/scripts/DefineSprite_835_lock/frame_2/DoAction.pcode,18,64a3dad99b0082b923b2225848f8eafa5e8270ee0ea71931b5cc641c50593238
pcode,pcode/scripts/DefineSprite_866_cannonSmokeTrail/frame_19/DoAction.pcode,176,5fa3876405a652062cfe2da106eb9988f9d483a4765ab33b0c47d55edf1245e8
pcode,pcode/scripts/DefineSprite_881_dynamite/frame_5/DoAction.pcode,208,5c0f9c4da9ac528298355cc865d52d6c7e2fe19414b4eee66f4b9805a8365d1a
pcode,pcode/scripts/DefineSprite_881_dynamite/frame_6/DoAction.pcode,172,fa4e1ec839a74b1c64e2cac246b0cb14631a00c444470d3a0921aca72be9dd80
pcode,pcode/scripts/DefineSprite_905_sweepingFlame/frame_11/DoAction.pcode,176,5fa3876405a652062cfe2da106eb9988f9d483a4765ab33b0c47d55edf1245e8
pcode,pcode/scripts/DefineSprite_905_sweepingFlame/frame_4/DoAction.pcode,188,9723184d3eff4e470903697ce5e0131bb7ec0b86160f26bf4a1d93bc7b8b3364
pcode,pcode/scripts/DefineSprite_939_parachuteBomb/frame_1/DoAction.pcode,18,64a3dad99b0082b923b2225848f8eafa5e8270ee0ea71931b5cc641c50593238
pcode,pcode/scripts/DefineSprite_939_parachuteBomb/frame_11/DoAction.pcode,18,ff6012d3ecaa72ebc78098b7a2383c104e2faf56e96f3d6ae0a11196b88e8610
pcode,pcode/scripts/DefineSprite_939_parachuteBomb/frame_30/DoAction.pcode,212,756df7d087a201fd7042153124bdf1764218577957c52c4661eebf126987f25e
pcode,pcode/scripts/DefineSprite_958/frame_8/DoAction.pcode,18,64a3dad99b0082b923b2225848f8eafa5e8270ee0ea71931b5cc641c50593238
pcode,pcode/scripts/DefineSprite_965_woodenCrate/frame_1/DoAction.pcode,18,64a3dad99b0082b923b2225848f8eafa5e8270ee0ea71931b5cc641c50593238
pcode,pcode/scripts/DefineSprite_965_woodenCrate/frame_18/DoAction.pcode,188,46588e47c840ff9758d443ef6cdeba7b3f0808c5556df9bf1d6aaf787ab16f96
pcode,pcode/scripts/DefineSprite_968_gunpowderBarrel/frame_1/DoAction.pcode,18,64a3dad99b0082b923b2225848f8eafa5e8270ee0ea71931b5cc641c50593238
pcode,pcode/scripts/DefineSprite_968_gunpowderBarrel/frame_12/DoAction.pcode,188,46588e47c840ff9758d443ef6cdeba7b3f0808c5556df9bf1d6aaf787ab16f96
pcode,pcode/scripts/DefineSprite_982_seagull/frame_9/DoAction.pcode,220,6bb7df630790afbb678b0710c1523f5e8d2be34557a663762da5b15a4a90ea3c
pcode,pcode/scripts/DoInitAction.pcode,79704,9e418e8846b59c7dd1493cde75681a5f0cd28ed0a6949e45b3cb4d9397504bf3
pcode,pcode/scripts/finish turn button.pcode,470,359e99e6808aec1d67f5fab859460a9d94491006b0f34931f1344b8d4191b733
pcode,pcode/scripts/FocusManager.pcode,402,4c2c808321774983f38df9e4dd770cc471ffeb4b247b6f18275e8a5f6a46da13
pcode,pcode/scripts/FocusRect.pcode,386,e41db0a6c6374fc2f2e816b69ff7c6af76ac27da9fca774e0244aadf3a2d7b92
pcode,pcode/scripts/frame_101/DoAction.pcode,280,b56352da97acfbf17fd0cf72b4207634ea6fca882d24d08832bf5f1a273284f4
pcode,pcode/scripts/frame_101/PlaceObject2_319_PirateFont_36/CLIPACTIONRECORD on(construct).pcode,821,70d23ea6b7539d5caf94917972bdf0f9d16dc493327f025e2e1269bc6eac17e2
pcode,pcode/scripts/frame_111/DoAction.pcode,7542,8be79ab1d36e1a075d61df1576aae314bd154e926493b06bdea0094d049016b1
pcode,pcode/scripts/frame_111/PlaceObject2_149_DangleFont_40/CLIPACTIONRECORD on(construct).pcode,805,06d9a1213771352fc9c0f15f439896a567367507fc5ea68cbe6c6158f89286d5
pcode,pcode/scripts/frame_111/PlaceObject2_149_DangleFont_43/CLIPACTIONRECORD on(construct).pcode,801,d2afa9df88d56f14f6282822337a5d6a48c949c0d17e9c30bd0af98582735389
pcode,pcode/scripts/frame_111/PlaceObject2_149_DangleFont_44/CLIPACTIONRECORD on(construct).pcode,801,d2afa9df88d56f14f6282822337a5d6a48c949c0d17e9c30bd0af98582735389
pcode,pcode/scripts/frame_121/DoAction.pcode,886,5858af3f0afc2b97911de80949144030a87baa3fd2ee6fb875e37909dc977fb0
pcode,pcode/scripts/frame_121/PlaceObject2_319_PirateFont_211/CLIPACTIONRECORD on(construct).pcode,801,c8d40b503be6acef3c93d5e92de6a1b031f80712cd7f4956bbc218ab7ceeb9ce
pcode,pcode/scripts/frame_131/DoAction.pcode,18,64a3dad99b0082b923b2225848f8eafa5e8270ee0ea71931b5cc641c50593238
pcode,pcode/scripts/frame_2/DoAction.pcode,37603,9370028e2d21369eb626397f2a47b30bcd391775eb1c93a58d557b1610f3d160
pcode,pcode/scripts/frame_21/DoAction.pcode,18,64a3dad99b0082b923b2225848f8eafa5e8270ee0ea71931b5cc641c50593238
pcode,pcode/scripts/frame_3/DoAction.pcode,18,64a3dad99b0082b923b2225848f8eafa5e8270ee0ea71931b5cc641c50593238
pcode,pcode/scripts/frame_31/DoAction.pcode,18,64a3dad99b0082b923b2225848f8eafa5e8270ee0ea71931b5cc641c50593238
pcode,pcode/scripts/frame_40/DoAction.pcode,344,f470d911bda5d1f8e1d16bd9da9eeaf184c4afd407081e146dc7e727a42e1256
pcode,pcode/scripts/frame_41/DoAction.pcode,280,b56352da97acfbf17fd0cf72b4207634ea6fca882d24d08832bf5f1a273284f4
pcode,pcode/scripts/frame_51/DoAction.pcode,18,64a3dad99b0082b923b2225848f8eafa5e8270ee0ea71931b5cc641c50593238
pcode,pcode/scripts/frame_51/PlaceObject2_149_DangleFont_129/CLIPACTIONRECORD on(construct).pcode,837,573190daa23e2d17bc076dd47d5fa87282c735d9f96009ffb9f1c5b3976014ed
pcode,pcode/scripts/frame_51/PlaceObject2_149_DangleFont_131/CLIPACTIONRECORD on(construct).pcode,833,fc56bc4a56d6dcd667de32aa69eeb35f7432493e1c3e8178b404cd2074e6e8ab
pcode,pcode/scripts/frame_51/PlaceObject2_149_DangleFont_133/CLIPACTIONRECORD on(construct).pcode,833,a443d3da3964f83fcf7e49f8d19bc25b7ced8c7dad5e069fcf392956feb26317
pcode,pcode/scripts/frame_51/PlaceObject2_149_DangleFont_134/CLIPACTIONRECORD on(construct).pcode,865,020387f633de76d26e08afb7fc0d25a98423d223cba52845efdf04802e7578da
pcode,pcode/scripts/frame_51/PlaceObject2_149_DangleFont_136/CLIPACTIONRECORD on(construct).pcode,869,226e58ae20e8449d40c18458ef70eb8c51463eb6c615cf55dff5ee4feb41ffce
pcode,pcode/scripts/frame_51/PlaceObject2_149_DangleFont_140/CLIPACTIONRECORD on(construct).pcode,921,e5391ef624f319276d4ae69573e9aad4fea54cd33deadd7c71f6f7153c8ffa4d
pcode,pcode/scripts/frame_51/PlaceObject2_319_PirateFont_130/CLIPACTIONRECORD on(construct).pcode,793,7b75e632dc14dfce699b17c952dc60d0e56e7f2df1546fec20af1330e98640aa
pcode,pcode/scripts/frame_51/PlaceObject2_319_PirateFont_132/CLIPACTIONRECORD on(construct).pcode,801,98865a1b3a58b3a0a6710c29a87edd536dd6d8d3e9e79576a63bdc465fe7c5a9
pcode,pcode/scripts/frame_51/PlaceObject2_319_PirateFont_135/CLIPACTIONRECORD on(construct).pcode,817,1a432a664e0163971e8e21a35262ccef5fa96939c7314384e36f862b375868d1
pcode,pcode/scripts/frame_51/PlaceObject2_319_PirateFont_36/CLIPACTIONRECORD on(construct).pcode,801,4faff71102da7c946b5076f5a6ad85f451db1a644eba29263763c8e0edec2947
pcode,pcode/scripts/frame_61/DoAction.pcode,18,64a3dad99b0082b923b2225848f8eafa5e8270ee0ea71931b5cc641c50593238
pcode,pcode/scripts/frame_61/PlaceObject2_319_PirateFont_36/CLIPACTIONRECORD on(construct).pcode,789,ebe4cdf263759ced9d74e5dbc570d1735ecb5a8b5e7440fae253df495edca767
pcode,pcode/scripts/frame_71/DoAction.pcode,18,64a3dad99b0082b923b2225848f8eafa5e8270ee0ea71931b5cc641c50593238
pcode,pcode/scripts/frame_71/PlaceObject2_319_PirateFont_36/CLIPACTIONRECORD on(construct).pcode,797,851165bd9e20c2e71b0abcac8e87d4a78509731b9692133a1436b2588898544c
pcode,pcode/scripts/frame_81/DoAction.pcode,18,64a3dad99b0082b923b2225848f8eafa5e8270ee0ea71931b5cc641c50593238
pcode,pcode/scripts/frame_81/PlaceObject2_319_PirateFont_36/CLIPACTIONRECORD on(construct).pcode,833,aa0a960876a52d55cb3148e06ad06e06b3e7620720f702db9f89ade9a202dbde
pcode,pcode/scripts/frame_91/DoAction.pcode,280,b56352da97acfbf17fd0cf72b4207634ea6fca882d24d08832bf5f1a273284f4
pcode,pcode/scripts/frame_91/PlaceObject2_149_DangleFont_49/CLIPACTIONRECORD on(construct).pcode,1105,e0f63bb5b21c75b827c4e767f8e4e50bba98e296fd3ebf805bcdf4ed679902e5
pcode,pcode/scripts/frame_91/PlaceObject2_319_PirateFont_36/CLIPACTIONRECORD on(construct).pcode,817,26474ac16ebccaebb87e06af789b9a5a95d761d0048b3cfb4366f7dc67385434
pcode,pcode/scripts/help_button.pcode,422,8e074da0138a6002f212653fcf809add20986ed700c70db13b67be32de495d5f
pcode,pcode/scripts/hiscore_board.pcode,446,33f39fc42e508f778dbe61a885d0d31e6f8fa0a8869cbbe787145ed96a952d84
pcode,pcode/scripts/ingame text area.pcode,446,b6e2eec92bfad4c0860e81c28557e82c0af16ec94acccc42e2398bfcca82c6a0
pcode,pcode/scripts/letter_button_a.pcode,454,983cc82b2e881e5f355c2e28196b8582a7728c5959cadc5fceb59fcc97d29303
pcode,pcode/scripts/level_select_2p.pcode,450,83910e93a358bfbd5710b57f290156302d4401fed8ec60a469f0c5524442b8ec
pcode,pcode/scripts/level_select_button.pcode,482,2e9f1bae5db4eacfe7f0d7f00df0110ee15379c59c596d32b931dffbbc602e86
pcode,pcode/scripts/lock.pcode,358,9010e20f77db2b890d8f3e28c702b26e07d37487103b36a8765dcfa2f564fdf8
pcode,pcode/scripts/menu_background_anim.pcode,486,792b08c5eab09c45d018a8f220a6a6d5428a9892a59b36d055886c6dfe51e353
pcode,pcode/scripts/music controller.pcode,450,0a5f5bbd24d9938d261a0c96e8f30c0bd6bc6020b609686149db80984c3f8805
pcode,pcode/scripts/music toggle button.pcode,446,b32cf21b1f8e395ffe8c733729aebda5c779f6bab2bf10e40e737b8d25d0307a
pcode,pcode/scripts/next_arrow_button.pcode,458,89d92b903fef48de2e60aac8dec5eed8bf3a77dcb2da19f47f5a75465d38f8ad
pcode,pcode/scripts/next_level.pcode,438,d7a5eb15adca914253a895265d68e6f2b9b7cfa923b2814174296c01414c8020
pcode,pcode/scripts/PirateFont.pcode,59431,6f38166b00956d433a6984015d206bc4b7e8ffb05420cfb0b43762510a2b2e5d
pcode,pcode/scripts/play_button.pcode,422,23d7f8cdbdf795a4f3966574fdf32f9f6af06923c9fa6cb6b31ae550aed038bf
pcode,pcode/scripts/popup.pcode,390,538ae1fa6efd57c00ed0e000b0cd15b54e533cafed2bc32bf874a27df3dbb25b
pcode,pcode/scripts/preloader.pcode,398,b2250babc6e65f6f4f09196d96b4e9b6ce9f8e6e4901e8d5814741be8b88ceb8
pcode,pcode/scripts/quit level button.pcode,458,56f807c4cb554228a781d4d4486d7e9f4760baf9b1d6c34b623cb2554544a28b
pcode,pcode/scripts/restart_level.pcode,462,5160a00cf2bdedcaa94e48e6a742508cf6445219ddc63f7356457f7ebf381151
pcode,pcode/scripts/score_line.pcode,430,30b1f616e8b1fd28476473686a71930b58033e2385953816f33310f7fe0b38f6
pcode,pcode/scripts/score_submit_panel.pcode,482,6b56296bc45960f4779636d145918580a4a05a5e590cc6c08b86d3b3aaf4b2a4
pcode,pcode/scripts/scores_button.pcode,438,68371790826f35d39c34c619003002382171c684836a80e6d85e4e1f833750d2
pcode,pcode/scripts/sfx toggle button.pcode,426,d4496eb526770af8dff83e1ec0bddb1ca2f1a87ad8cb13b59e147745968e7be5
pcode,pcode/scripts/sfx_manager.pcode,410,7b63344ed2977baba6cc7da1869f996954cba93f8f6c1d6f09172a66a4b3b282
pcode,pcode/scripts/submit_button2.pcode,450,7f188d968fcb97de7e15ba4627938c53272379198e0a098baafde70a51a67f19
pcode,pcode/scripts/submit_score.pcode,454,890c8ccd2a6e9d37dd88ec10d669f7bfc020901f6496d03f5281b8f848bebe3e
pcode,pcode/scripts/transition_tween.pcode,450,922c3023f15851532e3910a6e54b2b3961d79554b72efec4cab405b0f272a2bd
pcode,pcode/scripts/UIComponent.pcode,378,b3bbf1b3d46bb780231e00659a21ea4658b5b147012b4ff9675e4c3ce4af2182
pcode,pcode/scripts/UIComponentExtensions.pcode,474,3540fd92be8890e27ff5c4be8f4d87abf6319e99c1e0dd85c4d61d9a92001f05
pcode,pcode/scripts/UIObject.pcode,354,261a83045058f2788138c2e6e3db459fe80d72fbefd44be1446ef06de9ae0326
pcode,pcode/scripts/UIObjectExtensions.pcode,450,513be1dc8f1677c54aaa28bcf04792647bea2c0ac5857e6ab8b3fa252bec3794
pcode,pcode/scripts/weapon select.pcode,446,323963f654f53ebbc3e2e5e3b0046b46fd6aabe3620938a216a96ce3cfe52ffd
pcode,pcode/scripts/weapons button copy.pcode,474,9ec4f60138b05ace748171303fa5508eecdef47d39796c45ce9728d09c26baed
pcode,pcode/scripts/weapons icon.pcode,446,813105ed14b48cc030eccb0e5f31650567aaa7a77c5605659b50230832ee377c
