file,object_index,type,x,y,attribute,value
"level_1_01.xml","0","potentialWeapons","30","0","dynamite","10"
"level_1_01.xml","0","potentialWeapons","30","0","luck","1"
"level_1_01.xml","0","potentialWeapons","30","0","maxChests","1"
"level_1_01.xml","0","potentialWeapons","30","0","type","potentialWeapons"
"level_1_01.xml","0","potentialWeapons","30","0","x","30"
"level_1_01.xml","0","potentialWeapons","30","0","y","0"
"level_1_01.xml","1","cabinBoyCaptain","46","4","cherryBomb","10"
"level_1_01.xml","1","cabinBoyCaptain","46","4","dynamite","1"
"level_1_01.xml","1","cabinBoyCaptain","46","4","luck","2"
"level_1_01.xml","1","cabinBoyCaptain","46","4","type","cabinBoyCaptain"
"level_1_01.xml","1","cabinBoyCaptain","46","4","x","46"
"level_1_01.xml","1","cabinBoyCaptain","46","4","y","4"
"level_1_01.xml","2","redPirate","17","10","cherryBomb","10"
"level_1_01.xml","2","redPirate","17","10","luck","5"
"level_1_01.xml","2","redPirate","17","10","maxChests","1"
"level_1_01.xml","2","redPirate","17","10","type","redPirate"
"level_1_01.xml","2","redPirate","17","10","x","17"
"level_1_01.xml","2","redPirate","17","10","y","10"
"level_1_01.xml","3","cabinBoy","48","10","cherryBomb","10"
"level_1_01.xml","3","cabinBoy","48","10","luck","2"
"level_1_01.xml","3","cabinBoy","48","10","type","cabinBoy"
"level_1_01.xml","3","cabinBoy","48","10","x","48"
"level_1_01.xml","3","cabinBoy","48","10","y","10"
"level_1_01.xml","4","cabinBoy","43","10","cherryBomb","10"
"level_1_01.xml","4","cabinBoy","43","10","luck","2"
"level_1_01.xml","4","cabinBoy","43","10","type","cabinBoy"
"level_1_01.xml","4","cabinBoy","43","10","x","43"
"level_1_01.xml","4","cabinBoy","43","10","y","10"
"level_1_01.xml","5","redPirate","12","5","cherryBomb","10"
"level_1_01.xml","5","redPirate","12","5","luck","5"
"level_1_01.xml","5","redPirate","12","5","maxChests","1"
"level_1_01.xml","5","redPirate","12","5","type","redPirate"
"level_1_01.xml","5","redPirate","12","5","x","12"
"level_1_01.xml","5","redPirate","12","5","y","5"
"level_1_01.xml","6","redPirate","7","11","cherryBomb","10"
"level_1_01.xml","6","redPirate","7","11","luck","5"
"level_1_01.xml","6","redPirate","7","11","maxChests","1"
"level_1_01.xml","6","redPirate","7","11","type","redPirate"
"level_1_01.xml","6","redPirate","7","11","x","7"
"level_1_01.xml","6","redPirate","7","11","y","11"
"level_1_01.xml","7","redPirate","29","11","cherryBomb","10"
"level_1_01.xml","7","redPirate","29","11","luck","5"
"level_1_01.xml","7","redPirate","29","11","maxChests","1"
"level_1_01.xml","7","redPirate","29","11","type","redPirate"
"level_1_01.xml","7","redPirate","29","11","x","29"
"level_1_01.xml","7","redPirate","29","11","y","11"
"level_1_01.xml","8","redPirateCaptain","34","11","cherryBomb","10"
"level_1_01.xml","8","redPirateCaptain","34","11","dynamite","5"
"level_1_01.xml","8","redPirateCaptain","34","11","luck","5"
"level_1_01.xml","8","redPirateCaptain","34","11","maxChests","1"
"level_1_01.xml","8","redPirateCaptain","34","11","type","redPirateCaptain"
"level_1_01.xml","8","redPirateCaptain","34","11","x","34"
"level_1_01.xml","8","redPirateCaptain","34","11","y","11"
"level_1_01.xml","9","water","17","14","luck","10"
"level_1_01.xml","9","water","17","14","maxChests","3"
"level_1_01.xml","9","water","17","14","type","water"
"level_1_01.xml","9","water","17","14","x","17"
"level_1_01.xml","9","water","17","14","y","14"
"level_1_02.xml","0","potentialWeapons","19","0","anchor","1"
"level_1_02.xml","0","potentialWeapons","19","0","cherryBomb","10"
"level_1_02.xml","0","potentialWeapons","19","0","luck","1"
"level_1_02.xml","0","potentialWeapons","19","0","parachuteBomb","10"
"level_1_02.xml","0","potentialWeapons","19","0","type","potentialWeapons"
"level_1_02.xml","0","potentialWeapons","19","0","x","19"
"level_1_02.xml","0","potentialWeapons","19","0","y","0"
"level_1_02.xml","1","redPirate","5","21","cherryBomb","1"
"level_1_02.xml","1","redPirate","5","21","gunpowderBarrel","5"
"level_1_02.xml","1","redPirate","5","21","luck","1"
"level_1_02.xml","1","redPirate","5","21","rumBottle","10"
"level_1_02.xml","1","redPirate","5","21","type","redPirate"
"level_1_02.xml","1","redPirate","5","21","woodenCrate","5"
"level_1_02.xml","1","redPirate","5","21","x","5"
"level_1_02.xml","1","redPirate","5","21","y","21"
"level_1_02.xml","2","redPirate","38","8","cherryBomb","1"
"level_1_02.xml","2","redPirate","38","8","gunpowderBarrel","5"
"level_1_02.xml","2","redPirate","38","8","luck","1"
"level_1_02.xml","2","redPirate","38","8","rumBottle","10"
"level_1_02.xml","2","redPirate","38","8","type","redPirate"
"level_1_02.xml","2","redPirate","38","8","woodenCrate","5"
"level_1_02.xml","2","redPirate","38","8","x","38"
"level_1_02.xml","2","redPirate","38","8","y","8"
"level_1_02.xml","3","squid","10","15","luck","1"
"level_1_02.xml","3","squid","10","15","rumBottle","10"
"level_1_02.xml","3","squid","10","15","type","squid"
"level_1_02.xml","3","squid","10","15","x","10"
"level_1_02.xml","3","squid","10","15","y","15"
"level_1_02.xml","4","squid","25","7","luck","1"
"level_1_02.xml","4","squid","25","7","rumBottle","10"
"level_1_02.xml","4","squid","25","7","type","squid"
"level_1_02.xml","4","squid","25","7","x","25"
"level_1_02.xml","4","squid","25","7","y","7"
"level_1_02.xml","5","squid","42","4","luck","1"
"level_1_02.xml","5","squid","42","4","rumBottle","10"
"level_1_02.xml","5","squid","42","4","type","squid"
"level_1_02.xml","5","squid","42","4","x","42"
"level_1_02.xml","5","squid","42","4","y","4"
"level_1_02.xml","6","redPirate","21","3","cherryBomb","1"
"level_1_02.xml","6","redPirate","21","3","gunpowderBarrel","5"
"level_1_02.xml","6","redPirate","21","3","luck","1"
"level_1_02.xml","6","redPirate","21","3","rumBottle","10"
"level_1_02.xml","6","redPirate","21","3","type","redPirate"
"level_1_02.xml","6","redPirate","21","3","woodenCrate","5"
"level_1_02.xml","6","redPirate","21","3","x","21"
"level_1_02.xml","6","redPirate","21","3","y","3"
"level_1_02.xml","7","squid","6","3","luck","1"
"level_1_02.xml","7","squid","6","3","rumBottle","10"
"level_1_02.xml","7","squid","6","3","type","squid"
"level_1_02.xml","7","squid","6","3","x","6"
"level_1_02.xml","7","squid","6","3","y","3"
"level_1_02.xml","8","redPirateCaptain","6","10","anchor","2"
"level_1_02.xml","8","redPirateCaptain","6","10","cherryBomb","1"
"level_1_02.xml","8","redPirateCaptain","6","10","gunpowderBarrel","5"
"level_1_02.xml","8","redPirateCaptain","6","10","luck","1"
"level_1_02.xml","8","redPirateCaptain","6","10","rumBottle","10"
"level_1_02.xml","8","redPirateCaptain","6","10","type","redPirateCaptain"
"level_1_02.xml","8","redPirateCaptain","6","10","woodenCrate","5"
"level_1_02.xml","8","redPirateCaptain","6","10","x","6"
"level_1_02.xml","8","redPirateCaptain","6","10","y","10"
"level_1_02.xml","9","squid","34","20","luck","1"
"level_1_02.xml","9","squid","34","20","rumBottle","10"
"level_1_02.xml","9","squid","34","20","type","squid"
"level_1_02.xml","9","squid","34","20","x","34"
"level_1_02.xml","9","squid","34","20","y","20"
"level_1_02.xml","10","squid","13","20","luck","1"
"level_1_02.xml","10","squid","13","20","rumBottle","10"
"level_1_02.xml","10","squid","13","20","type","squid"
"level_1_02.xml","10","squid","13","20","x","13"
"level_1_02.xml","10","squid","13","20","y","20"
"level_1_02.xml","11","redPirate","21","13","cherryBomb","1"
"level_1_02.xml","11","redPirate","21","13","gunpowderBarrel","5"
"level_1_02.xml","11","redPirate","21","13","luck","1"
"level_1_02.xml","11","redPirate","21","13","rumBottle","10"
"level_1_02.xml","11","redPirate","21","13","type","redPirate"
"level_1_02.xml","11","redPirate","21","13","woodenCrate","5"
"level_1_02.xml","11","redPirate","21","13","x","21"
"level_1_02.xml","11","redPirate","21","13","y","13"
"level_1_02.xml","12","squid","32","13","luck","1"
"level_1_02.xml","12","squid","32","13","rumBottle","10"
"level_1_02.xml","12","squid","32","13","type","squid"
"level_1_02.xml","12","squid","32","13","x","32"
"level_1_02.xml","12","squid","32","13","y","13"
"level_1_02.xml","13","redPirate","44","18","cherryBomb","1"
"level_1_02.xml","13","redPirate","44","18","gunpowderBarrel","5"
"level_1_02.xml","13","redPirate","44","18","luck","1"
"level_1_02.xml","13","redPirate","44","18","rumBottle","10"
"level_1_02.xml","13","redPirate","44","18","type","redPirate"
"level_1_02.xml","13","redPirate","44","18","woodenCrate","5"
"level_1_02.xml","13","redPirate","44","18","x","44"
"level_1_02.xml","13","redPirate","44","18","y","18"
"level_1_02.xml","14","redPirate","24","17","cherryBomb","1"
"level_1_02.xml","14","redPirate","24","17","gunpowderBarrel","5"
"level_1_02.xml","14","redPirate","24","17","luck","1"
"level_1_02.xml","14","redPirate","24","17","rumBottle","10"
"level_1_02.xml","14","redPirate","24","17","type","redPirate"
"level_1_02.xml","14","redPirate","24","17","woodenCrate","5"
"level_1_02.xml","14","redPirate","24","17","x","24"
"level_1_02.xml","14","redPirate","24","17","y","17"
"level_1_02.xml","15","water","0","26","dynamite","10"
"level_1_02.xml","15","water","0","26","luck","10"
"level_1_02.xml","15","water","0","26","maxChests","3"
"level_1_02.xml","15","water","0","26","type","water"
"level_1_02.xml","15","water","0","26","x","0"
"level_1_02.xml","15","water","0","26","y","26"
"level_1_03.xml","0","potentialWeapons","20","0","luck","1"
"level_1_03.xml","0","potentialWeapons","20","0","maxChests","1"
"level_1_03.xml","0","potentialWeapons","20","0","parachuteBomb","1"
"level_1_03.xml","0","potentialWeapons","20","0","type","potentialWeapons"
"level_1_03.xml","0","potentialWeapons","20","0","x","20"
"level_1_03.xml","0","potentialWeapons","20","0","y","0"
"level_1_03.xml","1","blindPirate","32","17","cherryBomb","10"
"level_1_03.xml","1","blindPirate","32","17","dynamite","10"
"level_1_03.xml","1","blindPirate","32","17","gunpowderBarrel","10"
"level_1_03.xml","1","blindPirate","32","17","luck","10"
"level_1_03.xml","1","blindPirate","32","17","maxChests","1"
"level_1_03.xml","1","blindPirate","32","17","mine","1"
"level_1_03.xml","1","blindPirate","32","17","rumBottle","1"
"level_1_03.xml","1","blindPirate","32","17","type","blindPirate"
"level_1_03.xml","1","blindPirate","32","17","woodenCrate","10"
"level_1_03.xml","1","blindPirate","32","17","x","32"
"level_1_03.xml","1","blindPirate","32","17","y","17"
"level_1_03.xml","2","redPirate","8","17","cherryBomb","10"
"level_1_03.xml","2","redPirate","8","17","dynamite","10"
"level_1_03.xml","2","redPirate","8","17","gunpowderBarrel","10"
"level_1_03.xml","2","redPirate","8","17","luck","1"
"level_1_03.xml","2","redPirate","8","17","maxChests","1"
"level_1_03.xml","2","redPirate","8","17","mine","1"
"level_1_03.xml","2","redPirate","8","17","rumBottle","1"
"level_1_03.xml","2","redPirate","8","17","type","redPirate"
"level_1_03.xml","2","redPirate","8","17","woodenCrate","10"
"level_1_03.xml","2","redPirate","8","17","x","8"
"level_1_03.xml","2","redPirate","8","17","y","17"
"level_1_03.xml","3","blindPirate","29","11","cherryBomb","10"
"level_1_03.xml","3","blindPirate","29","11","dynamite","10"
"level_1_03.xml","3","blindPirate","29","11","gunpowderBarrel","10"
"level_1_03.xml","3","blindPirate","29","11","luck","10"
"level_1_03.xml","3","blindPirate","29","11","maxChests","1"
"level_1_03.xml","3","blindPirate","29","11","mine","1"
"level_1_03.xml","3","blindPirate","29","11","rumBottle","1"
"level_1_03.xml","3","blindPirate","29","11","type","blindPirate"
"level_1_03.xml","3","blindPirate","29","11","woodenCrate","10"
"level_1_03.xml","3","blindPirate","29","11","x","29"
"level_1_03.xml","3","blindPirate","29","11","y","11"
"level_1_03.xml","4","redPirate","12","11","cherryBomb","10"
"level_1_03.xml","4","redPirate","12","11","dynamite","10"
"level_1_03.xml","4","redPirate","12","11","gunpowderBarrel","10"
"level_1_03.xml","4","redPirate","12","11","luck","1"
"level_1_03.xml","4","redPirate","12","11","maxChests","1"
"level_1_03.xml","4","redPirate","12","11","mine","1"
"level_1_03.xml","4","redPirate","12","11","rumBottle","1"
"level_1_03.xml","4","redPirate","12","11","type","redPirate"
"level_1_03.xml","4","redPirate","12","11","woodenCrate","10"
"level_1_03.xml","4","redPirate","12","11","x","12"
"level_1_03.xml","4","redPirate","12","11","y","11"
"level_1_03.xml","5","redPirate","5","11","cherryBomb","10"
"level_1_03.xml","5","redPirate","5","11","dynamite","10"
"level_1_03.xml","5","redPirate","5","11","gunpowderBarrel","10"
"level_1_03.xml","5","redPirate","5","11","luck","1"
"level_1_03.xml","5","redPirate","5","11","maxChests","1"
"level_1_03.xml","5","redPirate","5","11","mine","1"
"level_1_03.xml","5","redPirate","5","11","rumBottle","1"
"level_1_03.xml","5","redPirate","5","11","type","redPirate"
"level_1_03.xml","5","redPirate","5","11","woodenCrate","10"
"level_1_03.xml","5","redPirate","5","11","x","5"
"level_1_03.xml","5","redPirate","5","11","y","11"
"level_1_03.xml","6","blindPirate","34","11","cherryBomb","10"
"level_1_03.xml","6","blindPirate","34","11","dynamite","10"
"level_1_03.xml","6","blindPirate","34","11","gunpowderBarrel","10"
"level_1_03.xml","6","blindPirate","34","11","luck","10"
"level_1_03.xml","6","blindPirate","34","11","maxChests","1"
"level_1_03.xml","6","blindPirate","34","11","mine","1"
"level_1_03.xml","6","blindPirate","34","11","rumBottle","1"
"level_1_03.xml","6","blindPirate","34","11","type","blindPirate"
"level_1_03.xml","6","blindPirate","34","11","woodenCrate","10"
"level_1_03.xml","6","blindPirate","34","11","x","34"
"level_1_03.xml","6","blindPirate","34","11","y","11"
"level_1_03.xml","7","redPirateCaptain","9","6","cherryBomb","10"
"level_1_03.xml","7","redPirateCaptain","9","6","dynamite","10"
"level_1_03.xml","7","redPirateCaptain","9","6","gunpowderBarrel","10"
"level_1_03.xml","7","redPirateCaptain","9","6","luck","1"
"level_1_03.xml","7","redPirateCaptain","9","6","maxChests","1"
"level_1_03.xml","7","redPirateCaptain","9","6","mine","1"
"level_1_03.xml","7","redPirateCaptain","9","6","parachuteBomb","1"
"level_1_03.xml","7","redPirateCaptain","9","6","rumBottle","1"
"level_1_03.xml","7","redPirateCaptain","9","6","type","redPirateCaptain"
"level_1_03.xml","7","redPirateCaptain","9","6","woodenCrate","10"
"level_1_03.xml","7","redPirateCaptain","9","6","x","9"
"level_1_03.xml","7","redPirateCaptain","9","6","y","6"
"level_1_03.xml","8","blindPirateCaptain","31","6","cherryBomb","10"
"level_1_03.xml","8","blindPirateCaptain","31","6","dynamite","10"
"level_1_03.xml","8","blindPirateCaptain","31","6","gunpowderBarrel","10"
"level_1_03.xml","8","blindPirateCaptain","31","6","luck","20"
"level_1_03.xml","8","blindPirateCaptain","31","6","maxChests","1"
"level_1_03.xml","8","blindPirateCaptain","31","6","mine","1"
"level_1_03.xml","8","blindPirateCaptain","31","6","rumBottle","1"
"level_1_03.xml","8","blindPirateCaptain","31","6","type","blindPirateCaptain"
"level_1_03.xml","8","blindPirateCaptain","31","6","woodenCrate","10"
"level_1_03.xml","8","blindPirateCaptain","31","6","x","31"
"level_1_03.xml","8","blindPirateCaptain","31","6","y","6"
"level_1_03.xml","9","redPirate","12","16","cherryBomb","10"
"level_1_03.xml","9","redPirate","12","16","dynamite","10"
"level_1_03.xml","9","redPirate","12","16","gunpowderBarrel","10"
"level_1_03.xml","9","redPirate","12","16","luck","1"
"level_1_03.xml","9","redPirate","12","16","maxChests","1"
"level_1_03.xml","9","redPirate","12","16","mine","1"
"level_1_03.xml","9","redPirate","12","16","rumBottle","1"
"level_1_03.xml","9","redPirate","12","16","type","redPirate"
"level_1_03.xml","9","redPirate","12","16","woodenCrate","10"
"level_1_03.xml","9","redPirate","12","16","x","12"
"level_1_03.xml","9","redPirate","12","16","y","16"
"level_1_03.xml","10","water","0","20","luck","10"
"level_1_03.xml","10","water","0","20","maxChests","3"
"level_1_03.xml","10","water","0","20","type","water"
"level_1_03.xml","10","water","0","20","x","0"
"level_1_03.xml","10","water","0","20","y","20"
"level_1_04.xml","0","potentialWeapons","27","5","dynamite","5"
"level_1_04.xml","0","potentialWeapons","27","5","gunpowderBarrel","2"
"level_1_04.xml","0","potentialWeapons","27","5","luck","1"
"level_1_04.xml","0","potentialWeapons","27","5","maxChests","1"
"level_1_04.xml","0","potentialWeapons","27","5","parachuteBomb","2"
"level_1_04.xml","0","potentialWeapons","27","5","piecesOfEight","5"
"level_1_04.xml","0","potentialWeapons","27","5","seagull","1"
"level_1_04.xml","0","potentialWeapons","27","5","type","potentialWeapons"
"level_1_04.xml","0","potentialWeapons","27","5","woodenCrate","2"
"level_1_04.xml","0","potentialWeapons","27","5","x","27"
"level_1_04.xml","0","potentialWeapons","27","5","y","5"
"level_1_04.xml","1","redPirateCaptain","7","4","cannon","10"
"level_1_04.xml","1","redPirateCaptain","7","4","cherryBomb","10"
"level_1_04.xml","1","redPirateCaptain","7","4","dynamite","1"
"level_1_04.xml","1","redPirateCaptain","7","4","luck","1"
"level_1_04.xml","1","redPirateCaptain","7","4","maxChests","1"
"level_1_04.xml","1","redPirateCaptain","7","4","parachuteBomb","1"
"level_1_04.xml","1","redPirateCaptain","7","4","piecesOfEight","10"
"level_1_04.xml","1","redPirateCaptain","7","4","type","redPirateCaptain"
"level_1_04.xml","1","redPirateCaptain","7","4","x","7"
"level_1_04.xml","1","redPirateCaptain","7","4","y","4"
"level_1_04.xml","2","soldierCaptain","48","4","cannon","10"
"level_1_04.xml","2","soldierCaptain","48","4","cherryBomb","10"
"level_1_04.xml","2","soldierCaptain","48","4","dynamite","5"
"level_1_04.xml","2","soldierCaptain","48","4","luck","1"
"level_1_04.xml","2","soldierCaptain","48","4","maxChests","1"
"level_1_04.xml","2","soldierCaptain","48","4","parachuteBomb","1"
"level_1_04.xml","2","soldierCaptain","48","4","piecesOfEight","10"
"level_1_04.xml","2","soldierCaptain","48","4","type","soldierCaptain"
"level_1_04.xml","2","soldierCaptain","48","4","x","48"
"level_1_04.xml","2","soldierCaptain","48","4","y","4"
"level_1_04.xml","3","soldier","55","13","cannon","10"
"level_1_04.xml","3","soldier","55","13","cherryBomb","10"
"level_1_04.xml","3","soldier","55","13","dynamite","1"
"level_1_04.xml","3","soldier","55","13","luck","10"
"level_1_04.xml","3","soldier","55","13","maxChests","1"
"level_1_04.xml","3","soldier","55","13","parachuteBomb","1"
"level_1_04.xml","3","soldier","55","13","piecesOfEight","10"
"level_1_04.xml","3","soldier","55","13","type","soldier"
"level_1_04.xml","3","soldier","55","13","x","55"
"level_1_04.xml","3","soldier","55","13","y","13"
"level_1_04.xml","4","soldier","34","13","cannon","10"
"level_1_04.xml","4","soldier","34","13","cherryBomb","10"
"level_1_04.xml","4","soldier","34","13","dynamite","1"
"level_1_04.xml","4","soldier","34","13","luck","10"
"level_1_04.xml","4","soldier","34","13","maxChests","1"
"level_1_04.xml","4","soldier","34","13","parachuteBomb","1"
"level_1_04.xml","4","soldier","34","13","piecesOfEight","10"
"level_1_04.xml","4","soldier","34","13","type","soldier"
"level_1_04.xml","4","soldier","34","13","x","34"
"level_1_04.xml","4","soldier","34","13","y","13"
"level_1_04.xml","5","redPirate","1","13","cannon","10"
"level_1_04.xml","5","redPirate","1","13","cherryBomb","10"
"level_1_04.xml","5","redPirate","1","13","dynamite","1"
"level_1_04.xml","5","redPirate","1","13","luck","1"
"level_1_04.xml","5","redPirate","1","13","maxChests","1"
"level_1_04.xml","5","redPirate","1","13","type","redPirate"
"level_1_04.xml","5","redPirate","1","13","x","1"
"level_1_04.xml","5","redPirate","1","13","y","13"
"level_1_04.xml","6","redPirate","21","13","cannon","10"
"level_1_04.xml","6","redPirate","21","13","cherryBomb","10"
"level_1_04.xml","6","redPirate","21","13","dynamite","1"
"level_1_04.xml","6","redPirate","21","13","luck","1"
"level_1_04.xml","6","redPirate","21","13","maxChests","1"
"level_1_04.xml","6","redPirate","21","13","type","redPirate"
"level_1_04.xml","6","redPirate","21","13","x","21"
"level_1_04.xml","6","redPirate","21","13","y","13"
"level_1_04.xml","7","redPirate","9","14","cannon","10"
"level_1_04.xml","7","redPirate","9","14","cherryBomb","10"
"level_1_04.xml","7","redPirate","9","14","dynamite","1"
"level_1_04.xml","7","redPirate","9","14","luck","1"
"level_1_04.xml","7","redPirate","9","14","maxChests","1"
"level_1_04.xml","7","redPirate","9","14","type","redPirate"
"level_1_04.xml","7","redPirate","9","14","x","9"
"level_1_04.xml","7","redPirate","9","14","y","14"
"level_1_04.xml","8","soldier","45","14","cannon","10"
"level_1_04.xml","8","soldier","45","14","cherryBomb","10"
"level_1_04.xml","8","soldier","45","14","dynamite","1"
"level_1_04.xml","8","soldier","45","14","luck","10"
"level_1_04.xml","8","soldier","45","14","maxChests","1"
"level_1_04.xml","8","soldier","45","14","parachuteBomb","1"
"level_1_04.xml","8","soldier","45","14","piecesOfEight","10"
"level_1_04.xml","8","soldier","45","14","type","soldier"
"level_1_04.xml","8","soldier","45","14","x","45"
"level_1_04.xml","8","soldier","45","14","y","14"
"level_1_04.xml","9","soldier","50","9","cannon","10"
"level_1_04.xml","9","soldier","50","9","cherryBomb","10"
"level_1_04.xml","9","soldier","50","9","dynamite","1"
"level_1_04.xml","9","soldier","50","9","luck","10"
"level_1_04.xml","9","soldier","50","9","maxChests","1"
"level_1_04.xml","9","soldier","50","9","parachuteBomb","1"
"level_1_04.xml","9","soldier","50","9","piecesOfEight","10"
"level_1_04.xml","9","soldier","50","9","type","soldier"
"level_1_04.xml","9","soldier","50","9","x","50"
"level_1_04.xml","9","soldier","50","9","y","9"
"level_1_04.xml","10","soldier","38","9","cannon","10"
"level_1_04.xml","10","soldier","38","9","cherryBomb","10"
"level_1_04.xml","10","soldier","38","9","dynamite","1"
"level_1_04.xml","10","soldier","38","9","luck","10"
"level_1_04.xml","10","soldier","38","9","maxChests","1"
"level_1_04.xml","10","soldier","38","9","parachuteBomb","1"
"level_1_04.xml","10","soldier","38","9","piecesOfEight","10"
"level_1_04.xml","10","soldier","38","9","type","soldier"
"level_1_04.xml","10","soldier","38","9","x","38"
"level_1_04.xml","10","soldier","38","9","y","9"
"level_1_04.xml","11","redPirate","8","9","cannon","10"
"level_1_04.xml","11","redPirate","8","9","cherryBomb","10"
"level_1_04.xml","11","redPirate","8","9","dynamite","1"
"level_1_04.xml","11","redPirate","8","9","luck","1"
"level_1_04.xml","11","redPirate","8","9","maxChests","1"
"level_1_04.xml","11","redPirate","8","9","parachuteBomb","1"
"level_1_04.xml","11","redPirate","8","9","type","redPirate"
"level_1_04.xml","11","redPirate","8","9","x","8"
"level_1_04.xml","11","redPirate","8","9","y","9"
"level_1_04.xml","12","redPirate","18","9","cannon","10"
"level_1_04.xml","12","redPirate","18","9","cherryBomb","10"
"level_1_04.xml","12","redPirate","18","9","dynamite","1"
"level_1_04.xml","12","redPirate","18","9","luck","1"
"level_1_04.xml","12","redPirate","18","9","maxChests","1"
"level_1_04.xml","12","redPirate","18","9","type","redPirate"
"level_1_04.xml","12","redPirate","18","9","x","18"
"level_1_04.xml","12","redPirate","18","9","y","9"
"level_1_04.xml","13","water","34","17","luck","10"
"level_1_04.xml","13","water","34","17","maxChests","3"
"level_1_04.xml","13","water","34","17","type","water"
"level_1_04.xml","13","water","34","17","x","34"
"level_1_04.xml","13","water","34","17","y","17"
"level_1_05.xml","0","potentialWeapons","23","0","banana","10"
"level_1_05.xml","0","potentialWeapons","23","0","luck","1"
"level_1_05.xml","0","potentialWeapons","23","0","maxChests","1"
"level_1_05.xml","0","potentialWeapons","23","0","type","potentialWeapons"
"level_1_05.xml","0","potentialWeapons","23","0","x","23"
"level_1_05.xml","0","potentialWeapons","23","0","y","0"
"level_1_05.xml","1","redPirate","30","11","banana","1"
"level_1_05.xml","1","redPirate","30","11","cherryBomb","10"
"level_1_05.xml","1","redPirate","30","11","dynamite","5"
"level_1_05.xml","1","redPirate","30","11","gunpowderBarrel","2"
"level_1_05.xml","1","redPirate","30","11","luck","1"
"level_1_05.xml","1","redPirate","30","11","maxChests","1"
"level_1_05.xml","1","redPirate","30","11","type","redPirate"
"level_1_05.xml","1","redPirate","30","11","woodenCrate","2"
"level_1_05.xml","1","redPirate","30","11","x","30"
"level_1_05.xml","1","redPirate","30","11","y","11"
"level_1_05.xml","2","monkey","40","11","banana","10"
"level_1_05.xml","2","monkey","40","11","luck","1"
"level_1_05.xml","2","monkey","40","11","maxChests","1"
"level_1_05.xml","2","monkey","40","11","type","monkey"
"level_1_05.xml","2","monkey","40","11","x","40"
"level_1_05.xml","2","monkey","40","11","y","11"
"level_1_05.xml","3","monkey","2","12","banana","10"
"level_1_05.xml","3","monkey","2","12","luck","1"
"level_1_05.xml","3","monkey","2","12","maxChests","1"
"level_1_05.xml","3","monkey","2","12","type","monkey"
"level_1_05.xml","3","monkey","2","12","x","2"
"level_1_05.xml","3","monkey","2","12","y","12"
"level_1_05.xml","4","monkey","13","2","banana","10"
"level_1_05.xml","4","monkey","13","2","luck","1"
"level_1_05.xml","4","monkey","13","2","maxChests","1"
"level_1_05.xml","4","monkey","13","2","type","monkey"
"level_1_05.xml","4","monkey","13","2","x","13"
"level_1_05.xml","4","monkey","13","2","y","2"
"level_1_05.xml","5","monkey","7","7","banana","10"
"level_1_05.xml","5","monkey","7","7","luck","1"
"level_1_05.xml","5","monkey","7","7","maxChests","1"
"level_1_05.xml","5","monkey","7","7","type","monkey"
"level_1_05.xml","5","monkey","7","7","x","7"
"level_1_05.xml","5","monkey","7","7","y","7"
"level_1_05.xml","6","redPirateCaptain","23","6","banana","1"
"level_1_05.xml","6","redPirateCaptain","23","6","cherryBomb","10"
"level_1_05.xml","6","redPirateCaptain","23","6","dynamite","5"
"level_1_05.xml","6","redPirateCaptain","23","6","gunpowderBarrel","2"
"level_1_05.xml","6","redPirateCaptain","23","6","luck","1"
"level_1_05.xml","6","redPirateCaptain","23","6","maxChests","1"
"level_1_05.xml","6","redPirateCaptain","23","6","type","redPirateCaptain"
"level_1_05.xml","6","redPirateCaptain","23","6","woodenCrate","2"
"level_1_05.xml","6","redPirateCaptain","23","6","x","23"
"level_1_05.xml","6","redPirateCaptain","23","6","y","6"
"level_1_05.xml","7","monkey","34","6","banana","10"
"level_1_05.xml","7","monkey","34","6","luck","10"
"level_1_05.xml","7","monkey","34","6","tidalWave","1"
"level_1_05.xml","7","monkey","34","6","type","monkey"
"level_1_05.xml","7","monkey","34","6","x","34"
"level_1_05.xml","7","monkey","34","6","y","6"
"level_1_05.xml","8","redPirate","12","13","banana","1"
"level_1_05.xml","8","redPirate","12","13","cherryBomb","10"
"level_1_05.xml","8","redPirate","12","13","dynamite","5"
"level_1_05.xml","8","redPirate","12","13","gunpowderBarrel","2"
"level_1_05.xml","8","redPirate","12","13","luck","1"
"level_1_05.xml","8","redPirate","12","13","maxChests","1"
"level_1_05.xml","8","redPirate","12","13","type","redPirate"
"level_1_05.xml","8","redPirate","12","13","woodenCrate","2"
"level_1_05.xml","8","redPirate","12","13","x","12"
"level_1_05.xml","8","redPirate","12","13","y","13"
"level_1_05.xml","9","redPirate","34","13","banana","1"
"level_1_05.xml","9","redPirate","34","13","cherryBomb","10"
"level_1_05.xml","9","redPirate","34","13","dynamite","5"
"level_1_05.xml","9","redPirate","34","13","gunpowderBarrel","2"
"level_1_05.xml","9","redPirate","34","13","luck","1"
"level_1_05.xml","9","redPirate","34","13","maxChests","1"
"level_1_05.xml","9","redPirate","34","13","type","redPirate"
"level_1_05.xml","9","redPirate","34","13","woodenCrate","2"
"level_1_05.xml","9","redPirate","34","13","x","34"
"level_1_05.xml","9","redPirate","34","13","y","13"
"level_1_05.xml","10","water","0","17","anchor","1"
"level_1_05.xml","10","water","0","17","banana","1"
"level_1_05.xml","10","water","0","17","boulder","1"
"level_1_05.xml","10","water","0","17","cannon","1"
"level_1_05.xml","10","water","0","17","cherryBomb","1"
"level_1_05.xml","10","water","0","17","dynamite","1"
"level_1_05.xml","10","water","0","17","gunpowderBarrel","1"
"level_1_05.xml","10","water","0","17","luck","30"
"level_1_05.xml","10","water","0","17","maxChests","3"
"level_1_05.xml","10","water","0","17","mine","1"
"level_1_05.xml","10","water","0","17","parachuteBomb","1"
"level_1_05.xml","10","water","0","17","piecesOfEight","1"
"level_1_05.xml","10","water","0","17","rumBottle","1"
"level_1_05.xml","10","water","0","17","seagull","1"
"level_1_05.xml","10","water","0","17","tidalWave","1"
"level_1_05.xml","10","water","0","17","type","water"
"level_1_05.xml","10","water","0","17","voodooDoll","1"
"level_1_05.xml","10","water","0","17","woodenCrate","1"
"level_1_05.xml","10","water","0","17","x","0"
"level_1_05.xml","10","water","0","17","y","17"
"level_1_06.xml","0","potentialWeapons","45","3","anchor","1"
"level_1_06.xml","0","potentialWeapons","45","3","banana","2"
"level_1_06.xml","0","potentialWeapons","45","3","cherryBomb","1"
"level_1_06.xml","0","potentialWeapons","45","3","dynamite","1"
"level_1_06.xml","0","potentialWeapons","45","3","luck","1"
"level_1_06.xml","0","potentialWeapons","45","3","maxChests","1"
"level_1_06.xml","0","potentialWeapons","45","3","seagull","1"
"level_1_06.xml","0","potentialWeapons","45","3","type","potentialWeapons"
"level_1_06.xml","0","potentialWeapons","45","3","x","45"
"level_1_06.xml","0","potentialWeapons","45","3","y","3"
"level_1_06.xml","1","redPirate","59","17","boulder","10"
"level_1_06.xml","1","redPirate","59","17","cherryBomb","2"
"level_1_06.xml","1","redPirate","59","17","dynamite","1"
"level_1_06.xml","1","redPirate","59","17","luck","1"
"level_1_06.xml","1","redPirate","59","17","type","redPirate"
"level_1_06.xml","1","redPirate","59","17","x","59"
"level_1_06.xml","1","redPirate","59","17","y","17"
"level_1_06.xml","2","oldPirate","51","17","boulder","10"
"level_1_06.xml","2","oldPirate","51","17","dynamite","1"
"level_1_06.xml","2","oldPirate","51","17","luck","20"
"level_1_06.xml","2","oldPirate","51","17","maxChests","1"
"level_1_06.xml","2","oldPirate","51","17","type","oldPirate"
"level_1_06.xml","2","oldPirate","51","17","x","51"
"level_1_06.xml","2","oldPirate","51","17","y","17"
"level_1_06.xml","3","redPirate","84","21","boulder","10"
"level_1_06.xml","3","redPirate","84","21","cherryBomb","2"
"level_1_06.xml","3","redPirate","84","21","dynamite","1"
"level_1_06.xml","3","redPirate","84","21","luck","1"
"level_1_06.xml","3","redPirate","84","21","type","redPirate"
"level_1_06.xml","3","redPirate","84","21","x","84"
"level_1_06.xml","3","redPirate","84","21","y","21"
"level_1_06.xml","4","redPirate","83","21","boulder","10"
"level_1_06.xml","4","redPirate","83","21","cherryBomb","2"
"level_1_06.xml","4","redPirate","83","21","dynamite","1"
"level_1_06.xml","4","redPirate","83","21","luck","1"
"level_1_06.xml","4","redPirate","83","21","type","redPirate"
"level_1_06.xml","4","redPirate","83","21","x","83"
"level_1_06.xml","4","redPirate","83","21","y","21"
"level_1_06.xml","5","oldPirate","109","21","boulder","10"
"level_1_06.xml","5","oldPirate","109","21","dynamite","1"
"level_1_06.xml","5","oldPirate","109","21","luck","20"
"level_1_06.xml","5","oldPirate","109","21","maxChests","1"
"level_1_06.xml","5","oldPirate","109","21","type","oldPirate"
"level_1_06.xml","5","oldPirate","109","21","x","109"
"level_1_06.xml","5","oldPirate","109","21","y","21"
"level_1_06.xml","6","oldPirate","108","21","boulder","10"
"level_1_06.xml","6","oldPirate","108","21","dynamite","1"
"level_1_06.xml","6","oldPirate","108","21","luck","20"
"level_1_06.xml","6","oldPirate","108","21","maxChests","1"
"level_1_06.xml","6","oldPirate","108","21","type","oldPirate"
"level_1_06.xml","6","oldPirate","108","21","x","108"
"level_1_06.xml","6","oldPirate","108","21","y","21"
"level_1_06.xml","7","redPirate","71","5","boulder","10"
"level_1_06.xml","7","redPirate","71","5","cherryBomb","2"
"level_1_06.xml","7","redPirate","71","5","dynamite","1"
"level_1_06.xml","7","redPirate","71","5","luck","1"
"level_1_06.xml","7","redPirate","71","5","maxChests","1"
"level_1_06.xml","7","redPirate","71","5","type","redPirate"
"level_1_06.xml","7","redPirate","71","5","x","71"
"level_1_06.xml","7","redPirate","71","5","y","5"
"level_1_06.xml","8","redPirate","72","5","boulder","10"
"level_1_06.xml","8","redPirate","72","5","cherryBomb","2"
"level_1_06.xml","8","redPirate","72","5","dynamite","1"
"level_1_06.xml","8","redPirate","72","5","luck","1"
"level_1_06.xml","8","redPirate","72","5","maxChests","1"
"level_1_06.xml","8","redPirate","72","5","type","redPirate"
"level_1_06.xml","8","redPirate","72","5","x","72"
"level_1_06.xml","8","redPirate","72","5","y","5"
"level_1_06.xml","9","redPirate","70","5","boulder","10"
"level_1_06.xml","9","redPirate","70","5","cherryBomb","2"
"level_1_06.xml","9","redPirate","70","5","dynamite","1"
"level_1_06.xml","9","redPirate","70","5","luck","1"
"level_1_06.xml","9","redPirate","70","5","maxChests","1"
"level_1_06.xml","9","redPirate","70","5","type","redPirate"
"level_1_06.xml","9","redPirate","70","5","x","70"
"level_1_06.xml","9","redPirate","70","5","y","5"
"level_1_06.xml","10","oldPirate","50","5","boulder","10"
"level_1_06.xml","10","oldPirate","50","5","dynamite","1"
"level_1_06.xml","10","oldPirate","50","5","luck","20"
"level_1_06.xml","10","oldPirate","50","5","maxChests","1"
"level_1_06.xml","10","oldPirate","50","5","type","oldPirate"
"level_1_06.xml","10","oldPirate","50","5","x","50"
"level_1_06.xml","10","oldPirate","50","5","y","5"
"level_1_06.xml","11","oldPirate","51","5","boulder","10"
"level_1_06.xml","11","oldPirate","51","5","dynamite","1"
"level_1_06.xml","11","oldPirate","51","5","luck","20"
"level_1_06.xml","11","oldPirate","51","5","maxChests","1"
"level_1_06.xml","11","oldPirate","51","5","type","oldPirate"
"level_1_06.xml","11","oldPirate","51","5","x","51"
"level_1_06.xml","11","oldPirate","51","5","y","5"
"level_1_06.xml","12","oldPirate","52","5","boulder","10"
"level_1_06.xml","12","oldPirate","52","5","dynamite","1"
"level_1_06.xml","12","oldPirate","52","5","luck","20"
"level_1_06.xml","12","oldPirate","52","5","maxChests","1"
"level_1_06.xml","12","oldPirate","52","5","type","oldPirate"
"level_1_06.xml","12","oldPirate","52","5","x","52"
"level_1_06.xml","12","oldPirate","52","5","y","5"
"level_1_06.xml","13","water","0","25","luck","10"
"level_1_06.xml","13","water","0","25","maxChests","3"
"level_1_06.xml","13","water","0","25","type","water"
"level_1_06.xml","13","water","0","25","x","0"
"level_1_06.xml","13","water","0","25","y","25"
"level_1_06.xml","14","redPirateCaptain","8","22","boulder","10"
"level_1_06.xml","14","redPirateCaptain","8","22","cherryBomb","2"
"level_1_06.xml","14","redPirateCaptain","8","22","dynamite","1"
"level_1_06.xml","14","redPirateCaptain","8","22","luck","1"
"level_1_06.xml","14","redPirateCaptain","8","22","type","redPirateCaptain"
"level_1_06.xml","14","redPirateCaptain","8","22","x","8"
"level_1_06.xml","14","redPirateCaptain","8","22","y","22"
"level_1_06.xml","15","redPirate","7","22","boulder","10"
"level_1_06.xml","15","redPirate","7","22","cherryBomb","2"
"level_1_06.xml","15","redPirate","7","22","dynamite","1"
"level_1_06.xml","15","redPirate","7","22","luck","1"
"level_1_06.xml","15","redPirate","7","22","type","redPirate"
"level_1_06.xml","15","redPirate","7","22","x","7"
"level_1_06.xml","15","redPirate","7","22","y","22"
"level_1_06.xml","16","oldPirateCaptain","21","22","boulder","10"
"level_1_06.xml","16","oldPirateCaptain","21","22","dynamite","1"
"level_1_06.xml","16","oldPirateCaptain","21","22","luck","20"
"level_1_06.xml","16","oldPirateCaptain","21","22","maxChests","1"
"level_1_06.xml","16","oldPirateCaptain","21","22","type","oldPirateCaptain"
"level_1_06.xml","16","oldPirateCaptain","21","22","x","21"
"level_1_06.xml","16","oldPirateCaptain","21","22","y","22"
"level_1_06.xml","17","oldPirate","22","22","boulder","10"
"level_1_06.xml","17","oldPirate","22","22","dynamite","1"
"level_1_06.xml","17","oldPirate","22","22","luck","20"
"level_1_06.xml","17","oldPirate","22","22","maxChests","1"
"level_1_06.xml","17","oldPirate","22","22","type","oldPirate"
"level_1_06.xml","17","oldPirate","22","22","x","22"
"level_1_06.xml","17","oldPirate","22","22","y","22"
"level_1_06.xml","18","oldPirate","61","11","boulder","10"
"level_1_06.xml","18","oldPirate","61","11","dynamite","1"
"level_1_06.xml","18","oldPirate","61","11","luck","20"
"level_1_06.xml","18","oldPirate","61","11","maxChests","1"
"level_1_06.xml","18","oldPirate","61","11","type","oldPirate"
"level_1_06.xml","18","oldPirate","61","11","x","61"
"level_1_06.xml","18","oldPirate","61","11","y","11"
"level_1_06.xml","19","redPirate","55","11","boulder","10"
"level_1_06.xml","19","redPirate","55","11","cherryBomb","2"
"level_1_06.xml","19","redPirate","55","11","dynamite","1"
"level_1_06.xml","19","redPirate","55","11","luck","1"
"level_1_06.xml","19","redPirate","55","11","type","redPirate"
"level_1_06.xml","19","redPirate","55","11","x","55"
"level_1_06.xml","19","redPirate","55","11","y","11"
"level_1_07.xml","0","potentialWeapons","6","2","banana","1"
"level_1_07.xml","0","potentialWeapons","6","2","cherryBomb","9"
"level_1_07.xml","0","potentialWeapons","6","2","luck","10"
"level_1_07.xml","0","potentialWeapons","6","2","maxChests","1"
"level_1_07.xml","0","potentialWeapons","6","2","type","potentialWeapons"
"level_1_07.xml","0","potentialWeapons","6","2","x","6"
"level_1_07.xml","0","potentialWeapons","6","2","y","2"
"level_1_07.xml","1","redPirate","0","6","cherryBomb","1"
"level_1_07.xml","1","redPirate","0","6","luck","30"
"level_1_07.xml","1","redPirate","0","6","maxChests","3"
"level_1_07.xml","1","redPirate","0","6","type","redPirate"
"level_1_07.xml","1","redPirate","0","6","woodenCrate","10"
"level_1_07.xml","1","redPirate","0","6","x","0"
"level_1_07.xml","1","redPirate","0","6","y","6"
"level_1_07.xml","2","redPirateCaptain","2","6","cherryBomb","1"
"level_1_07.xml","2","redPirateCaptain","2","6","luck","30"
"level_1_07.xml","2","redPirateCaptain","2","6","maxChests","3"
"level_1_07.xml","2","redPirateCaptain","2","6","type","redPirateCaptain"
"level_1_07.xml","2","redPirateCaptain","2","6","woodenCrate","10"
"level_1_07.xml","2","redPirateCaptain","2","6","x","2"
"level_1_07.xml","2","redPirateCaptain","2","6","y","6"
"level_1_07.xml","3","bossGuy","19","6","banana","4"
"level_1_07.xml","3","bossGuy","19","6","boulder","4"
"level_1_07.xml","3","bossGuy","19","6","cherryBomb","4"
"level_1_07.xml","3","bossGuy","19","6","dynamite","4"
"level_1_07.xml","3","bossGuy","19","6","luck","30"
"level_1_07.xml","3","bossGuy","19","6","maxChests","3"
"level_1_07.xml","3","bossGuy","19","6","parachuteBomb","2"
"level_1_07.xml","3","bossGuy","19","6","piecesOfEight","4"
"level_1_07.xml","3","bossGuy","19","6","rumBottle","4"
"level_1_07.xml","3","bossGuy","19","6","type","bossGuy"
"level_1_07.xml","3","bossGuy","19","6","x","19"
"level_1_07.xml","3","bossGuy","19","6","y","6"
"level_1_07.xml","4","water","2","9","luck","10"
"level_1_07.xml","4","water","2","9","maxChests","3"
"level_1_07.xml","4","water","2","9","type","water"
"level_1_07.xml","4","water","2","9","x","2"
"level_1_07.xml","4","water","2","9","y","9"
"level_1_08.xml","0","potentialWeapons","10","5","anchor","1"
"level_1_08.xml","0","potentialWeapons","10","5","banana","1"
"level_1_08.xml","0","potentialWeapons","10","5","boulder","1"
"level_1_08.xml","0","potentialWeapons","10","5","cannon","1"
"level_1_08.xml","0","potentialWeapons","10","5","cherryBomb","1"
"level_1_08.xml","0","potentialWeapons","10","5","dynamite","1"
"level_1_08.xml","0","potentialWeapons","10","5","gunpowderBarrel","1"
"level_1_08.xml","0","potentialWeapons","10","5","luck","10"
"level_1_08.xml","0","potentialWeapons","10","5","maxChests","3"
"level_1_08.xml","0","potentialWeapons","10","5","mine","1"
"level_1_08.xml","0","potentialWeapons","10","5","parachuteBomb","1"
"level_1_08.xml","0","potentialWeapons","10","5","piecesOfEight","1"
"level_1_08.xml","0","potentialWeapons","10","5","rumBottle","1"
"level_1_08.xml","0","potentialWeapons","10","5","seagull","1"
"level_1_08.xml","0","potentialWeapons","10","5","tidalWave","1"
"level_1_08.xml","0","potentialWeapons","10","5","type","potentialWeapons"
"level_1_08.xml","0","potentialWeapons","10","5","voodooDoll","1"
"level_1_08.xml","0","potentialWeapons","10","5","woodenCrate","1"
"level_1_08.xml","0","potentialWeapons","10","5","x","10"
"level_1_08.xml","0","potentialWeapons","10","5","y","5"
"level_1_08.xml","1","redPirate","11","21","anchor","1"
"level_1_08.xml","1","redPirate","11","21","banana","1"
"level_1_08.xml","1","redPirate","11","21","dynamite","2"
"level_1_08.xml","1","redPirate","11","21","gunpowderBarrel","5"
"level_1_08.xml","1","redPirate","11","21","luck","10"
"level_1_08.xml","1","redPirate","11","21","maxChests","3"
"level_1_08.xml","1","redPirate","11","21","mine","1"
"level_1_08.xml","1","redPirate","11","21","parachuteBomb","5"
"level_1_08.xml","1","redPirate","11","21","piecesOfEight","1"
"level_1_08.xml","1","redPirate","11","21","rumBottle","3"
"level_1_08.xml","1","redPirate","11","21","seagull","1"
"level_1_08.xml","1","redPirate","11","21","tidalWave","1"
"level_1_08.xml","1","redPirate","11","21","type","redPirate"
"level_1_08.xml","1","redPirate","11","21","woodenCrate","5"
"level_1_08.xml","1","redPirate","11","21","x","11"
"level_1_08.xml","1","redPirate","11","21","y","21"
"level_1_08.xml","2","parrot","7","21","anchor","1"
"level_1_08.xml","2","parrot","7","21","banana","5"
"level_1_08.xml","2","parrot","7","21","cherryBomb","4"
"level_1_08.xml","2","parrot","7","21","dynamite","10"
"level_1_08.xml","2","parrot","7","21","gunpowderBarrel","1"
"level_1_08.xml","2","parrot","7","21","luck","10"
"level_1_08.xml","2","parrot","7","21","maxChests","3"
"level_1_08.xml","2","parrot","7","21","mine","1"
"level_1_08.xml","2","parrot","7","21","parachuteBomb","5"
"level_1_08.xml","2","parrot","7","21","piecesOfEight","1"
"level_1_08.xml","2","parrot","7","21","rumBottle","10"
"level_1_08.xml","2","parrot","7","21","seagull","2"
"level_1_08.xml","2","parrot","7","21","tidalWave","1"
"level_1_08.xml","2","parrot","7","21","type","parrot"
"level_1_08.xml","2","parrot","7","21","x","7"
"level_1_08.xml","2","parrot","7","21","y","21"
"level_1_08.xml","3","redPirate","11","17","anchor","1"
"level_1_08.xml","3","redPirate","11","17","banana","1"
"level_1_08.xml","3","redPirate","11","17","dynamite","2"
"level_1_08.xml","3","redPirate","11","17","gunpowderBarrel","5"
"level_1_08.xml","3","redPirate","11","17","luck","10"
"level_1_08.xml","3","redPirate","11","17","maxChests","3"
"level_1_08.xml","3","redPirate","11","17","mine","1"
"level_1_08.xml","3","redPirate","11","17","parachuteBomb","5"
"level_1_08.xml","3","redPirate","11","17","piecesOfEight","1"
"level_1_08.xml","3","redPirate","11","17","rumBottle","3"
"level_1_08.xml","3","redPirate","11","17","seagull","1"
"level_1_08.xml","3","redPirate","11","17","tidalWave","1"
"level_1_08.xml","3","redPirate","11","17","type","redPirate"
"level_1_08.xml","3","redPirate","11","17","woodenCrate","5"
"level_1_08.xml","3","redPirate","11","17","x","11"
"level_1_08.xml","3","redPirate","11","17","y","17"
"level_1_08.xml","4","parrot","7","17","anchor","1"
"level_1_08.xml","4","parrot","7","17","banana","5"
"level_1_08.xml","4","parrot","7","17","cherryBomb","4"
"level_1_08.xml","4","parrot","7","17","dynamite","10"
"level_1_08.xml","4","parrot","7","17","gunpowderBarrel","1"
"level_1_08.xml","4","parrot","7","17","luck","10"
"level_1_08.xml","4","parrot","7","17","maxChests","3"
"level_1_08.xml","4","parrot","7","17","mine","1"
"level_1_08.xml","4","parrot","7","17","parachuteBomb","5"
"level_1_08.xml","4","parrot","7","17","piecesOfEight","1"
"level_1_08.xml","4","parrot","7","17","rumBottle","10"
"level_1_08.xml","4","parrot","7","17","seagull","2"
"level_1_08.xml","4","parrot","7","17","tidalWave","1"
"level_1_08.xml","4","parrot","7","17","type","parrot"
"level_1_08.xml","4","parrot","7","17","x","7"
"level_1_08.xml","4","parrot","7","17","y","17"
"level_1_08.xml","5","redPirate","11","13","anchor","1"
"level_1_08.xml","5","redPirate","11","13","banana","1"
"level_1_08.xml","5","redPirate","11","13","dynamite","2"
"level_1_08.xml","5","redPirate","11","13","gunpowderBarrel","5"
"level_1_08.xml","5","redPirate","11","13","luck","10"
"level_1_08.xml","5","redPirate","11","13","maxChests","3"
"level_1_08.xml","5","redPirate","11","13","mine","1"
"level_1_08.xml","5","redPirate","11","13","parachuteBomb","5"
"level_1_08.xml","5","redPirate","11","13","piecesOfEight","1"
"level_1_08.xml","5","redPirate","11","13","rumBottle","3"
"level_1_08.xml","5","redPirate","11","13","seagull","1"
"level_1_08.xml","5","redPirate","11","13","tidalWave","1"
"level_1_08.xml","5","redPirate","11","13","type","redPirate"
"level_1_08.xml","5","redPirate","11","13","woodenCrate","5"
"level_1_08.xml","5","redPirate","11","13","x","11"
"level_1_08.xml","5","redPirate","11","13","y","13"
"level_1_08.xml","6","parrot","7","13","anchor","1"
"level_1_08.xml","6","parrot","7","13","banana","5"
"level_1_08.xml","6","parrot","7","13","cherryBomb","4"
"level_1_08.xml","6","parrot","7","13","dynamite","10"
"level_1_08.xml","6","parrot","7","13","gunpowderBarrel","1"
"level_1_08.xml","6","parrot","7","13","luck","10"
"level_1_08.xml","6","parrot","7","13","maxChests","3"
"level_1_08.xml","6","parrot","7","13","mine","1"
"level_1_08.xml","6","parrot","7","13","parachuteBomb","5"
"level_1_08.xml","6","parrot","7","13","piecesOfEight","1"
"level_1_08.xml","6","parrot","7","13","rumBottle","10"
"level_1_08.xml","6","parrot","7","13","seagull","2"
"level_1_08.xml","6","parrot","7","13","tidalWave","1"
"level_1_08.xml","6","parrot","7","13","type","parrot"
"level_1_08.xml","6","parrot","7","13","x","7"
"level_1_08.xml","6","parrot","7","13","y","13"
"level_1_08.xml","7","redPirateCaptain","11","9","anchor","1"
"level_1_08.xml","7","redPirateCaptain","11","9","banana","1"
"level_1_08.xml","7","redPirateCaptain","11","9","dynamite","2"
"level_1_08.xml","7","redPirateCaptain","11","9","gunpowderBarrel","5"
"level_1_08.xml","7","redPirateCaptain","11","9","luck","10"
"level_1_08.xml","7","redPirateCaptain","11","9","maxChests","3"
"level_1_08.xml","7","redPirateCaptain","11","9","mine","1"
"level_1_08.xml","7","redPirateCaptain","11","9","parachuteBomb","5"
"level_1_08.xml","7","redPirateCaptain","11","9","piecesOfEight","1"
"level_1_08.xml","7","redPirateCaptain","11","9","rumBottle","3"
"level_1_08.xml","7","redPirateCaptain","11","9","seagull","1"
"level_1_08.xml","7","redPirateCaptain","11","9","tidalWave","1"
"level_1_08.xml","7","redPirateCaptain","11","9","type","redPirateCaptain"
"level_1_08.xml","7","redPirateCaptain","11","9","woodenCrate","5"
"level_1_08.xml","7","redPirateCaptain","11","9","x","11"
"level_1_08.xml","7","redPirateCaptain","11","9","y","9"
"level_1_08.xml","8","parrot","7","9","anchor","1"
"level_1_08.xml","8","parrot","7","9","banana","5"
"level_1_08.xml","8","parrot","7","9","cherryBomb","4"
"level_1_08.xml","8","parrot","7","9","dynamite","10"
"level_1_08.xml","8","parrot","7","9","gunpowderBarrel","1"
"level_1_08.xml","8","parrot","7","9","luck","10"
"level_1_08.xml","8","parrot","7","9","maxChests","3"
"level_1_08.xml","8","parrot","7","9","mine","1"
"level_1_08.xml","8","parrot","7","9","parachuteBomb","5"
"level_1_08.xml","8","parrot","7","9","piecesOfEight","1"
"level_1_08.xml","8","parrot","7","9","rumBottle","10"
"level_1_08.xml","8","parrot","7","9","seagull","2"
"level_1_08.xml","8","parrot","7","9","tidalWave","1"
"level_1_08.xml","8","parrot","7","9","type","parrot"
"level_1_08.xml","8","parrot","7","9","x","7"
"level_1_08.xml","8","parrot","7","9","y","9"
"level_1_08.xml","9","water","2","31","luck","10"
"level_1_08.xml","9","water","2","31","maxChests","3"
"level_1_08.xml","9","water","2","31","type","water"
"level_1_08.xml","9","water","2","31","x","2"
"level_1_08.xml","9","water","2","31","y","31"
"level_1_08.xml","10","redPirate","11","25","anchor","1"
"level_1_08.xml","10","redPirate","11","25","banana","1"
"level_1_08.xml","10","redPirate","11","25","dynamite","2"
"level_1_08.xml","10","redPirate","11","25","gunpowderBarrel","5"
"level_1_08.xml","10","redPirate","11","25","luck","10"
"level_1_08.xml","10","redPirate","11","25","maxChests","3"
"level_1_08.xml","10","redPirate","11","25","mine","1"
"level_1_08.xml","10","redPirate","11","25","parachuteBomb","5"
"level_1_08.xml","10","redPirate","11","25","piecesOfEight","1"
"level_1_08.xml","10","redPirate","11","25","rumBottle","3"
"level_1_08.xml","10","redPirate","11","25","seagull","1"
"level_1_08.xml","10","redPirate","11","25","tidalWave","1"
"level_1_08.xml","10","redPirate","11","25","type","redPirate"
"level_1_08.xml","10","redPirate","11","25","woodenCrate","5"
"level_1_08.xml","10","redPirate","11","25","x","11"
"level_1_08.xml","10","redPirate","11","25","y","25"
"level_1_08.xml","11","parrot","7","25","anchor","1"
"level_1_08.xml","11","parrot","7","25","banana","5"
"level_1_08.xml","11","parrot","7","25","cherryBomb","4"
"level_1_08.xml","11","parrot","7","25","dynamite","10"
"level_1_08.xml","11","parrot","7","25","gunpowderBarrel","1"
"level_1_08.xml","11","parrot","7","25","luck","10"
"level_1_08.xml","11","parrot","7","25","maxChests","3"
"level_1_08.xml","11","parrot","7","25","mine","1"
"level_1_08.xml","11","parrot","7","25","parachuteBomb","5"
"level_1_08.xml","11","parrot","7","25","piecesOfEight","1"
"level_1_08.xml","11","parrot","7","25","rumBottle","10"
"level_1_08.xml","11","parrot","7","25","seagull","2"
"level_1_08.xml","11","parrot","7","25","tidalWave","1"
"level_1_08.xml","11","parrot","7","25","type","parrot"
"level_1_08.xml","11","parrot","7","25","x","7"
"level_1_08.xml","11","parrot","7","25","y","25"
"level_1_09.xml","0","potentialWeapons","21","1","anchor","1"
"level_1_09.xml","0","potentialWeapons","21","1","banana","2"
"level_1_09.xml","0","potentialWeapons","21","1","boulder","1"
"level_1_09.xml","0","potentialWeapons","21","1","cannon","5"
"level_1_09.xml","0","potentialWeapons","21","1","dynamite","2"
"level_1_09.xml","0","potentialWeapons","21","1","luck","1"
"level_1_09.xml","0","potentialWeapons","21","1","mine","5"
"level_1_09.xml","0","potentialWeapons","21","1","parachuteBomb","2"
"level_1_09.xml","0","potentialWeapons","21","1","piecesOfEight","2"
"level_1_09.xml","0","potentialWeapons","21","1","seagull","2"
"level_1_09.xml","0","potentialWeapons","21","1","tidalWave","1"
"level_1_09.xml","0","potentialWeapons","21","1","type","potentialWeapons"
"level_1_09.xml","0","potentialWeapons","21","1","voodooDoll","1"
"level_1_09.xml","0","potentialWeapons","21","1","x","21"
"level_1_09.xml","0","potentialWeapons","21","1","y","1"
"level_1_09.xml","1","rainbowBeard","25","1","anchor","1"
"level_1_09.xml","1","rainbowBeard","25","1","banana","1"
"level_1_09.xml","1","rainbowBeard","25","1","cannon","5"
"level_1_09.xml","1","rainbowBeard","25","1","cherryBomb","10"
"level_1_09.xml","1","rainbowBeard","25","1","dynamite","10"
"level_1_09.xml","1","rainbowBeard","25","1","gunpowderBarrel","5"
"level_1_09.xml","1","rainbowBeard","25","1","luck","20"
"level_1_09.xml","1","rainbowBeard","25","1","maxChests","1"
"level_1_09.xml","1","rainbowBeard","25","1","mine","5"
"level_1_09.xml","1","rainbowBeard","25","1","parachuteBomb","1"
"level_1_09.xml","1","rainbowBeard","25","1","piecesOfEight","10"
"level_1_09.xml","1","rainbowBeard","25","1","seagull","1"
"level_1_09.xml","1","rainbowBeard","25","1","type","rainbowBeard"
"level_1_09.xml","1","rainbowBeard","25","1","woodenCrate","5"
"level_1_09.xml","1","rainbowBeard","25","1","x","25"
"level_1_09.xml","1","rainbowBeard","25","1","y","1"
"level_1_09.xml","2","redPirate","52","20","banana","1"
"level_1_09.xml","2","redPirate","52","20","cannon","5"
"level_1_09.xml","2","redPirate","52","20","cherryBomb","10"
"level_1_09.xml","2","redPirate","52","20","dynamite","5"
"level_1_09.xml","2","redPirate","52","20","gunpowderBarrel","5"
"level_1_09.xml","2","redPirate","52","20","luck","1"
"level_1_09.xml","2","redPirate","52","20","mine","10"
"level_1_09.xml","2","redPirate","52","20","parachuteBomb","1"
"level_1_09.xml","2","redPirate","52","20","piecesOfEight","1"
"level_1_09.xml","2","redPirate","52","20","type","redPirate"
"level_1_09.xml","2","redPirate","52","20","woodenCrate","5"
"level_1_09.xml","2","redPirate","52","20","x","52"
"level_1_09.xml","2","redPirate","52","20","y","20"
"level_1_09.xml","3","rainbowBeard","53","20","anchor","1"
"level_1_09.xml","3","rainbowBeard","53","20","banana","1"
"level_1_09.xml","3","rainbowBeard","53","20","cannon","5"
"level_1_09.xml","3","rainbowBeard","53","20","cherryBomb","10"
"level_1_09.xml","3","rainbowBeard","53","20","dynamite","5"
"level_1_09.xml","3","rainbowBeard","53","20","gunpowderBarrel","5"
"level_1_09.xml","3","rainbowBeard","53","20","luck","25"
"level_1_09.xml","3","rainbowBeard","53","20","maxChests","3"
"level_1_09.xml","3","rainbowBeard","53","20","mine","1"
"level_1_09.xml","3","rainbowBeard","53","20","parachuteBomb","1"
"level_1_09.xml","3","rainbowBeard","53","20","piecesOfEight","1"
"level_1_09.xml","3","rainbowBeard","53","20","seagull","1"
"level_1_09.xml","3","rainbowBeard","53","20","type","rainbowBeard"
"level_1_09.xml","3","rainbowBeard","53","20","woodenCrate","5"
"level_1_09.xml","3","rainbowBeard","53","20","x","53"
"level_1_09.xml","3","rainbowBeard","53","20","y","20"
"level_1_09.xml","4","rainbowBeard","30","15","anchor","1"
"level_1_09.xml","4","rainbowBeard","30","15","banana","1"
"level_1_09.xml","4","rainbowBeard","30","15","cannon","5"
"level_1_09.xml","4","rainbowBeard","30","15","cherryBomb","10"
"level_1_09.xml","4","rainbowBeard","30","15","dynamite","5"
"level_1_09.xml","4","rainbowBeard","30","15","gunpowderBarrel","5"
"level_1_09.xml","4","rainbowBeard","30","15","luck","25"
"level_1_09.xml","4","rainbowBeard","30","15","maxChests","3"
"level_1_09.xml","4","rainbowBeard","30","15","mine","1"
"level_1_09.xml","4","rainbowBeard","30","15","parachuteBomb","1"
"level_1_09.xml","4","rainbowBeard","30","15","piecesOfEight","1"
"level_1_09.xml","4","rainbowBeard","30","15","seagull","1"
"level_1_09.xml","4","rainbowBeard","30","15","type","rainbowBeard"
"level_1_09.xml","4","rainbowBeard","30","15","woodenCrate","5"
"level_1_09.xml","4","rainbowBeard","30","15","x","30"
"level_1_09.xml","4","rainbowBeard","30","15","y","15"
"level_1_09.xml","5","redPirateCaptain","18","15","banana","1"
"level_1_09.xml","5","redPirateCaptain","18","15","cannon","5"
"level_1_09.xml","5","redPirateCaptain","18","15","cherryBomb","10"
"level_1_09.xml","5","redPirateCaptain","18","15","dynamite","5"
"level_1_09.xml","5","redPirateCaptain","18","15","gunpowderBarrel","5"
"level_1_09.xml","5","redPirateCaptain","18","15","luck","1"
"level_1_09.xml","5","redPirateCaptain","18","15","mine","10"
"level_1_09.xml","5","redPirateCaptain","18","15","parachuteBomb","1"
"level_1_09.xml","5","redPirateCaptain","18","15","piecesOfEight","1"
"level_1_09.xml","5","redPirateCaptain","18","15","seagull","1"
"level_1_09.xml","5","redPirateCaptain","18","15","type","redPirateCaptain"
"level_1_09.xml","5","redPirateCaptain","18","15","woodenCrate","5"
"level_1_09.xml","5","redPirateCaptain","18","15","x","18"
"level_1_09.xml","5","redPirateCaptain","18","15","y","15"
"level_1_09.xml","6","rainbowBeardCaptain","27","10","anchor","1"
"level_1_09.xml","6","rainbowBeardCaptain","27","10","banana","1"
"level_1_09.xml","6","rainbowBeardCaptain","27","10","cannon","5"
"level_1_09.xml","6","rainbowBeardCaptain","27","10","cherryBomb","10"
"level_1_09.xml","6","rainbowBeardCaptain","27","10","dynamite","2"
"level_1_09.xml","6","rainbowBeardCaptain","27","10","gunpowderBarrel","5"
"level_1_09.xml","6","rainbowBeardCaptain","27","10","luck","25"
"level_1_09.xml","6","rainbowBeardCaptain","27","10","mine","5"
"level_1_09.xml","6","rainbowBeardCaptain","27","10","parachuteBomb","1"
"level_1_09.xml","6","rainbowBeardCaptain","27","10","piecesOfEight","2"
"level_1_09.xml","6","rainbowBeardCaptain","27","10","seagull","2"
"level_1_09.xml","6","rainbowBeardCaptain","27","10","tidalWave","5"
"level_1_09.xml","6","rainbowBeardCaptain","27","10","type","rainbowBeardCaptain"
"level_1_09.xml","6","rainbowBeardCaptain","27","10","voodooDoll","1"
"level_1_09.xml","6","rainbowBeardCaptain","27","10","woodenCrate","5"
"level_1_09.xml","6","rainbowBeardCaptain","27","10","x","27"
"level_1_09.xml","6","rainbowBeardCaptain","27","10","y","10"
"level_1_09.xml","7","redPirate","40","10","banana","1"
"level_1_09.xml","7","redPirate","40","10","cannon","5"
"level_1_09.xml","7","redPirate","40","10","cherryBomb","10"
"level_1_09.xml","7","redPirate","40","10","dynamite","5"
"level_1_09.xml","7","redPirate","40","10","gunpowderBarrel","5"
"level_1_09.xml","7","redPirate","40","10","luck","1"
"level_1_09.xml","7","redPirate","40","10","mine","10"
"level_1_09.xml","7","redPirate","40","10","parachuteBomb","1"
"level_1_09.xml","7","redPirate","40","10","piecesOfEight","1"
"level_1_09.xml","7","redPirate","40","10","type","redPirate"
"level_1_09.xml","7","redPirate","40","10","woodenCrate","5"
"level_1_09.xml","7","redPirate","40","10","x","40"
"level_1_09.xml","7","redPirate","40","10","y","10"
"level_1_09.xml","8","redPirate","8","16","banana","1"
"level_1_09.xml","8","redPirate","8","16","cannon","5"
"level_1_09.xml","8","redPirate","8","16","cherryBomb","10"
"level_1_09.xml","8","redPirate","8","16","dynamite","5"
"level_1_09.xml","8","redPirate","8","16","gunpowderBarrel","5"
"level_1_09.xml","8","redPirate","8","16","luck","1"
"level_1_09.xml","8","redPirate","8","16","mine","10"
"level_1_09.xml","8","redPirate","8","16","parachuteBomb","1"
"level_1_09.xml","8","redPirate","8","16","piecesOfEight","1"
"level_1_09.xml","8","redPirate","8","16","type","redPirate"
"level_1_09.xml","8","redPirate","8","16","woodenCrate","5"
"level_1_09.xml","8","redPirate","8","16","x","8"
"level_1_09.xml","8","redPirate","8","16","y","16"
"level_1_09.xml","9","rainbowBeard","41","16","anchor","1"
"level_1_09.xml","9","rainbowBeard","41","16","banana","1"
"level_1_09.xml","9","rainbowBeard","41","16","cannon","5"
"level_1_09.xml","9","rainbowBeard","41","16","cherryBomb","10"
"level_1_09.xml","9","rainbowBeard","41","16","dynamite","5"
"level_1_09.xml","9","rainbowBeard","41","16","gunpowderBarrel","5"
"level_1_09.xml","9","rainbowBeard","41","16","luck","25"
"level_1_09.xml","9","rainbowBeard","41","16","maxChests","3"
"level_1_09.xml","9","rainbowBeard","41","16","mine","1"
"level_1_09.xml","9","rainbowBeard","41","16","parachuteBomb","1"
"level_1_09.xml","9","rainbowBeard","41","16","piecesOfEight","1"
"level_1_09.xml","9","rainbowBeard","41","16","seagull","1"
"level_1_09.xml","9","rainbowBeard","41","16","type","rainbowBeard"
"level_1_09.xml","9","rainbowBeard","41","16","woodenCrate","5"
"level_1_09.xml","9","rainbowBeard","41","16","x","41"
"level_1_09.xml","9","rainbowBeard","41","16","y","16"
"level_1_09.xml","10","redPirate","41","21","banana","1"
"level_1_09.xml","10","redPirate","41","21","cannon","5"
"level_1_09.xml","10","redPirate","41","21","cherryBomb","10"
"level_1_09.xml","10","redPirate","41","21","dynamite","5"
"level_1_09.xml","10","redPirate","41","21","gunpowderBarrel","5"
"level_1_09.xml","10","redPirate","41","21","luck","1"
"level_1_09.xml","10","redPirate","41","21","mine","10"
"level_1_09.xml","10","redPirate","41","21","parachuteBomb","1"
"level_1_09.xml","10","redPirate","41","21","piecesOfEight","1"
"level_1_09.xml","10","redPirate","41","21","type","redPirate"
"level_1_09.xml","10","redPirate","41","21","woodenCrate","5"
"level_1_09.xml","10","redPirate","41","21","x","41"
"level_1_09.xml","10","redPirate","41","21","y","21"
"level_1_09.xml","11","rainbowBeard","9","21","anchor","1"
"level_1_09.xml","11","rainbowBeard","9","21","banana","1"
"level_1_09.xml","11","rainbowBeard","9","21","cannon","5"
"level_1_09.xml","11","rainbowBeard","9","21","cherryBomb","10"
"level_1_09.xml","11","rainbowBeard","9","21","dynamite","5"
"level_1_09.xml","11","rainbowBeard","9","21","gunpowderBarrel","5"
"level_1_09.xml","11","rainbowBeard","9","21","luck","20"
"level_1_09.xml","11","rainbowBeard","9","21","maxChests","3"
"level_1_09.xml","11","rainbowBeard","9","21","mine","1"
"level_1_09.xml","11","rainbowBeard","9","21","parachuteBomb","1"
"level_1_09.xml","11","rainbowBeard","9","21","piecesOfEight","1"
"level_1_09.xml","11","rainbowBeard","9","21","seagull","1"
"level_1_09.xml","11","rainbowBeard","9","21","type","rainbowBeard"
"level_1_09.xml","11","rainbowBeard","9","21","woodenCrate","5"
"level_1_09.xml","11","rainbowBeard","9","21","x","9"
"level_1_09.xml","11","rainbowBeard","9","21","y","21"
"level_1_09.xml","12","water","3","24","luck","10"
"level_1_09.xml","12","water","3","24","maxChests","3"
"level_1_09.xml","12","water","3","24","type","water"
"level_1_09.xml","12","water","3","24","x","3"
"level_1_09.xml","12","water","3","24","y","24"
"level_1_10.xml","0","potentialWeapons","38","0","anchor","5"
"level_1_10.xml","0","potentialWeapons","38","0","banana","1"
"level_1_10.xml","0","potentialWeapons","38","0","cannon","5"
"level_1_10.xml","0","potentialWeapons","38","0","cherryBomb","1"
"level_1_10.xml","0","potentialWeapons","38","0","dynamite","1"
"level_1_10.xml","0","potentialWeapons","38","0","gunpowderBarrel","10"
"level_1_10.xml","0","potentialWeapons","38","0","luck","20"
"level_1_10.xml","0","potentialWeapons","38","0","maxChests","1"
"level_1_10.xml","0","potentialWeapons","38","0","parachuteBomb","1"
"level_1_10.xml","0","potentialWeapons","38","0","piecesOfEight","5"
"level_1_10.xml","0","potentialWeapons","38","0","rumBottle","2"
"level_1_10.xml","0","potentialWeapons","38","0","seagull","2"
"level_1_10.xml","0","potentialWeapons","38","0","tidalWave","5"
"level_1_10.xml","0","potentialWeapons","38","0","type","potentialWeapons"
"level_1_10.xml","0","potentialWeapons","38","0","voodooDoll","5"
"level_1_10.xml","0","potentialWeapons","38","0","woodenCrate","10"
"level_1_10.xml","0","potentialWeapons","38","0","x","38"
"level_1_10.xml","0","potentialWeapons","38","0","y","0"
"level_1_10.xml","1","femalePirate","0","26","banana","1"
"level_1_10.xml","1","femalePirate","0","26","cannon","2"
"level_1_10.xml","1","femalePirate","0","26","dynamite","5"
"level_1_10.xml","1","femalePirate","0","26","gunpowderBarrel","10"
"level_1_10.xml","1","femalePirate","0","26","luck","20"
"level_1_10.xml","1","femalePirate","0","26","maxChests","1"
"level_1_10.xml","1","femalePirate","0","26","mine","1"
"level_1_10.xml","1","femalePirate","0","26","parachuteBomb","1"
"level_1_10.xml","1","femalePirate","0","26","piecesOfEight","1"
"level_1_10.xml","1","femalePirate","0","26","rumBottle","2"
"level_1_10.xml","1","femalePirate","0","26","type","femalePirate"
"level_1_10.xml","1","femalePirate","0","26","woodenCrate","10"
"level_1_10.xml","1","femalePirate","0","26","x","0"
"level_1_10.xml","1","femalePirate","0","26","y","26"
"level_1_10.xml","2","femalePirateCaptain","40","9","anchor","1"
"level_1_10.xml","2","femalePirateCaptain","40","9","banana","1"
"level_1_10.xml","2","femalePirateCaptain","40","9","cannon","2"
"level_1_10.xml","2","femalePirateCaptain","40","9","dynamite","5"
"level_1_10.xml","2","femalePirateCaptain","40","9","gunpowderBarrel","10"
"level_1_10.xml","2","femalePirateCaptain","40","9","luck","20"
"level_1_10.xml","2","femalePirateCaptain","40","9","maxChests","1"
"level_1_10.xml","2","femalePirateCaptain","40","9","mine","1"
"level_1_10.xml","2","femalePirateCaptain","40","9","parachuteBomb","1"
"level_1_10.xml","2","femalePirateCaptain","40","9","piecesOfEight","1"
"level_1_10.xml","2","femalePirateCaptain","40","9","rumBottle","2"
"level_1_10.xml","2","femalePirateCaptain","40","9","tidalWave","10"
"level_1_10.xml","2","femalePirateCaptain","40","9","type","femalePirateCaptain"
"level_1_10.xml","2","femalePirateCaptain","40","9","voodooDoll","1"
"level_1_10.xml","2","femalePirateCaptain","40","9","woodenCrate","10"
"level_1_10.xml","2","femalePirateCaptain","40","9","x","40"
"level_1_10.xml","2","femalePirateCaptain","40","9","y","9"
"level_1_10.xml","3","redPirate","37","5","banana","2"
"level_1_10.xml","3","redPirate","37","5","cannon","1"
"level_1_10.xml","3","redPirate","37","5","dynamite","5"
"level_1_10.xml","3","redPirate","37","5","gunpowderBarrel","10"
"level_1_10.xml","3","redPirate","37","5","luck","20"
"level_1_10.xml","3","redPirate","37","5","maxChests","1"
"level_1_10.xml","3","redPirate","37","5","mine","10"
"level_1_10.xml","3","redPirate","37","5","parachuteBomb","1"
"level_1_10.xml","3","redPirate","37","5","piecesOfEight","1"
"level_1_10.xml","3","redPirate","37","5","rumBottle","2"
"level_1_10.xml","3","redPirate","37","5","type","redPirate"
"level_1_10.xml","3","redPirate","37","5","woodenCrate","10"
"level_1_10.xml","3","redPirate","37","5","x","37"
"level_1_10.xml","3","redPirate","37","5","y","5"
"level_1_10.xml","4","femalePirate","72","16","banana","1"
"level_1_10.xml","4","femalePirate","72","16","cherryBomb","10"
"level_1_10.xml","4","femalePirate","72","16","dynamite","2"
"level_1_10.xml","4","femalePirate","72","16","gunpowderBarrel","10"
"level_1_10.xml","4","femalePirate","72","16","luck","20"
"level_1_10.xml","4","femalePirate","72","16","maxChests","1"
"level_1_10.xml","4","femalePirate","72","16","mine","1"
"level_1_10.xml","4","femalePirate","72","16","parachuteBomb","1"
"level_1_10.xml","4","femalePirate","72","16","piecesOfEight","2"
"level_1_10.xml","4","femalePirate","72","16","rumBottle","1"
"level_1_10.xml","4","femalePirate","72","16","tidalWave","1"
"level_1_10.xml","4","femalePirate","72","16","type","femalePirate"
"level_1_10.xml","4","femalePirate","72","16","woodenCrate","10"
"level_1_10.xml","4","femalePirate","72","16","x","72"
"level_1_10.xml","4","femalePirate","72","16","y","16"
"level_1_10.xml","5","femalePirate","62","20","banana","1"
"level_1_10.xml","5","femalePirate","62","20","cherryBomb","10"
"level_1_10.xml","5","femalePirate","62","20","dynamite","2"
"level_1_10.xml","5","femalePirate","62","20","gunpowderBarrel","10"
"level_1_10.xml","5","femalePirate","62","20","luck","20"
"level_1_10.xml","5","femalePirate","62","20","maxChests","1"
"level_1_10.xml","5","femalePirate","62","20","mine","1"
"level_1_10.xml","5","femalePirate","62","20","parachuteBomb","1"
"level_1_10.xml","5","femalePirate","62","20","piecesOfEight","2"
"level_1_10.xml","5","femalePirate","62","20","rumBottle","1"
"level_1_10.xml","5","femalePirate","62","20","tidalWave","1"
"level_1_10.xml","5","femalePirate","62","20","type","femalePirate"
"level_1_10.xml","5","femalePirate","62","20","woodenCrate","10"
"level_1_10.xml","5","femalePirate","62","20","x","62"
"level_1_10.xml","5","femalePirate","62","20","y","20"
"level_1_10.xml","6","redPirate","15","20","banana","2"
"level_1_10.xml","6","redPirate","15","20","cannon","1"
"level_1_10.xml","6","redPirate","15","20","dynamite","5"
"level_1_10.xml","6","redPirate","15","20","gunpowderBarrel","10"
"level_1_10.xml","6","redPirate","15","20","luck","20"
"level_1_10.xml","6","redPirate","15","20","maxChests","1"
"level_1_10.xml","6","redPirate","15","20","mine","10"
"level_1_10.xml","6","redPirate","15","20","parachuteBomb","1"
"level_1_10.xml","6","redPirate","15","20","piecesOfEight","1"
"level_1_10.xml","6","redPirate","15","20","rumBottle","2"
"level_1_10.xml","6","redPirate","15","20","type","redPirate"
"level_1_10.xml","6","redPirate","15","20","woodenCrate","10"
"level_1_10.xml","6","redPirate","15","20","x","15"
"level_1_10.xml","6","redPirate","15","20","y","20"
"level_1_10.xml","7","femalePirate","31","20","banana","1"
"level_1_10.xml","7","femalePirate","31","20","cannon","2"
"level_1_10.xml","7","femalePirate","31","20","dynamite","5"
"level_1_10.xml","7","femalePirate","31","20","gunpowderBarrel","10"
"level_1_10.xml","7","femalePirate","31","20","luck","20"
"level_1_10.xml","7","femalePirate","31","20","maxChests","1"
"level_1_10.xml","7","femalePirate","31","20","mine","1"
"level_1_10.xml","7","femalePirate","31","20","parachuteBomb","1"
"level_1_10.xml","7","femalePirate","31","20","piecesOfEight","1"
"level_1_10.xml","7","femalePirate","31","20","rumBottle","2"
"level_1_10.xml","7","femalePirate","31","20","tidalWave","1"
"level_1_10.xml","7","femalePirate","31","20","type","femalePirate"
"level_1_10.xml","7","femalePirate","31","20","woodenCrate","10"
"level_1_10.xml","7","femalePirate","31","20","x","31"
"level_1_10.xml","7","femalePirate","31","20","y","20"
"level_1_10.xml","8","femalePirate","45","20","banana","1"
"level_1_10.xml","8","femalePirate","45","20","cannon","2"
"level_1_10.xml","8","femalePirate","45","20","dynamite","5"
"level_1_10.xml","8","femalePirate","45","20","gunpowderBarrel","10"
"level_1_10.xml","8","femalePirate","45","20","luck","20"
"level_1_10.xml","8","femalePirate","45","20","maxChests","1"
"level_1_10.xml","8","femalePirate","45","20","mine","1"
"level_1_10.xml","8","femalePirate","45","20","parachuteBomb","1"
"level_1_10.xml","8","femalePirate","45","20","piecesOfEight","1"
"level_1_10.xml","8","femalePirate","45","20","rumBottle","2"
"level_1_10.xml","8","femalePirate","45","20","tidalWave","1"
"level_1_10.xml","8","femalePirate","45","20","type","femalePirate"
"level_1_10.xml","8","femalePirate","45","20","woodenCrate","10"
"level_1_10.xml","8","femalePirate","45","20","x","45"
"level_1_10.xml","8","femalePirate","45","20","y","20"
"level_1_10.xml","9","redPirate","66","11","banana","2"
"level_1_10.xml","9","redPirate","66","11","cannon","1"
"level_1_10.xml","9","redPirate","66","11","dynamite","5"
"level_1_10.xml","9","redPirate","66","11","gunpowderBarrel","10"
"level_1_10.xml","9","redPirate","66","11","luck","20"
"level_1_10.xml","9","redPirate","66","11","maxChests","1"
"level_1_10.xml","9","redPirate","66","11","mine","10"
"level_1_10.xml","9","redPirate","66","11","parachuteBomb","1"
"level_1_10.xml","9","redPirate","66","11","piecesOfEight","1"
"level_1_10.xml","9","redPirate","66","11","rumBottle","2"
"level_1_10.xml","9","redPirate","66","11","type","redPirate"
"level_1_10.xml","9","redPirate","66","11","woodenCrate","10"
"level_1_10.xml","9","redPirate","66","11","x","66"
"level_1_10.xml","9","redPirate","66","11","y","11"
"level_1_10.xml","10","redPirate","29","24","banana","2"
"level_1_10.xml","10","redPirate","29","24","cannon","1"
"level_1_10.xml","10","redPirate","29","24","dynamite","5"
"level_1_10.xml","10","redPirate","29","24","gunpowderBarrel","10"
"level_1_10.xml","10","redPirate","29","24","luck","20"
"level_1_10.xml","10","redPirate","29","24","maxChests","1"
"level_1_10.xml","10","redPirate","29","24","mine","10"
"level_1_10.xml","10","redPirate","29","24","parachuteBomb","1"
"level_1_10.xml","10","redPirate","29","24","piecesOfEight","1"
"level_1_10.xml","10","redPirate","29","24","rumBottle","2"
"level_1_10.xml","10","redPirate","29","24","type","redPirate"
"level_1_10.xml","10","redPirate","29","24","woodenCrate","10"
"level_1_10.xml","10","redPirate","29","24","x","29"
"level_1_10.xml","10","redPirate","29","24","y","24"
"level_1_10.xml","11","femalePirate","12","14","banana","1"
"level_1_10.xml","11","femalePirate","12","14","cannon","2"
"level_1_10.xml","11","femalePirate","12","14","dynamite","5"
"level_1_10.xml","11","femalePirate","12","14","gunpowderBarrel","10"
"level_1_10.xml","11","femalePirate","12","14","luck","20"
"level_1_10.xml","11","femalePirate","12","14","maxChests","1"
"level_1_10.xml","11","femalePirate","12","14","mine","1"
"level_1_10.xml","11","femalePirate","12","14","parachuteBomb","1"
"level_1_10.xml","11","femalePirate","12","14","piecesOfEight","1"
"level_1_10.xml","11","femalePirate","12","14","rumBottle","2"
"level_1_10.xml","11","femalePirate","12","14","type","femalePirate"
"level_1_10.xml","11","femalePirate","12","14","woodenCrate","10"
"level_1_10.xml","11","femalePirate","12","14","x","12"
"level_1_10.xml","11","femalePirate","12","14","y","14"
"level_1_10.xml","12","redPirateCaptain","7","14","anchor","1"
"level_1_10.xml","12","redPirateCaptain","7","14","banana","2"
"level_1_10.xml","12","redPirateCaptain","7","14","cannon","1"
"level_1_10.xml","12","redPirateCaptain","7","14","dynamite","5"
"level_1_10.xml","12","redPirateCaptain","7","14","gunpowderBarrel","10"
"level_1_10.xml","12","redPirateCaptain","7","14","luck","20"
"level_1_10.xml","12","redPirateCaptain","7","14","maxChests","1"
"level_1_10.xml","12","redPirateCaptain","7","14","mine","10"
"level_1_10.xml","12","redPirateCaptain","7","14","parachuteBomb","1"
"level_1_10.xml","12","redPirateCaptain","7","14","piecesOfEight","1"
"level_1_10.xml","12","redPirateCaptain","7","14","rumBottle","2"
"level_1_10.xml","12","redPirateCaptain","7","14","tidalWave","1"
"level_1_10.xml","12","redPirateCaptain","7","14","type","redPirateCaptain"
"level_1_10.xml","12","redPirateCaptain","7","14","voodooDoll","1"
"level_1_10.xml","12","redPirateCaptain","7","14","woodenCrate","10"
"level_1_10.xml","12","redPirateCaptain","7","14","x","7"
"level_1_10.xml","12","redPirateCaptain","7","14","y","14"
"level_1_10.xml","13","redPirate","74","23","banana","2"
"level_1_10.xml","13","redPirate","74","23","cannon","1"
"level_1_10.xml","13","redPirate","74","23","dynamite","5"
"level_1_10.xml","13","redPirate","74","23","gunpowderBarrel","10"
"level_1_10.xml","13","redPirate","74","23","luck","20"
"level_1_10.xml","13","redPirate","74","23","maxChests","1"
"level_1_10.xml","13","redPirate","74","23","mine","10"
"level_1_10.xml","13","redPirate","74","23","parachuteBomb","1"
"level_1_10.xml","13","redPirate","74","23","piecesOfEight","1"
"level_1_10.xml","13","redPirate","74","23","rumBottle","2"
"level_1_10.xml","13","redPirate","74","23","type","redPirate"
"level_1_10.xml","13","redPirate","74","23","woodenCrate","10"
"level_1_10.xml","13","redPirate","74","23","x","74"
"level_1_10.xml","13","redPirate","74","23","y","23"
"level_1_10.xml","14","redPirate","46","23","banana","2"
"level_1_10.xml","14","redPirate","46","23","cannon","1"
"level_1_10.xml","14","redPirate","46","23","dynamite","5"
"level_1_10.xml","14","redPirate","46","23","gunpowderBarrel","10"
"level_1_10.xml","14","redPirate","46","23","luck","20"
"level_1_10.xml","14","redPirate","46","23","maxChests","1"
"level_1_10.xml","14","redPirate","46","23","mine","10"
"level_1_10.xml","14","redPirate","46","23","parachuteBomb","1"
"level_1_10.xml","14","redPirate","46","23","piecesOfEight","1"
"level_1_10.xml","14","redPirate","46","23","rumBottle","2"
"level_1_10.xml","14","redPirate","46","23","type","redPirate"
"level_1_10.xml","14","redPirate","46","23","woodenCrate","10"
"level_1_10.xml","14","redPirate","46","23","x","46"
"level_1_10.xml","14","redPirate","46","23","y","23"
"level_1_10.xml","15","water","49","29","dynamite","10"
"level_1_10.xml","15","water","49","29","luck","10"
"level_1_10.xml","15","water","49","29","maxChests","3"
"level_1_10.xml","15","water","49","29","type","water"
"level_1_10.xml","15","water","49","29","x","49"
"level_1_10.xml","15","water","49","29","y","29"
"level_1_11.xml","0","potentialWeapons","23","0","anchor","2"
"level_1_11.xml","0","potentialWeapons","23","0","banana","2"
"level_1_11.xml","0","potentialWeapons","23","0","boulder","2"
"level_1_11.xml","0","potentialWeapons","23","0","dynamite","8"
"level_1_11.xml","0","potentialWeapons","23","0","luck","10"
"level_1_11.xml","0","potentialWeapons","23","0","maxChests","3"
"level_1_11.xml","0","potentialWeapons","23","0","parachuteBomb","2"
"level_1_11.xml","0","potentialWeapons","23","0","tidalWave","2"
"level_1_11.xml","0","potentialWeapons","23","0","type","potentialWeapons"
"level_1_11.xml","0","potentialWeapons","23","0","x","23"
"level_1_11.xml","0","potentialWeapons","23","0","y","0"
"level_1_11.xml","1","crab","38","5","anchor","1"
"level_1_11.xml","1","crab","38","5","boulder","10"
"level_1_11.xml","1","crab","38","5","dynamite","2"
"level_1_11.xml","1","crab","38","5","gunpowderBarrel","10"
"level_1_11.xml","1","crab","38","5","luck","25"
"level_1_11.xml","1","crab","38","5","tidalWave","10"
"level_1_11.xml","1","crab","38","5","type","crab"
"level_1_11.xml","1","crab","38","5","woodenCrate","10"
"level_1_11.xml","1","crab","38","5","x","38"
"level_1_11.xml","1","crab","38","5","y","5"
"level_1_11.xml","2","crab","5","5","anchor","1"
"level_1_11.xml","2","crab","5","5","boulder","10"
"level_1_11.xml","2","crab","5","5","dynamite","2"
"level_1_11.xml","2","crab","5","5","gunpowderBarrel","10"
"level_1_11.xml","2","crab","5","5","luck","25"
"level_1_11.xml","2","crab","5","5","tidalWave","10"
"level_1_11.xml","2","crab","5","5","type","crab"
"level_1_11.xml","2","crab","5","5","woodenCrate","10"
"level_1_11.xml","2","crab","5","5","x","5"
"level_1_11.xml","2","crab","5","5","y","5"
"level_1_11.xml","3","crab","28","1","anchor","1"
"level_1_11.xml","3","crab","28","1","boulder","10"
"level_1_11.xml","3","crab","28","1","dynamite","2"
"level_1_11.xml","3","crab","28","1","gunpowderBarrel","10"
"level_1_11.xml","3","crab","28","1","luck","25"
"level_1_11.xml","3","crab","28","1","tidalWave","10"
"level_1_11.xml","3","crab","28","1","type","crab"
"level_1_11.xml","3","crab","28","1","woodenCrate","10"
"level_1_11.xml","3","crab","28","1","x","28"
"level_1_11.xml","3","crab","28","1","y","1"
"level_1_11.xml","4","crab","16","1","dynamite","1"
"level_1_11.xml","4","crab","16","1","luck","25"
"level_1_11.xml","4","crab","16","1","tidalWave","10"
"level_1_11.xml","4","crab","16","1","type","crab"
"level_1_11.xml","4","crab","16","1","x","16"
"level_1_11.xml","4","crab","16","1","y","1"
"level_1_11.xml","5","water","0","13","luck","10"
"level_1_11.xml","5","water","0","13","maxChests","3"
"level_1_11.xml","5","water","0","13","type","water"
"level_1_11.xml","5","water","0","13","x","0"
"level_1_11.xml","5","water","0","13","y","13"
"level_1_11.xml","6","redPirateCaptain","27","10","cherryBomb","10"
"level_1_11.xml","6","redPirateCaptain","27","10","gunpowderBarrel","10"
"level_1_11.xml","6","redPirateCaptain","27","10","luck","1"
"level_1_11.xml","6","redPirateCaptain","27","10","maxChests","1"
"level_1_11.xml","6","redPirateCaptain","27","10","mine","1"
"level_1_11.xml","6","redPirateCaptain","27","10","type","redPirateCaptain"
"level_1_11.xml","6","redPirateCaptain","27","10","woodenCrate","10"
"level_1_11.xml","6","redPirateCaptain","27","10","x","27"
"level_1_11.xml","6","redPirateCaptain","27","10","y","10"
"level_1_11.xml","7","redPirate","21","10","cherryBomb","10"
"level_1_11.xml","7","redPirate","21","10","gunpowderBarrel","10"
"level_1_11.xml","7","redPirate","21","10","luck","1"
"level_1_11.xml","7","redPirate","21","10","maxChests","1"
"level_1_11.xml","7","redPirate","21","10","mine","1"
"level_1_11.xml","7","redPirate","21","10","type","redPirate"
"level_1_11.xml","7","redPirate","21","10","woodenCrate","10"
"level_1_11.xml","7","redPirate","21","10","x","21"
"level_1_11.xml","7","redPirate","21","10","y","10"
"level_1_11.xml","8","redPirate","6","10","cherryBomb","10"
"level_1_11.xml","8","redPirate","6","10","gunpowderBarrel","10"
"level_1_11.xml","8","redPirate","6","10","luck","1"
"level_1_11.xml","8","redPirate","6","10","maxChests","1"
"level_1_11.xml","8","redPirate","6","10","mine","1"
"level_1_11.xml","8","redPirate","6","10","type","redPirate"
"level_1_11.xml","8","redPirate","6","10","woodenCrate","10"
"level_1_11.xml","8","redPirate","6","10","x","6"
"level_1_11.xml","8","redPirate","6","10","y","10"
"level_1_11.xml","9","redPirate","37","10","cherryBomb","10"
"level_1_11.xml","9","redPirate","37","10","gunpowderBarrel","10"
"level_1_11.xml","9","redPirate","37","10","luck","1"
"level_1_11.xml","9","redPirate","37","10","maxChests","1"
"level_1_11.xml","9","redPirate","37","10","mine","1"
"level_1_11.xml","9","redPirate","37","10","type","redPirate"
"level_1_11.xml","9","redPirate","37","10","woodenCrate","10"
"level_1_11.xml","9","redPirate","37","10","x","37"
"level_1_11.xml","9","redPirate","37","10","y","10"
"level_1_12.xml","0","potentialWeapons","24","1","anchor","2"
"level_1_12.xml","0","potentialWeapons","24","1","banana","4"
"level_1_12.xml","0","potentialWeapons","24","1","dynamite","4"
"level_1_12.xml","0","potentialWeapons","24","1","luck","10"
"level_1_12.xml","0","potentialWeapons","24","1","maxChests","3"
"level_1_12.xml","0","potentialWeapons","24","1","parachuteBomb","3"
"level_1_12.xml","0","potentialWeapons","24","1","rumBottle","6"
"level_1_12.xml","0","potentialWeapons","24","1","seagull","1"
"level_1_12.xml","0","potentialWeapons","24","1","type","potentialWeapons"
"level_1_12.xml","0","potentialWeapons","24","1","voodooDoll","1"
"level_1_12.xml","0","potentialWeapons","24","1","x","24"
"level_1_12.xml","0","potentialWeapons","24","1","y","1"
"level_1_12.xml","1","skeletonPirate","11","5","banana","1"
"level_1_12.xml","1","skeletonPirate","11","5","cherryBomb","10"
"level_1_12.xml","1","skeletonPirate","11","5","dynamite","10"
"level_1_12.xml","1","skeletonPirate","11","5","luck","10"
"level_1_12.xml","1","skeletonPirate","11","5","maxChests","1"
"level_1_12.xml","1","skeletonPirate","11","5","rumBottle","2"
"level_1_12.xml","1","skeletonPirate","11","5","type","skeletonPirate"
"level_1_12.xml","1","skeletonPirate","11","5","x","11"
"level_1_12.xml","1","skeletonPirate","11","5","y","5"
"level_1_12.xml","2","skeletonPirate","34","0","banana","1"
"level_1_12.xml","2","skeletonPirate","34","0","cherryBomb","10"
"level_1_12.xml","2","skeletonPirate","34","0","dynamite","10"
"level_1_12.xml","2","skeletonPirate","34","0","luck","10"
"level_1_12.xml","2","skeletonPirate","34","0","maxChests","1"
"level_1_12.xml","2","skeletonPirate","34","0","rumBottle","2"
"level_1_12.xml","2","skeletonPirate","34","0","type","skeletonPirate"
"level_1_12.xml","2","skeletonPirate","34","0","x","34"
"level_1_12.xml","2","skeletonPirate","34","0","y","0"
"level_1_12.xml","3","redPirate","28","17","cherryBomb","10"
"level_1_12.xml","3","redPirate","28","17","dynamite","5"
"level_1_12.xml","3","redPirate","28","17","luck","10"
"level_1_12.xml","3","redPirate","28","17","maxChests","1"
"level_1_12.xml","3","redPirate","28","17","rumBottle","2"
"level_1_12.xml","3","redPirate","28","17","type","redPirate"
"level_1_12.xml","3","redPirate","28","17","x","28"
"level_1_12.xml","3","redPirate","28","17","y","17"
"level_1_12.xml","4","skeletonPirate","23","21","banana","1"
"level_1_12.xml","4","skeletonPirate","23","21","cherryBomb","10"
"level_1_12.xml","4","skeletonPirate","23","21","dynamite","10"
"level_1_12.xml","4","skeletonPirate","23","21","luck","10"
"level_1_12.xml","4","skeletonPirate","23","21","maxChests","1"
"level_1_12.xml","4","skeletonPirate","23","21","rumBottle","2"
"level_1_12.xml","4","skeletonPirate","23","21","type","skeletonPirate"
"level_1_12.xml","4","skeletonPirate","23","21","x","23"
"level_1_12.xml","4","skeletonPirate","23","21","y","21"
"level_1_12.xml","5","skeletonPirate","39","8","banana","1"
"level_1_12.xml","5","skeletonPirate","39","8","cherryBomb","10"
"level_1_12.xml","5","skeletonPirate","39","8","dynamite","10"
"level_1_12.xml","5","skeletonPirate","39","8","luck","10"
"level_1_12.xml","5","skeletonPirate","39","8","maxChests","1"
"level_1_12.xml","5","skeletonPirate","39","8","rumBottle","2"
"level_1_12.xml","5","skeletonPirate","39","8","type","skeletonPirate"
"level_1_12.xml","5","skeletonPirate","39","8","x","39"
"level_1_12.xml","5","skeletonPirate","39","8","y","8"
"level_1_12.xml","6","skeletonPirate","32","10","banana","1"
"level_1_12.xml","6","skeletonPirate","32","10","cherryBomb","10"
"level_1_12.xml","6","skeletonPirate","32","10","dynamite","10"
"level_1_12.xml","6","skeletonPirate","32","10","luck","10"
"level_1_12.xml","6","skeletonPirate","32","10","maxChests","1"
"level_1_12.xml","6","skeletonPirate","32","10","rumBottle","2"
"level_1_12.xml","6","skeletonPirate","32","10","type","skeletonPirate"
"level_1_12.xml","6","skeletonPirate","32","10","x","32"
"level_1_12.xml","6","skeletonPirate","32","10","y","10"
"level_1_12.xml","7","skeletonPirate","12","10","banana","1"
"level_1_12.xml","7","skeletonPirate","12","10","cherryBomb","10"
"level_1_12.xml","7","skeletonPirate","12","10","dynamite","10"
"level_1_12.xml","7","skeletonPirate","12","10","luck","10"
"level_1_12.xml","7","skeletonPirate","12","10","maxChests","1"
"level_1_12.xml","7","skeletonPirate","12","10","rumBottle","2"
"level_1_12.xml","7","skeletonPirate","12","10","type","skeletonPirate"
"level_1_12.xml","7","skeletonPirate","12","10","x","12"
"level_1_12.xml","7","skeletonPirate","12","10","y","10"
"level_1_12.xml","8","skeletonPirate","19","6","banana","1"
"level_1_12.xml","8","skeletonPirate","19","6","cherryBomb","10"
"level_1_12.xml","8","skeletonPirate","19","6","dynamite","10"
"level_1_12.xml","8","skeletonPirate","19","6","luck","10"
"level_1_12.xml","8","skeletonPirate","19","6","maxChests","1"
"level_1_12.xml","8","skeletonPirate","19","6","rumBottle","2"
"level_1_12.xml","8","skeletonPirate","19","6","type","skeletonPirate"
"level_1_12.xml","8","skeletonPirate","19","6","x","19"
"level_1_12.xml","8","skeletonPirate","19","6","y","6"
"level_1_12.xml","9","redPirate","2","6","cherryBomb","10"
"level_1_12.xml","9","redPirate","2","6","dynamite","5"
"level_1_12.xml","9","redPirate","2","6","luck","10"
"level_1_12.xml","9","redPirate","2","6","maxChests","1"
"level_1_12.xml","9","redPirate","2","6","rumBottle","2"
"level_1_12.xml","9","redPirate","2","6","type","redPirate"
"level_1_12.xml","9","redPirate","2","6","x","2"
"level_1_12.xml","9","redPirate","2","6","y","6"
"level_1_12.xml","10","skeletonPirateCaptain","23","6","anchor","1"
"level_1_12.xml","10","skeletonPirateCaptain","23","6","cannon","5"
"level_1_12.xml","10","skeletonPirateCaptain","23","6","cherryBomb","10"
"level_1_12.xml","10","skeletonPirateCaptain","23","6","dynamite","5"
"level_1_12.xml","10","skeletonPirateCaptain","23","6","gunpowderBarrel","5"
"level_1_12.xml","10","skeletonPirateCaptain","23","6","luck","20"
"level_1_12.xml","10","skeletonPirateCaptain","23","6","maxChests","1"
"level_1_12.xml","10","skeletonPirateCaptain","23","6","parachuteBomb","5"
"level_1_12.xml","10","skeletonPirateCaptain","23","6","tidalWave","10"
"level_1_12.xml","10","skeletonPirateCaptain","23","6","type","skeletonPirateCaptain"
"level_1_12.xml","10","skeletonPirateCaptain","23","6","x","23"
"level_1_12.xml","10","skeletonPirateCaptain","23","6","y","6"
"level_1_12.xml","11","redPirate","41","3","cherryBomb","10"
"level_1_12.xml","11","redPirate","41","3","dynamite","5"
"level_1_12.xml","11","redPirate","41","3","luck","10"
"level_1_12.xml","11","redPirate","41","3","maxChests","1"
"level_1_12.xml","11","redPirate","41","3","rumBottle","2"
"level_1_12.xml","11","redPirate","41","3","type","redPirate"
"level_1_12.xml","11","redPirate","41","3","x","41"
"level_1_12.xml","11","redPirate","41","3","y","3"
"level_1_12.xml","12","skeletonPirate","36","15","banana","1"
"level_1_12.xml","12","skeletonPirate","36","15","cherryBomb","10"
"level_1_12.xml","12","skeletonPirate","36","15","dynamite","10"
"level_1_12.xml","12","skeletonPirate","36","15","luck","10"
"level_1_12.xml","12","skeletonPirate","36","15","maxChests","1"
"level_1_12.xml","12","skeletonPirate","36","15","rumBottle","2"
"level_1_12.xml","12","skeletonPirate","36","15","type","skeletonPirate"
"level_1_12.xml","12","skeletonPirate","36","15","x","36"
"level_1_12.xml","12","skeletonPirate","36","15","y","15"
"level_1_12.xml","13","redPirate","7","15","cherryBomb","10"
"level_1_12.xml","13","redPirate","7","15","dynamite","5"
"level_1_12.xml","13","redPirate","7","15","luck","10"
"level_1_12.xml","13","redPirate","7","15","maxChests","1"
"level_1_12.xml","13","redPirate","7","15","rumBottle","2"
"level_1_12.xml","13","redPirate","7","15","type","redPirate"
"level_1_12.xml","13","redPirate","7","15","x","7"
"level_1_12.xml","13","redPirate","7","15","y","15"
"level_1_12.xml","14","skeletonPirate","5","15","banana","1"
"level_1_12.xml","14","skeletonPirate","5","15","cherryBomb","10"
"level_1_12.xml","14","skeletonPirate","5","15","dynamite","10"
"level_1_12.xml","14","skeletonPirate","5","15","luck","10"
"level_1_12.xml","14","skeletonPirate","5","15","maxChests","1"
"level_1_12.xml","14","skeletonPirate","5","15","rumBottle","2"
"level_1_12.xml","14","skeletonPirate","5","15","type","skeletonPirate"
"level_1_12.xml","14","skeletonPirate","5","15","x","5"
"level_1_12.xml","14","skeletonPirate","5","15","y","15"
"level_1_12.xml","15","skeletonPirate","24","15","banana","1"
"level_1_12.xml","15","skeletonPirate","24","15","cherryBomb","10"
"level_1_12.xml","15","skeletonPirate","24","15","dynamite","10"
"level_1_12.xml","15","skeletonPirate","24","15","luck","10"
"level_1_12.xml","15","skeletonPirate","24","15","maxChests","1"
"level_1_12.xml","15","skeletonPirate","24","15","rumBottle","2"
"level_1_12.xml","15","skeletonPirate","24","15","type","skeletonPirate"
"level_1_12.xml","15","skeletonPirate","24","15","x","24"
"level_1_12.xml","15","skeletonPirate","24","15","y","15"
"level_1_12.xml","16","redPirateCaptain","20","15","anchor","1"
"level_1_12.xml","16","redPirateCaptain","20","15","cannon","5"
"level_1_12.xml","16","redPirateCaptain","20","15","cherryBomb","10"
"level_1_12.xml","16","redPirateCaptain","20","15","dynamite","5"
"level_1_12.xml","16","redPirateCaptain","20","15","gunpowderBarrel","5"
"level_1_12.xml","16","redPirateCaptain","20","15","luck","20"
"level_1_12.xml","16","redPirateCaptain","20","15","maxChests","1"
"level_1_12.xml","16","redPirateCaptain","20","15","parachuteBomb","5"
"level_1_12.xml","16","redPirateCaptain","20","15","tidalWave","10"
"level_1_12.xml","16","redPirateCaptain","20","15","type","redPirateCaptain"
"level_1_12.xml","16","redPirateCaptain","20","15","x","20"
"level_1_12.xml","16","redPirateCaptain","20","15","y","15"
"level_1_12.xml","17","water","15","23","luck","10"
"level_1_12.xml","17","water","15","23","maxChests","3"
"level_1_12.xml","17","water","15","23","type","water"
"level_1_12.xml","17","water","15","23","x","15"
"level_1_12.xml","17","water","15","23","y","23"
"level_1_13.xml","0","potentialWeapons","58","0","anchor","2"
"level_1_13.xml","0","potentialWeapons","58","0","banana","2"
"level_1_13.xml","0","potentialWeapons","58","0","boulder","2"
"level_1_13.xml","0","potentialWeapons","58","0","cannon","2"
"level_1_13.xml","0","potentialWeapons","58","0","cherryBomb","2"
"level_1_13.xml","0","potentialWeapons","58","0","dynamite","2"
"level_1_13.xml","0","potentialWeapons","58","0","gunpowderBarrel","2"
"level_1_13.xml","0","potentialWeapons","58","0","luck","10"
"level_1_13.xml","0","potentialWeapons","58","0","maxChests","3"
"level_1_13.xml","0","potentialWeapons","58","0","mine","2"
"level_1_13.xml","0","potentialWeapons","58","0","parachuteBomb","2"
"level_1_13.xml","0","potentialWeapons","58","0","piecesOfEight","2"
"level_1_13.xml","0","potentialWeapons","58","0","rumBottle","2"
"level_1_13.xml","0","potentialWeapons","58","0","seagull","2"
"level_1_13.xml","0","potentialWeapons","58","0","tidalWave","2"
"level_1_13.xml","0","potentialWeapons","58","0","type","potentialWeapons"
"level_1_13.xml","0","potentialWeapons","58","0","voodooDoll","2"
"level_1_13.xml","0","potentialWeapons","58","0","woodenCrate","2"
"level_1_13.xml","0","potentialWeapons","58","0","x","58"
"level_1_13.xml","0","potentialWeapons","58","0","y","0"
"level_1_13.xml","1","shark","86","2","anchor","1"
"level_1_13.xml","1","shark","86","2","banana","2"
"level_1_13.xml","1","shark","86","2","boulder","2"
"level_1_13.xml","1","shark","86","2","cherryBomb","2"
"level_1_13.xml","1","shark","86","2","dynamite","4"
"level_1_13.xml","1","shark","86","2","luck","10"
"level_1_13.xml","1","shark","86","2","maxChests","3"
"level_1_13.xml","1","shark","86","2","mine","2"
"level_1_13.xml","1","shark","86","2","parachuteBomb","2"
"level_1_13.xml","1","shark","86","2","piecesOfEight","1"
"level_1_13.xml","1","shark","86","2","rumBottle","4"
"level_1_13.xml","1","shark","86","2","seagull","1"
"level_1_13.xml","1","shark","86","2","tidalWave","1"
"level_1_13.xml","1","shark","86","2","type","shark"
"level_1_13.xml","1","shark","86","2","woodenCrate","1"
"level_1_13.xml","1","shark","86","2","x","86"
"level_1_13.xml","1","shark","86","2","y","2"
"level_1_13.xml","2","shark","57","2","anchor","1"
"level_1_13.xml","2","shark","57","2","banana","2"
"level_1_13.xml","2","shark","57","2","boulder","2"
"level_1_13.xml","2","shark","57","2","cherryBomb","2"
"level_1_13.xml","2","shark","57","2","dynamite","4"
"level_1_13.xml","2","shark","57","2","luck","10"
"level_1_13.xml","2","shark","57","2","maxChests","3"
"level_1_13.xml","2","shark","57","2","mine","2"
"level_1_13.xml","2","shark","57","2","parachuteBomb","2"
"level_1_13.xml","2","shark","57","2","piecesOfEight","1"
"level_1_13.xml","2","shark","57","2","rumBottle","4"
"level_1_13.xml","2","shark","57","2","seagull","1"
"level_1_13.xml","2","shark","57","2","tidalWave","1"
"level_1_13.xml","2","shark","57","2","type","shark"
"level_1_13.xml","2","shark","57","2","woodenCrate","1"
"level_1_13.xml","2","shark","57","2","x","57"
"level_1_13.xml","2","shark","57","2","y","2"
"level_1_13.xml","3","shark","14","2","anchor","1"
"level_1_13.xml","3","shark","14","2","banana","2"
"level_1_13.xml","3","shark","14","2","boulder","2"
"level_1_13.xml","3","shark","14","2","cherryBomb","2"
"level_1_13.xml","3","shark","14","2","dynamite","4"
"level_1_13.xml","3","shark","14","2","luck","10"
"level_1_13.xml","3","shark","14","2","maxChests","3"
"level_1_13.xml","3","shark","14","2","mine","2"
"level_1_13.xml","3","shark","14","2","parachuteBomb","2"
"level_1_13.xml","3","shark","14","2","piecesOfEight","1"
"level_1_13.xml","3","shark","14","2","rumBottle","4"
"level_1_13.xml","3","shark","14","2","seagull","1"
"level_1_13.xml","3","shark","14","2","tidalWave","1"
"level_1_13.xml","3","shark","14","2","type","shark"
"level_1_13.xml","3","shark","14","2","woodenCrate","1"
"level_1_13.xml","3","shark","14","2","x","14"
"level_1_13.xml","3","shark","14","2","y","2"
"level_1_13.xml","4","redPirate","67","2","cherryBomb","2"
"level_1_13.xml","4","redPirate","67","2","luck","10"
"level_1_13.xml","4","redPirate","67","2","maxChests","3"
"level_1_13.xml","4","redPirate","67","2","tidalWave","1"
"level_1_13.xml","4","redPirate","67","2","type","redPirate"
"level_1_13.xml","4","redPirate","67","2","woodenCrate","10"
"level_1_13.xml","4","redPirate","67","2","x","67"
"level_1_13.xml","4","redPirate","67","2","y","2"
"level_1_13.xml","5","redPirateCaptain","41","2","cherryBomb","2"
"level_1_13.xml","5","redPirateCaptain","41","2","luck","10"
"level_1_13.xml","5","redPirateCaptain","41","2","maxChests","3"
"level_1_13.xml","5","redPirateCaptain","41","2","tidalWave","1"
"level_1_13.xml","5","redPirateCaptain","41","2","type","redPirateCaptain"
"level_1_13.xml","5","redPirateCaptain","41","2","woodenCrate","10"
"level_1_13.xml","5","redPirateCaptain","41","2","x","41"
"level_1_13.xml","5","redPirateCaptain","41","2","y","2"
"level_1_13.xml","6","shark","43","2","anchor","1"
"level_1_13.xml","6","shark","43","2","banana","2"
"level_1_13.xml","6","shark","43","2","boulder","2"
"level_1_13.xml","6","shark","43","2","cherryBomb","2"
"level_1_13.xml","6","shark","43","2","dynamite","4"
"level_1_13.xml","6","shark","43","2","luck","10"
"level_1_13.xml","6","shark","43","2","maxChests","3"
"level_1_13.xml","6","shark","43","2","mine","2"
"level_1_13.xml","6","shark","43","2","parachuteBomb","2"
"level_1_13.xml","6","shark","43","2","piecesOfEight","1"
"level_1_13.xml","6","shark","43","2","rumBottle","4"
"level_1_13.xml","6","shark","43","2","seagull","1"
"level_1_13.xml","6","shark","43","2","tidalWave","1"
"level_1_13.xml","6","shark","43","2","type","shark"
"level_1_13.xml","6","shark","43","2","woodenCrate","1"
"level_1_13.xml","6","shark","43","2","x","43"
"level_1_13.xml","6","shark","43","2","y","2"
"level_1_13.xml","7","redPirate","3","2","cherryBomb","2"
"level_1_13.xml","7","redPirate","3","2","luck","10"
"level_1_13.xml","7","redPirate","3","2","maxChests","3"
"level_1_13.xml","7","redPirate","3","2","tidalWave","1"
"level_1_13.xml","7","redPirate","3","2","type","redPirate"
"level_1_13.xml","7","redPirate","3","2","woodenCrate","10"
"level_1_13.xml","7","redPirate","3","2","x","3"
"level_1_13.xml","7","redPirate","3","2","y","2"
"level_1_13.xml","8","redPirate","28","2","cherryBomb","2"
"level_1_13.xml","8","redPirate","28","2","luck","10"
"level_1_13.xml","8","redPirate","28","2","maxChests","3"
"level_1_13.xml","8","redPirate","28","2","tidalWave","1"
"level_1_13.xml","8","redPirate","28","2","type","redPirate"
"level_1_13.xml","8","redPirate","28","2","woodenCrate","10"
"level_1_13.xml","8","redPirate","28","2","x","28"
"level_1_13.xml","8","redPirate","28","2","y","2"
"level_1_13.xml","9","redPirate","50","2","cherryBomb","2"
"level_1_13.xml","9","redPirate","50","2","luck","10"
"level_1_13.xml","9","redPirate","50","2","maxChests","3"
"level_1_13.xml","9","redPirate","50","2","tidalWave","1"
"level_1_13.xml","9","redPirate","50","2","type","redPirate"
"level_1_13.xml","9","redPirate","50","2","woodenCrate","10"
"level_1_13.xml","9","redPirate","50","2","x","50"
"level_1_13.xml","9","redPirate","50","2","y","2"
"level_1_13.xml","10","shark","36","2","anchor","1"
"level_1_13.xml","10","shark","36","2","banana","2"
"level_1_13.xml","10","shark","36","2","boulder","2"
"level_1_13.xml","10","shark","36","2","cherryBomb","2"
"level_1_13.xml","10","shark","36","2","dynamite","4"
"level_1_13.xml","10","shark","36","2","luck","10"
"level_1_13.xml","10","shark","36","2","maxChests","3"
"level_1_13.xml","10","shark","36","2","mine","2"
"level_1_13.xml","10","shark","36","2","parachuteBomb","2"
"level_1_13.xml","10","shark","36","2","piecesOfEight","1"
"level_1_13.xml","10","shark","36","2","rumBottle","4"
"level_1_13.xml","10","shark","36","2","seagull","1"
"level_1_13.xml","10","shark","36","2","tidalWave","1"
"level_1_13.xml","10","shark","36","2","type","shark"
"level_1_13.xml","10","shark","36","2","woodenCrate","1"
"level_1_13.xml","10","shark","36","2","x","36"
"level_1_13.xml","10","shark","36","2","y","2"
"level_1_13.xml","11","water","18","4","luck","10"
"level_1_13.xml","11","water","18","4","maxChests","3"
"level_1_13.xml","11","water","18","4","type","water"
"level_1_13.xml","11","water","18","4","x","18"
"level_1_13.xml","11","water","18","4","y","4"
"level_1_14.xml","0","tribe","27","19","banana","1"
"level_1_14.xml","0","tribe","27","19","luck","25"
"level_1_14.xml","0","tribe","27","19","mine","1"
"level_1_14.xml","0","tribe","27","19","type","tribe"
"level_1_14.xml","0","tribe","27","19","voodooDoll","10"
"level_1_14.xml","0","tribe","27","19","x","27"
"level_1_14.xml","0","tribe","27","19","y","19"
"level_1_14.xml","1","tribe","18","11","luck","20"
"level_1_14.xml","1","tribe","18","11","type","tribe"
"level_1_14.xml","1","tribe","18","11","voodooDoll","10"
"level_1_14.xml","1","tribe","18","11","x","18"
"level_1_14.xml","1","tribe","18","11","y","11"
"level_1_14.xml","2","potentialWeapons","25","0","luck","25"
"level_1_14.xml","2","potentialWeapons","25","0","seagull","1"
"level_1_14.xml","2","potentialWeapons","25","0","tidalWave","1"
"level_1_14.xml","2","potentialWeapons","25","0","type","potentialWeapons"
"level_1_14.xml","2","potentialWeapons","25","0","voodooDoll","10"
"level_1_14.xml","2","potentialWeapons","25","0","x","25"
"level_1_14.xml","2","potentialWeapons","25","0","y","0"
"level_1_14.xml","3","redPirate","9","14","anchor","1"
"level_1_14.xml","3","redPirate","9","14","banana","1"
"level_1_14.xml","3","redPirate","9","14","boulder","1"
"level_1_14.xml","3","redPirate","9","14","cannon","1"
"level_1_14.xml","3","redPirate","9","14","cherryBomb","10"
"level_1_14.xml","3","redPirate","9","14","dynamite","1"
"level_1_14.xml","3","redPirate","9","14","gunpowderBarrel","10"
"level_1_14.xml","3","redPirate","9","14","luck","20"
"level_1_14.xml","3","redPirate","9","14","maxChests","3"
"level_1_14.xml","3","redPirate","9","14","mine","1"
"level_1_14.xml","3","redPirate","9","14","parachuteBomb","1"
"level_1_14.xml","3","redPirate","9","14","piecesOfEight","1"
"level_1_14.xml","3","redPirate","9","14","rumBottle","1"
"level_1_14.xml","3","redPirate","9","14","seagull","1"
"level_1_14.xml","3","redPirate","9","14","type","redPirate"
"level_1_14.xml","3","redPirate","9","14","woodenCrate","10"
"level_1_14.xml","3","redPirate","9","14","x","9"
"level_1_14.xml","3","redPirate","9","14","y","14"
"level_1_14.xml","4","tribe","38","14","banana","1"
"level_1_14.xml","4","tribe","38","14","luck","20"
"level_1_14.xml","4","tribe","38","14","mine","1"
"level_1_14.xml","4","tribe","38","14","type","tribe"
"level_1_14.xml","4","tribe","38","14","voodooDoll","10"
"level_1_14.xml","4","tribe","38","14","x","38"
"level_1_14.xml","4","tribe","38","14","y","14"
"level_1_14.xml","5","tribeChief","34","8","banana","1"
"level_1_14.xml","5","tribeChief","34","8","luck","25"
"level_1_14.xml","5","tribeChief","34","8","mine","1"
"level_1_14.xml","5","tribeChief","34","8","seagull","1"
"level_1_14.xml","5","tribeChief","34","8","type","tribeChief"
"level_1_14.xml","5","tribeChief","34","8","voodooDoll","10"
"level_1_14.xml","5","tribeChief","34","8","x","34"
"level_1_14.xml","5","tribeChief","34","8","y","8"
"level_1_14.xml","6","redPirateCaptain","12","10","anchor","1"
"level_1_14.xml","6","redPirateCaptain","12","10","banana","1"
"level_1_14.xml","6","redPirateCaptain","12","10","boulder","1"
"level_1_14.xml","6","redPirateCaptain","12","10","cannon","1"
"level_1_14.xml","6","redPirateCaptain","12","10","cherryBomb","10"
"level_1_14.xml","6","redPirateCaptain","12","10","dynamite","1"
"level_1_14.xml","6","redPirateCaptain","12","10","gunpowderBarrel","10"
"level_1_14.xml","6","redPirateCaptain","12","10","luck","20"
"level_1_14.xml","6","redPirateCaptain","12","10","maxChests","3"
"level_1_14.xml","6","redPirateCaptain","12","10","mine","1"
"level_1_14.xml","6","redPirateCaptain","12","10","parachuteBomb","1"
"level_1_14.xml","6","redPirateCaptain","12","10","piecesOfEight","1"
"level_1_14.xml","6","redPirateCaptain","12","10","rumBottle","1"
"level_1_14.xml","6","redPirateCaptain","12","10","seagull","1"
"level_1_14.xml","6","redPirateCaptain","12","10","type","redPirateCaptain"
"level_1_14.xml","6","redPirateCaptain","12","10","woodenCrate","10"
"level_1_14.xml","6","redPirateCaptain","12","10","x","12"
"level_1_14.xml","6","redPirateCaptain","12","10","y","10"
"level_1_14.xml","7","redPirate","18","17","anchor","1"
"level_1_14.xml","7","redPirate","18","17","banana","1"
"level_1_14.xml","7","redPirate","18","17","boulder","1"
"level_1_14.xml","7","redPirate","18","17","cannon","1"
"level_1_14.xml","7","redPirate","18","17","cherryBomb","10"
"level_1_14.xml","7","redPirate","18","17","dynamite","1"
"level_1_14.xml","7","redPirate","18","17","gunpowderBarrel","10"
"level_1_14.xml","7","redPirate","18","17","luck","20"
"level_1_14.xml","7","redPirate","18","17","maxChests","3"
"level_1_14.xml","7","redPirate","18","17","mine","1"
"level_1_14.xml","7","redPirate","18","17","parachuteBomb","1"
"level_1_14.xml","7","redPirate","18","17","piecesOfEight","1"
"level_1_14.xml","7","redPirate","18","17","rumBottle","1"
"level_1_14.xml","7","redPirate","18","17","seagull","1"
"level_1_14.xml","7","redPirate","18","17","type","redPirate"
"level_1_14.xml","7","redPirate","18","17","woodenCrate","10"
"level_1_14.xml","7","redPirate","18","17","x","18"
"level_1_14.xml","7","redPirate","18","17","y","17"
"level_1_14.xml","8","tribe","27","12","banana","1"
"level_1_14.xml","8","tribe","27","12","luck","20"
"level_1_14.xml","8","tribe","27","12","mine","1"
"level_1_14.xml","8","tribe","27","12","type","tribe"
"level_1_14.xml","8","tribe","27","12","voodooDoll","10"
"level_1_14.xml","8","tribe","27","12","x","27"
"level_1_14.xml","8","tribe","27","12","y","12"
"level_1_14.xml","9","tribe","33","24","luck","20"
"level_1_14.xml","9","tribe","33","24","type","tribe"
"level_1_14.xml","9","tribe","33","24","voodooDoll","10"
"level_1_14.xml","9","tribe","33","24","x","33"
"level_1_14.xml","9","tribe","33","24","y","24"
"level_1_14.xml","10","redPirate","16","24","anchor","1"
"level_1_14.xml","10","redPirate","16","24","banana","1"
"level_1_14.xml","10","redPirate","16","24","boulder","1"
"level_1_14.xml","10","redPirate","16","24","cannon","1"
"level_1_14.xml","10","redPirate","16","24","cherryBomb","10"
"level_1_14.xml","10","redPirate","16","24","dynamite","1"
"level_1_14.xml","10","redPirate","16","24","gunpowderBarrel","10"
"level_1_14.xml","10","redPirate","16","24","luck","20"
"level_1_14.xml","10","redPirate","16","24","maxChests","3"
"level_1_14.xml","10","redPirate","16","24","mine","1"
"level_1_14.xml","10","redPirate","16","24","parachuteBomb","1"
"level_1_14.xml","10","redPirate","16","24","piecesOfEight","1"
"level_1_14.xml","10","redPirate","16","24","rumBottle","1"
"level_1_14.xml","10","redPirate","16","24","seagull","1"
"level_1_14.xml","10","redPirate","16","24","type","redPirate"
"level_1_14.xml","10","redPirate","16","24","woodenCrate","10"
"level_1_14.xml","10","redPirate","16","24","x","16"
"level_1_14.xml","10","redPirate","16","24","y","24"
"level_1_14.xml","11","water","5","28","anchor","1"
"level_1_14.xml","11","water","5","28","banana","1"
"level_1_14.xml","11","water","5","28","boulder","1"
"level_1_14.xml","11","water","5","28","cannon","1"
"level_1_14.xml","11","water","5","28","cherryBomb","1"
"level_1_14.xml","11","water","5","28","dynamite","1"
"level_1_14.xml","11","water","5","28","gunpowderBarrel","1"
"level_1_14.xml","11","water","5","28","luck","30"
"level_1_14.xml","11","water","5","28","maxChests","3"
"level_1_14.xml","11","water","5","28","mine","1"
"level_1_14.xml","11","water","5","28","parachuteBomb","1"
"level_1_14.xml","11","water","5","28","piecesOfEight","1"
"level_1_14.xml","11","water","5","28","rumBottle","1"
"level_1_14.xml","11","water","5","28","seagull","1"
"level_1_14.xml","11","water","5","28","tidalWave","1"
"level_1_14.xml","11","water","5","28","type","water"
"level_1_14.xml","11","water","5","28","voodooDoll","1"
"level_1_14.xml","11","water","5","28","woodenCrate","1"
"level_1_14.xml","11","water","5","28","x","5"
"level_1_14.xml","11","water","5","28","y","28"
"level_1_15.xml","0","redPirate","20","8","cherryBomb","1"
"level_1_15.xml","0","redPirate","20","8","luck","30"
"level_1_15.xml","0","redPirate","20","8","maxChests","3"
"level_1_15.xml","0","redPirate","20","8","type","redPirate"
"level_1_15.xml","0","redPirate","20","8","x","20"
"level_1_15.xml","0","redPirate","20","8","y","8"
"level_1_15.xml","1","redPirate","65","8","cherryBomb","1"
"level_1_15.xml","1","redPirate","65","8","luck","30"
"level_1_15.xml","1","redPirate","65","8","maxChests","3"
"level_1_15.xml","1","redPirate","65","8","type","redPirate"
"level_1_15.xml","1","redPirate","65","8","x","65"
"level_1_15.xml","1","redPirate","65","8","y","8"
"level_1_15.xml","2","bossGuyZombie","43","8","anchor","10"
"level_1_15.xml","2","bossGuyZombie","43","8","banana","10"
"level_1_15.xml","2","bossGuyZombie","43","8","boulder","10"
"level_1_15.xml","2","bossGuyZombie","43","8","cannon","10"
"level_1_15.xml","2","bossGuyZombie","43","8","dynamite","10"
"level_1_15.xml","2","bossGuyZombie","43","8","luck","30"
"level_1_15.xml","2","bossGuyZombie","43","8","maxChests","3"
"level_1_15.xml","2","bossGuyZombie","43","8","parachuteBomb","10"
"level_1_15.xml","2","bossGuyZombie","43","8","piecesOfEight","10"
"level_1_15.xml","2","bossGuyZombie","43","8","rumBottle","10"
"level_1_15.xml","2","bossGuyZombie","43","8","seagull","10"
"level_1_15.xml","2","bossGuyZombie","43","8","tidalWave","10"
"level_1_15.xml","2","bossGuyZombie","43","8","type","bossGuyZombie"
"level_1_15.xml","2","bossGuyZombie","43","8","x","43"
"level_1_15.xml","2","bossGuyZombie","43","8","y","8"
"level_1_15.xml","3","redPirate","13","11","luck","30"
"level_1_15.xml","3","redPirate","13","11","maxChests","3"
"level_1_15.xml","3","redPirate","13","11","type","redPirate"
"level_1_15.xml","3","redPirate","13","11","x","13"
"level_1_15.xml","3","redPirate","13","11","y","11"
"level_1_15.xml","4","potentialWeapons","54","10","cherryBomb","10"
"level_1_15.xml","4","potentialWeapons","54","10","dynamite","1"
"level_1_15.xml","4","potentialWeapons","54","10","luck","30"
"level_1_15.xml","4","potentialWeapons","54","10","maxChests","3"
"level_1_15.xml","4","potentialWeapons","54","10","rumBottle","1"
"level_1_15.xml","4","potentialWeapons","54","10","type","potentialWeapons"
"level_1_15.xml","4","potentialWeapons","54","10","x","54"
"level_1_15.xml","4","potentialWeapons","54","10","y","10"
"level_1_15.xml","5","redPirate","61","12","luck","30"
"level_1_15.xml","5","redPirate","61","12","maxChests","3"
"level_1_15.xml","5","redPirate","61","12","type","redPirate"
"level_1_15.xml","5","redPirate","61","12","x","61"
"level_1_15.xml","5","redPirate","61","12","y","12"
"level_1_15.xml","6","redPirate","24","12","luck","30"
"level_1_15.xml","6","redPirate","24","12","maxChests","3"
"level_1_15.xml","6","redPirate","24","12","type","redPirate"
"level_1_15.xml","6","redPirate","24","12","woodenCrate","10"
"level_1_15.xml","6","redPirate","24","12","x","24"
"level_1_15.xml","6","redPirate","24","12","y","12"
"level_1_15.xml","7","water","22","17","luck","30"
"level_1_15.xml","7","water","22","17","maxChests","3"
"level_1_15.xml","7","water","22","17","type","water"
"level_1_15.xml","7","water","22","17","voodooDoll","10"
"level_1_15.xml","7","water","22","17","x","22"
"level_1_15.xml","7","water","22","17","y","17"
"level_1_15.xml","8","redPirateCaptain","29","14","cherryBomb","1"
"level_1_15.xml","8","redPirateCaptain","29","14","luck","30"
"level_1_15.xml","8","redPirateCaptain","29","14","maxChests","3"
"level_1_15.xml","8","redPirateCaptain","29","14","type","redPirateCaptain"
"level_1_15.xml","8","redPirateCaptain","29","14","woodenCrate","10"
"level_1_15.xml","8","redPirateCaptain","29","14","x","29"
"level_1_15.xml","8","redPirateCaptain","29","14","y","14"
"level_1_15.xml","9","redPirate","53","14","luck","30"
"level_1_15.xml","9","redPirate","53","14","maxChests","3"
"level_1_15.xml","9","redPirate","53","14","type","redPirate"
"level_1_15.xml","9","redPirate","53","14","woodenCrate","10"
"level_1_15.xml","9","redPirate","53","14","x","53"
"level_1_15.xml","9","redPirate","53","14","y","14"
"level_1_16.xml","0","potentialWeapons","57","2","banana","2"
"level_1_16.xml","0","potentialWeapons","57","2","cherryBomb","3"
"level_1_16.xml","0","potentialWeapons","57","2","dynamite","2"
"level_1_16.xml","0","potentialWeapons","57","2","luck","1"
"level_1_16.xml","0","potentialWeapons","57","2","maxChests","3"
"level_1_16.xml","0","potentialWeapons","57","2","parachuteBomb","2"
"level_1_16.xml","0","potentialWeapons","57","2","seagull","1"
"level_1_16.xml","0","potentialWeapons","57","2","type","potentialWeapons"
"level_1_16.xml","0","potentialWeapons","57","2","woodenCrate","1"
"level_1_16.xml","0","potentialWeapons","57","2","x","57"
"level_1_16.xml","0","potentialWeapons","57","2","y","2"
"level_1_16.xml","1","redPirateCaptain","29","15","banana","2"
"level_1_16.xml","1","redPirateCaptain","29","15","boulder","10"
"level_1_16.xml","1","redPirateCaptain","29","15","cherryBomb","2"
"level_1_16.xml","1","redPirateCaptain","29","15","dynamite","1"
"level_1_16.xml","1","redPirateCaptain","29","15","luck","5"
"level_1_16.xml","1","redPirateCaptain","29","15","maxChests","1"
"level_1_16.xml","1","redPirateCaptain","29","15","parachuteBomb","1"
"level_1_16.xml","1","redPirateCaptain","29","15","type","redPirateCaptain"
"level_1_16.xml","1","redPirateCaptain","29","15","x","29"
"level_1_16.xml","1","redPirateCaptain","29","15","y","15"
"level_1_16.xml","2","redPirate","11","5","boulder","10"
"level_1_16.xml","2","redPirate","11","5","cherryBomb","2"
"level_1_16.xml","2","redPirate","11","5","dynamite","1"
"level_1_16.xml","2","redPirate","11","5","luck","5"
"level_1_16.xml","2","redPirate","11","5","maxChests","1"
"level_1_16.xml","2","redPirate","11","5","type","redPirate"
"level_1_16.xml","2","redPirate","11","5","x","11"
"level_1_16.xml","2","redPirate","11","5","y","5"
"level_1_16.xml","3","redPirate","20","5","boulder","10"
"level_1_16.xml","3","redPirate","20","5","cherryBomb","2"
"level_1_16.xml","3","redPirate","20","5","dynamite","1"
"level_1_16.xml","3","redPirate","20","5","luck","5"
"level_1_16.xml","3","redPirate","20","5","maxChests","1"
"level_1_16.xml","3","redPirate","20","5","type","redPirate"
"level_1_16.xml","3","redPirate","20","5","x","20"
"level_1_16.xml","3","redPirate","20","5","y","5"
"level_1_16.xml","4","redPirate","36","15","boulder","10"
"level_1_16.xml","4","redPirate","36","15","cherryBomb","2"
"level_1_16.xml","4","redPirate","36","15","dynamite","1"
"level_1_16.xml","4","redPirate","36","15","luck","5"
"level_1_16.xml","4","redPirate","36","15","maxChests","1"
"level_1_16.xml","4","redPirate","36","15","type","redPirate"
"level_1_16.xml","4","redPirate","36","15","x","36"
"level_1_16.xml","4","redPirate","36","15","y","15"
"level_1_16.xml","5","redPirate","47","15","boulder","10"
"level_1_16.xml","5","redPirate","47","15","cherryBomb","2"
"level_1_16.xml","5","redPirate","47","15","dynamite","1"
"level_1_16.xml","5","redPirate","47","15","luck","5"
"level_1_16.xml","5","redPirate","47","15","maxChests","1"
"level_1_16.xml","5","redPirate","47","15","type","redPirate"
"level_1_16.xml","5","redPirate","47","15","x","47"
"level_1_16.xml","5","redPirate","47","15","y","15"
"level_1_16.xml","6","redPirate","27","20","boulder","10"
"level_1_16.xml","6","redPirate","27","20","cherryBomb","2"
"level_1_16.xml","6","redPirate","27","20","dynamite","1"
"level_1_16.xml","6","redPirate","27","20","luck","5"
"level_1_16.xml","6","redPirate","27","20","maxChests","1"
"level_1_16.xml","6","redPirate","27","20","type","redPirate"
"level_1_16.xml","6","redPirate","27","20","x","27"
"level_1_16.xml","6","redPirate","27","20","y","20"
"level_1_16.xml","7","redPirate","38","20","boulder","10"
"level_1_16.xml","7","redPirate","38","20","cherryBomb","2"
"level_1_16.xml","7","redPirate","38","20","dynamite","1"
"level_1_16.xml","7","redPirate","38","20","luck","5"
"level_1_16.xml","7","redPirate","38","20","maxChests","1"
"level_1_16.xml","7","redPirate","38","20","type","redPirate"
"level_1_16.xml","7","redPirate","38","20","x","38"
"level_1_16.xml","7","redPirate","38","20","y","20"
"level_1_16.xml","8","redPirate","44","20","boulder","10"
"level_1_16.xml","8","redPirate","44","20","cherryBomb","2"
"level_1_16.xml","8","redPirate","44","20","dynamite","1"
"level_1_16.xml","8","redPirate","44","20","luck","5"
"level_1_16.xml","8","redPirate","44","20","maxChests","1"
"level_1_16.xml","8","redPirate","44","20","type","redPirate"
"level_1_16.xml","8","redPirate","44","20","x","44"
"level_1_16.xml","8","redPirate","44","20","y","20"
"level_1_16.xml","9","redPirate","31","25","boulder","10"
"level_1_16.xml","9","redPirate","31","25","cherryBomb","2"
"level_1_16.xml","9","redPirate","31","25","dynamite","1"
"level_1_16.xml","9","redPirate","31","25","luck","5"
"level_1_16.xml","9","redPirate","31","25","maxChests","1"
"level_1_16.xml","9","redPirate","31","25","type","redPirate"
"level_1_16.xml","9","redPirate","31","25","x","31"
"level_1_16.xml","9","redPirate","31","25","y","25"
"level_1_16.xml","10","redPirate","43","25","boulder","10"
"level_1_16.xml","10","redPirate","43","25","cherryBomb","2"
"level_1_16.xml","10","redPirate","43","25","dynamite","1"
"level_1_16.xml","10","redPirate","43","25","luck","5"
"level_1_16.xml","10","redPirate","43","25","maxChests","1"
"level_1_16.xml","10","redPirate","43","25","type","redPirate"
"level_1_16.xml","10","redPirate","43","25","x","43"
"level_1_16.xml","10","redPirate","43","25","y","25"
"level_1_16.xml","11","RobotCaptain","58","11","banana","2"
"level_1_16.xml","11","RobotCaptain","58","11","boulder","10"
"level_1_16.xml","11","RobotCaptain","58","11","cherryBomb","2"
"level_1_16.xml","11","RobotCaptain","58","11","dynamite","1"
"level_1_16.xml","11","RobotCaptain","58","11","luck","50"
"level_1_16.xml","11","RobotCaptain","58","11","maxChests","1"
"level_1_16.xml","11","RobotCaptain","58","11","parachuteBomb","1"
"level_1_16.xml","11","RobotCaptain","58","11","type","RobotCaptain"
"level_1_16.xml","11","RobotCaptain","58","11","x","58"
"level_1_16.xml","11","RobotCaptain","58","11","y","11"
"level_1_16.xml","12","Robot","94","5","boulder","10"
"level_1_16.xml","12","Robot","94","5","cherryBomb","2"
"level_1_16.xml","12","Robot","94","5","dynamite","1"
"level_1_16.xml","12","Robot","94","5","luck","50"
"level_1_16.xml","12","Robot","94","5","maxChests","1"
"level_1_16.xml","12","Robot","94","5","type","Robot"
"level_1_16.xml","12","Robot","94","5","x","94"
"level_1_16.xml","12","Robot","94","5","y","5"
"level_1_16.xml","13","Robot","104","5","boulder","10"
"level_1_16.xml","13","Robot","104","5","cherryBomb","2"
"level_1_16.xml","13","Robot","104","5","dynamite","1"
"level_1_16.xml","13","Robot","104","5","luck","50"
"level_1_16.xml","13","Robot","104","5","maxChests","1"
"level_1_16.xml","13","Robot","104","5","type","Robot"
"level_1_16.xml","13","Robot","104","5","x","104"
"level_1_16.xml","13","Robot","104","5","y","5"
"level_1_16.xml","14","Robot","65","15","boulder","10"
"level_1_16.xml","14","Robot","65","15","cherryBomb","2"
"level_1_16.xml","14","Robot","65","15","dynamite","1"
"level_1_16.xml","14","Robot","65","15","luck","50"
"level_1_16.xml","14","Robot","65","15","maxChests","1"
"level_1_16.xml","14","Robot","65","15","type","Robot"
"level_1_16.xml","14","Robot","65","15","x","65"
"level_1_16.xml","14","Robot","65","15","y","15"
"level_1_16.xml","15","Robot","78","15","boulder","10"
"level_1_16.xml","15","Robot","78","15","cherryBomb","2"
"level_1_16.xml","15","Robot","78","15","dynamite","1"
"level_1_16.xml","15","Robot","78","15","luck","50"
"level_1_16.xml","15","Robot","78","15","maxChests","1"
"level_1_16.xml","15","Robot","78","15","type","Robot"
"level_1_16.xml","15","Robot","78","15","x","78"
"level_1_16.xml","15","Robot","78","15","y","15"
"level_1_16.xml","16","Robot","85","15","boulder","10"
"level_1_16.xml","16","Robot","85","15","cherryBomb","2"
"level_1_16.xml","16","Robot","85","15","dynamite","1"
"level_1_16.xml","16","Robot","85","15","luck","50"
"level_1_16.xml","16","Robot","85","15","maxChests","1"
"level_1_16.xml","16","Robot","85","15","type","Robot"
"level_1_16.xml","16","Robot","85","15","x","85"
"level_1_16.xml","16","Robot","85","15","y","15"
"level_1_16.xml","17","Robot","60","20","boulder","10"
"level_1_16.xml","17","Robot","60","20","cherryBomb","2"
"level_1_16.xml","17","Robot","60","20","dynamite","1"
"level_1_16.xml","17","Robot","60","20","luck","50"
"level_1_16.xml","17","Robot","60","20","maxChests","1"
"level_1_16.xml","17","Robot","60","20","type","Robot"
"level_1_16.xml","17","Robot","60","20","x","60"
"level_1_16.xml","17","Robot","60","20","y","20"
"level_1_16.xml","18","Robot","70","20","boulder","10"
"level_1_16.xml","18","Robot","70","20","cherryBomb","2"
"level_1_16.xml","18","Robot","70","20","dynamite","1"
"level_1_16.xml","18","Robot","70","20","luck","50"
"level_1_16.xml","18","Robot","70","20","maxChests","1"
"level_1_16.xml","18","Robot","70","20","type","Robot"
"level_1_16.xml","18","Robot","70","20","x","70"
"level_1_16.xml","18","Robot","70","20","y","20"
"level_1_16.xml","19","Robot","87","20","boulder","10"
"level_1_16.xml","19","Robot","87","20","cherryBomb","2"
"level_1_16.xml","19","Robot","87","20","dynamite","1"
"level_1_16.xml","19","Robot","87","20","luck","50"
"level_1_16.xml","19","Robot","87","20","maxChests","1"
"level_1_16.xml","19","Robot","87","20","type","Robot"
"level_1_16.xml","19","Robot","87","20","x","87"
"level_1_16.xml","19","Robot","87","20","y","20"
"level_1_16.xml","20","Robot","69","25","boulder","10"
"level_1_16.xml","20","Robot","69","25","cherryBomb","2"
"level_1_16.xml","20","Robot","69","25","dynamite","1"
"level_1_16.xml","20","Robot","69","25","luck","50"
"level_1_16.xml","20","Robot","69","25","maxChests","1"
"level_1_16.xml","20","Robot","69","25","type","Robot"
"level_1_16.xml","20","Robot","69","25","x","69"
"level_1_16.xml","20","Robot","69","25","y","25"
"level_1_16.xml","21","Robot","76","25","boulder","10"
"level_1_16.xml","21","Robot","76","25","cherryBomb","2"
"level_1_16.xml","21","Robot","76","25","dynamite","1"
"level_1_16.xml","21","Robot","76","25","luck","50"
"level_1_16.xml","21","Robot","76","25","maxChests","1"
"level_1_16.xml","21","Robot","76","25","type","Robot"
"level_1_16.xml","21","Robot","76","25","x","76"
"level_1_16.xml","21","Robot","76","25","y","25"
"level_1_16.xml","22","water","0","34","luck","10"
"level_1_16.xml","22","water","0","34","maxChests","3"
"level_1_16.xml","22","water","0","34","type","water"
"level_1_16.xml","22","water","0","34","x","0"
"level_1_16.xml","22","water","0","34","y","34"
"level_2_01.xml","0","bluePirate","37","3","cannon","1"
"level_2_01.xml","0","bluePirate","37","3","cherryBomb","10"
"level_2_01.xml","0","bluePirate","37","3","dynamite","1"
"level_2_01.xml","0","bluePirate","37","3","gunpowderBarrel","4"
"level_2_01.xml","0","bluePirate","37","3","luck","1"
"level_2_01.xml","0","bluePirate","37","3","mine","4"
"level_2_01.xml","0","bluePirate","37","3","parachuteBomb","1"
"level_2_01.xml","0","bluePirate","37","3","rumBottle","1"
"level_2_01.xml","0","bluePirate","37","3","type","bluePirate"
"level_2_01.xml","0","bluePirate","37","3","woodenCrate","4"
"level_2_01.xml","0","bluePirate","37","3","x","37"
"level_2_01.xml","0","bluePirate","37","3","y","3"
"level_2_01.xml","1","redPirate","23","3","cannon","1"
"level_2_01.xml","1","redPirate","23","3","cherryBomb","10"
"level_2_01.xml","1","redPirate","23","3","dynamite","1"
"level_2_01.xml","1","redPirate","23","3","gunpowderBarrel","4"
"level_2_01.xml","1","redPirate","23","3","luck","1"
"level_2_01.xml","1","redPirate","23","3","mine","4"
"level_2_01.xml","1","redPirate","23","3","parachuteBomb","1"
"level_2_01.xml","1","redPirate","23","3","rumBottle","1"
"level_2_01.xml","1","redPirate","23","3","type","redPirate"
"level_2_01.xml","1","redPirate","23","3","woodenCrate","4"
"level_2_01.xml","1","redPirate","23","3","x","23"
"level_2_01.xml","1","redPirate","23","3","y","3"
"level_2_01.xml","2","potentialWeapons","30","0","anchor","1"
"level_2_01.xml","2","potentialWeapons","30","0","banana","5"
"level_2_01.xml","2","potentialWeapons","30","0","cannon","1"
"level_2_01.xml","2","potentialWeapons","30","0","dynamite","3"
"level_2_01.xml","2","potentialWeapons","30","0","gunpowderBarrel","1"
"level_2_01.xml","2","potentialWeapons","30","0","luck","1"
"level_2_01.xml","2","potentialWeapons","30","0","mine","3"
"level_2_01.xml","2","potentialWeapons","30","0","parachuteBomb","3"
"level_2_01.xml","2","potentialWeapons","30","0","piecesOfEight","3"
"level_2_01.xml","2","potentialWeapons","30","0","rumBottle","5"
"level_2_01.xml","2","potentialWeapons","30","0","seagull","1"
"level_2_01.xml","2","potentialWeapons","30","0","tidalWave","1"
"level_2_01.xml","2","potentialWeapons","30","0","type","potentialWeapons"
"level_2_01.xml","2","potentialWeapons","30","0","voodooDoll","1"
"level_2_01.xml","2","potentialWeapons","30","0","woodenCrate","1"
"level_2_01.xml","2","potentialWeapons","30","0","x","30"
"level_2_01.xml","2","potentialWeapons","30","0","y","0"
"level_2_01.xml","3","bluePirate","46","4","cannon","1"
"level_2_01.xml","3","bluePirate","46","4","cherryBomb","10"
"level_2_01.xml","3","bluePirate","46","4","dynamite","1"
"level_2_01.xml","3","bluePirate","46","4","gunpowderBarrel","4"
"level_2_01.xml","3","bluePirate","46","4","luck","1"
"level_2_01.xml","3","bluePirate","46","4","mine","4"
"level_2_01.xml","3","bluePirate","46","4","parachuteBomb","1"
"level_2_01.xml","3","bluePirate","46","4","rumBottle","1"
"level_2_01.xml","3","bluePirate","46","4","type","bluePirate"
"level_2_01.xml","3","bluePirate","46","4","woodenCrate","4"
"level_2_01.xml","3","bluePirate","46","4","x","46"
"level_2_01.xml","3","bluePirate","46","4","y","4"
"level_2_01.xml","4","bluePirate","16","10","cannon","1"
"level_2_01.xml","4","bluePirate","16","10","cherryBomb","10"
"level_2_01.xml","4","bluePirate","16","10","dynamite","1"
"level_2_01.xml","4","bluePirate","16","10","gunpowderBarrel","4"
"level_2_01.xml","4","bluePirate","16","10","luck","1"
"level_2_01.xml","4","bluePirate","16","10","mine","4"
"level_2_01.xml","4","bluePirate","16","10","parachuteBomb","1"
"level_2_01.xml","4","bluePirate","16","10","rumBottle","1"
"level_2_01.xml","4","bluePirate","16","10","type","bluePirate"
"level_2_01.xml","4","bluePirate","16","10","woodenCrate","4"
"level_2_01.xml","4","bluePirate","16","10","x","16"
"level_2_01.xml","4","bluePirate","16","10","y","10"
"level_2_01.xml","5","redPirate","1","10","cannon","1"
"level_2_01.xml","5","redPirate","1","10","cherryBomb","10"
"level_2_01.xml","5","redPirate","1","10","dynamite","1"
"level_2_01.xml","5","redPirate","1","10","gunpowderBarrel","4"
"level_2_01.xml","5","redPirate","1","10","luck","1"
"level_2_01.xml","5","redPirate","1","10","mine","4"
"level_2_01.xml","5","redPirate","1","10","parachuteBomb","1"
"level_2_01.xml","5","redPirate","1","10","rumBottle","1"
"level_2_01.xml","5","redPirate","1","10","type","redPirate"
"level_2_01.xml","5","redPirate","1","10","woodenCrate","4"
"level_2_01.xml","5","redPirate","1","10","x","1"
"level_2_01.xml","5","redPirate","1","10","y","10"
"level_2_01.xml","6","bluePirate","3","5","cannon","1"
"level_2_01.xml","6","bluePirate","3","5","cherryBomb","10"
"level_2_01.xml","6","bluePirate","3","5","dynamite","1"
"level_2_01.xml","6","bluePirate","3","5","gunpowderBarrel","4"
"level_2_01.xml","6","bluePirate","3","5","luck","1"
"level_2_01.xml","6","bluePirate","3","5","mine","4"
"level_2_01.xml","6","bluePirate","3","5","parachuteBomb","1"
"level_2_01.xml","6","bluePirate","3","5","rumBottle","1"
"level_2_01.xml","6","bluePirate","3","5","type","bluePirate"
"level_2_01.xml","6","bluePirate","3","5","woodenCrate","4"
"level_2_01.xml","6","bluePirate","3","5","x","3"
"level_2_01.xml","6","bluePirate","3","5","y","5"
"level_2_01.xml","7","redPirate","12","5","cannon","1"
"level_2_01.xml","7","redPirate","12","5","cherryBomb","10"
"level_2_01.xml","7","redPirate","12","5","dynamite","1"
"level_2_01.xml","7","redPirate","12","5","gunpowderBarrel","4"
"level_2_01.xml","7","redPirate","12","5","luck","1"
"level_2_01.xml","7","redPirate","12","5","mine","4"
"level_2_01.xml","7","redPirate","12","5","parachuteBomb","1"
"level_2_01.xml","7","redPirate","12","5","rumBottle","1"
"level_2_01.xml","7","redPirate","12","5","type","redPirate"
"level_2_01.xml","7","redPirate","12","5","woodenCrate","4"
"level_2_01.xml","7","redPirate","12","5","x","12"
"level_2_01.xml","7","redPirate","12","5","y","5"
"level_2_01.xml","8","redPirate","46","11","cannon","1"
"level_2_01.xml","8","redPirate","46","11","cherryBomb","10"
"level_2_01.xml","8","redPirate","46","11","dynamite","1"
"level_2_01.xml","8","redPirate","46","11","gunpowderBarrel","4"
"level_2_01.xml","8","redPirate","46","11","luck","1"
"level_2_01.xml","8","redPirate","46","11","mine","4"
"level_2_01.xml","8","redPirate","46","11","parachuteBomb","1"
"level_2_01.xml","8","redPirate","46","11","rumBottle","1"
"level_2_01.xml","8","redPirate","46","11","type","redPirate"
"level_2_01.xml","8","redPirate","46","11","woodenCrate","4"
"level_2_01.xml","8","redPirate","46","11","x","46"
"level_2_01.xml","8","redPirate","46","11","y","11"
"level_2_01.xml","9","bluePirateCaptain","35","11","banana","1"
"level_2_01.xml","9","bluePirateCaptain","35","11","cannon","1"
"level_2_01.xml","9","bluePirateCaptain","35","11","cherryBomb","10"
"level_2_01.xml","9","bluePirateCaptain","35","11","dynamite","1"
"level_2_01.xml","9","bluePirateCaptain","35","11","gunpowderBarrel","4"
"level_2_01.xml","9","bluePirateCaptain","35","11","luck","1"
"level_2_01.xml","9","bluePirateCaptain","35","11","mine","4"
"level_2_01.xml","9","bluePirateCaptain","35","11","parachuteBomb","1"
"level_2_01.xml","9","bluePirateCaptain","35","11","rumBottle","1"
"level_2_01.xml","9","bluePirateCaptain","35","11","type","bluePirateCaptain"
"level_2_01.xml","9","bluePirateCaptain","35","11","woodenCrate","4"
"level_2_01.xml","9","bluePirateCaptain","35","11","x","35"
"level_2_01.xml","9","bluePirateCaptain","35","11","y","11"
"level_2_01.xml","10","redPirateCaptain","27","11","banana","1"
"level_2_01.xml","10","redPirateCaptain","27","11","cannon","1"
"level_2_01.xml","10","redPirateCaptain","27","11","cherryBomb","10"
"level_2_01.xml","10","redPirateCaptain","27","11","dynamite","1"
"level_2_01.xml","10","redPirateCaptain","27","11","gunpowderBarrel","4"
"level_2_01.xml","10","redPirateCaptain","27","11","luck","1"
"level_2_01.xml","10","redPirateCaptain","27","11","mine","4"
"level_2_01.xml","10","redPirateCaptain","27","11","parachuteBomb","1"
"level_2_01.xml","10","redPirateCaptain","27","11","rumBottle","1"
"level_2_01.xml","10","redPirateCaptain","27","11","type","redPirateCaptain"
"level_2_01.xml","10","redPirateCaptain","27","11","woodenCrate","4"
"level_2_01.xml","10","redPirateCaptain","27","11","x","27"
"level_2_01.xml","10","redPirateCaptain","27","11","y","11"
"level_2_01.xml","11","water","17","14","luck","10"
"level_2_01.xml","11","water","17","14","maxChests","3"
"level_2_01.xml","11","water","17","14","type","water"
"level_2_01.xml","11","water","17","14","x","17"
"level_2_01.xml","11","water","17","14","y","14"
"level_2_02.xml","0","potentialWeapons","18","0","anchor","3"
"level_2_02.xml","0","potentialWeapons","18","0","banana","3"
"level_2_02.xml","0","potentialWeapons","18","0","cannon","1"
"level_2_02.xml","0","potentialWeapons","18","0","cherryBomb","10"
"level_2_02.xml","0","potentialWeapons","18","0","dynamite","10"
"level_2_02.xml","0","potentialWeapons","18","0","gunpowderBarrel","4"
"level_2_02.xml","0","potentialWeapons","18","0","luck","1"
"level_2_02.xml","0","potentialWeapons","18","0","mine","7"
"level_2_02.xml","0","potentialWeapons","18","0","parachuteBomb","6"
"level_2_02.xml","0","potentialWeapons","18","0","piecesOfEight","3"
"level_2_02.xml","0","potentialWeapons","18","0","seagull","3"
"level_2_02.xml","0","potentialWeapons","18","0","tidalWave","3"
"level_2_02.xml","0","potentialWeapons","18","0","type","potentialWeapons"
"level_2_02.xml","0","potentialWeapons","18","0","voodooDoll","3"
"level_2_02.xml","0","potentialWeapons","18","0","woodenCrate","4"
"level_2_02.xml","0","potentialWeapons","18","0","x","18"
"level_2_02.xml","0","potentialWeapons","18","0","y","0"
"level_2_02.xml","1","redPirate","5","22","cherryBomb","2"
"level_2_02.xml","1","redPirate","5","22","dynamite","1"
"level_2_02.xml","1","redPirate","5","22","gunpowderBarrel","2"
"level_2_02.xml","1","redPirate","5","22","luck","1"
"level_2_02.xml","1","redPirate","5","22","mine","1"
"level_2_02.xml","1","redPirate","5","22","parachuteBomb","1"
"level_2_02.xml","1","redPirate","5","22","piecesOfEight","1"
"level_2_02.xml","1","redPirate","5","22","rumBottle","10"
"level_2_02.xml","1","redPirate","5","22","type","redPirate"
"level_2_02.xml","1","redPirate","5","22","woodenCrate","2"
"level_2_02.xml","1","redPirate","5","22","x","5"
"level_2_02.xml","1","redPirate","5","22","y","22"
"level_2_02.xml","2","bluePirate","41","9","cherryBomb","2"
"level_2_02.xml","2","bluePirate","41","9","dynamite","1"
"level_2_02.xml","2","bluePirate","41","9","gunpowderBarrel","2"
"level_2_02.xml","2","bluePirate","41","9","luck","1"
"level_2_02.xml","2","bluePirate","41","9","mine","1"
"level_2_02.xml","2","bluePirate","41","9","parachuteBomb","1"
"level_2_02.xml","2","bluePirate","41","9","piecesOfEight","1"
"level_2_02.xml","2","bluePirate","41","9","rumBottle","10"
"level_2_02.xml","2","bluePirate","41","9","type","bluePirate"
"level_2_02.xml","2","bluePirate","41","9","woodenCrate","2"
"level_2_02.xml","2","bluePirate","41","9","x","41"
"level_2_02.xml","2","bluePirate","41","9","y","9"
"level_2_02.xml","3","redPirate","23","8","cherryBomb","2"
"level_2_02.xml","3","redPirate","23","8","dynamite","1"
"level_2_02.xml","3","redPirate","23","8","gunpowderBarrel","2"
"level_2_02.xml","3","redPirate","23","8","luck","1"
"level_2_02.xml","3","redPirate","23","8","mine","1"
"level_2_02.xml","3","redPirate","23","8","parachuteBomb","1"
"level_2_02.xml","3","redPirate","23","8","piecesOfEight","1"
"level_2_02.xml","3","redPirate","23","8","rumBottle","10"
"level_2_02.xml","3","redPirate","23","8","type","redPirate"
"level_2_02.xml","3","redPirate","23","8","woodenCrate","2"
"level_2_02.xml","3","redPirate","23","8","x","23"
"level_2_02.xml","3","redPirate","23","8","y","8"
"level_2_02.xml","4","redPirateCaptain","42","5","anchor","1"
"level_2_02.xml","4","redPirateCaptain","42","5","banana","1"
"level_2_02.xml","4","redPirateCaptain","42","5","cherryBomb","2"
"level_2_02.xml","4","redPirateCaptain","42","5","dynamite","1"
"level_2_02.xml","4","redPirateCaptain","42","5","gunpowderBarrel","2"
"level_2_02.xml","4","redPirateCaptain","42","5","luck","1"
"level_2_02.xml","4","redPirateCaptain","42","5","mine","1"
"level_2_02.xml","4","redPirateCaptain","42","5","parachuteBomb","1"
"level_2_02.xml","4","redPirateCaptain","42","5","piecesOfEight","1"
"level_2_02.xml","4","redPirateCaptain","42","5","rumBottle","10"
"level_2_02.xml","4","redPirateCaptain","42","5","type","redPirateCaptain"
"level_2_02.xml","4","redPirateCaptain","42","5","woodenCrate","2"
"level_2_02.xml","4","redPirateCaptain","42","5","x","42"
"level_2_02.xml","4","redPirateCaptain","42","5","y","5"
"level_2_02.xml","5","bluePirateCaptain","8","4","anchor","1"
"level_2_02.xml","5","bluePirateCaptain","8","4","banana","1"
"level_2_02.xml","5","bluePirateCaptain","8","4","cherryBomb","2"
"level_2_02.xml","5","bluePirateCaptain","8","4","dynamite","1"
"level_2_02.xml","5","bluePirateCaptain","8","4","gunpowderBarrel","2"
"level_2_02.xml","5","bluePirateCaptain","8","4","luck","1"
"level_2_02.xml","5","bluePirateCaptain","8","4","mine","1"
"level_2_02.xml","5","bluePirateCaptain","8","4","parachuteBomb","1"
"level_2_02.xml","5","bluePirateCaptain","8","4","piecesOfEight","1"
"level_2_02.xml","5","bluePirateCaptain","8","4","rumBottle","10"
"level_2_02.xml","5","bluePirateCaptain","8","4","type","bluePirateCaptain"
"level_2_02.xml","5","bluePirateCaptain","8","4","woodenCrate","2"
"level_2_02.xml","5","bluePirateCaptain","8","4","x","8"
"level_2_02.xml","5","bluePirateCaptain","8","4","y","4"
"level_2_02.xml","6","redPirate","6","11","cherryBomb","2"
"level_2_02.xml","6","redPirate","6","11","dynamite","1"
"level_2_02.xml","6","redPirate","6","11","gunpowderBarrel","2"
"level_2_02.xml","6","redPirate","6","11","luck","1"
"level_2_02.xml","6","redPirate","6","11","mine","1"
"level_2_02.xml","6","redPirate","6","11","parachuteBomb","1"
"level_2_02.xml","6","redPirate","6","11","piecesOfEight","1"
"level_2_02.xml","6","redPirate","6","11","rumBottle","10"
"level_2_02.xml","6","redPirate","6","11","type","redPirate"
"level_2_02.xml","6","redPirate","6","11","woodenCrate","2"
"level_2_02.xml","6","redPirate","6","11","x","6"
"level_2_02.xml","6","redPirate","6","11","y","11"
"level_2_02.xml","7","bluePirate","34","21","cherryBomb","2"
"level_2_02.xml","7","bluePirate","34","21","dynamite","1"
"level_2_02.xml","7","bluePirate","34","21","gunpowderBarrel","2"
"level_2_02.xml","7","bluePirate","34","21","luck","1"
"level_2_02.xml","7","bluePirate","34","21","mine","1"
"level_2_02.xml","7","bluePirate","34","21","parachuteBomb","1"
"level_2_02.xml","7","bluePirate","34","21","piecesOfEight","1"
"level_2_02.xml","7","bluePirate","34","21","rumBottle","10"
"level_2_02.xml","7","bluePirate","34","21","type","bluePirate"
"level_2_02.xml","7","bluePirate","34","21","woodenCrate","2"
"level_2_02.xml","7","bluePirate","34","21","x","34"
"level_2_02.xml","7","bluePirate","34","21","y","21"
"level_2_02.xml","8","bluePirate","13","21","cherryBomb","2"
"level_2_02.xml","8","bluePirate","13","21","dynamite","1"
"level_2_02.xml","8","bluePirate","13","21","gunpowderBarrel","2"
"level_2_02.xml","8","bluePirate","13","21","luck","1"
"level_2_02.xml","8","bluePirate","13","21","mine","1"
"level_2_02.xml","8","bluePirate","13","21","parachuteBomb","1"
"level_2_02.xml","8","bluePirate","13","21","piecesOfEight","1"
"level_2_02.xml","8","bluePirate","13","21","rumBottle","10"
"level_2_02.xml","8","bluePirate","13","21","type","bluePirate"
"level_2_02.xml","8","bluePirate","13","21","woodenCrate","2"
"level_2_02.xml","8","bluePirate","13","21","x","13"
"level_2_02.xml","8","bluePirate","13","21","y","21"
"level_2_02.xml","9","bluePirate","22","14","cherryBomb","2"
"level_2_02.xml","9","bluePirate","22","14","dynamite","1"
"level_2_02.xml","9","bluePirate","22","14","gunpowderBarrel","2"
"level_2_02.xml","9","bluePirate","22","14","luck","1"
"level_2_02.xml","9","bluePirate","22","14","mine","1"
"level_2_02.xml","9","bluePirate","22","14","parachuteBomb","1"
"level_2_02.xml","9","bluePirate","22","14","piecesOfEight","1"
"level_2_02.xml","9","bluePirate","22","14","rumBottle","10"
"level_2_02.xml","9","bluePirate","22","14","type","bluePirate"
"level_2_02.xml","9","bluePirate","22","14","woodenCrate","2"
"level_2_02.xml","9","bluePirate","22","14","x","22"
"level_2_02.xml","9","bluePirate","22","14","y","14"
"level_2_02.xml","10","bluePirate","32","14","cherryBomb","2"
"level_2_02.xml","10","bluePirate","32","14","dynamite","1"
"level_2_02.xml","10","bluePirate","32","14","gunpowderBarrel","2"
"level_2_02.xml","10","bluePirate","32","14","luck","1"
"level_2_02.xml","10","bluePirate","32","14","mine","1"
"level_2_02.xml","10","bluePirate","32","14","parachuteBomb","1"
"level_2_02.xml","10","bluePirate","32","14","piecesOfEight","1"
"level_2_02.xml","10","bluePirate","32","14","rumBottle","10"
"level_2_02.xml","10","bluePirate","32","14","type","bluePirate"
"level_2_02.xml","10","bluePirate","32","14","woodenCrate","2"
"level_2_02.xml","10","bluePirate","32","14","x","32"
"level_2_02.xml","10","bluePirate","32","14","y","14"
"level_2_02.xml","11","redPirate","43","19","cherryBomb","2"
"level_2_02.xml","11","redPirate","43","19","dynamite","1"
"level_2_02.xml","11","redPirate","43","19","gunpowderBarrel","2"
"level_2_02.xml","11","redPirate","43","19","luck","1"
"level_2_02.xml","11","redPirate","43","19","mine","1"
"level_2_02.xml","11","redPirate","43","19","parachuteBomb","1"
"level_2_02.xml","11","redPirate","43","19","piecesOfEight","1"
"level_2_02.xml","11","redPirate","43","19","rumBottle","10"
"level_2_02.xml","11","redPirate","43","19","type","redPirate"
"level_2_02.xml","11","redPirate","43","19","woodenCrate","2"
"level_2_02.xml","11","redPirate","43","19","x","43"
"level_2_02.xml","11","redPirate","43","19","y","19"
"level_2_02.xml","12","redPirate","24","18","cherryBomb","2"
"level_2_02.xml","12","redPirate","24","18","dynamite","1"
"level_2_02.xml","12","redPirate","24","18","gunpowderBarrel","2"
"level_2_02.xml","12","redPirate","24","18","luck","1"
"level_2_02.xml","12","redPirate","24","18","mine","1"
"level_2_02.xml","12","redPirate","24","18","parachuteBomb","1"
"level_2_02.xml","12","redPirate","24","18","piecesOfEight","1"
"level_2_02.xml","12","redPirate","24","18","rumBottle","10"
"level_2_02.xml","12","redPirate","24","18","type","redPirate"
"level_2_02.xml","12","redPirate","24","18","woodenCrate","2"
"level_2_02.xml","12","redPirate","24","18","x","24"
"level_2_02.xml","12","redPirate","24","18","y","18"
"level_2_02.xml","13","water","0","27","dynamite","10"
"level_2_02.xml","13","water","0","27","luck","10"
"level_2_02.xml","13","water","0","27","maxChests","3"
"level_2_02.xml","13","water","0","27","type","water"
"level_2_02.xml","13","water","0","27","x","0"
"level_2_02.xml","13","water","0","27","y","27"
"level_2_03.xml","0","potentialWeapons","20","1","anchor","2"
"level_2_03.xml","0","potentialWeapons","20","1","banana","2"
"level_2_03.xml","0","potentialWeapons","20","1","cannon","5"
"level_2_03.xml","0","potentialWeapons","20","1","dynamite","10"
"level_2_03.xml","0","potentialWeapons","20","1","luck","1"
"level_2_03.xml","0","potentialWeapons","20","1","mine","5"
"level_2_03.xml","0","potentialWeapons","20","1","parachuteBomb","10"
"level_2_03.xml","0","potentialWeapons","20","1","piecesOfEight","10"
"level_2_03.xml","0","potentialWeapons","20","1","rumBottle","10"
"level_2_03.xml","0","potentialWeapons","20","1","seagull","1"
"level_2_03.xml","0","potentialWeapons","20","1","tidalWave","1"
"level_2_03.xml","0","potentialWeapons","20","1","type","potentialWeapons"
"level_2_03.xml","0","potentialWeapons","20","1","voodooDoll","1"
"level_2_03.xml","0","potentialWeapons","20","1","x","20"
"level_2_03.xml","0","potentialWeapons","20","1","y","1"
"level_2_03.xml","1","redPirate","11","9","banana","1"
"level_2_03.xml","1","redPirate","11","9","dynamite","1"
"level_2_03.xml","1","redPirate","11","9","gunpowderBarrel","10"
"level_2_03.xml","1","redPirate","11","9","luck","1"
"level_2_03.xml","1","redPirate","11","9","mine","5"
"level_2_03.xml","1","redPirate","11","9","piecesOfEight","3"
"level_2_03.xml","1","redPirate","11","9","rumBottle","3"
"level_2_03.xml","1","redPirate","11","9","type","redPirate"
"level_2_03.xml","1","redPirate","11","9","woodenCrate","10"
"level_2_03.xml","1","redPirate","11","9","x","11"
"level_2_03.xml","1","redPirate","11","9","y","9"
"level_2_03.xml","2","redPirate","6","9","banana","1"
"level_2_03.xml","2","redPirate","6","9","dynamite","1"
"level_2_03.xml","2","redPirate","6","9","gunpowderBarrel","10"
"level_2_03.xml","2","redPirate","6","9","luck","1"
"level_2_03.xml","2","redPirate","6","9","mine","5"
"level_2_03.xml","2","redPirate","6","9","piecesOfEight","3"
"level_2_03.xml","2","redPirate","6","9","rumBottle","3"
"level_2_03.xml","2","redPirate","6","9","type","redPirate"
"level_2_03.xml","2","redPirate","6","9","woodenCrate","10"
"level_2_03.xml","2","redPirate","6","9","x","6"
"level_2_03.xml","2","redPirate","6","9","y","9"
"level_2_03.xml","3","bluePirate","29","9","banana","1"
"level_2_03.xml","3","bluePirate","29","9","dynamite","1"
"level_2_03.xml","3","bluePirate","29","9","gunpowderBarrel","10"
"level_2_03.xml","3","bluePirate","29","9","luck","1"
"level_2_03.xml","3","bluePirate","29","9","mine","5"
"level_2_03.xml","3","bluePirate","29","9","piecesOfEight","3"
"level_2_03.xml","3","bluePirate","29","9","rumBottle","3"
"level_2_03.xml","3","bluePirate","29","9","type","bluePirate"
"level_2_03.xml","3","bluePirate","29","9","woodenCrate","10"
"level_2_03.xml","3","bluePirate","29","9","x","29"
"level_2_03.xml","3","bluePirate","29","9","y","9"
"level_2_03.xml","4","bluePirate","34","9","banana","1"
"level_2_03.xml","4","bluePirate","34","9","dynamite","1"
"level_2_03.xml","4","bluePirate","34","9","gunpowderBarrel","10"
"level_2_03.xml","4","bluePirate","34","9","luck","1"
"level_2_03.xml","4","bluePirate","34","9","mine","5"
"level_2_03.xml","4","bluePirate","34","9","piecesOfEight","3"
"level_2_03.xml","4","bluePirate","34","9","rumBottle","3"
"level_2_03.xml","4","bluePirate","34","9","type","bluePirate"
"level_2_03.xml","4","bluePirate","34","9","woodenCrate","10"
"level_2_03.xml","4","bluePirate","34","9","x","34"
"level_2_03.xml","4","bluePirate","34","9","y","9"
"level_2_03.xml","5","bluePirateCaptain","32","4","banana","1"
"level_2_03.xml","5","bluePirateCaptain","32","4","dynamite","1"
"level_2_03.xml","5","bluePirateCaptain","32","4","gunpowderBarrel","10"
"level_2_03.xml","5","bluePirateCaptain","32","4","luck","1"
"level_2_03.xml","5","bluePirateCaptain","32","4","mine","5"
"level_2_03.xml","5","bluePirateCaptain","32","4","piecesOfEight","3"
"level_2_03.xml","5","bluePirateCaptain","32","4","rumBottle","3"
"level_2_03.xml","5","bluePirateCaptain","32","4","type","bluePirateCaptain"
"level_2_03.xml","5","bluePirateCaptain","32","4","woodenCrate","10"
"level_2_03.xml","5","bluePirateCaptain","32","4","x","32"
"level_2_03.xml","5","bluePirateCaptain","32","4","y","4"
"level_2_03.xml","6","redPirateCaptain","8","4","banana","1"
"level_2_03.xml","6","redPirateCaptain","8","4","dynamite","1"
"level_2_03.xml","6","redPirateCaptain","8","4","gunpowderBarrel","10"
"level_2_03.xml","6","redPirateCaptain","8","4","luck","1"
"level_2_03.xml","6","redPirateCaptain","8","4","mine","5"
"level_2_03.xml","6","redPirateCaptain","8","4","piecesOfEight","3"
"level_2_03.xml","6","redPirateCaptain","8","4","rumBottle","3"
"level_2_03.xml","6","redPirateCaptain","8","4","type","redPirateCaptain"
"level_2_03.xml","6","redPirateCaptain","8","4","woodenCrate","10"
"level_2_03.xml","6","redPirateCaptain","8","4","x","8"
"level_2_03.xml","6","redPirateCaptain","8","4","y","4"
"level_2_03.xml","7","bluePirate","35","14","banana","1"
"level_2_03.xml","7","bluePirate","35","14","dynamite","1"
"level_2_03.xml","7","bluePirate","35","14","gunpowderBarrel","10"
"level_2_03.xml","7","bluePirate","35","14","luck","1"
"level_2_03.xml","7","bluePirate","35","14","mine","5"
"level_2_03.xml","7","bluePirate","35","14","piecesOfEight","3"
"level_2_03.xml","7","bluePirate","35","14","rumBottle","3"
"level_2_03.xml","7","bluePirate","35","14","type","bluePirate"
"level_2_03.xml","7","bluePirate","35","14","woodenCrate","10"
"level_2_03.xml","7","bluePirate","35","14","x","35"
"level_2_03.xml","7","bluePirate","35","14","y","14"
"level_2_03.xml","8","bluePirate","28","14","banana","1"
"level_2_03.xml","8","bluePirate","28","14","dynamite","1"
"level_2_03.xml","8","bluePirate","28","14","gunpowderBarrel","10"
"level_2_03.xml","8","bluePirate","28","14","luck","1"
"level_2_03.xml","8","bluePirate","28","14","mine","5"
"level_2_03.xml","8","bluePirate","28","14","piecesOfEight","3"
"level_2_03.xml","8","bluePirate","28","14","rumBottle","3"
"level_2_03.xml","8","bluePirate","28","14","type","bluePirate"
"level_2_03.xml","8","bluePirate","28","14","woodenCrate","10"
"level_2_03.xml","8","bluePirate","28","14","x","28"
"level_2_03.xml","8","bluePirate","28","14","y","14"
"level_2_03.xml","9","redPirate","5","14","banana","1"
"level_2_03.xml","9","redPirate","5","14","dynamite","1"
"level_2_03.xml","9","redPirate","5","14","gunpowderBarrel","10"
"level_2_03.xml","9","redPirate","5","14","luck","1"
"level_2_03.xml","9","redPirate","5","14","mine","5"
"level_2_03.xml","9","redPirate","5","14","piecesOfEight","3"
"level_2_03.xml","9","redPirate","5","14","rumBottle","3"
"level_2_03.xml","9","redPirate","5","14","type","redPirate"
"level_2_03.xml","9","redPirate","5","14","woodenCrate","10"
"level_2_03.xml","9","redPirate","5","14","x","5"
"level_2_03.xml","9","redPirate","5","14","y","14"
"level_2_03.xml","10","redPirate","12","14","banana","1"
"level_2_03.xml","10","redPirate","12","14","dynamite","1"
"level_2_03.xml","10","redPirate","12","14","gunpowderBarrel","10"
"level_2_03.xml","10","redPirate","12","14","luck","1"
"level_2_03.xml","10","redPirate","12","14","mine","5"
"level_2_03.xml","10","redPirate","12","14","piecesOfEight","3"
"level_2_03.xml","10","redPirate","12","14","rumBottle","3"
"level_2_03.xml","10","redPirate","12","14","type","redPirate"
"level_2_03.xml","10","redPirate","12","14","woodenCrate","10"
"level_2_03.xml","10","redPirate","12","14","x","12"
"level_2_03.xml","10","redPirate","12","14","y","14"
"level_2_03.xml","11","water","0","18","luck","10"
"level_2_03.xml","11","water","0","18","maxChests","3"
"level_2_03.xml","11","water","0","18","type","water"
"level_2_03.xml","11","water","0","18","x","0"
"level_2_03.xml","11","water","0","18","y","18"
"level_2_04.xml","0","potentialWeapons","28","0","anchor","1"
"level_2_04.xml","0","potentialWeapons","28","0","banana","10"
"level_2_04.xml","0","potentialWeapons","28","0","boulder","2"
"level_2_04.xml","0","potentialWeapons","28","0","dynamite","10"
"level_2_04.xml","0","potentialWeapons","28","0","luck","1"
"level_2_04.xml","0","potentialWeapons","28","0","mine","1"
"level_2_04.xml","0","potentialWeapons","28","0","parachuteBomb","10"
"level_2_04.xml","0","potentialWeapons","28","0","piecesOfEight","10"
"level_2_04.xml","0","potentialWeapons","28","0","rumBottle","2"
"level_2_04.xml","0","potentialWeapons","28","0","seagull","1"
"level_2_04.xml","0","potentialWeapons","28","0","tidalWave","2"
"level_2_04.xml","0","potentialWeapons","28","0","type","potentialWeapons"
"level_2_04.xml","0","potentialWeapons","28","0","voodooDoll","2"
"level_2_04.xml","0","potentialWeapons","28","0","x","28"
"level_2_04.xml","0","potentialWeapons","28","0","y","0"
"level_2_04.xml","1","redPirateCaptain","7","4","cannon","10"
"level_2_04.xml","1","redPirateCaptain","7","4","cherryBomb","10"
"level_2_04.xml","1","redPirateCaptain","7","4","dynamite","1"
"level_2_04.xml","1","redPirateCaptain","7","4","luck","1"
"level_2_04.xml","1","redPirateCaptain","7","4","mine","1"
"level_2_04.xml","1","redPirateCaptain","7","4","type","redPirateCaptain"
"level_2_04.xml","1","redPirateCaptain","7","4","x","7"
"level_2_04.xml","1","redPirateCaptain","7","4","y","4"
"level_2_04.xml","2","bluePirateCaptain","48","4","cannon","10"
"level_2_04.xml","2","bluePirateCaptain","48","4","cherryBomb","10"
"level_2_04.xml","2","bluePirateCaptain","48","4","dynamite","1"
"level_2_04.xml","2","bluePirateCaptain","48","4","luck","1"
"level_2_04.xml","2","bluePirateCaptain","48","4","mine","1"
"level_2_04.xml","2","bluePirateCaptain","48","4","type","bluePirateCaptain"
"level_2_04.xml","2","bluePirateCaptain","48","4","x","48"
"level_2_04.xml","2","bluePirateCaptain","48","4","y","4"
"level_2_04.xml","3","redPirate","0","13","cannon","10"
"level_2_04.xml","3","redPirate","0","13","cherryBomb","10"
"level_2_04.xml","3","redPirate","0","13","dynamite","1"
"level_2_04.xml","3","redPirate","0","13","luck","1"
"level_2_04.xml","3","redPirate","0","13","mine","1"
"level_2_04.xml","3","redPirate","0","13","type","redPirate"
"level_2_04.xml","3","redPirate","0","13","x","0"
"level_2_04.xml","3","redPirate","0","13","y","13"
"level_2_04.xml","4","bluePirate","55","13","cannon","10"
"level_2_04.xml","4","bluePirate","55","13","cherryBomb","10"
"level_2_04.xml","4","bluePirate","55","13","dynamite","1"
"level_2_04.xml","4","bluePirate","55","13","luck","1"
"level_2_04.xml","4","bluePirate","55","13","mine","1"
"level_2_04.xml","4","bluePirate","55","13","type","bluePirate"
"level_2_04.xml","4","bluePirate","55","13","x","55"
"level_2_04.xml","4","bluePirate","55","13","y","13"
"level_2_04.xml","5","bluePirate","34","13","cannon","10"
"level_2_04.xml","5","bluePirate","34","13","cherryBomb","10"
"level_2_04.xml","5","bluePirate","34","13","dynamite","1"
"level_2_04.xml","5","bluePirate","34","13","luck","1"
"level_2_04.xml","5","bluePirate","34","13","mine","1"
"level_2_04.xml","5","bluePirate","34","13","type","bluePirate"
"level_2_04.xml","5","bluePirate","34","13","x","34"
"level_2_04.xml","5","bluePirate","34","13","y","13"
"level_2_04.xml","6","redPirate","21","13","cannon","10"
"level_2_04.xml","6","redPirate","21","13","cherryBomb","10"
"level_2_04.xml","6","redPirate","21","13","dynamite","1"
"level_2_04.xml","6","redPirate","21","13","luck","1"
"level_2_04.xml","6","redPirate","21","13","mine","1"
"level_2_04.xml","6","redPirate","21","13","type","redPirate"
"level_2_04.xml","6","redPirate","21","13","x","21"
"level_2_04.xml","6","redPirate","21","13","y","13"
"level_2_04.xml","7","bluePirate","44","14","cannon","10"
"level_2_04.xml","7","bluePirate","44","14","cherryBomb","10"
"level_2_04.xml","7","bluePirate","44","14","dynamite","1"
"level_2_04.xml","7","bluePirate","44","14","luck","1"
"level_2_04.xml","7","bluePirate","44","14","mine","1"
"level_2_04.xml","7","bluePirate","44","14","type","bluePirate"
"level_2_04.xml","7","bluePirate","44","14","x","44"
"level_2_04.xml","7","bluePirate","44","14","y","14"
"level_2_04.xml","8","redPirate","11","14","cannon","10"
"level_2_04.xml","8","redPirate","11","14","cherryBomb","10"
"level_2_04.xml","8","redPirate","11","14","dynamite","1"
"level_2_04.xml","8","redPirate","11","14","luck","1"
"level_2_04.xml","8","redPirate","11","14","mine","1"
"level_2_04.xml","8","redPirate","11","14","type","redPirate"
"level_2_04.xml","8","redPirate","11","14","x","11"
"level_2_04.xml","8","redPirate","11","14","y","14"
"level_2_04.xml","9","redPirate","5","9","cannon","10"
"level_2_04.xml","9","redPirate","5","9","cherryBomb","10"
"level_2_04.xml","9","redPirate","5","9","dynamite","1"
"level_2_04.xml","9","redPirate","5","9","luck","1"
"level_2_04.xml","9","redPirate","5","9","mine","1"
"level_2_04.xml","9","redPirate","5","9","type","redPirate"
"level_2_04.xml","9","redPirate","5","9","x","5"
"level_2_04.xml","9","redPirate","5","9","y","9"
"level_2_04.xml","10","redPirate","17","9","cannon","10"
"level_2_04.xml","10","redPirate","17","9","cherryBomb","10"
"level_2_04.xml","10","redPirate","17","9","dynamite","1"
"level_2_04.xml","10","redPirate","17","9","luck","1"
"level_2_04.xml","10","redPirate","17","9","mine","1"
"level_2_04.xml","10","redPirate","17","9","type","redPirate"
"level_2_04.xml","10","redPirate","17","9","x","17"
"level_2_04.xml","10","redPirate","17","9","y","9"
"level_2_04.xml","11","bluePirate","50","9","cannon","10"
"level_2_04.xml","11","bluePirate","50","9","cherryBomb","10"
"level_2_04.xml","11","bluePirate","50","9","dynamite","1"
"level_2_04.xml","11","bluePirate","50","9","luck","1"
"level_2_04.xml","11","bluePirate","50","9","mine","1"
"level_2_04.xml","11","bluePirate","50","9","type","bluePirate"
"level_2_04.xml","11","bluePirate","50","9","x","50"
"level_2_04.xml","11","bluePirate","50","9","y","9"
"level_2_04.xml","12","bluePirate","38","9","cannon","10"
"level_2_04.xml","12","bluePirate","38","9","cherryBomb","10"
"level_2_04.xml","12","bluePirate","38","9","dynamite","1"
"level_2_04.xml","12","bluePirate","38","9","luck","1"
"level_2_04.xml","12","bluePirate","38","9","mine","1"
"level_2_04.xml","12","bluePirate","38","9","type","bluePirate"
"level_2_04.xml","12","bluePirate","38","9","x","38"
"level_2_04.xml","12","bluePirate","38","9","y","9"
"level_2_04.xml","13","water","34","17","luck","10"
"level_2_04.xml","13","water","34","17","maxChests","3"
"level_2_04.xml","13","water","34","17","type","water"
"level_2_04.xml","13","water","34","17","x","34"
"level_2_04.xml","13","water","34","17","y","17"
"level_2_05.xml","0","potentialWeapons","23","1","anchor","4"
"level_2_05.xml","0","potentialWeapons","23","1","luck","1"
"level_2_05.xml","0","potentialWeapons","23","1","rumBottle","4"
"level_2_05.xml","0","potentialWeapons","23","1","seagull","1"
"level_2_05.xml","0","potentialWeapons","23","1","tidalWave","4"
"level_2_05.xml","0","potentialWeapons","23","1","type","potentialWeapons"
"level_2_05.xml","0","potentialWeapons","23","1","voodooDoll","1"
"level_2_05.xml","0","potentialWeapons","23","1","x","23"
"level_2_05.xml","0","potentialWeapons","23","1","y","1"
"level_2_05.xml","1","redPirate","42","12","banana","10"
"level_2_05.xml","1","redPirate","42","12","luck","1"
"level_2_05.xml","1","redPirate","42","12","rumBottle","1"
"level_2_05.xml","1","redPirate","42","12","type","redPirate"
"level_2_05.xml","1","redPirate","42","12","woodenCrate","10"
"level_2_05.xml","1","redPirate","42","12","x","42"
"level_2_05.xml","1","redPirate","42","12","y","12"
"level_2_05.xml","2","bluePirate","36","12","banana","10"
"level_2_05.xml","2","bluePirate","36","12","luck","1"
"level_2_05.xml","2","bluePirate","36","12","rumBottle","1"
"level_2_05.xml","2","bluePirate","36","12","type","bluePirate"
"level_2_05.xml","2","bluePirate","36","12","woodenCrate","10"
"level_2_05.xml","2","bluePirate","36","12","x","36"
"level_2_05.xml","2","bluePirate","36","12","y","12"
"level_2_05.xml","3","redPirate","7","12","banana","10"
"level_2_05.xml","3","redPirate","7","12","luck","1"
"level_2_05.xml","3","redPirate","7","12","rumBottle","1"
"level_2_05.xml","3","redPirate","7","12","type","redPirate"
"level_2_05.xml","3","redPirate","7","12","woodenCrate","10"
"level_2_05.xml","3","redPirate","7","12","x","7"
"level_2_05.xml","3","redPirate","7","12","y","12"
"level_2_05.xml","4","redPirate","30","9","banana","10"
"level_2_05.xml","4","redPirate","30","9","luck","1"
"level_2_05.xml","4","redPirate","30","9","rumBottle","1"
"level_2_05.xml","4","redPirate","30","9","type","redPirate"
"level_2_05.xml","4","redPirate","30","9","woodenCrate","10"
"level_2_05.xml","4","redPirate","30","9","x","30"
"level_2_05.xml","4","redPirate","30","9","y","9"
"level_2_05.xml","5","bluePirate","17","10","banana","10"
"level_2_05.xml","5","bluePirate","17","10","luck","1"
"level_2_05.xml","5","bluePirate","17","10","rumBottle","1"
"level_2_05.xml","5","bluePirate","17","10","type","bluePirate"
"level_2_05.xml","5","bluePirate","17","10","woodenCrate","10"
"level_2_05.xml","5","bluePirate","17","10","x","17"
"level_2_05.xml","5","bluePirate","17","10","y","10"
"level_2_05.xml","6","redPirateCaptain","9","5","banana","10"
"level_2_05.xml","6","redPirateCaptain","9","5","luck","1"
"level_2_05.xml","6","redPirateCaptain","9","5","rumBottle","1"
"level_2_05.xml","6","redPirateCaptain","9","5","type","redPirateCaptain"
"level_2_05.xml","6","redPirateCaptain","9","5","woodenCrate","10"
"level_2_05.xml","6","redPirateCaptain","9","5","x","9"
"level_2_05.xml","6","redPirateCaptain","9","5","y","5"
"level_2_05.xml","7","bluePirateCaptain","34","4","banana","10"
"level_2_05.xml","7","bluePirateCaptain","34","4","luck","1"
"level_2_05.xml","7","bluePirateCaptain","34","4","rumBottle","1"
"level_2_05.xml","7","bluePirateCaptain","34","4","type","bluePirateCaptain"
"level_2_05.xml","7","bluePirateCaptain","34","4","woodenCrate","10"
"level_2_05.xml","7","bluePirateCaptain","34","4","x","34"
"level_2_05.xml","7","bluePirateCaptain","34","4","y","4"
"level_2_05.xml","8","redPirate","28","11","banana","10"
"level_2_05.xml","8","redPirate","28","11","luck","1"
"level_2_05.xml","8","redPirate","28","11","rumBottle","1"
"level_2_05.xml","8","redPirate","28","11","type","redPirate"
"level_2_05.xml","8","redPirate","28","11","woodenCrate","10"
"level_2_05.xml","8","redPirate","28","11","x","28"
"level_2_05.xml","8","redPirate","28","11","y","11"
"level_2_05.xml","9","bluePirate","19","11","banana","10"
"level_2_05.xml","9","bluePirate","19","11","luck","1"
"level_2_05.xml","9","bluePirate","19","11","rumBottle","1"
"level_2_05.xml","9","bluePirate","19","11","type","bluePirate"
"level_2_05.xml","9","bluePirate","19","11","woodenCrate","10"
"level_2_05.xml","9","bluePirate","19","11","x","19"
"level_2_05.xml","9","bluePirate","19","11","y","11"
"level_2_05.xml","10","bluePirate","1","11","banana","10"
"level_2_05.xml","10","bluePirate","1","11","luck","1"
"level_2_05.xml","10","bluePirate","1","11","rumBottle","1"
"level_2_05.xml","10","bluePirate","1","11","type","bluePirate"
"level_2_05.xml","10","bluePirate","1","11","woodenCrate","10"
"level_2_05.xml","10","bluePirate","1","11","x","1"
"level_2_05.xml","10","bluePirate","1","11","y","11"
"level_2_05.xml","11","water","0","15","anchor","1"
"level_2_05.xml","11","water","0","15","banana","1"
"level_2_05.xml","11","water","0","15","boulder","1"
"level_2_05.xml","11","water","0","15","cannon","1"
"level_2_05.xml","11","water","0","15","cherryBomb","1"
"level_2_05.xml","11","water","0","15","dynamite","1"
"level_2_05.xml","11","water","0","15","gunpowderBarrel","1"
"level_2_05.xml","11","water","0","15","luck","30"
"level_2_05.xml","11","water","0","15","maxChests","3"
"level_2_05.xml","11","water","0","15","mine","1"
"level_2_05.xml","11","water","0","15","parachuteBomb","1"
"level_2_05.xml","11","water","0","15","piecesOfEight","1"
"level_2_05.xml","11","water","0","15","rumBottle","1"
"level_2_05.xml","11","water","0","15","seagull","1"
"level_2_05.xml","11","water","0","15","tidalWave","1"
"level_2_05.xml","11","water","0","15","type","water"
"level_2_05.xml","11","water","0","15","voodooDoll","1"
"level_2_05.xml","11","water","0","15","woodenCrate","1"
"level_2_05.xml","11","water","0","15","x","0"
"level_2_05.xml","11","water","0","15","y","15"
"level_2_06.xml","0","redPirateCaptain","38","12","cherryBomb","10"
"level_2_06.xml","0","redPirateCaptain","38","12","luck","1"
"level_2_06.xml","0","redPirateCaptain","38","12","type","redPirateCaptain"
"level_2_06.xml","0","redPirateCaptain","38","12","x","38"
"level_2_06.xml","0","redPirateCaptain","38","12","y","12"
"level_2_06.xml","1","bluePirateCaptain","30","12","cherryBomb","10"
"level_2_06.xml","1","bluePirateCaptain","30","12","luck","1"
"level_2_06.xml","1","bluePirateCaptain","30","12","type","bluePirateCaptain"
"level_2_06.xml","1","bluePirateCaptain","30","12","x","30"
"level_2_06.xml","1","bluePirateCaptain","30","12","y","12"
"level_2_06.xml","2","potentialWeapons","34","0","anchor","10"
"level_2_06.xml","2","potentialWeapons","34","0","banana","10"
"level_2_06.xml","2","potentialWeapons","34","0","boulder","10"
"level_2_06.xml","2","potentialWeapons","34","0","luck","1"
"level_2_06.xml","2","potentialWeapons","34","0","parachuteBomb","10"
"level_2_06.xml","2","potentialWeapons","34","0","seagull","10"
"level_2_06.xml","2","potentialWeapons","34","0","tidalWave","10"
"level_2_06.xml","2","potentialWeapons","34","0","type","potentialWeapons"
"level_2_06.xml","2","potentialWeapons","34","0","voodooDoll","10"
"level_2_06.xml","2","potentialWeapons","34","0","x","34"
"level_2_06.xml","2","potentialWeapons","34","0","y","0"
"level_2_06.xml","3","redPirate","41","18","cherryBomb","10"
"level_2_06.xml","3","redPirate","41","18","luck","1"
"level_2_06.xml","3","redPirate","41","18","type","redPirate"
"level_2_06.xml","3","redPirate","41","18","x","41"
"level_2_06.xml","3","redPirate","41","18","y","18"
"level_2_06.xml","4","bluePirate","27","18","cherryBomb","10"
"level_2_06.xml","4","bluePirate","27","18","luck","1"
"level_2_06.xml","4","bluePirate","27","18","type","bluePirate"
"level_2_06.xml","4","bluePirate","27","18","x","27"
"level_2_06.xml","4","bluePirate","27","18","y","18"
"level_2_06.xml","5","redPirate","43","24","cherryBomb","10"
"level_2_06.xml","5","redPirate","43","24","luck","1"
"level_2_06.xml","5","redPirate","43","24","type","redPirate"
"level_2_06.xml","5","redPirate","43","24","x","43"
"level_2_06.xml","5","redPirate","43","24","y","24"
"level_2_06.xml","6","bluePirate","24","24","cherryBomb","10"
"level_2_06.xml","6","bluePirate","24","24","luck","1"
"level_2_06.xml","6","bluePirate","24","24","type","bluePirate"
"level_2_06.xml","6","bluePirate","24","24","x","24"
"level_2_06.xml","6","bluePirate","24","24","y","24"
"level_2_06.xml","7","water","0","32","luck","10"
"level_2_06.xml","7","water","0","32","maxChests","3"
"level_2_06.xml","7","water","0","32","type","water"
"level_2_06.xml","7","water","0","32","voodooDoll","3"
"level_2_06.xml","7","water","0","32","x","0"
"level_2_06.xml","7","water","0","32","y","32"
"level_2_06.xml","8","redPirate","50","29","cherryBomb","10"
"level_2_06.xml","8","redPirate","50","29","luck","1"
"level_2_06.xml","8","redPirate","50","29","type","redPirate"
"level_2_06.xml","8","redPirate","50","29","x","50"
"level_2_06.xml","8","redPirate","50","29","y","29"
"level_2_06.xml","9","redPirate","58","29","cherryBomb","10"
"level_2_06.xml","9","redPirate","58","29","luck","1"
"level_2_06.xml","9","redPirate","58","29","type","redPirate"
"level_2_06.xml","9","redPirate","58","29","x","58"
"level_2_06.xml","9","redPirate","58","29","y","29"
"level_2_06.xml","10","redPirate","54","29","cherryBomb","10"
"level_2_06.xml","10","redPirate","54","29","luck","1"
"level_2_06.xml","10","redPirate","54","29","type","redPirate"
"level_2_06.xml","10","redPirate","54","29","x","54"
"level_2_06.xml","10","redPirate","54","29","y","29"
"level_2_06.xml","11","bluePirate","11","29","cherryBomb","10"
"level_2_06.xml","11","bluePirate","11","29","luck","1"
"level_2_06.xml","11","bluePirate","11","29","type","bluePirate"
"level_2_06.xml","11","bluePirate","11","29","x","11"
"level_2_06.xml","11","bluePirate","11","29","y","29"
"level_2_06.xml","12","bluePirate","19","29","cherryBomb","10"
"level_2_06.xml","12","bluePirate","19","29","luck","1"
"level_2_06.xml","12","bluePirate","19","29","type","bluePirate"
"level_2_06.xml","12","bluePirate","19","29","x","19"
"level_2_06.xml","12","bluePirate","19","29","y","29"
"level_2_06.xml","13","bluePirate","15","29","cherryBomb","10"
"level_2_06.xml","13","bluePirate","15","29","luck","1"
"level_2_06.xml","13","bluePirate","15","29","type","bluePirate"
"level_2_06.xml","13","bluePirate","15","29","x","15"
"level_2_06.xml","13","bluePirate","15","29","y","29"
"level_2_07.xml","0","potentialWeapons","56","0","gunpowderBarrel","1"
"level_2_07.xml","0","potentialWeapons","56","0","luck","1"
"level_2_07.xml","0","potentialWeapons","56","0","seagull","1"
"level_2_07.xml","0","potentialWeapons","56","0","tidalWave","1"
"level_2_07.xml","0","potentialWeapons","56","0","type","potentialWeapons"
"level_2_07.xml","0","potentialWeapons","56","0","voodooDoll","1"
"level_2_07.xml","0","potentialWeapons","56","0","woodenCrate","1"
"level_2_07.xml","0","potentialWeapons","56","0","x","56"
"level_2_07.xml","0","potentialWeapons","56","0","y","0"
"level_2_07.xml","1","redPirate","39","13","boulder","10"
"level_2_07.xml","1","redPirate","39","13","cherryBomb","10"
"level_2_07.xml","1","redPirate","39","13","luck","1"
"level_2_07.xml","1","redPirate","39","13","type","redPirate"
"level_2_07.xml","1","redPirate","39","13","woodenCrate","1"
"level_2_07.xml","1","redPirate","39","13","x","39"
"level_2_07.xml","1","redPirate","39","13","y","13"
"level_2_07.xml","2","bluePirate","65","17","boulder","10"
"level_2_07.xml","2","bluePirate","65","17","cherryBomb","10"
"level_2_07.xml","2","bluePirate","65","17","luck","1"
"level_2_07.xml","2","bluePirate","65","17","type","bluePirate"
"level_2_07.xml","2","bluePirate","65","17","woodenCrate","1"
"level_2_07.xml","2","bluePirate","65","17","x","65"
"level_2_07.xml","2","bluePirate","65","17","y","17"
"level_2_07.xml","3","bluePirate","64","17","boulder","10"
"level_2_07.xml","3","bluePirate","64","17","cherryBomb","10"
"level_2_07.xml","3","bluePirate","64","17","luck","1"
"level_2_07.xml","3","bluePirate","64","17","type","bluePirate"
"level_2_07.xml","3","bluePirate","64","17","woodenCrate","1"
"level_2_07.xml","3","bluePirate","64","17","x","64"
"level_2_07.xml","3","bluePirate","64","17","y","17"
"level_2_07.xml","4","bluePirate","63","17","boulder","10"
"level_2_07.xml","4","bluePirate","63","17","cherryBomb","10"
"level_2_07.xml","4","bluePirate","63","17","luck","1"
"level_2_07.xml","4","bluePirate","63","17","type","bluePirate"
"level_2_07.xml","4","bluePirate","63","17","woodenCrate","1"
"level_2_07.xml","4","bluePirate","63","17","x","63"
"level_2_07.xml","4","bluePirate","63","17","y","17"
"level_2_07.xml","5","redPirate","57","17","boulder","10"
"level_2_07.xml","5","redPirate","57","17","cherryBomb","10"
"level_2_07.xml","5","redPirate","57","17","luck","1"
"level_2_07.xml","5","redPirate","57","17","type","redPirate"
"level_2_07.xml","5","redPirate","57","17","woodenCrate","1"
"level_2_07.xml","5","redPirate","57","17","x","57"
"level_2_07.xml","5","redPirate","57","17","y","17"
"level_2_07.xml","6","redPirate","58","17","boulder","10"
"level_2_07.xml","6","redPirate","58","17","cherryBomb","10"
"level_2_07.xml","6","redPirate","58","17","luck","1"
"level_2_07.xml","6","redPirate","58","17","type","redPirate"
"level_2_07.xml","6","redPirate","58","17","woodenCrate","1"
"level_2_07.xml","6","redPirate","58","17","x","58"
"level_2_07.xml","6","redPirate","58","17","y","17"
"level_2_07.xml","7","redPirate","59","17","boulder","10"
"level_2_07.xml","7","redPirate","59","17","cherryBomb","10"
"level_2_07.xml","7","redPirate","59","17","luck","1"
"level_2_07.xml","7","redPirate","59","17","type","redPirate"
"level_2_07.xml","7","redPirate","59","17","woodenCrate","1"
"level_2_07.xml","7","redPirate","59","17","x","59"
"level_2_07.xml","7","redPirate","59","17","y","17"
"level_2_07.xml","8","redPirate","89","21","boulder","10"
"level_2_07.xml","8","redPirate","89","21","cherryBomb","10"
"level_2_07.xml","8","redPirate","89","21","luck","1"
"level_2_07.xml","8","redPirate","89","21","type","redPirate"
"level_2_07.xml","8","redPirate","89","21","woodenCrate","1"
"level_2_07.xml","8","redPirate","89","21","x","89"
"level_2_07.xml","8","redPirate","89","21","y","21"
"level_2_07.xml","9","redPirate","88","21","boulder","10"
"level_2_07.xml","9","redPirate","88","21","cherryBomb","10"
"level_2_07.xml","9","redPirate","88","21","luck","1"
"level_2_07.xml","9","redPirate","88","21","type","redPirate"
"level_2_07.xml","9","redPirate","88","21","woodenCrate","1"
"level_2_07.xml","9","redPirate","88","21","x","88"
"level_2_07.xml","9","redPirate","88","21","y","21"
"level_2_07.xml","10","redPirate","87","21","boulder","10"
"level_2_07.xml","10","redPirate","87","21","cherryBomb","10"
"level_2_07.xml","10","redPirate","87","21","luck","1"
"level_2_07.xml","10","redPirate","87","21","type","redPirate"
"level_2_07.xml","10","redPirate","87","21","woodenCrate","1"
"level_2_07.xml","10","redPirate","87","21","x","87"
"level_2_07.xml","10","redPirate","87","21","y","21"
"level_2_07.xml","11","bluePirate","107","21","boulder","10"
"level_2_07.xml","11","bluePirate","107","21","cherryBomb","10"
"level_2_07.xml","11","bluePirate","107","21","luck","1"
"level_2_07.xml","11","bluePirate","107","21","type","bluePirate"
"level_2_07.xml","11","bluePirate","107","21","woodenCrate","1"
"level_2_07.xml","11","bluePirate","107","21","x","107"
"level_2_07.xml","11","bluePirate","107","21","y","21"
"level_2_07.xml","12","bluePirate","109","21","boulder","10"
"level_2_07.xml","12","bluePirate","109","21","cherryBomb","10"
"level_2_07.xml","12","bluePirate","109","21","luck","1"
"level_2_07.xml","12","bluePirate","109","21","type","bluePirate"
"level_2_07.xml","12","bluePirate","109","21","woodenCrate","1"
"level_2_07.xml","12","bluePirate","109","21","x","109"
"level_2_07.xml","12","bluePirate","109","21","y","21"
"level_2_07.xml","13","bluePirate","108","21","boulder","10"
"level_2_07.xml","13","bluePirate","108","21","cherryBomb","10"
"level_2_07.xml","13","bluePirate","108","21","luck","1"
"level_2_07.xml","13","bluePirate","108","21","type","bluePirate"
"level_2_07.xml","13","bluePirate","108","21","woodenCrate","1"
"level_2_07.xml","13","bluePirate","108","21","x","108"
"level_2_07.xml","13","bluePirate","108","21","y","21"
"level_2_07.xml","14","bluePirate","48","5","boulder","10"
"level_2_07.xml","14","bluePirate","48","5","cherryBomb","10"
"level_2_07.xml","14","bluePirate","48","5","luck","1"
"level_2_07.xml","14","bluePirate","48","5","type","bluePirate"
"level_2_07.xml","14","bluePirate","48","5","woodenCrate","1"
"level_2_07.xml","14","bluePirate","48","5","x","48"
"level_2_07.xml","14","bluePirate","48","5","y","5"
"level_2_07.xml","15","bluePirate","47","5","boulder","10"
"level_2_07.xml","15","bluePirate","47","5","cherryBomb","10"
"level_2_07.xml","15","bluePirate","47","5","luck","1"
"level_2_07.xml","15","bluePirate","47","5","type","bluePirate"
"level_2_07.xml","15","bluePirate","47","5","woodenCrate","1"
"level_2_07.xml","15","bluePirate","47","5","x","47"
"level_2_07.xml","15","bluePirate","47","5","y","5"
"level_2_07.xml","16","bluePirate","49","5","boulder","10"
"level_2_07.xml","16","bluePirate","49","5","cherryBomb","10"
"level_2_07.xml","16","bluePirate","49","5","luck","1"
"level_2_07.xml","16","bluePirate","49","5","type","bluePirate"
"level_2_07.xml","16","bluePirate","49","5","woodenCrate","1"
"level_2_07.xml","16","bluePirate","49","5","x","49"
"level_2_07.xml","16","bluePirate","49","5","y","5"
"level_2_07.xml","17","redPirate","71","5","boulder","10"
"level_2_07.xml","17","redPirate","71","5","cherryBomb","10"
"level_2_07.xml","17","redPirate","71","5","luck","1"
"level_2_07.xml","17","redPirate","71","5","type","redPirate"
"level_2_07.xml","17","redPirate","71","5","woodenCrate","1"
"level_2_07.xml","17","redPirate","71","5","x","71"
"level_2_07.xml","17","redPirate","71","5","y","5"
"level_2_07.xml","18","redPirate","72","5","boulder","10"
"level_2_07.xml","18","redPirate","72","5","cherryBomb","10"
"level_2_07.xml","18","redPirate","72","5","luck","1"
"level_2_07.xml","18","redPirate","72","5","type","redPirate"
"level_2_07.xml","18","redPirate","72","5","woodenCrate","1"
"level_2_07.xml","18","redPirate","72","5","x","72"
"level_2_07.xml","18","redPirate","72","5","y","5"
"level_2_07.xml","19","redPirate","70","5","boulder","10"
"level_2_07.xml","19","redPirate","70","5","cherryBomb","10"
"level_2_07.xml","19","redPirate","70","5","luck","1"
"level_2_07.xml","19","redPirate","70","5","type","redPirate"
"level_2_07.xml","19","redPirate","70","5","woodenCrate","1"
"level_2_07.xml","19","redPirate","70","5","x","70"
"level_2_07.xml","19","redPirate","70","5","y","5"
"level_2_07.xml","20","water","0","25","luck","10"
"level_2_07.xml","20","water","0","25","maxChests","3"
"level_2_07.xml","20","water","0","25","type","water"
"level_2_07.xml","20","water","0","25","x","0"
"level_2_07.xml","20","water","0","25","y","25"
"level_2_07.xml","21","bluePirate","28","22","boulder","10"
"level_2_07.xml","21","bluePirate","28","22","cherryBomb","10"
"level_2_07.xml","21","bluePirate","28","22","luck","1"
"level_2_07.xml","21","bluePirate","28","22","type","bluePirate"
"level_2_07.xml","21","bluePirate","28","22","woodenCrate","1"
"level_2_07.xml","21","bluePirate","28","22","x","28"
"level_2_07.xml","21","bluePirate","28","22","y","22"
"level_2_07.xml","22","bluePirate","29","22","boulder","10"
"level_2_07.xml","22","bluePirate","29","22","cherryBomb","10"
"level_2_07.xml","22","bluePirate","29","22","luck","1"
"level_2_07.xml","22","bluePirate","29","22","type","bluePirate"
"level_2_07.xml","22","bluePirate","29","22","woodenCrate","1"
"level_2_07.xml","22","bluePirate","29","22","x","29"
"level_2_07.xml","22","bluePirate","29","22","y","22"
"level_2_07.xml","23","bluePirate","30","22","boulder","10"
"level_2_07.xml","23","bluePirate","30","22","cherryBomb","10"
"level_2_07.xml","23","bluePirate","30","22","luck","1"
"level_2_07.xml","23","bluePirate","30","22","type","bluePirate"
"level_2_07.xml","23","bluePirate","30","22","woodenCrate","1"
"level_2_07.xml","23","bluePirate","30","22","x","30"
"level_2_07.xml","23","bluePirate","30","22","y","22"
"level_2_07.xml","24","redPirate","11","22","boulder","10"
"level_2_07.xml","24","redPirate","11","22","cherryBomb","10"
"level_2_07.xml","24","redPirate","11","22","luck","1"
"level_2_07.xml","24","redPirate","11","22","type","redPirate"
"level_2_07.xml","24","redPirate","11","22","woodenCrate","1"
"level_2_07.xml","24","redPirate","11","22","x","11"
"level_2_07.xml","24","redPirate","11","22","y","22"
"level_2_07.xml","25","redPirate","10","22","boulder","10"
"level_2_07.xml","25","redPirate","10","22","cherryBomb","10"
"level_2_07.xml","25","redPirate","10","22","luck","1"
"level_2_07.xml","25","redPirate","10","22","type","redPirate"
"level_2_07.xml","25","redPirate","10","22","woodenCrate","1"
"level_2_07.xml","25","redPirate","10","22","x","10"
"level_2_07.xml","25","redPirate","10","22","y","22"
"level_2_07.xml","26","redPirate","9","22","boulder","10"
"level_2_07.xml","26","redPirate","9","22","cherryBomb","10"
"level_2_07.xml","26","redPirate","9","22","luck","1"
"level_2_07.xml","26","redPirate","9","22","type","redPirate"
"level_2_07.xml","26","redPirate","9","22","woodenCrate","1"
"level_2_07.xml","26","redPirate","9","22","x","9"
"level_2_07.xml","26","redPirate","9","22","y","22"
"level_2_07.xml","27","bluePirate","78","11","boulder","10"
"level_2_07.xml","27","bluePirate","78","11","cherryBomb","10"
"level_2_07.xml","27","bluePirate","78","11","luck","1"
"level_2_07.xml","27","bluePirate","78","11","type","bluePirate"
"level_2_07.xml","27","bluePirate","78","11","woodenCrate","1"
"level_2_07.xml","27","bluePirate","78","11","x","78"
"level_2_07.xml","27","bluePirate","78","11","y","11"
"level_2_07.xml","28","redPirateCaptain","66","11","boulder","10"
"level_2_07.xml","28","redPirateCaptain","66","11","cherryBomb","10"
"level_2_07.xml","28","redPirateCaptain","66","11","luck","1"
"level_2_07.xml","28","redPirateCaptain","66","11","type","redPirateCaptain"
"level_2_07.xml","28","redPirateCaptain","66","11","woodenCrate","1"
"level_2_07.xml","28","redPirateCaptain","66","11","x","66"
"level_2_07.xml","28","redPirateCaptain","66","11","y","11"
"level_2_07.xml","29","bluePirateCaptain","55","11","boulder","10"
"level_2_07.xml","29","bluePirateCaptain","55","11","cherryBomb","10"
"level_2_07.xml","29","bluePirateCaptain","55","11","luck","1"
"level_2_07.xml","29","bluePirateCaptain","55","11","type","bluePirateCaptain"
"level_2_07.xml","29","bluePirateCaptain","55","11","woodenCrate","1"
"level_2_07.xml","29","bluePirateCaptain","55","11","x","55"
"level_2_07.xml","29","bluePirateCaptain","55","11","y","11"
"level_2_08.xml","0","potentialWeapons","12","0","banana","1"
"level_2_08.xml","0","potentialWeapons","12","0","cherryBomb","10"
"level_2_08.xml","0","potentialWeapons","12","0","dynamite","1"
"level_2_08.xml","0","potentialWeapons","12","0","luck","1"
"level_2_08.xml","0","potentialWeapons","12","0","mine","1"
"level_2_08.xml","0","potentialWeapons","12","0","piecesOfEight","1"
"level_2_08.xml","0","potentialWeapons","12","0","rumBottle","1"
"level_2_08.xml","0","potentialWeapons","12","0","type","potentialWeapons"
"level_2_08.xml","0","potentialWeapons","12","0","x","12"
"level_2_08.xml","0","potentialWeapons","12","0","y","0"
"level_2_08.xml","1","redPirate","14","5","cherryBomb","2"
"level_2_08.xml","1","redPirate","14","5","gunpowderBarrel","10"
"level_2_08.xml","1","redPirate","14","5","luck","1"
"level_2_08.xml","1","redPirate","14","5","type","redPirate"
"level_2_08.xml","1","redPirate","14","5","woodenCrate","10"
"level_2_08.xml","1","redPirate","14","5","x","14"
"level_2_08.xml","1","redPirate","14","5","y","5"
"level_2_08.xml","2","bluePirateCaptain","13","5","cherryBomb","2"
"level_2_08.xml","2","bluePirateCaptain","13","5","gunpowderBarrel","10"
"level_2_08.xml","2","bluePirateCaptain","13","5","luck","1"
"level_2_08.xml","2","bluePirateCaptain","13","5","type","bluePirateCaptain"
"level_2_08.xml","2","bluePirateCaptain","13","5","woodenCrate","10"
"level_2_08.xml","2","bluePirateCaptain","13","5","x","13"
"level_2_08.xml","2","bluePirateCaptain","13","5","y","5"
"level_2_08.xml","3","bluePirate","10","5","cherryBomb","2"
"level_2_08.xml","3","bluePirate","10","5","gunpowderBarrel","10"
"level_2_08.xml","3","bluePirate","10","5","luck","1"
"level_2_08.xml","3","bluePirate","10","5","type","bluePirate"
"level_2_08.xml","3","bluePirate","10","5","woodenCrate","10"
"level_2_08.xml","3","bluePirate","10","5","x","10"
"level_2_08.xml","3","bluePirate","10","5","y","5"
"level_2_08.xml","4","redPirateCaptain","11","5","cherryBomb","2"
"level_2_08.xml","4","redPirateCaptain","11","5","gunpowderBarrel","10"
"level_2_08.xml","4","redPirateCaptain","11","5","luck","1"
"level_2_08.xml","4","redPirateCaptain","11","5","type","redPirateCaptain"
"level_2_08.xml","4","redPirateCaptain","11","5","woodenCrate","10"
"level_2_08.xml","4","redPirateCaptain","11","5","x","11"
"level_2_08.xml","4","redPirateCaptain","11","5","y","5"
"level_2_08.xml","5","water","2","13","luck","10"
"level_2_08.xml","5","water","2","13","maxChests","3"
"level_2_08.xml","5","water","2","13","type","water"
"level_2_08.xml","5","water","2","13","x","2"
"level_2_08.xml","5","water","2","13","y","13"
"level_2_09.xml","0","potentialWeapons","11","0","anchor","1"
"level_2_09.xml","0","potentialWeapons","11","0","banana","10"
"level_2_09.xml","0","potentialWeapons","11","0","dynamite","10"
"level_2_09.xml","0","potentialWeapons","11","0","gunpowderBarrel","2"
"level_2_09.xml","0","potentialWeapons","11","0","luck","1"
"level_2_09.xml","0","potentialWeapons","11","0","mine","10"
"level_2_09.xml","0","potentialWeapons","11","0","parachuteBomb","10"
"level_2_09.xml","0","potentialWeapons","11","0","seagull","1"
"level_2_09.xml","0","potentialWeapons","11","0","type","potentialWeapons"
"level_2_09.xml","0","potentialWeapons","11","0","voodooDoll","1"
"level_2_09.xml","0","potentialWeapons","11","0","woodenCrate","10"
"level_2_09.xml","0","potentialWeapons","11","0","x","11"
"level_2_09.xml","0","potentialWeapons","11","0","y","0"
"level_2_09.xml","1","redPirate","13","20","dynamite","2"
"level_2_09.xml","1","redPirate","13","20","luck","1"
"level_2_09.xml","1","redPirate","13","20","type","redPirate"
"level_2_09.xml","1","redPirate","13","20","x","13"
"level_2_09.xml","1","redPirate","13","20","y","20"
"level_2_09.xml","2","bluePirate","9","20","dynamite","2"
"level_2_09.xml","2","bluePirate","9","20","luck","1"
"level_2_09.xml","2","bluePirate","9","20","type","bluePirate"
"level_2_09.xml","2","bluePirate","9","20","x","9"
"level_2_09.xml","2","bluePirate","9","20","y","20"
"level_2_09.xml","3","bluePirate","13","16","dynamite","2"
"level_2_09.xml","3","bluePirate","13","16","luck","1"
"level_2_09.xml","3","bluePirate","13","16","type","bluePirate"
"level_2_09.xml","3","bluePirate","13","16","x","13"
"level_2_09.xml","3","bluePirate","13","16","y","16"
"level_2_09.xml","4","redPirate","9","16","dynamite","2"
"level_2_09.xml","4","redPirate","9","16","luck","1"
"level_2_09.xml","4","redPirate","9","16","type","redPirate"
"level_2_09.xml","4","redPirate","9","16","x","9"
"level_2_09.xml","4","redPirate","9","16","y","16"
"level_2_09.xml","5","redPirate","13","12","dynamite","2"
"level_2_09.xml","5","redPirate","13","12","luck","1"
"level_2_09.xml","5","redPirate","13","12","type","redPirate"
"level_2_09.xml","5","redPirate","13","12","x","13"
"level_2_09.xml","5","redPirate","13","12","y","12"
"level_2_09.xml","6","bluePirate","9","12","dynamite","2"
"level_2_09.xml","6","bluePirate","9","12","luck","1"
"level_2_09.xml","6","bluePirate","9","12","type","bluePirate"
"level_2_09.xml","6","bluePirate","9","12","x","9"
"level_2_09.xml","6","bluePirate","9","12","y","12"
"level_2_09.xml","7","bluePirateCaptain","13","8","banana","2"
"level_2_09.xml","7","bluePirateCaptain","13","8","luck","1"
"level_2_09.xml","7","bluePirateCaptain","13","8","type","bluePirateCaptain"
"level_2_09.xml","7","bluePirateCaptain","13","8","x","13"
"level_2_09.xml","7","bluePirateCaptain","13","8","y","8"
"level_2_09.xml","8","redPirateCaptain","9","8","banana","2"
"level_2_09.xml","8","redPirateCaptain","9","8","luck","1"
"level_2_09.xml","8","redPirateCaptain","9","8","type","redPirateCaptain"
"level_2_09.xml","8","redPirateCaptain","9","8","x","9"
"level_2_09.xml","8","redPirateCaptain","9","8","y","8"
"level_2_09.xml","9","water","4","30","luck","10"
"level_2_09.xml","9","water","4","30","maxChests","3"
"level_2_09.xml","9","water","4","30","type","water"
"level_2_09.xml","9","water","4","30","x","4"
"level_2_09.xml","9","water","4","30","y","30"
"level_2_09.xml","10","bluePirate","13","24","dynamite","2"
"level_2_09.xml","10","bluePirate","13","24","luck","1"
"level_2_09.xml","10","bluePirate","13","24","type","bluePirate"
"level_2_09.xml","10","bluePirate","13","24","x","13"
"level_2_09.xml","10","bluePirate","13","24","y","24"
"level_2_09.xml","11","redPirate","9","24","dynamite","2"
"level_2_09.xml","11","redPirate","9","24","luck","1"
"level_2_09.xml","11","redPirate","9","24","type","redPirate"
"level_2_09.xml","11","redPirate","9","24","x","9"
"level_2_09.xml","11","redPirate","9","24","y","24"
"level_2_10.xml","0","potentialWeapons","25","0","anchor","1"
"level_2_10.xml","0","potentialWeapons","25","0","banana","5"
"level_2_10.xml","0","potentialWeapons","25","0","boulder","1"
"level_2_10.xml","0","potentialWeapons","25","0","cannon","2"
"level_2_10.xml","0","potentialWeapons","25","0","cherryBomb","10"
"level_2_10.xml","0","potentialWeapons","25","0","dynamite","10"
"level_2_10.xml","0","potentialWeapons","25","0","gunpowderBarrel","5"
"level_2_10.xml","0","potentialWeapons","25","0","luck","1"
"level_2_10.xml","0","potentialWeapons","25","0","mine","2"
"level_2_10.xml","0","potentialWeapons","25","0","parachuteBomb","5"
"level_2_10.xml","0","potentialWeapons","25","0","piecesOfEight","10"
"level_2_10.xml","0","potentialWeapons","25","0","rumBottle","2"
"level_2_10.xml","0","potentialWeapons","25","0","seagull","1"
"level_2_10.xml","0","potentialWeapons","25","0","tidalWave","1"
"level_2_10.xml","0","potentialWeapons","25","0","type","potentialWeapons"
"level_2_10.xml","0","potentialWeapons","25","0","voodooDoll","1"
"level_2_10.xml","0","potentialWeapons","25","0","woodenCrate","5"
"level_2_10.xml","0","potentialWeapons","25","0","x","25"
"level_2_10.xml","0","potentialWeapons","25","0","y","0"
"level_2_10.xml","1","redPirateCaptain","24","3","banana","2"
"level_2_10.xml","1","redPirateCaptain","24","3","cannon","2"
"level_2_10.xml","1","redPirateCaptain","24","3","cherryBomb","2"
"level_2_10.xml","1","redPirateCaptain","24","3","dynamite","2"
"level_2_10.xml","1","redPirateCaptain","24","3","gunpowderBarrel","2"
"level_2_10.xml","1","redPirateCaptain","24","3","luck","1"
"level_2_10.xml","1","redPirateCaptain","24","3","mine","2"
"level_2_10.xml","1","redPirateCaptain","24","3","parachuteBomb","2"
"level_2_10.xml","1","redPirateCaptain","24","3","piecesOfEight","1"
"level_2_10.xml","1","redPirateCaptain","24","3","rumBottle","1"
"level_2_10.xml","1","redPirateCaptain","24","3","type","redPirateCaptain"
"level_2_10.xml","1","redPirateCaptain","24","3","woodenCrate","2"
"level_2_10.xml","1","redPirateCaptain","24","3","x","24"
"level_2_10.xml","1","redPirateCaptain","24","3","y","3"
"level_2_10.xml","2","bluePirateCaptain","25","3","banana","2"
"level_2_10.xml","2","bluePirateCaptain","25","3","cannon","2"
"level_2_10.xml","2","bluePirateCaptain","25","3","cherryBomb","2"
"level_2_10.xml","2","bluePirateCaptain","25","3","dynamite","2"
"level_2_10.xml","2","bluePirateCaptain","25","3","gunpowderBarrel","2"
"level_2_10.xml","2","bluePirateCaptain","25","3","luck","1"
"level_2_10.xml","2","bluePirateCaptain","25","3","mine","2"
"level_2_10.xml","2","bluePirateCaptain","25","3","parachuteBomb","2"
"level_2_10.xml","2","bluePirateCaptain","25","3","piecesOfEight","1"
"level_2_10.xml","2","bluePirateCaptain","25","3","rumBottle","1"
"level_2_10.xml","2","bluePirateCaptain","25","3","type","bluePirateCaptain"
"level_2_10.xml","2","bluePirateCaptain","25","3","woodenCrate","2"
"level_2_10.xml","2","bluePirateCaptain","25","3","x","25"
"level_2_10.xml","2","bluePirateCaptain","25","3","y","3"
"level_2_10.xml","3","redPirate","57","22","banana","2"
"level_2_10.xml","3","redPirate","57","22","cannon","2"
"level_2_10.xml","3","redPirate","57","22","cherryBomb","2"
"level_2_10.xml","3","redPirate","57","22","dynamite","2"
"level_2_10.xml","3","redPirate","57","22","gunpowderBarrel","2"
"level_2_10.xml","3","redPirate","57","22","luck","1"
"level_2_10.xml","3","redPirate","57","22","mine","2"
"level_2_10.xml","3","redPirate","57","22","parachuteBomb","2"
"level_2_10.xml","3","redPirate","57","22","piecesOfEight","1"
"level_2_10.xml","3","redPirate","57","22","type","redPirate"
"level_2_10.xml","3","redPirate","57","22","woodenCrate","2"
"level_2_10.xml","3","redPirate","57","22","x","57"
"level_2_10.xml","3","redPirate","57","22","y","22"
"level_2_10.xml","4","bluePirate","58","22","banana","2"
"level_2_10.xml","4","bluePirate","58","22","cannon","2"
"level_2_10.xml","4","bluePirate","58","22","cherryBomb","2"
"level_2_10.xml","4","bluePirate","58","22","dynamite","2"
"level_2_10.xml","4","bluePirate","58","22","gunpowderBarrel","2"
"level_2_10.xml","4","bluePirate","58","22","luck","1"
"level_2_10.xml","4","bluePirate","58","22","mine","2"
"level_2_10.xml","4","bluePirate","58","22","parachuteBomb","2"
"level_2_10.xml","4","bluePirate","58","22","piecesOfEight","1"
"level_2_10.xml","4","bluePirate","58","22","type","bluePirate"
"level_2_10.xml","4","bluePirate","58","22","woodenCrate","2"
"level_2_10.xml","4","bluePirate","58","22","x","58"
"level_2_10.xml","4","bluePirate","58","22","y","22"
"level_2_10.xml","5","bluePirate","20","17","banana","2"
"level_2_10.xml","5","bluePirate","20","17","cannon","2"
"level_2_10.xml","5","bluePirate","20","17","cherryBomb","2"
"level_2_10.xml","5","bluePirate","20","17","dynamite","2"
"level_2_10.xml","5","bluePirate","20","17","gunpowderBarrel","2"
"level_2_10.xml","5","bluePirate","20","17","luck","1"
"level_2_10.xml","5","bluePirate","20","17","mine","2"
"level_2_10.xml","5","bluePirate","20","17","parachuteBomb","2"
"level_2_10.xml","5","bluePirate","20","17","piecesOfEight","1"
"level_2_10.xml","5","bluePirate","20","17","type","bluePirate"
"level_2_10.xml","5","bluePirate","20","17","woodenCrate","2"
"level_2_10.xml","5","bluePirate","20","17","x","20"
"level_2_10.xml","5","bluePirate","20","17","y","17"
"level_2_10.xml","6","redPirate","29","17","banana","2"
"level_2_10.xml","6","redPirate","29","17","cannon","2"
"level_2_10.xml","6","redPirate","29","17","cherryBomb","2"
"level_2_10.xml","6","redPirate","29","17","dynamite","2"
"level_2_10.xml","6","redPirate","29","17","gunpowderBarrel","2"
"level_2_10.xml","6","redPirate","29","17","luck","1"
"level_2_10.xml","6","redPirate","29","17","mine","2"
"level_2_10.xml","6","redPirate","29","17","parachuteBomb","2"
"level_2_10.xml","6","redPirate","29","17","piecesOfEight","1"
"level_2_10.xml","6","redPirate","29","17","type","redPirate"
"level_2_10.xml","6","redPirate","29","17","woodenCrate","2"
"level_2_10.xml","6","redPirate","29","17","x","29"
"level_2_10.xml","6","redPirate","29","17","y","17"
"level_2_10.xml","7","bluePirate","10","12","banana","2"
"level_2_10.xml","7","bluePirate","10","12","cannon","2"
"level_2_10.xml","7","bluePirate","10","12","cherryBomb","2"
"level_2_10.xml","7","bluePirate","10","12","dynamite","2"
"level_2_10.xml","7","bluePirate","10","12","gunpowderBarrel","2"
"level_2_10.xml","7","bluePirate","10","12","luck","1"
"level_2_10.xml","7","bluePirate","10","12","mine","2"
"level_2_10.xml","7","bluePirate","10","12","parachuteBomb","2"
"level_2_10.xml","7","bluePirate","10","12","piecesOfEight","1"
"level_2_10.xml","7","bluePirate","10","12","type","bluePirate"
"level_2_10.xml","7","bluePirate","10","12","woodenCrate","2"
"level_2_10.xml","7","bluePirate","10","12","x","10"
"level_2_10.xml","7","bluePirate","10","12","y","12"
"level_2_10.xml","8","redPirate","39","12","banana","2"
"level_2_10.xml","8","redPirate","39","12","cannon","2"
"level_2_10.xml","8","redPirate","39","12","cherryBomb","2"
"level_2_10.xml","8","redPirate","39","12","dynamite","2"
"level_2_10.xml","8","redPirate","39","12","gunpowderBarrel","2"
"level_2_10.xml","8","redPirate","39","12","luck","1"
"level_2_10.xml","8","redPirate","39","12","mine","2"
"level_2_10.xml","8","redPirate","39","12","parachuteBomb","2"
"level_2_10.xml","8","redPirate","39","12","piecesOfEight","1"
"level_2_10.xml","8","redPirate","39","12","type","redPirate"
"level_2_10.xml","8","redPirate","39","12","woodenCrate","2"
"level_2_10.xml","8","redPirate","39","12","x","39"
"level_2_10.xml","8","redPirate","39","12","y","12"
"level_2_10.xml","9","redPirate","8","18","banana","2"
"level_2_10.xml","9","redPirate","8","18","cannon","2"
"level_2_10.xml","9","redPirate","8","18","cherryBomb","2"
"level_2_10.xml","9","redPirate","8","18","dynamite","2"
"level_2_10.xml","9","redPirate","8","18","gunpowderBarrel","2"
"level_2_10.xml","9","redPirate","8","18","luck","1"
"level_2_10.xml","9","redPirate","8","18","mine","2"
"level_2_10.xml","9","redPirate","8","18","parachuteBomb","2"
"level_2_10.xml","9","redPirate","8","18","piecesOfEight","1"
"level_2_10.xml","9","redPirate","8","18","type","redPirate"
"level_2_10.xml","9","redPirate","8","18","woodenCrate","2"
"level_2_10.xml","9","redPirate","8","18","x","8"
"level_2_10.xml","9","redPirate","8","18","y","18"
"level_2_10.xml","10","bluePirate","41","18","banana","2"
"level_2_10.xml","10","bluePirate","41","18","cannon","2"
"level_2_10.xml","10","bluePirate","41","18","cherryBomb","2"
"level_2_10.xml","10","bluePirate","41","18","dynamite","2"
"level_2_10.xml","10","bluePirate","41","18","gunpowderBarrel","2"
"level_2_10.xml","10","bluePirate","41","18","luck","1"
"level_2_10.xml","10","bluePirate","41","18","mine","2"
"level_2_10.xml","10","bluePirate","41","18","parachuteBomb","2"
"level_2_10.xml","10","bluePirate","41","18","piecesOfEight","1"
"level_2_10.xml","10","bluePirate","41","18","type","bluePirate"
"level_2_10.xml","10","bluePirate","41","18","woodenCrate","2"
"level_2_10.xml","10","bluePirate","41","18","x","41"
"level_2_10.xml","10","bluePirate","41","18","y","18"
"level_2_10.xml","11","redPirate","0","23","banana","2"
"level_2_10.xml","11","redPirate","0","23","cannon","2"
"level_2_10.xml","11","redPirate","0","23","cherryBomb","2"
"level_2_10.xml","11","redPirate","0","23","dynamite","2"
"level_2_10.xml","11","redPirate","0","23","gunpowderBarrel","2"
"level_2_10.xml","11","redPirate","0","23","luck","1"
"level_2_10.xml","11","redPirate","0","23","mine","2"
"level_2_10.xml","11","redPirate","0","23","parachuteBomb","2"
"level_2_10.xml","11","redPirate","0","23","piecesOfEight","1"
"level_2_10.xml","11","redPirate","0","23","type","redPirate"
"level_2_10.xml","11","redPirate","0","23","woodenCrate","2"
"level_2_10.xml","11","redPirate","0","23","x","0"
"level_2_10.xml","11","redPirate","0","23","y","23"
"level_2_10.xml","12","bluePirate","1","23","banana","2"
"level_2_10.xml","12","bluePirate","1","23","cannon","2"
"level_2_10.xml","12","bluePirate","1","23","cherryBomb","2"
"level_2_10.xml","12","bluePirate","1","23","dynamite","2"
"level_2_10.xml","12","bluePirate","1","23","gunpowderBarrel","2"
"level_2_10.xml","12","bluePirate","1","23","luck","1"
"level_2_10.xml","12","bluePirate","1","23","mine","2"
"level_2_10.xml","12","bluePirate","1","23","parachuteBomb","2"
"level_2_10.xml","12","bluePirate","1","23","piecesOfEight","1"
"level_2_10.xml","12","bluePirate","1","23","type","bluePirate"
"level_2_10.xml","12","bluePirate","1","23","woodenCrate","2"
"level_2_10.xml","12","bluePirate","1","23","x","1"
"level_2_10.xml","12","bluePirate","1","23","y","23"
"level_2_10.xml","13","water","3","26","luck","10"
"level_2_10.xml","13","water","3","26","maxChests","3"
"level_2_10.xml","13","water","3","26","type","water"
"level_2_10.xml","13","water","3","26","x","3"
"level_2_10.xml","13","water","3","26","y","26"
"level_2_11.xml","0","redPirate","64","15","banana","3"
"level_2_11.xml","0","redPirate","64","15","cannon","2"
"level_2_11.xml","0","redPirate","64","15","cherryBomb","3"
"level_2_11.xml","0","redPirate","64","15","dynamite","10"
"level_2_11.xml","0","redPirate","64","15","gunpowderBarrel","5"
"level_2_11.xml","0","redPirate","64","15","luck","1"
"level_2_11.xml","0","redPirate","64","15","mine","2"
"level_2_11.xml","0","redPirate","64","15","parachuteBomb","3"
"level_2_11.xml","0","redPirate","64","15","piecesOfEight","1"
"level_2_11.xml","0","redPirate","64","15","rumBottle","2"
"level_2_11.xml","0","redPirate","64","15","type","redPirate"
"level_2_11.xml","0","redPirate","64","15","woodenCrate","5"
"level_2_11.xml","0","redPirate","64","15","x","64"
"level_2_11.xml","0","redPirate","64","15","y","15"
"level_2_11.xml","1","bluePirate","13","17","banana","3"
"level_2_11.xml","1","bluePirate","13","17","cannon","2"
"level_2_11.xml","1","bluePirate","13","17","cherryBomb","3"
"level_2_11.xml","1","bluePirate","13","17","dynamite","10"
"level_2_11.xml","1","bluePirate","13","17","gunpowderBarrel","5"
"level_2_11.xml","1","bluePirate","13","17","luck","1"
"level_2_11.xml","1","bluePirate","13","17","mine","2"
"level_2_11.xml","1","bluePirate","13","17","parachuteBomb","3"
"level_2_11.xml","1","bluePirate","13","17","piecesOfEight","1"
"level_2_11.xml","1","bluePirate","13","17","rumBottle","2"
"level_2_11.xml","1","bluePirate","13","17","type","bluePirate"
"level_2_11.xml","1","bluePirate","13","17","woodenCrate","5"
"level_2_11.xml","1","bluePirate","13","17","x","13"
"level_2_11.xml","1","bluePirate","13","17","y","17"
"level_2_11.xml","2","redPirate","5","18","banana","3"
"level_2_11.xml","2","redPirate","5","18","cannon","2"
"level_2_11.xml","2","redPirate","5","18","cherryBomb","3"
"level_2_11.xml","2","redPirate","5","18","dynamite","10"
"level_2_11.xml","2","redPirate","5","18","gunpowderBarrel","5"
"level_2_11.xml","2","redPirate","5","18","luck","1"
"level_2_11.xml","2","redPirate","5","18","mine","2"
"level_2_11.xml","2","redPirate","5","18","parachuteBomb","3"
"level_2_11.xml","2","redPirate","5","18","piecesOfEight","1"
"level_2_11.xml","2","redPirate","5","18","rumBottle","2"
"level_2_11.xml","2","redPirate","5","18","type","redPirate"
"level_2_11.xml","2","redPirate","5","18","woodenCrate","5"
"level_2_11.xml","2","redPirate","5","18","x","5"
"level_2_11.xml","2","redPirate","5","18","y","18"
"level_2_11.xml","3","redPirate","75","25","banana","3"
"level_2_11.xml","3","redPirate","75","25","cannon","2"
"level_2_11.xml","3","redPirate","75","25","cherryBomb","3"
"level_2_11.xml","3","redPirate","75","25","dynamite","10"
"level_2_11.xml","3","redPirate","75","25","gunpowderBarrel","5"
"level_2_11.xml","3","redPirate","75","25","luck","1"
"level_2_11.xml","3","redPirate","75","25","mine","2"
"level_2_11.xml","3","redPirate","75","25","parachuteBomb","3"
"level_2_11.xml","3","redPirate","75","25","piecesOfEight","1"
"level_2_11.xml","3","redPirate","75","25","rumBottle","2"
"level_2_11.xml","3","redPirate","75","25","type","redPirate"
"level_2_11.xml","3","redPirate","75","25","woodenCrate","5"
"level_2_11.xml","3","redPirate","75","25","x","75"
"level_2_11.xml","3","redPirate","75","25","y","25"
"level_2_11.xml","4","redPirate","60","25","banana","3"
"level_2_11.xml","4","redPirate","60","25","cannon","2"
"level_2_11.xml","4","redPirate","60","25","cherryBomb","3"
"level_2_11.xml","4","redPirate","60","25","dynamite","10"
"level_2_11.xml","4","redPirate","60","25","gunpowderBarrel","5"
"level_2_11.xml","4","redPirate","60","25","luck","1"
"level_2_11.xml","4","redPirate","60","25","mine","2"
"level_2_11.xml","4","redPirate","60","25","parachuteBomb","3"
"level_2_11.xml","4","redPirate","60","25","piecesOfEight","1"
"level_2_11.xml","4","redPirate","60","25","rumBottle","2"
"level_2_11.xml","4","redPirate","60","25","type","redPirate"
"level_2_11.xml","4","redPirate","60","25","woodenCrate","5"
"level_2_11.xml","4","redPirate","60","25","x","60"
"level_2_11.xml","4","redPirate","60","25","y","25"
"level_2_11.xml","5","bluePirate","47","25","banana","3"
"level_2_11.xml","5","bluePirate","47","25","cannon","2"
"level_2_11.xml","5","bluePirate","47","25","cherryBomb","3"
"level_2_11.xml","5","bluePirate","47","25","dynamite","10"
"level_2_11.xml","5","bluePirate","47","25","gunpowderBarrel","5"
"level_2_11.xml","5","bluePirate","47","25","luck","1"
"level_2_11.xml","5","bluePirate","47","25","mine","2"
"level_2_11.xml","5","bluePirate","47","25","parachuteBomb","3"
"level_2_11.xml","5","bluePirate","47","25","piecesOfEight","1"
"level_2_11.xml","5","bluePirate","47","25","rumBottle","2"
"level_2_11.xml","5","bluePirate","47","25","type","bluePirate"
"level_2_11.xml","5","bluePirate","47","25","woodenCrate","5"
"level_2_11.xml","5","bluePirate","47","25","x","47"
"level_2_11.xml","5","bluePirate","47","25","y","25"
"level_2_11.xml","6","bluePirate","2","25","banana","3"
"level_2_11.xml","6","bluePirate","2","25","cannon","2"
"level_2_11.xml","6","bluePirate","2","25","cherryBomb","3"
"level_2_11.xml","6","bluePirate","2","25","dynamite","10"
"level_2_11.xml","6","bluePirate","2","25","gunpowderBarrel","5"
"level_2_11.xml","6","bluePirate","2","25","luck","1"
"level_2_11.xml","6","bluePirate","2","25","mine","2"
"level_2_11.xml","6","bluePirate","2","25","parachuteBomb","3"
"level_2_11.xml","6","bluePirate","2","25","piecesOfEight","1"
"level_2_11.xml","6","bluePirate","2","25","rumBottle","2"
"level_2_11.xml","6","bluePirate","2","25","type","bluePirate"
"level_2_11.xml","6","bluePirate","2","25","woodenCrate","5"
"level_2_11.xml","6","bluePirate","2","25","x","2"
"level_2_11.xml","6","bluePirate","2","25","y","25"
"level_2_11.xml","7","bluePirate","17","25","banana","3"
"level_2_11.xml","7","bluePirate","17","25","cannon","2"
"level_2_11.xml","7","bluePirate","17","25","cherryBomb","3"
"level_2_11.xml","7","bluePirate","17","25","dynamite","10"
"level_2_11.xml","7","bluePirate","17","25","gunpowderBarrel","5"
"level_2_11.xml","7","bluePirate","17","25","luck","1"
"level_2_11.xml","7","bluePirate","17","25","mine","2"
"level_2_11.xml","7","bluePirate","17","25","parachuteBomb","3"
"level_2_11.xml","7","bluePirate","17","25","piecesOfEight","1"
"level_2_11.xml","7","bluePirate","17","25","rumBottle","2"
"level_2_11.xml","7","bluePirate","17","25","type","bluePirate"
"level_2_11.xml","7","bluePirate","17","25","woodenCrate","5"
"level_2_11.xml","7","bluePirate","17","25","x","17"
"level_2_11.xml","7","bluePirate","17","25","y","25"
"level_2_11.xml","8","potentialWeapons","38","0","anchor","3"
"level_2_11.xml","8","potentialWeapons","38","0","banana","10"
"level_2_11.xml","8","potentialWeapons","38","0","cannon","10"
"level_2_11.xml","8","potentialWeapons","38","0","cherryBomb","10"
"level_2_11.xml","8","potentialWeapons","38","0","luck","1"
"level_2_11.xml","8","potentialWeapons","38","0","mine","10"
"level_2_11.xml","8","potentialWeapons","38","0","parachuteBomb","10"
"level_2_11.xml","8","potentialWeapons","38","0","piecesOfEight","2"
"level_2_11.xml","8","potentialWeapons","38","0","rumBottle","2"
"level_2_11.xml","8","potentialWeapons","38","0","seagull","3"
"level_2_11.xml","8","potentialWeapons","38","0","tidalWave","3"
"level_2_11.xml","8","potentialWeapons","38","0","type","potentialWeapons"
"level_2_11.xml","8","potentialWeapons","38","0","voodooDoll","3"
"level_2_11.xml","8","potentialWeapons","38","0","x","38"
"level_2_11.xml","8","potentialWeapons","38","0","y","0"
"level_2_11.xml","9","bluePirateCaptain","67","9","banana","3"
"level_2_11.xml","9","bluePirateCaptain","67","9","cannon","2"
"level_2_11.xml","9","bluePirateCaptain","67","9","cherryBomb","3"
"level_2_11.xml","9","bluePirateCaptain","67","9","dynamite","10"
"level_2_11.xml","9","bluePirateCaptain","67","9","gunpowderBarrel","5"
"level_2_11.xml","9","bluePirateCaptain","67","9","luck","1"
"level_2_11.xml","9","bluePirateCaptain","67","9","mine","2"
"level_2_11.xml","9","bluePirateCaptain","67","9","parachuteBomb","3"
"level_2_11.xml","9","bluePirateCaptain","67","9","piecesOfEight","1"
"level_2_11.xml","9","bluePirateCaptain","67","9","rumBottle","2"
"level_2_11.xml","9","bluePirateCaptain","67","9","tidalWave","2"
"level_2_11.xml","9","bluePirateCaptain","67","9","type","bluePirateCaptain"
"level_2_11.xml","9","bluePirateCaptain","67","9","woodenCrate","5"
"level_2_11.xml","9","bluePirateCaptain","67","9","x","67"
"level_2_11.xml","9","bluePirateCaptain","67","9","y","9"
"level_2_11.xml","10","bluePirate","72","16","banana","3"
"level_2_11.xml","10","bluePirate","72","16","cannon","2"
"level_2_11.xml","10","bluePirate","72","16","cherryBomb","3"
"level_2_11.xml","10","bluePirate","72","16","dynamite","10"
"level_2_11.xml","10","bluePirate","72","16","gunpowderBarrel","5"
"level_2_11.xml","10","bluePirate","72","16","luck","1"
"level_2_11.xml","10","bluePirate","72","16","mine","2"
"level_2_11.xml","10","bluePirate","72","16","parachuteBomb","3"
"level_2_11.xml","10","bluePirate","72","16","piecesOfEight","1"
"level_2_11.xml","10","bluePirate","72","16","rumBottle","2"
"level_2_11.xml","10","bluePirate","72","16","type","bluePirate"
"level_2_11.xml","10","bluePirate","72","16","woodenCrate","5"
"level_2_11.xml","10","bluePirate","72","16","x","72"
"level_2_11.xml","10","bluePirate","72","16","y","16"
"level_2_11.xml","11","bluePirate","42","11","banana","3"
"level_2_11.xml","11","bluePirate","42","11","cannon","2"
"level_2_11.xml","11","bluePirate","42","11","cherryBomb","3"
"level_2_11.xml","11","bluePirate","42","11","dynamite","10"
"level_2_11.xml","11","bluePirate","42","11","gunpowderBarrel","5"
"level_2_11.xml","11","bluePirate","42","11","luck","1"
"level_2_11.xml","11","bluePirate","42","11","mine","2"
"level_2_11.xml","11","bluePirate","42","11","parachuteBomb","3"
"level_2_11.xml","11","bluePirate","42","11","piecesOfEight","1"
"level_2_11.xml","11","bluePirate","42","11","rumBottle","2"
"level_2_11.xml","11","bluePirate","42","11","type","bluePirate"
"level_2_11.xml","11","bluePirate","42","11","woodenCrate","5"
"level_2_11.xml","11","bluePirate","42","11","x","42"
"level_2_11.xml","11","bluePirate","42","11","y","11"
"level_2_11.xml","12","redPirate","34","11","banana","3"
"level_2_11.xml","12","redPirate","34","11","cannon","2"
"level_2_11.xml","12","redPirate","34","11","cherryBomb","3"
"level_2_11.xml","12","redPirate","34","11","dynamite","10"
"level_2_11.xml","12","redPirate","34","11","gunpowderBarrel","5"
"level_2_11.xml","12","redPirate","34","11","luck","1"
"level_2_11.xml","12","redPirate","34","11","mine","2"
"level_2_11.xml","12","redPirate","34","11","parachuteBomb","3"
"level_2_11.xml","12","redPirate","34","11","piecesOfEight","1"
"level_2_11.xml","12","redPirate","34","11","rumBottle","2"
"level_2_11.xml","12","redPirate","34","11","type","redPirate"
"level_2_11.xml","12","redPirate","34","11","woodenCrate","5"
"level_2_11.xml","12","redPirate","34","11","x","34"
"level_2_11.xml","12","redPirate","34","11","y","11"
"level_2_11.xml","13","redPirateCaptain","10","11","banana","3"
"level_2_11.xml","13","redPirateCaptain","10","11","cannon","2"
"level_2_11.xml","13","redPirateCaptain","10","11","cherryBomb","3"
"level_2_11.xml","13","redPirateCaptain","10","11","dynamite","10"
"level_2_11.xml","13","redPirateCaptain","10","11","gunpowderBarrel","5"
"level_2_11.xml","13","redPirateCaptain","10","11","luck","1"
"level_2_11.xml","13","redPirateCaptain","10","11","mine","2"
"level_2_11.xml","13","redPirateCaptain","10","11","parachuteBomb","3"
"level_2_11.xml","13","redPirateCaptain","10","11","piecesOfEight","1"
"level_2_11.xml","13","redPirateCaptain","10","11","rumBottle","2"
"level_2_11.xml","13","redPirateCaptain","10","11","tidalWave","2"
"level_2_11.xml","13","redPirateCaptain","10","11","type","redPirateCaptain"
"level_2_11.xml","13","redPirateCaptain","10","11","woodenCrate","5"
"level_2_11.xml","13","redPirateCaptain","10","11","x","10"
"level_2_11.xml","13","redPirateCaptain","10","11","y","11"
"level_2_11.xml","14","redPirate","29","24","banana","3"
"level_2_11.xml","14","redPirate","29","24","cannon","2"
"level_2_11.xml","14","redPirate","29","24","cherryBomb","3"
"level_2_11.xml","14","redPirate","29","24","dynamite","10"
"level_2_11.xml","14","redPirate","29","24","gunpowderBarrel","5"
"level_2_11.xml","14","redPirate","29","24","luck","1"
"level_2_11.xml","14","redPirate","29","24","mine","2"
"level_2_11.xml","14","redPirate","29","24","parachuteBomb","3"
"level_2_11.xml","14","redPirate","29","24","piecesOfEight","1"
"level_2_11.xml","14","redPirate","29","24","rumBottle","2"
"level_2_11.xml","14","redPirate","29","24","type","redPirate"
"level_2_11.xml","14","redPirate","29","24","woodenCrate","5"
"level_2_11.xml","14","redPirate","29","24","x","29"
"level_2_11.xml","14","redPirate","29","24","y","24"
"level_2_11.xml","15","water","49","29","dynamite","10"
"level_2_11.xml","15","water","49","29","luck","10"
"level_2_11.xml","15","water","49","29","maxChests","3"
"level_2_11.xml","15","water","49","29","type","water"
"level_2_11.xml","15","water","49","29","x","49"
"level_2_11.xml","15","water","49","29","y","29"
"level_2_12.xml","0","potentialWeapons","10","0","banana","5"
"level_2_12.xml","0","potentialWeapons","10","0","gunpowderBarrel","5"
"level_2_12.xml","0","potentialWeapons","10","0","luck","1"
"level_2_12.xml","0","potentialWeapons","10","0","mine","5"
"level_2_12.xml","0","potentialWeapons","10","0","parachuteBomb","5"
"level_2_12.xml","0","potentialWeapons","10","0","rumBottle","5"
"level_2_12.xml","0","potentialWeapons","10","0","type","potentialWeapons"
"level_2_12.xml","0","potentialWeapons","10","0","woodenCrate","5"
"level_2_12.xml","0","potentialWeapons","10","0","x","10"
"level_2_12.xml","0","potentialWeapons","10","0","y","0"
"level_2_12.xml","1","bluePirateCaptain","17","12","cherryBomb","10"
"level_2_12.xml","1","bluePirateCaptain","17","12","gunpowderBarrel","1"
"level_2_12.xml","1","bluePirateCaptain","17","12","luck","1"
"level_2_12.xml","1","bluePirateCaptain","17","12","type","bluePirateCaptain"
"level_2_12.xml","1","bluePirateCaptain","17","12","woodenCrate","1"
"level_2_12.xml","1","bluePirateCaptain","17","12","x","17"
"level_2_12.xml","1","bluePirateCaptain","17","12","y","12"
"level_2_12.xml","2","redPirateCaptain","3","12","cherryBomb","10"
"level_2_12.xml","2","redPirateCaptain","3","12","gunpowderBarrel","1"
"level_2_12.xml","2","redPirateCaptain","3","12","luck","1"
"level_2_12.xml","2","redPirateCaptain","3","12","type","redPirateCaptain"
"level_2_12.xml","2","redPirateCaptain","3","12","woodenCrate","1"
"level_2_12.xml","2","redPirateCaptain","3","12","x","3"
"level_2_12.xml","2","redPirateCaptain","3","12","y","12"
"level_2_12.xml","3","water","1","19","anchor","1"
"level_2_12.xml","3","water","1","19","banana","1"
"level_2_12.xml","3","water","1","19","boulder","1"
"level_2_12.xml","3","water","1","19","cannon","1"
"level_2_12.xml","3","water","1","19","cherryBomb","1"
"level_2_12.xml","3","water","1","19","dynamite","1"
"level_2_12.xml","3","water","1","19","gunpowderBarrel","1"
"level_2_12.xml","3","water","1","19","luck","30"
"level_2_12.xml","3","water","1","19","maxChests","3"
"level_2_12.xml","3","water","1","19","mine","1"
"level_2_12.xml","3","water","1","19","parachuteBomb","1"
"level_2_12.xml","3","water","1","19","piecesOfEight","1"
"level_2_12.xml","3","water","1","19","rumBottle","1"
"level_2_12.xml","3","water","1","19","seagull","1"
"level_2_12.xml","3","water","1","19","tidalWave","1"
"level_2_12.xml","3","water","1","19","type","water"
"level_2_12.xml","3","water","1","19","voodooDoll","1"
"level_2_12.xml","3","water","1","19","woodenCrate","1"
"level_2_12.xml","3","water","1","19","x","1"
"level_2_12.xml","3","water","1","19","y","19"
"level_2_13.xml","0","potentialWeapons","22","0","anchor","2"
"level_2_13.xml","0","potentialWeapons","22","0","banana","5"
"level_2_13.xml","0","potentialWeapons","22","0","boulder","5"
"level_2_13.xml","0","potentialWeapons","22","0","cannon","1"
"level_2_13.xml","0","potentialWeapons","22","0","dynamite","2"
"level_2_13.xml","0","potentialWeapons","22","0","luck","1"
"level_2_13.xml","0","potentialWeapons","22","0","mine","1"
"level_2_13.xml","0","potentialWeapons","22","0","parachuteBomb","2"
"level_2_13.xml","0","potentialWeapons","22","0","piecesOfEight","2"
"level_2_13.xml","0","potentialWeapons","22","0","rumBottle","2"
"level_2_13.xml","0","potentialWeapons","22","0","tidalWave","10"
"level_2_13.xml","0","potentialWeapons","22","0","type","potentialWeapons"
"level_2_13.xml","0","potentialWeapons","22","0","voodooDoll","2"
"level_2_13.xml","0","potentialWeapons","22","0","x","22"
"level_2_13.xml","0","potentialWeapons","22","0","y","0"
"level_2_13.xml","1","water","0","17","luck","10"
"level_2_13.xml","1","water","0","17","maxChests","3"
"level_2_13.xml","1","water","0","17","type","water"
"level_2_13.xml","1","water","0","17","x","0"
"level_2_13.xml","1","water","0","17","y","17"
"level_2_13.xml","2","redPirate","32","14","cannon","1"
"level_2_13.xml","2","redPirate","32","14","cherryBomb","10"
"level_2_13.xml","2","redPirate","32","14","gunpowderBarrel","1"
"level_2_13.xml","2","redPirate","32","14","luck","1"
"level_2_13.xml","2","redPirate","32","14","parachuteBomb","2"
"level_2_13.xml","2","redPirate","32","14","type","redPirate"
"level_2_13.xml","2","redPirate","32","14","woodenCrate","1"
"level_2_13.xml","2","redPirate","32","14","x","32"
"level_2_13.xml","2","redPirate","32","14","y","14"
"level_2_13.xml","3","bluePirate","12","14","cannon","1"
"level_2_13.xml","3","bluePirate","12","14","cherryBomb","10"
"level_2_13.xml","3","bluePirate","12","14","gunpowderBarrel","1"
"level_2_13.xml","3","bluePirate","12","14","luck","1"
"level_2_13.xml","3","bluePirate","12","14","parachuteBomb","2"
"level_2_13.xml","3","bluePirate","12","14","type","bluePirate"
"level_2_13.xml","3","bluePirate","12","14","woodenCrate","1"
"level_2_13.xml","3","bluePirate","12","14","x","12"
"level_2_13.xml","3","bluePirate","12","14","y","14"
"level_2_13.xml","4","bluePirate","33","14","cannon","1"
"level_2_13.xml","4","bluePirate","33","14","cherryBomb","10"
"level_2_13.xml","4","bluePirate","33","14","gunpowderBarrel","1"
"level_2_13.xml","4","bluePirate","33","14","luck","1"
"level_2_13.xml","4","bluePirate","33","14","parachuteBomb","2"
"level_2_13.xml","4","bluePirate","33","14","type","bluePirate"
"level_2_13.xml","4","bluePirate","33","14","woodenCrate","1"
"level_2_13.xml","4","bluePirate","33","14","x","33"
"level_2_13.xml","4","bluePirate","33","14","y","14"
"level_2_13.xml","5","redPirate","38","14","cannon","1"
"level_2_13.xml","5","redPirate","38","14","cherryBomb","10"
"level_2_13.xml","5","redPirate","38","14","gunpowderBarrel","1"
"level_2_13.xml","5","redPirate","38","14","luck","1"
"level_2_13.xml","5","redPirate","38","14","parachuteBomb","2"
"level_2_13.xml","5","redPirate","38","14","type","redPirate"
"level_2_13.xml","5","redPirate","38","14","woodenCrate","1"
"level_2_13.xml","5","redPirate","38","14","x","38"
"level_2_13.xml","5","redPirate","38","14","y","14"
"level_2_13.xml","6","redPirateCaptain","23","14","cannon","1"
"level_2_13.xml","6","redPirateCaptain","23","14","cherryBomb","10"
"level_2_13.xml","6","redPirateCaptain","23","14","gunpowderBarrel","1"
"level_2_13.xml","6","redPirateCaptain","23","14","luck","1"
"level_2_13.xml","6","redPirateCaptain","23","14","parachuteBomb","2"
"level_2_13.xml","6","redPirateCaptain","23","14","type","redPirateCaptain"
"level_2_13.xml","6","redPirateCaptain","23","14","woodenCrate","1"
"level_2_13.xml","6","redPirateCaptain","23","14","x","23"
"level_2_13.xml","6","redPirateCaptain","23","14","y","14"
"level_2_13.xml","7","redPirate","11","14","cannon","1"
"level_2_13.xml","7","redPirate","11","14","cherryBomb","10"
"level_2_13.xml","7","redPirate","11","14","gunpowderBarrel","1"
"level_2_13.xml","7","redPirate","11","14","luck","1"
"level_2_13.xml","7","redPirate","11","14","parachuteBomb","2"
"level_2_13.xml","7","redPirate","11","14","type","redPirate"
"level_2_13.xml","7","redPirate","11","14","woodenCrate","1"
"level_2_13.xml","7","redPirate","11","14","x","11"
"level_2_13.xml","7","redPirate","11","14","y","14"
"level_2_13.xml","8","bluePirate","5","14","cannon","1"
"level_2_13.xml","8","bluePirate","5","14","cherryBomb","10"
"level_2_13.xml","8","bluePirate","5","14","gunpowderBarrel","1"
"level_2_13.xml","8","bluePirate","5","14","luck","1"
"level_2_13.xml","8","bluePirate","5","14","parachuteBomb","2"
"level_2_13.xml","8","bluePirate","5","14","type","bluePirate"
"level_2_13.xml","8","bluePirate","5","14","woodenCrate","1"
"level_2_13.xml","8","bluePirate","5","14","x","5"
"level_2_13.xml","8","bluePirate","5","14","y","14"
"level_2_13.xml","9","bluePirateCaptain","21","14","cannon","1"
"level_2_13.xml","9","bluePirateCaptain","21","14","cherryBomb","10"
"level_2_13.xml","9","bluePirateCaptain","21","14","gunpowderBarrel","1"
"level_2_13.xml","9","bluePirateCaptain","21","14","luck","1"
"level_2_13.xml","9","bluePirateCaptain","21","14","parachuteBomb","2"
"level_2_13.xml","9","bluePirateCaptain","21","14","type","bluePirateCaptain"
"level_2_13.xml","9","bluePirateCaptain","21","14","woodenCrate","1"
"level_2_13.xml","9","bluePirateCaptain","21","14","x","21"
"level_2_13.xml","9","bluePirateCaptain","21","14","y","14"
"level_2_14.xml","0","redPirate","43","14","banana","1"
"level_2_14.xml","0","redPirate","43","14","cherryBomb","5"
"level_2_14.xml","0","redPirate","43","14","dynamite","2"
"level_2_14.xml","0","redPirate","43","14","gunpowderBarrel","1"
"level_2_14.xml","0","redPirate","43","14","luck","1"
"level_2_14.xml","0","redPirate","43","14","mine","1"
"level_2_14.xml","0","redPirate","43","14","parachuteBomb","1"
"level_2_14.xml","0","redPirate","43","14","rumBottle","2"
"level_2_14.xml","0","redPirate","43","14","seagull","1"
"level_2_14.xml","0","redPirate","43","14","type","redPirate"
"level_2_14.xml","0","redPirate","43","14","woodenCrate","1"
"level_2_14.xml","0","redPirate","43","14","x","43"
"level_2_14.xml","0","redPirate","43","14","y","14"
"level_2_14.xml","1","bluePirate","0","18","banana","1"
"level_2_14.xml","1","bluePirate","0","18","cherryBomb","5"
"level_2_14.xml","1","bluePirate","0","18","dynamite","2"
"level_2_14.xml","1","bluePirate","0","18","gunpowderBarrel","1"
"level_2_14.xml","1","bluePirate","0","18","luck","1"
"level_2_14.xml","1","bluePirate","0","18","mine","1"
"level_2_14.xml","1","bluePirate","0","18","parachuteBomb","1"
"level_2_14.xml","1","bluePirate","0","18","rumBottle","2"
"level_2_14.xml","1","bluePirate","0","18","seagull","1"
"level_2_14.xml","1","bluePirate","0","18","type","bluePirate"
"level_2_14.xml","1","bluePirate","0","18","woodenCrate","1"
"level_2_14.xml","1","bluePirate","0","18","x","0"
"level_2_14.xml","1","bluePirate","0","18","y","18"
"level_2_14.xml","2","potentialWeapons","23","0","anchor","1"
"level_2_14.xml","2","potentialWeapons","23","0","banana","1"
"level_2_14.xml","2","potentialWeapons","23","0","cherryBomb","3"
"level_2_14.xml","2","potentialWeapons","23","0","dynamite","1"
"level_2_14.xml","2","potentialWeapons","23","0","gunpowderBarrel","1"
"level_2_14.xml","2","potentialWeapons","23","0","luck","1"
"level_2_14.xml","2","potentialWeapons","23","0","mine","1"
"level_2_14.xml","2","potentialWeapons","23","0","parachuteBomb","1"
"level_2_14.xml","2","potentialWeapons","23","0","piecesOfEight","1"
"level_2_14.xml","2","potentialWeapons","23","0","rumBottle","1"
"level_2_14.xml","2","potentialWeapons","23","0","seagull","1"
"level_2_14.xml","2","potentialWeapons","23","0","tidalWave","1"
"level_2_14.xml","2","potentialWeapons","23","0","type","potentialWeapons"
"level_2_14.xml","2","potentialWeapons","23","0","voodooDoll","1"
"level_2_14.xml","2","potentialWeapons","23","0","woodenCrate","1"
"level_2_14.xml","2","potentialWeapons","23","0","x","23"
"level_2_14.xml","2","potentialWeapons","23","0","y","0"
"level_2_14.xml","3","redPirate","20","21","banana","1"
"level_2_14.xml","3","redPirate","20","21","cherryBomb","5"
"level_2_14.xml","3","redPirate","20","21","dynamite","2"
"level_2_14.xml","3","redPirate","20","21","gunpowderBarrel","1"
"level_2_14.xml","3","redPirate","20","21","luck","1"
"level_2_14.xml","3","redPirate","20","21","mine","1"
"level_2_14.xml","3","redPirate","20","21","parachuteBomb","1"
"level_2_14.xml","3","redPirate","20","21","rumBottle","2"
"level_2_14.xml","3","redPirate","20","21","seagull","1"
"level_2_14.xml","3","redPirate","20","21","type","redPirate"
"level_2_14.xml","3","redPirate","20","21","woodenCrate","1"
"level_2_14.xml","3","redPirate","20","21","x","20"
"level_2_14.xml","3","redPirate","20","21","y","21"
"level_2_14.xml","4","bluePirate","24","21","banana","1"
"level_2_14.xml","4","bluePirate","24","21","cherryBomb","5"
"level_2_14.xml","4","bluePirate","24","21","dynamite","2"
"level_2_14.xml","4","bluePirate","24","21","gunpowderBarrel","1"
"level_2_14.xml","4","bluePirate","24","21","luck","1"
"level_2_14.xml","4","bluePirate","24","21","mine","1"
"level_2_14.xml","4","bluePirate","24","21","parachuteBomb","1"
"level_2_14.xml","4","bluePirate","24","21","rumBottle","2"
"level_2_14.xml","4","bluePirate","24","21","seagull","1"
"level_2_14.xml","4","bluePirate","24","21","type","bluePirate"
"level_2_14.xml","4","bluePirate","24","21","woodenCrate","1"
"level_2_14.xml","4","bluePirate","24","21","x","24"
"level_2_14.xml","4","bluePirate","24","21","y","21"
"level_2_14.xml","5","redPirate","40","8","banana","1"
"level_2_14.xml","5","redPirate","40","8","cherryBomb","5"
"level_2_14.xml","5","redPirate","40","8","dynamite","2"
"level_2_14.xml","5","redPirate","40","8","gunpowderBarrel","1"
"level_2_14.xml","5","redPirate","40","8","luck","1"
"level_2_14.xml","5","redPirate","40","8","mine","1"
"level_2_14.xml","5","redPirate","40","8","parachuteBomb","1"
"level_2_14.xml","5","redPirate","40","8","rumBottle","2"
"level_2_14.xml","5","redPirate","40","8","seagull","1"
"level_2_14.xml","5","redPirate","40","8","type","redPirate"
"level_2_14.xml","5","redPirate","40","8","woodenCrate","1"
"level_2_14.xml","5","redPirate","40","8","x","40"
"level_2_14.xml","5","redPirate","40","8","y","8"
"level_2_14.xml","6","bluePirate","24","6","banana","1"
"level_2_14.xml","6","bluePirate","24","6","cherryBomb","5"
"level_2_14.xml","6","bluePirate","24","6","dynamite","2"
"level_2_14.xml","6","bluePirate","24","6","gunpowderBarrel","1"
"level_2_14.xml","6","bluePirate","24","6","luck","1"
"level_2_14.xml","6","bluePirate","24","6","mine","1"
"level_2_14.xml","6","bluePirate","24","6","parachuteBomb","1"
"level_2_14.xml","6","bluePirate","24","6","rumBottle","2"
"level_2_14.xml","6","bluePirate","24","6","seagull","1"
"level_2_14.xml","6","bluePirate","24","6","type","bluePirate"
"level_2_14.xml","6","bluePirate","24","6","woodenCrate","1"
"level_2_14.xml","6","bluePirate","24","6","x","24"
"level_2_14.xml","6","bluePirate","24","6","y","6"
"level_2_14.xml","7","redPirate","21","6","banana","1"
"level_2_14.xml","7","redPirate","21","6","cherryBomb","5"
"level_2_14.xml","7","redPirate","21","6","dynamite","2"
"level_2_14.xml","7","redPirate","21","6","gunpowderBarrel","1"
"level_2_14.xml","7","redPirate","21","6","luck","1"
"level_2_14.xml","7","redPirate","21","6","mine","1"
"level_2_14.xml","7","redPirate","21","6","parachuteBomb","1"
"level_2_14.xml","7","redPirate","21","6","rumBottle","2"
"level_2_14.xml","7","redPirate","21","6","seagull","1"
"level_2_14.xml","7","redPirate","21","6","type","redPirate"
"level_2_14.xml","7","redPirate","21","6","woodenCrate","1"
"level_2_14.xml","7","redPirate","21","6","x","21"
"level_2_14.xml","7","redPirate","21","6","y","6"
"level_2_14.xml","8","bluePirate","2","6","banana","1"
"level_2_14.xml","8","bluePirate","2","6","cherryBomb","5"
"level_2_14.xml","8","bluePirate","2","6","dynamite","2"
"level_2_14.xml","8","bluePirate","2","6","gunpowderBarrel","1"
"level_2_14.xml","8","bluePirate","2","6","luck","1"
"level_2_14.xml","8","bluePirate","2","6","mine","1"
"level_2_14.xml","8","bluePirate","2","6","parachuteBomb","1"
"level_2_14.xml","8","bluePirate","2","6","rumBottle","2"
"level_2_14.xml","8","bluePirate","2","6","seagull","1"
"level_2_14.xml","8","bluePirate","2","6","type","bluePirate"
"level_2_14.xml","8","bluePirate","2","6","woodenCrate","1"
"level_2_14.xml","8","bluePirate","2","6","x","2"
"level_2_14.xml","8","bluePirate","2","6","y","6"
"level_2_14.xml","9","bluePirate","36","15","banana","1"
"level_2_14.xml","9","bluePirate","36","15","cherryBomb","5"
"level_2_14.xml","9","bluePirate","36","15","dynamite","2"
"level_2_14.xml","9","bluePirate","36","15","gunpowderBarrel","1"
"level_2_14.xml","9","bluePirate","36","15","luck","1"
"level_2_14.xml","9","bluePirate","36","15","mine","1"
"level_2_14.xml","9","bluePirate","36","15","parachuteBomb","1"
"level_2_14.xml","9","bluePirate","36","15","rumBottle","2"
"level_2_14.xml","9","bluePirate","36","15","seagull","1"
"level_2_14.xml","9","bluePirate","36","15","type","bluePirate"
"level_2_14.xml","9","bluePirate","36","15","woodenCrate","1"
"level_2_14.xml","9","bluePirate","36","15","x","36"
"level_2_14.xml","9","bluePirate","36","15","y","15"
"level_2_14.xml","10","redPirate","7","15","banana","1"
"level_2_14.xml","10","redPirate","7","15","cherryBomb","5"
"level_2_14.xml","10","redPirate","7","15","dynamite","2"
"level_2_14.xml","10","redPirate","7","15","gunpowderBarrel","1"
"level_2_14.xml","10","redPirate","7","15","luck","1"
"level_2_14.xml","10","redPirate","7","15","mine","1"
"level_2_14.xml","10","redPirate","7","15","parachuteBomb","1"
"level_2_14.xml","10","redPirate","7","15","rumBottle","2"
"level_2_14.xml","10","redPirate","7","15","seagull","1"
"level_2_14.xml","10","redPirate","7","15","type","redPirate"
"level_2_14.xml","10","redPirate","7","15","woodenCrate","1"
"level_2_14.xml","10","redPirate","7","15","x","7"
"level_2_14.xml","10","redPirate","7","15","y","15"
"level_2_14.xml","11","bluePirateCaptain","24","15","anchor","1"
"level_2_14.xml","11","bluePirateCaptain","24","15","banana","1"
"level_2_14.xml","11","bluePirateCaptain","24","15","cherryBomb","5"
"level_2_14.xml","11","bluePirateCaptain","24","15","dynamite","2"
"level_2_14.xml","11","bluePirateCaptain","24","15","gunpowderBarrel","1"
"level_2_14.xml","11","bluePirateCaptain","24","15","luck","1"
"level_2_14.xml","11","bluePirateCaptain","24","15","mine","1"
"level_2_14.xml","11","bluePirateCaptain","24","15","parachuteBomb","1"
"level_2_14.xml","11","bluePirateCaptain","24","15","rumBottle","2"
"level_2_14.xml","11","bluePirateCaptain","24","15","seagull","1"
"level_2_14.xml","11","bluePirateCaptain","24","15","type","bluePirateCaptain"
"level_2_14.xml","11","bluePirateCaptain","24","15","woodenCrate","1"
"level_2_14.xml","11","bluePirateCaptain","24","15","x","24"
"level_2_14.xml","11","bluePirateCaptain","24","15","y","15"
"level_2_14.xml","12","redPirateCaptain","20","15","anchor","1"
"level_2_14.xml","12","redPirateCaptain","20","15","banana","1"
"level_2_14.xml","12","redPirateCaptain","20","15","cherryBomb","5"
"level_2_14.xml","12","redPirateCaptain","20","15","dynamite","2"
"level_2_14.xml","12","redPirateCaptain","20","15","gunpowderBarrel","1"
"level_2_14.xml","12","redPirateCaptain","20","15","luck","1"
"level_2_14.xml","12","redPirateCaptain","20","15","mine","1"
"level_2_14.xml","12","redPirateCaptain","20","15","parachuteBomb","1"
"level_2_14.xml","12","redPirateCaptain","20","15","rumBottle","2"
"level_2_14.xml","12","redPirateCaptain","20","15","seagull","1"
"level_2_14.xml","12","redPirateCaptain","20","15","type","redPirateCaptain"
"level_2_14.xml","12","redPirateCaptain","20","15","woodenCrate","1"
"level_2_14.xml","12","redPirateCaptain","20","15","x","20"
"level_2_14.xml","12","redPirateCaptain","20","15","y","15"
"level_2_14.xml","13","water","15","23","luck","10"
"level_2_14.xml","13","water","15","23","maxChests","3"
"level_2_14.xml","13","water","15","23","type","water"
"level_2_14.xml","13","water","15","23","x","15"
"level_2_14.xml","13","water","15","23","y","23"
"level_2_15.xml","0","potentialWeapons","36","0","banana","7"
"level_2_15.xml","0","potentialWeapons","36","0","boulder","2"
"level_2_15.xml","0","potentialWeapons","36","0","cherryBomb","7"
"level_2_15.xml","0","potentialWeapons","36","0","dynamite","5"
"level_2_15.xml","0","potentialWeapons","36","0","gunpowderBarrel","5"
"level_2_15.xml","0","potentialWeapons","36","0","luck","1"
"level_2_15.xml","0","potentialWeapons","36","0","parachuteBomb","1"
"level_2_15.xml","0","potentialWeapons","36","0","piecesOfEight","3"
"level_2_15.xml","0","potentialWeapons","36","0","rumBottle","7"
"level_2_15.xml","0","potentialWeapons","36","0","seagull","5"
"level_2_15.xml","0","potentialWeapons","36","0","tidalWave","1"
"level_2_15.xml","0","potentialWeapons","36","0","type","potentialWeapons"
"level_2_15.xml","0","potentialWeapons","36","0","woodenCrate","5"
"level_2_15.xml","0","potentialWeapons","36","0","x","36"
"level_2_15.xml","0","potentialWeapons","36","0","y","0"
"level_2_15.xml","1","bluePirate","49","7","banana","1"
"level_2_15.xml","1","bluePirate","49","7","cherryBomb","5"
"level_2_15.xml","1","bluePirate","49","7","luck","1"
"level_2_15.xml","1","bluePirate","49","7","mine","1"
"level_2_15.xml","1","bluePirate","49","7","parachuteBomb","1"
"level_2_15.xml","1","bluePirate","49","7","rumBottle","5"
"level_2_15.xml","1","bluePirate","49","7","type","bluePirate"
"level_2_15.xml","1","bluePirate","49","7","x","49"
"level_2_15.xml","1","bluePirate","49","7","y","7"
"level_2_15.xml","2","bluePirate","15","7","banana","1"
"level_2_15.xml","2","bluePirate","15","7","cherryBomb","5"
"level_2_15.xml","2","bluePirate","15","7","luck","1"
"level_2_15.xml","2","bluePirate","15","7","mine","1"
"level_2_15.xml","2","bluePirate","15","7","parachuteBomb","1"
"level_2_15.xml","2","bluePirate","15","7","rumBottle","5"
"level_2_15.xml","2","bluePirate","15","7","type","bluePirate"
"level_2_15.xml","2","bluePirate","15","7","x","15"
"level_2_15.xml","2","bluePirate","15","7","y","7"
"level_2_15.xml","3","redPirateCaptain","4","7","banana","1"
"level_2_15.xml","3","redPirateCaptain","4","7","cherryBomb","5"
"level_2_15.xml","3","redPirateCaptain","4","7","luck","1"
"level_2_15.xml","3","redPirateCaptain","4","7","mine","1"
"level_2_15.xml","3","redPirateCaptain","4","7","parachuteBomb","1"
"level_2_15.xml","3","redPirateCaptain","4","7","rumBottle","5"
"level_2_15.xml","3","redPirateCaptain","4","7","type","redPirateCaptain"
"level_2_15.xml","3","redPirateCaptain","4","7","x","4"
"level_2_15.xml","3","redPirateCaptain","4","7","y","7"
"level_2_15.xml","4","bluePirateCaptain","87","7","banana","1"
"level_2_15.xml","4","bluePirateCaptain","87","7","cherryBomb","5"
"level_2_15.xml","4","bluePirateCaptain","87","7","luck","1"
"level_2_15.xml","4","bluePirateCaptain","87","7","mine","1"
"level_2_15.xml","4","bluePirateCaptain","87","7","parachuteBomb","1"
"level_2_15.xml","4","bluePirateCaptain","87","7","rumBottle","5"
"level_2_15.xml","4","bluePirateCaptain","87","7","type","bluePirateCaptain"
"level_2_15.xml","4","bluePirateCaptain","87","7","x","87"
"level_2_15.xml","4","bluePirateCaptain","87","7","y","7"
"level_2_15.xml","5","redPirate","80","7","banana","1"
"level_2_15.xml","5","redPirate","80","7","cherryBomb","5"
"level_2_15.xml","5","redPirate","80","7","luck","1"
"level_2_15.xml","5","redPirate","80","7","mine","1"
"level_2_15.xml","5","redPirate","80","7","parachuteBomb","1"
"level_2_15.xml","5","redPirate","80","7","rumBottle","5"
"level_2_15.xml","5","redPirate","80","7","type","redPirate"
"level_2_15.xml","5","redPirate","80","7","x","80"
"level_2_15.xml","5","redPirate","80","7","y","7"
"level_2_15.xml","6","bluePirate","68","7","banana","1"
"level_2_15.xml","6","bluePirate","68","7","cherryBomb","5"
"level_2_15.xml","6","bluePirate","68","7","luck","1"
"level_2_15.xml","6","bluePirate","68","7","mine","1"
"level_2_15.xml","6","bluePirate","68","7","parachuteBomb","1"
"level_2_15.xml","6","bluePirate","68","7","rumBottle","5"
"level_2_15.xml","6","bluePirate","68","7","type","bluePirate"
"level_2_15.xml","6","bluePirate","68","7","x","68"
"level_2_15.xml","6","bluePirate","68","7","y","7"
"level_2_15.xml","7","redPirate","59","7","banana","1"
"level_2_15.xml","7","redPirate","59","7","cherryBomb","5"
"level_2_15.xml","7","redPirate","59","7","luck","1"
"level_2_15.xml","7","redPirate","59","7","mine","1"
"level_2_15.xml","7","redPirate","59","7","parachuteBomb","1"
"level_2_15.xml","7","redPirate","59","7","rumBottle","5"
"level_2_15.xml","7","redPirate","59","7","type","redPirate"
"level_2_15.xml","7","redPirate","59","7","x","59"
"level_2_15.xml","7","redPirate","59","7","y","7"
"level_2_15.xml","8","bluePirate","37","7","banana","1"
"level_2_15.xml","8","bluePirate","37","7","cherryBomb","5"
"level_2_15.xml","8","bluePirate","37","7","luck","1"
"level_2_15.xml","8","bluePirate","37","7","mine","1"
"level_2_15.xml","8","bluePirate","37","7","parachuteBomb","1"
"level_2_15.xml","8","bluePirate","37","7","rumBottle","5"
"level_2_15.xml","8","bluePirate","37","7","type","bluePirate"
"level_2_15.xml","8","bluePirate","37","7","x","37"
"level_2_15.xml","8","bluePirate","37","7","y","7"
"level_2_15.xml","9","redPirate","29","7","banana","1"
"level_2_15.xml","9","redPirate","29","7","cherryBomb","5"
"level_2_15.xml","9","redPirate","29","7","luck","1"
"level_2_15.xml","9","redPirate","29","7","mine","1"
"level_2_15.xml","9","redPirate","29","7","parachuteBomb","1"
"level_2_15.xml","9","redPirate","29","7","rumBottle","5"
"level_2_15.xml","9","redPirate","29","7","type","redPirate"
"level_2_15.xml","9","redPirate","29","7","x","29"
"level_2_15.xml","9","redPirate","29","7","y","7"
"level_2_15.xml","10","redPirate","43","7","banana","1"
"level_2_15.xml","10","redPirate","43","7","cherryBomb","5"
"level_2_15.xml","10","redPirate","43","7","luck","1"
"level_2_15.xml","10","redPirate","43","7","mine","1"
"level_2_15.xml","10","redPirate","43","7","parachuteBomb","1"
"level_2_15.xml","10","redPirate","43","7","rumBottle","5"
"level_2_15.xml","10","redPirate","43","7","type","redPirate"
"level_2_15.xml","10","redPirate","43","7","x","43"
"level_2_15.xml","10","redPirate","43","7","y","7"
"level_2_15.xml","11","water","18","9","luck","10"
"level_2_15.xml","11","water","18","9","maxChests","3"
"level_2_15.xml","11","water","18","9","type","water"
"level_2_15.xml","11","water","18","9","x","18"
"level_2_15.xml","11","water","18","9","y","9"
"level_2_16.xml","0","potentialWeapons","24","0","anchor","1"
"level_2_16.xml","0","potentialWeapons","24","0","banana","10"
"level_2_16.xml","0","potentialWeapons","24","0","cannon","1"
"level_2_16.xml","0","potentialWeapons","24","0","dynamite","10"
"level_2_16.xml","0","potentialWeapons","24","0","luck","1"
"level_2_16.xml","0","potentialWeapons","24","0","mine","3"
"level_2_16.xml","0","potentialWeapons","24","0","parachuteBomb","3"
"level_2_16.xml","0","potentialWeapons","24","0","piecesOfEight","1"
"level_2_16.xml","0","potentialWeapons","24","0","rumBottle","1"
"level_2_16.xml","0","potentialWeapons","24","0","seagull","1"
"level_2_16.xml","0","potentialWeapons","24","0","tidalWave","1"
"level_2_16.xml","0","potentialWeapons","24","0","type","potentialWeapons"
"level_2_16.xml","0","potentialWeapons","24","0","voodooDoll","10"
"level_2_16.xml","0","potentialWeapons","24","0","x","24"
"level_2_16.xml","0","potentialWeapons","24","0","y","0"
"level_2_16.xml","1","bluePirate","17","15","banana","2"
"level_2_16.xml","1","bluePirate","17","15","cherryBomb","5"
"level_2_16.xml","1","bluePirate","17","15","dynamite","5"
"level_2_16.xml","1","bluePirate","17","15","gunpowderBarrel","5"
"level_2_16.xml","1","bluePirate","17","15","luck","1"
"level_2_16.xml","1","bluePirate","17","15","parachuteBomb","1"
"level_2_16.xml","1","bluePirate","17","15","piecesOfEight","1"
"level_2_16.xml","1","bluePirate","17","15","rumBottle","2"
"level_2_16.xml","1","bluePirate","17","15","type","bluePirate"
"level_2_16.xml","1","bluePirate","17","15","woodenCrate","5"
"level_2_16.xml","1","bluePirate","17","15","x","17"
"level_2_16.xml","1","bluePirate","17","15","y","15"
"level_2_16.xml","2","redPirate","28","17","banana","2"
"level_2_16.xml","2","redPirate","28","17","cherryBomb","5"
"level_2_16.xml","2","redPirate","28","17","dynamite","5"
"level_2_16.xml","2","redPirate","28","17","gunpowderBarrel","5"
"level_2_16.xml","2","redPirate","28","17","luck","1"
"level_2_16.xml","2","redPirate","28","17","parachuteBomb","1"
"level_2_16.xml","2","redPirate","28","17","piecesOfEight","1"
"level_2_16.xml","2","redPirate","28","17","rumBottle","2"
"level_2_16.xml","2","redPirate","28","17","type","redPirate"
"level_2_16.xml","2","redPirate","28","17","woodenCrate","5"
"level_2_16.xml","2","redPirate","28","17","x","28"
"level_2_16.xml","2","redPirate","28","17","y","17"
"level_2_16.xml","3","redPirate","12","22","banana","2"
"level_2_16.xml","3","redPirate","12","22","cherryBomb","5"
"level_2_16.xml","3","redPirate","12","22","dynamite","5"
"level_2_16.xml","3","redPirate","12","22","gunpowderBarrel","5"
"level_2_16.xml","3","redPirate","12","22","luck","1"
"level_2_16.xml","3","redPirate","12","22","parachuteBomb","1"
"level_2_16.xml","3","redPirate","12","22","piecesOfEight","1"
"level_2_16.xml","3","redPirate","12","22","rumBottle","2"
"level_2_16.xml","3","redPirate","12","22","type","redPirate"
"level_2_16.xml","3","redPirate","12","22","woodenCrate","5"
"level_2_16.xml","3","redPirate","12","22","x","12"
"level_2_16.xml","3","redPirate","12","22","y","22"
"level_2_16.xml","4","bluePirate","35","22","banana","2"
"level_2_16.xml","4","bluePirate","35","22","cherryBomb","5"
"level_2_16.xml","4","bluePirate","35","22","dynamite","5"
"level_2_16.xml","4","bluePirate","35","22","gunpowderBarrel","5"
"level_2_16.xml","4","bluePirate","35","22","luck","1"
"level_2_16.xml","4","bluePirate","35","22","parachuteBomb","1"
"level_2_16.xml","4","bluePirate","35","22","piecesOfEight","1"
"level_2_16.xml","4","bluePirate","35","22","rumBottle","2"
"level_2_16.xml","4","bluePirate","35","22","type","bluePirate"
"level_2_16.xml","4","bluePirate","35","22","woodenCrate","5"
"level_2_16.xml","4","bluePirate","35","22","x","35"
"level_2_16.xml","4","bluePirate","35","22","y","22"
"level_2_16.xml","5","redPirateCaptain","9","13","banana","2"
"level_2_16.xml","5","redPirateCaptain","9","13","cherryBomb","5"
"level_2_16.xml","5","redPirateCaptain","9","13","dynamite","5"
"level_2_16.xml","5","redPirateCaptain","9","13","gunpowderBarrel","5"
"level_2_16.xml","5","redPirateCaptain","9","13","luck","1"
"level_2_16.xml","5","redPirateCaptain","9","13","parachuteBomb","1"
"level_2_16.xml","5","redPirateCaptain","9","13","piecesOfEight","1"
"level_2_16.xml","5","redPirateCaptain","9","13","rumBottle","2"
"level_2_16.xml","5","redPirateCaptain","9","13","type","redPirateCaptain"
"level_2_16.xml","5","redPirateCaptain","9","13","voodooDoll","1"
"level_2_16.xml","5","redPirateCaptain","9","13","woodenCrate","5"
"level_2_16.xml","5","redPirateCaptain","9","13","x","9"
"level_2_16.xml","5","redPirateCaptain","9","13","y","13"
"level_2_16.xml","6","bluePirateCaptain","38","13","banana","2"
"level_2_16.xml","6","bluePirateCaptain","38","13","cherryBomb","5"
"level_2_16.xml","6","bluePirateCaptain","38","13","dynamite","5"
"level_2_16.xml","6","bluePirateCaptain","38","13","gunpowderBarrel","5"
"level_2_16.xml","6","bluePirateCaptain","38","13","luck","1"
"level_2_16.xml","6","bluePirateCaptain","38","13","parachuteBomb","1"
"level_2_16.xml","6","bluePirateCaptain","38","13","piecesOfEight","1"
"level_2_16.xml","6","bluePirateCaptain","38","13","rumBottle","2"
"level_2_16.xml","6","bluePirateCaptain","38","13","type","bluePirateCaptain"
"level_2_16.xml","6","bluePirateCaptain","38","13","voodooDoll","1"
"level_2_16.xml","6","bluePirateCaptain","38","13","woodenCrate","5"
"level_2_16.xml","6","bluePirateCaptain","38","13","x","38"
"level_2_16.xml","6","bluePirateCaptain","38","13","y","13"
"level_2_16.xml","7","redPirate","14","7","banana","2"
"level_2_16.xml","7","redPirate","14","7","cherryBomb","5"
"level_2_16.xml","7","redPirate","14","7","dynamite","5"
"level_2_16.xml","7","redPirate","14","7","gunpowderBarrel","5"
"level_2_16.xml","7","redPirate","14","7","luck","1"
"level_2_16.xml","7","redPirate","14","7","parachuteBomb","1"
"level_2_16.xml","7","redPirate","14","7","piecesOfEight","1"
"level_2_16.xml","7","redPirate","14","7","rumBottle","2"
"level_2_16.xml","7","redPirate","14","7","type","redPirate"
"level_2_16.xml","7","redPirate","14","7","woodenCrate","5"
"level_2_16.xml","7","redPirate","14","7","x","14"
"level_2_16.xml","7","redPirate","14","7","y","7"
"level_2_16.xml","8","bluePirate","33","7","banana","2"
"level_2_16.xml","8","bluePirate","33","7","cherryBomb","5"
"level_2_16.xml","8","bluePirate","33","7","dynamite","5"
"level_2_16.xml","8","bluePirate","33","7","gunpowderBarrel","5"
"level_2_16.xml","8","bluePirate","33","7","luck","1"
"level_2_16.xml","8","bluePirate","33","7","parachuteBomb","1"
"level_2_16.xml","8","bluePirate","33","7","piecesOfEight","1"
"level_2_16.xml","8","bluePirate","33","7","rumBottle","2"
"level_2_16.xml","8","bluePirate","33","7","type","bluePirate"
"level_2_16.xml","8","bluePirate","33","7","woodenCrate","5"
"level_2_16.xml","8","bluePirate","33","7","x","33"
"level_2_16.xml","8","bluePirate","33","7","y","7"
"level_2_16.xml","9","water","5","27","anchor","1"
"level_2_16.xml","9","water","5","27","banana","1"
"level_2_16.xml","9","water","5","27","boulder","1"
"level_2_16.xml","9","water","5","27","cannon","1"
"level_2_16.xml","9","water","5","27","cherryBomb","1"
"level_2_16.xml","9","water","5","27","dynamite","1"
"level_2_16.xml","9","water","5","27","gunpowderBarrel","1"
"level_2_16.xml","9","water","5","27","luck","30"
"level_2_16.xml","9","water","5","27","maxChests","3"
"level_2_16.xml","9","water","5","27","mine","1"
"level_2_16.xml","9","water","5","27","parachuteBomb","1"
"level_2_16.xml","9","water","5","27","piecesOfEight","1"
"level_2_16.xml","9","water","5","27","rumBottle","1"
"level_2_16.xml","9","water","5","27","seagull","1"
"level_2_16.xml","9","water","5","27","tidalWave","1"
"level_2_16.xml","9","water","5","27","type","water"
"level_2_16.xml","9","water","5","27","voodooDoll","1"
"level_2_16.xml","9","water","5","27","woodenCrate","1"
"level_2_16.xml","9","water","5","27","x","5"
"level_2_16.xml","9","water","5","27","y","27"
"level_2_17.xml","0","potentialWeapons","43","5","anchor","10"
"level_2_17.xml","0","potentialWeapons","43","5","banana","10"
"level_2_17.xml","0","potentialWeapons","43","5","boulder","10"
"level_2_17.xml","0","potentialWeapons","43","5","cannon","10"
"level_2_17.xml","0","potentialWeapons","43","5","cherryBomb","10"
"level_2_17.xml","0","potentialWeapons","43","5","dynamite","10"
"level_2_17.xml","0","potentialWeapons","43","5","gunpowderBarrel","10"
"level_2_17.xml","0","potentialWeapons","43","5","luck","1"
"level_2_17.xml","0","potentialWeapons","43","5","mine","10"
"level_2_17.xml","0","potentialWeapons","43","5","parachuteBomb","10"
"level_2_17.xml","0","potentialWeapons","43","5","piecesOfEight","10"
"level_2_17.xml","0","potentialWeapons","43","5","rumBottle","10"
"level_2_17.xml","0","potentialWeapons","43","5","seagull","10"
"level_2_17.xml","0","potentialWeapons","43","5","tidalWave","1"
"level_2_17.xml","0","potentialWeapons","43","5","type","potentialWeapons"
"level_2_17.xml","0","potentialWeapons","43","5","voodooDoll","10"
"level_2_17.xml","0","potentialWeapons","43","5","woodenCrate","10"
"level_2_17.xml","0","potentialWeapons","43","5","x","43"
"level_2_17.xml","0","potentialWeapons","43","5","y","5"
"level_2_17.xml","1","redPirate","47","13","anchor","1"
"level_2_17.xml","1","redPirate","47","13","cannon","1"
"level_2_17.xml","1","redPirate","47","13","cherryBomb","1"
"level_2_17.xml","1","redPirate","47","13","luck","1"
"level_2_17.xml","1","redPirate","47","13","mine","10"
"level_2_17.xml","1","redPirate","47","13","type","redPirate"
"level_2_17.xml","1","redPirate","47","13","voodooDoll","10"
"level_2_17.xml","1","redPirate","47","13","x","47"
"level_2_17.xml","1","redPirate","47","13","y","13"
"level_2_17.xml","2","bluePirateCaptain","64","8","anchor","1"
"level_2_17.xml","2","bluePirateCaptain","64","8","cannon","1"
"level_2_17.xml","2","bluePirateCaptain","64","8","cherryBomb","1"
"level_2_17.xml","2","bluePirateCaptain","64","8","luck","1"
"level_2_17.xml","2","bluePirateCaptain","64","8","mine","10"
"level_2_17.xml","2","bluePirateCaptain","64","8","type","bluePirateCaptain"
"level_2_17.xml","2","bluePirateCaptain","64","8","voodooDoll","10"
"level_2_17.xml","2","bluePirateCaptain","64","8","x","64"
"level_2_17.xml","2","bluePirateCaptain","64","8","y","8"
"level_2_17.xml","3","redPirateCaptain","20","8","anchor","1"
"level_2_17.xml","3","redPirateCaptain","20","8","cannon","1"
"level_2_17.xml","3","redPirateCaptain","20","8","cherryBomb","1"
"level_2_17.xml","3","redPirateCaptain","20","8","luck","1"
"level_2_17.xml","3","redPirateCaptain","20","8","mine","10"
"level_2_17.xml","3","redPirateCaptain","20","8","type","redPirateCaptain"
"level_2_17.xml","3","redPirateCaptain","20","8","voodooDoll","10"
"level_2_17.xml","3","redPirateCaptain","20","8","x","20"
"level_2_17.xml","3","redPirateCaptain","20","8","y","8"
"level_2_17.xml","4","bluePirate","13","11","anchor","1"
"level_2_17.xml","4","bluePirate","13","11","cannon","1"
"level_2_17.xml","4","bluePirate","13","11","cherryBomb","1"
"level_2_17.xml","4","bluePirate","13","11","luck","1"
"level_2_17.xml","4","bluePirate","13","11","mine","10"
"level_2_17.xml","4","bluePirate","13","11","type","bluePirate"
"level_2_17.xml","4","bluePirate","13","11","voodooDoll","10"
"level_2_17.xml","4","bluePirate","13","11","x","13"
"level_2_17.xml","4","bluePirate","13","11","y","11"
"level_2_17.xml","5","redPirate","70","10","anchor","1"
"level_2_17.xml","5","redPirate","70","10","cannon","1"
"level_2_17.xml","5","redPirate","70","10","cherryBomb","1"
"level_2_17.xml","5","redPirate","70","10","luck","1"
"level_2_17.xml","5","redPirate","70","10","mine","10"
"level_2_17.xml","5","redPirate","70","10","type","redPirate"
"level_2_17.xml","5","redPirate","70","10","voodooDoll","10"
"level_2_17.xml","5","redPirate","70","10","x","70"
"level_2_17.xml","5","redPirate","70","10","y","10"
"level_2_17.xml","6","potentialWeapons","54","10","cherryBomb","10"
"level_2_17.xml","6","potentialWeapons","54","10","dynamite","1"
"level_2_17.xml","6","potentialWeapons","54","10","luck","30"
"level_2_17.xml","6","potentialWeapons","54","10","maxChests","3"
"level_2_17.xml","6","potentialWeapons","54","10","rumBottle","1"
"level_2_17.xml","6","potentialWeapons","54","10","type","potentialWeapons"
"level_2_17.xml","6","potentialWeapons","54","10","x","54"
"level_2_17.xml","6","potentialWeapons","54","10","y","10"
"level_2_17.xml","7","bluePirate","35","12","anchor","1"
"level_2_17.xml","7","bluePirate","35","12","cannon","1"
"level_2_17.xml","7","bluePirate","35","12","cherryBomb","1"
"level_2_17.xml","7","bluePirate","35","12","luck","1"
"level_2_17.xml","7","bluePirate","35","12","mine","10"
"level_2_17.xml","7","bluePirate","35","12","type","bluePirate"
"level_2_17.xml","7","bluePirate","35","12","voodooDoll","10"
"level_2_17.xml","7","bluePirate","35","12","x","35"
"level_2_17.xml","7","bluePirate","35","12","y","12"
"level_2_17.xml","8","bluePirate","59","12","anchor","1"
"level_2_17.xml","8","bluePirate","59","12","cannon","1"
"level_2_17.xml","8","bluePirate","59","12","cherryBomb","1"
"level_2_17.xml","8","bluePirate","59","12","luck","1"
"level_2_17.xml","8","bluePirate","59","12","mine","10"
"level_2_17.xml","8","bluePirate","59","12","type","bluePirate"
"level_2_17.xml","8","bluePirate","59","12","voodooDoll","10"
"level_2_17.xml","8","bluePirate","59","12","x","59"
"level_2_17.xml","8","bluePirate","59","12","y","12"
"level_2_17.xml","9","water","22","17","luck","30"
"level_2_17.xml","9","water","22","17","maxChests","3"
"level_2_17.xml","9","water","22","17","type","water"
"level_2_17.xml","9","water","22","17","voodooDoll","10"
"level_2_17.xml","9","water","22","17","x","22"
"level_2_17.xml","9","water","22","17","y","17"
"level_2_17.xml","10","redPirate","52","14","anchor","1"
"level_2_17.xml","10","redPirate","52","14","cannon","1"
"level_2_17.xml","10","redPirate","52","14","cherryBomb","1"
"level_2_17.xml","10","redPirate","52","14","luck","1"
"level_2_17.xml","10","redPirate","52","14","mine","10"
"level_2_17.xml","10","redPirate","52","14","type","redPirate"
"level_2_17.xml","10","redPirate","52","14","voodooDoll","10"
"level_2_17.xml","10","redPirate","52","14","x","52"
"level_2_17.xml","10","redPirate","52","14","y","14"
"level_2_17.xml","11","bluePirate","40","14","anchor","1"
"level_2_17.xml","11","bluePirate","40","14","cannon","1"
"level_2_17.xml","11","bluePirate","40","14","cherryBomb","1"
"level_2_17.xml","11","bluePirate","40","14","luck","1"
"level_2_17.xml","11","bluePirate","40","14","mine","10"
"level_2_17.xml","11","bluePirate","40","14","type","bluePirate"
"level_2_17.xml","11","bluePirate","40","14","voodooDoll","10"
"level_2_17.xml","11","bluePirate","40","14","x","40"
"level_2_17.xml","11","bluePirate","40","14","y","14"
"level_2_17.xml","12","redPirate","27","14","anchor","1"
"level_2_17.xml","12","redPirate","27","14","cannon","1"
"level_2_17.xml","12","redPirate","27","14","cherryBomb","1"
"level_2_17.xml","12","redPirate","27","14","luck","1"
"level_2_17.xml","12","redPirate","27","14","mine","10"
"level_2_17.xml","12","redPirate","27","14","type","redPirate"
"level_2_17.xml","12","redPirate","27","14","voodooDoll","10"
"level_2_17.xml","12","redPirate","27","14","x","27"
"level_2_17.xml","12","redPirate","27","14","y","14"
"level_2_18.xml","0","potentialWeapons","21","6","anchor","1"
"level_2_18.xml","0","potentialWeapons","21","6","banana","1"
"level_2_18.xml","0","potentialWeapons","21","6","boulder","1"
"level_2_18.xml","0","potentialWeapons","21","6","cannon","1"
"level_2_18.xml","0","potentialWeapons","21","6","cherryBomb","1"
"level_2_18.xml","0","potentialWeapons","21","6","dynamite","1"
"level_2_18.xml","0","potentialWeapons","21","6","gunpowderBarrel","1"
"level_2_18.xml","0","potentialWeapons","21","6","luck","10"
"level_2_18.xml","0","potentialWeapons","21","6","maxChests","3"
"level_2_18.xml","0","potentialWeapons","21","6","mine","1"
"level_2_18.xml","0","potentialWeapons","21","6","parachuteBomb","1"
"level_2_18.xml","0","potentialWeapons","21","6","piecesOfEight","1"
"level_2_18.xml","0","potentialWeapons","21","6","rumBottle","1"
"level_2_18.xml","0","potentialWeapons","21","6","seagull","1"
"level_2_18.xml","0","potentialWeapons","21","6","tidalWave","1"
"level_2_18.xml","0","potentialWeapons","21","6","type","potentialWeapons"
"level_2_18.xml","0","potentialWeapons","21","6","voodooDoll","1"
"level_2_18.xml","0","potentialWeapons","21","6","woodenCrate","1"
"level_2_18.xml","0","potentialWeapons","21","6","x","21"
"level_2_18.xml","0","potentialWeapons","21","6","y","6"
"level_2_18.xml","1","redPirate","14","17","anchor","1"
"level_2_18.xml","1","redPirate","14","17","banana","1"
"level_2_18.xml","1","redPirate","14","17","boulder","1"
"level_2_18.xml","1","redPirate","14","17","cannon","1"
"level_2_18.xml","1","redPirate","14","17","cherryBomb","1"
"level_2_18.xml","1","redPirate","14","17","dynamite","1"
"level_2_18.xml","1","redPirate","14","17","gunpowderBarrel","1"
"level_2_18.xml","1","redPirate","14","17","luck","1"
"level_2_18.xml","1","redPirate","14","17","mine","1"
"level_2_18.xml","1","redPirate","14","17","parachuteBomb","1"
"level_2_18.xml","1","redPirate","14","17","piecesOfEight","1"
"level_2_18.xml","1","redPirate","14","17","rumBottle","1"
"level_2_18.xml","1","redPirate","14","17","seagull","1"
"level_2_18.xml","1","redPirate","14","17","tidalWave","1"
"level_2_18.xml","1","redPirate","14","17","type","redPirate"
"level_2_18.xml","1","redPirate","14","17","voodooDoll","1"
"level_2_18.xml","1","redPirate","14","17","woodenCrate","1"
"level_2_18.xml","1","redPirate","14","17","x","14"
"level_2_18.xml","1","redPirate","14","17","y","17"
"level_2_18.xml","2","bluePirate","26","17","anchor","1"
"level_2_18.xml","2","bluePirate","26","17","banana","1"
"level_2_18.xml","2","bluePirate","26","17","boulder","1"
"level_2_18.xml","2","bluePirate","26","17","cannon","1"
"level_2_18.xml","2","bluePirate","26","17","cherryBomb","1"
"level_2_18.xml","2","bluePirate","26","17","dynamite","1"
"level_2_18.xml","2","bluePirate","26","17","gunpowderBarrel","1"
"level_2_18.xml","2","bluePirate","26","17","luck","1"
"level_2_18.xml","2","bluePirate","26","17","mine","1"
"level_2_18.xml","2","bluePirate","26","17","parachuteBomb","1"
"level_2_18.xml","2","bluePirate","26","17","piecesOfEight","1"
"level_2_18.xml","2","bluePirate","26","17","rumBottle","1"
"level_2_18.xml","2","bluePirate","26","17","seagull","1"
"level_2_18.xml","2","bluePirate","26","17","tidalWave","1"
"level_2_18.xml","2","bluePirate","26","17","type","bluePirate"
"level_2_18.xml","2","bluePirate","26","17","voodooDoll","1"
"level_2_18.xml","2","bluePirate","26","17","woodenCrate","1"
"level_2_18.xml","2","bluePirate","26","17","x","26"
"level_2_18.xml","2","bluePirate","26","17","y","17"
"level_2_18.xml","3","redPirate","15","11","anchor","1"
"level_2_18.xml","3","redPirate","15","11","banana","1"
"level_2_18.xml","3","redPirate","15","11","boulder","1"
"level_2_18.xml","3","redPirate","15","11","cannon","1"
"level_2_18.xml","3","redPirate","15","11","cherryBomb","1"
"level_2_18.xml","3","redPirate","15","11","dynamite","1"
"level_2_18.xml","3","redPirate","15","11","gunpowderBarrel","1"
"level_2_18.xml","3","redPirate","15","11","luck","1"
"level_2_18.xml","3","redPirate","15","11","mine","1"
"level_2_18.xml","3","redPirate","15","11","parachuteBomb","1"
"level_2_18.xml","3","redPirate","15","11","piecesOfEight","1"
"level_2_18.xml","3","redPirate","15","11","rumBottle","1"
"level_2_18.xml","3","redPirate","15","11","seagull","1"
"level_2_18.xml","3","redPirate","15","11","tidalWave","1"
"level_2_18.xml","3","redPirate","15","11","type","redPirate"
"level_2_18.xml","3","redPirate","15","11","voodooDoll","1"
"level_2_18.xml","3","redPirate","15","11","woodenCrate","1"
"level_2_18.xml","3","redPirate","15","11","x","15"
"level_2_18.xml","3","redPirate","15","11","y","11"
"level_2_18.xml","4","bluePirate","13","11","anchor","1"
"level_2_18.xml","4","bluePirate","13","11","banana","1"
"level_2_18.xml","4","bluePirate","13","11","boulder","1"
"level_2_18.xml","4","bluePirate","13","11","cannon","1"
"level_2_18.xml","4","bluePirate","13","11","cherryBomb","1"
"level_2_18.xml","4","bluePirate","13","11","dynamite","1"
"level_2_18.xml","4","bluePirate","13","11","gunpowderBarrel","1"
"level_2_18.xml","4","bluePirate","13","11","luck","1"
"level_2_18.xml","4","bluePirate","13","11","mine","1"
"level_2_18.xml","4","bluePirate","13","11","parachuteBomb","1"
"level_2_18.xml","4","bluePirate","13","11","piecesOfEight","1"
"level_2_18.xml","4","bluePirate","13","11","rumBottle","1"
"level_2_18.xml","4","bluePirate","13","11","seagull","1"
"level_2_18.xml","4","bluePirate","13","11","tidalWave","1"
"level_2_18.xml","4","bluePirate","13","11","type","bluePirate"
"level_2_18.xml","4","bluePirate","13","11","voodooDoll","1"
"level_2_18.xml","4","bluePirate","13","11","woodenCrate","1"
"level_2_18.xml","4","bluePirate","13","11","x","13"
"level_2_18.xml","4","bluePirate","13","11","y","11"
"level_2_18.xml","5","bluePirate","25","11","anchor","1"
"level_2_18.xml","5","bluePirate","25","11","banana","1"
"level_2_18.xml","5","bluePirate","25","11","boulder","1"
"level_2_18.xml","5","bluePirate","25","11","cannon","1"
"level_2_18.xml","5","bluePirate","25","11","cherryBomb","1"
"level_2_18.xml","5","bluePirate","25","11","dynamite","1"
"level_2_18.xml","5","bluePirate","25","11","gunpowderBarrel","1"
"level_2_18.xml","5","bluePirate","25","11","luck","1"
"level_2_18.xml","5","bluePirate","25","11","mine","1"
"level_2_18.xml","5","bluePirate","25","11","parachuteBomb","1"
"level_2_18.xml","5","bluePirate","25","11","piecesOfEight","1"
"level_2_18.xml","5","bluePirate","25","11","rumBottle","1"
"level_2_18.xml","5","bluePirate","25","11","seagull","1"
"level_2_18.xml","5","bluePirate","25","11","tidalWave","1"
"level_2_18.xml","5","bluePirate","25","11","type","bluePirate"
"level_2_18.xml","5","bluePirate","25","11","voodooDoll","1"
"level_2_18.xml","5","bluePirate","25","11","woodenCrate","1"
"level_2_18.xml","5","bluePirate","25","11","x","25"
"level_2_18.xml","5","bluePirate","25","11","y","11"
"level_2_18.xml","6","redPirate","27","11","anchor","1"
"level_2_18.xml","6","redPirate","27","11","banana","1"
"level_2_18.xml","6","redPirate","27","11","boulder","1"
"level_2_18.xml","6","redPirate","27","11","cannon","1"
"level_2_18.xml","6","redPirate","27","11","cherryBomb","1"
"level_2_18.xml","6","redPirate","27","11","dynamite","1"
"level_2_18.xml","6","redPirate","27","11","gunpowderBarrel","1"
"level_2_18.xml","6","redPirate","27","11","luck","1"
"level_2_18.xml","6","redPirate","27","11","mine","1"
"level_2_18.xml","6","redPirate","27","11","parachuteBomb","1"
"level_2_18.xml","6","redPirate","27","11","piecesOfEight","1"
"level_2_18.xml","6","redPirate","27","11","rumBottle","1"
"level_2_18.xml","6","redPirate","27","11","seagull","1"
"level_2_18.xml","6","redPirate","27","11","tidalWave","1"
"level_2_18.xml","6","redPirate","27","11","type","redPirate"
"level_2_18.xml","6","redPirate","27","11","voodooDoll","1"
"level_2_18.xml","6","redPirate","27","11","woodenCrate","1"
"level_2_18.xml","6","redPirate","27","11","x","27"
"level_2_18.xml","6","redPirate","27","11","y","11"
"level_2_18.xml","7","redPirate","34","11","anchor","1"
"level_2_18.xml","7","redPirate","34","11","banana","1"
"level_2_18.xml","7","redPirate","34","11","boulder","1"
"level_2_18.xml","7","redPirate","34","11","cannon","1"
"level_2_18.xml","7","redPirate","34","11","cherryBomb","1"
"level_2_18.xml","7","redPirate","34","11","dynamite","1"
"level_2_18.xml","7","redPirate","34","11","gunpowderBarrel","1"
"level_2_18.xml","7","redPirate","34","11","luck","1"
"level_2_18.xml","7","redPirate","34","11","mine","1"
"level_2_18.xml","7","redPirate","34","11","parachuteBomb","1"
"level_2_18.xml","7","redPirate","34","11","piecesOfEight","1"
"level_2_18.xml","7","redPirate","34","11","rumBottle","1"
"level_2_18.xml","7","redPirate","34","11","seagull","1"
"level_2_18.xml","7","redPirate","34","11","tidalWave","1"
"level_2_18.xml","7","redPirate","34","11","type","redPirate"
"level_2_18.xml","7","redPirate","34","11","voodooDoll","1"
"level_2_18.xml","7","redPirate","34","11","woodenCrate","1"
"level_2_18.xml","7","redPirate","34","11","x","34"
"level_2_18.xml","7","redPirate","34","11","y","11"
"level_2_18.xml","8","bluePirate","6","11","anchor","1"
"level_2_18.xml","8","bluePirate","6","11","banana","1"
"level_2_18.xml","8","bluePirate","6","11","boulder","1"
"level_2_18.xml","8","bluePirate","6","11","cannon","1"
"level_2_18.xml","8","bluePirate","6","11","cherryBomb","1"
"level_2_18.xml","8","bluePirate","6","11","dynamite","1"
"level_2_18.xml","8","bluePirate","6","11","gunpowderBarrel","1"
"level_2_18.xml","8","bluePirate","6","11","luck","1"
"level_2_18.xml","8","bluePirate","6","11","mine","1"
"level_2_18.xml","8","bluePirate","6","11","parachuteBomb","1"
"level_2_18.xml","8","bluePirate","6","11","piecesOfEight","1"
"level_2_18.xml","8","bluePirate","6","11","rumBottle","1"
"level_2_18.xml","8","bluePirate","6","11","seagull","1"
"level_2_18.xml","8","bluePirate","6","11","tidalWave","1"
"level_2_18.xml","8","bluePirate","6","11","type","bluePirate"
"level_2_18.xml","8","bluePirate","6","11","voodooDoll","1"
"level_2_18.xml","8","bluePirate","6","11","woodenCrate","1"
"level_2_18.xml","8","bluePirate","6","11","x","6"
"level_2_18.xml","8","bluePirate","6","11","y","11"
"level_2_18.xml","9","redPirate","28","21","anchor","1"
"level_2_18.xml","9","redPirate","28","21","banana","1"
"level_2_18.xml","9","redPirate","28","21","boulder","1"
"level_2_18.xml","9","redPirate","28","21","cannon","1"
"level_2_18.xml","9","redPirate","28","21","cherryBomb","1"
"level_2_18.xml","9","redPirate","28","21","dynamite","1"
"level_2_18.xml","9","redPirate","28","21","gunpowderBarrel","1"
"level_2_18.xml","9","redPirate","28","21","luck","1"
"level_2_18.xml","9","redPirate","28","21","mine","1"
"level_2_18.xml","9","redPirate","28","21","parachuteBomb","1"
"level_2_18.xml","9","redPirate","28","21","piecesOfEight","1"
"level_2_18.xml","9","redPirate","28","21","rumBottle","1"
"level_2_18.xml","9","redPirate","28","21","seagull","1"
"level_2_18.xml","9","redPirate","28","21","tidalWave","1"
"level_2_18.xml","9","redPirate","28","21","type","redPirate"
"level_2_18.xml","9","redPirate","28","21","voodooDoll","1"
"level_2_18.xml","9","redPirate","28","21","woodenCrate","1"
"level_2_18.xml","9","redPirate","28","21","x","28"
"level_2_18.xml","9","redPirate","28","21","y","21"
"level_2_18.xml","10","bluePirate","14","21","anchor","1"
"level_2_18.xml","10","bluePirate","14","21","banana","1"
"level_2_18.xml","10","bluePirate","14","21","boulder","1"
"level_2_18.xml","10","bluePirate","14","21","cannon","1"
"level_2_18.xml","10","bluePirate","14","21","cherryBomb","1"
"level_2_18.xml","10","bluePirate","14","21","dynamite","1"
"level_2_18.xml","10","bluePirate","14","21","gunpowderBarrel","1"
"level_2_18.xml","10","bluePirate","14","21","luck","1"
"level_2_18.xml","10","bluePirate","14","21","mine","1"
"level_2_18.xml","10","bluePirate","14","21","parachuteBomb","1"
"level_2_18.xml","10","bluePirate","14","21","piecesOfEight","1"
"level_2_18.xml","10","bluePirate","14","21","rumBottle","1"
"level_2_18.xml","10","bluePirate","14","21","seagull","1"
"level_2_18.xml","10","bluePirate","14","21","tidalWave","1"
"level_2_18.xml","10","bluePirate","14","21","type","bluePirate"
"level_2_18.xml","10","bluePirate","14","21","voodooDoll","1"
"level_2_18.xml","10","bluePirate","14","21","woodenCrate","1"
"level_2_18.xml","10","bluePirate","14","21","x","14"
"level_2_18.xml","10","bluePirate","14","21","y","21"
"level_2_18.xml","11","bluePirate","32","14","anchor","1"
"level_2_18.xml","11","bluePirate","32","14","banana","1"
"level_2_18.xml","11","bluePirate","32","14","boulder","1"
"level_2_18.xml","11","bluePirate","32","14","cannon","1"
"level_2_18.xml","11","bluePirate","32","14","cherryBomb","1"
"level_2_18.xml","11","bluePirate","32","14","dynamite","1"
"level_2_18.xml","11","bluePirate","32","14","gunpowderBarrel","1"
"level_2_18.xml","11","bluePirate","32","14","luck","1"
"level_2_18.xml","11","bluePirate","32","14","mine","1"
"level_2_18.xml","11","bluePirate","32","14","parachuteBomb","1"
"level_2_18.xml","11","bluePirate","32","14","piecesOfEight","1"
"level_2_18.xml","11","bluePirate","32","14","rumBottle","1"
"level_2_18.xml","11","bluePirate","32","14","seagull","1"
"level_2_18.xml","11","bluePirate","32","14","tidalWave","1"
"level_2_18.xml","11","bluePirate","32","14","type","bluePirate"
"level_2_18.xml","11","bluePirate","32","14","voodooDoll","1"
"level_2_18.xml","11","bluePirate","32","14","woodenCrate","1"
"level_2_18.xml","11","bluePirate","32","14","x","32"
"level_2_18.xml","11","bluePirate","32","14","y","14"
"level_2_18.xml","12","redPirate","9","14","anchor","1"
"level_2_18.xml","12","redPirate","9","14","banana","1"
"level_2_18.xml","12","redPirate","9","14","boulder","1"
"level_2_18.xml","12","redPirate","9","14","cannon","1"
"level_2_18.xml","12","redPirate","9","14","cherryBomb","1"
"level_2_18.xml","12","redPirate","9","14","dynamite","1"
"level_2_18.xml","12","redPirate","9","14","gunpowderBarrel","1"
"level_2_18.xml","12","redPirate","9","14","luck","1"
"level_2_18.xml","12","redPirate","9","14","mine","1"
"level_2_18.xml","12","redPirate","9","14","parachuteBomb","1"
"level_2_18.xml","12","redPirate","9","14","piecesOfEight","1"
"level_2_18.xml","12","redPirate","9","14","rumBottle","1"
"level_2_18.xml","12","redPirate","9","14","seagull","1"
"level_2_18.xml","12","redPirate","9","14","tidalWave","1"
"level_2_18.xml","12","redPirate","9","14","type","redPirate"
"level_2_18.xml","12","redPirate","9","14","voodooDoll","1"
"level_2_18.xml","12","redPirate","9","14","woodenCrate","1"
"level_2_18.xml","12","redPirate","9","14","x","9"
"level_2_18.xml","12","redPirate","9","14","y","14"
"level_2_18.xml","13","bluePirateCaptain","33","27","anchor","1"
"level_2_18.xml","13","bluePirateCaptain","33","27","banana","1"
"level_2_18.xml","13","bluePirateCaptain","33","27","boulder","1"
"level_2_18.xml","13","bluePirateCaptain","33","27","cannon","1"
"level_2_18.xml","13","bluePirateCaptain","33","27","cherryBomb","1"
"level_2_18.xml","13","bluePirateCaptain","33","27","dynamite","1"
"level_2_18.xml","13","bluePirateCaptain","33","27","gunpowderBarrel","1"
"level_2_18.xml","13","bluePirateCaptain","33","27","luck","1"
"level_2_18.xml","13","bluePirateCaptain","33","27","mine","1"
"level_2_18.xml","13","bluePirateCaptain","33","27","parachuteBomb","1"
"level_2_18.xml","13","bluePirateCaptain","33","27","piecesOfEight","1"
"level_2_18.xml","13","bluePirateCaptain","33","27","rumBottle","1"
"level_2_18.xml","13","bluePirateCaptain","33","27","seagull","1"
"level_2_18.xml","13","bluePirateCaptain","33","27","tidalWave","1"
"level_2_18.xml","13","bluePirateCaptain","33","27","type","bluePirateCaptain"
"level_2_18.xml","13","bluePirateCaptain","33","27","voodooDoll","1"
"level_2_18.xml","13","bluePirateCaptain","33","27","woodenCrate","1"
"level_2_18.xml","13","bluePirateCaptain","33","27","x","33"
"level_2_18.xml","13","bluePirateCaptain","33","27","y","27"
"level_2_18.xml","14","redPirateCaptain","13","27","anchor","1"
"level_2_18.xml","14","redPirateCaptain","13","27","banana","1"
"level_2_18.xml","14","redPirateCaptain","13","27","boulder","1"
"level_2_18.xml","14","redPirateCaptain","13","27","cannon","1"
"level_2_18.xml","14","redPirateCaptain","13","27","cherryBomb","1"
"level_2_18.xml","14","redPirateCaptain","13","27","dynamite","1"
"level_2_18.xml","14","redPirateCaptain","13","27","gunpowderBarrel","1"
"level_2_18.xml","14","redPirateCaptain","13","27","luck","1"
"level_2_18.xml","14","redPirateCaptain","13","27","mine","1"
"level_2_18.xml","14","redPirateCaptain","13","27","parachuteBomb","1"
"level_2_18.xml","14","redPirateCaptain","13","27","piecesOfEight","1"
"level_2_18.xml","14","redPirateCaptain","13","27","rumBottle","1"
"level_2_18.xml","14","redPirateCaptain","13","27","seagull","1"
"level_2_18.xml","14","redPirateCaptain","13","27","tidalWave","1"
"level_2_18.xml","14","redPirateCaptain","13","27","type","redPirateCaptain"
"level_2_18.xml","14","redPirateCaptain","13","27","voodooDoll","1"
"level_2_18.xml","14","redPirateCaptain","13","27","woodenCrate","1"
"level_2_18.xml","14","redPirateCaptain","13","27","x","13"
"level_2_18.xml","14","redPirateCaptain","13","27","y","27"
"level_2_18.xml","15","bluePirate","27","27","anchor","1"
"level_2_18.xml","15","bluePirate","27","27","banana","1"
"level_2_18.xml","15","bluePirate","27","27","boulder","1"
"level_2_18.xml","15","bluePirate","27","27","cannon","1"
"level_2_18.xml","15","bluePirate","27","27","cherryBomb","1"
"level_2_18.xml","15","bluePirate","27","27","dynamite","1"
"level_2_18.xml","15","bluePirate","27","27","gunpowderBarrel","1"
"level_2_18.xml","15","bluePirate","27","27","luck","1"
"level_2_18.xml","15","bluePirate","27","27","mine","1"
"level_2_18.xml","15","bluePirate","27","27","parachuteBomb","1"
"level_2_18.xml","15","bluePirate","27","27","piecesOfEight","1"
"level_2_18.xml","15","bluePirate","27","27","rumBottle","1"
"level_2_18.xml","15","bluePirate","27","27","seagull","1"
"level_2_18.xml","15","bluePirate","27","27","tidalWave","1"
"level_2_18.xml","15","bluePirate","27","27","type","bluePirate"
"level_2_18.xml","15","bluePirate","27","27","voodooDoll","1"
"level_2_18.xml","15","bluePirate","27","27","woodenCrate","1"
"level_2_18.xml","15","bluePirate","27","27","x","27"
"level_2_18.xml","15","bluePirate","27","27","y","27"
"level_2_18.xml","16","redPirate","19","27","anchor","1"
"level_2_18.xml","16","redPirate","19","27","banana","1"
"level_2_18.xml","16","redPirate","19","27","boulder","1"
"level_2_18.xml","16","redPirate","19","27","cannon","1"
"level_2_18.xml","16","redPirate","19","27","cherryBomb","1"
"level_2_18.xml","16","redPirate","19","27","dynamite","1"
"level_2_18.xml","16","redPirate","19","27","gunpowderBarrel","1"
"level_2_18.xml","16","redPirate","19","27","luck","1"
"level_2_18.xml","16","redPirate","19","27","mine","1"
"level_2_18.xml","16","redPirate","19","27","parachuteBomb","1"
"level_2_18.xml","16","redPirate","19","27","piecesOfEight","1"
"level_2_18.xml","16","redPirate","19","27","rumBottle","1"
"level_2_18.xml","16","redPirate","19","27","seagull","1"
"level_2_18.xml","16","redPirate","19","27","tidalWave","1"
"level_2_18.xml","16","redPirate","19","27","type","redPirate"
"level_2_18.xml","16","redPirate","19","27","voodooDoll","1"
"level_2_18.xml","16","redPirate","19","27","woodenCrate","1"
"level_2_18.xml","16","redPirate","19","27","x","19"
"level_2_18.xml","16","redPirate","19","27","y","27"
"level_2_18.xml","17","water","4","30","luck","10"
"level_2_18.xml","17","water","4","30","maxChests","3"
"level_2_18.xml","17","water","4","30","type","water"
"level_2_18.xml","17","water","4","30","x","4"
"level_2_18.xml","17","water","4","30","y","30"
